  0
SECTION
  2
HEADER
  9
$ACADVER
  1
AC1015
  9
$ACADMAINTVER
 70
6
  9
$DWGCODEPAGE
  3
ANSI_1252
  9
$INSBASE
 10
0.0
 20
0.0
 30
0.0
  9
$EXTMIN
 10
1e+20
 20
1e+20
 30
1e+20
  9
$EXTMAX
 10
-1e+20
 20
-1e+20
 30
-1e+20
  9
$LIMMIN
 10
0.0
 20
0.0
  9
$LIMMAX
 10
420.0
 20
297.0
  9
$ORTHOMODE
 70
0
  9
$REGENMODE
 70
1
  9
$FILLMODE
 70
1
  9
$QTEXTMODE
 70
0
  9
$MIRRTEXT
 70
1
  9
$LTSCALE
 40
1.0
  9
$ATTMODE
 70
1
  9
$TEXTSIZE
 40
2.5
  9
$TRACEWID
 40
1.0
  9
$TEXTSTYLE
  7
Standard
  9
$CLAYER
  8
0
  9
$CELTYPE
  6
ByLayer
  9
$CECOLOR
 62
256
  9
$CELTSCALE
 40
1.0
  9
$DISPSILH
 70
0
  9
$DIMSCALE
 40
1.0
  9
$DIMASZ
 40
2.5
  9
$DIMEXO
 40
0.625
  9
$DIMDLI
 40
3.75
  9
$DIMRND
 40
0.0
  9
$DIMDLE
 40
0.0
  9
$DIMEXE
 40
1.25
  9
$DIMTP
 40
0.0
  9
$DIMTM
 40
0.0
  9
$DIMTXT
 40
2.5
  9
$DIMCEN
 40
2.5
  9
$DIMTSZ
 40
0.0
  9
$DIMTOL
 70
0
  9
$DIMLIM
 70
0
  9
$DIMTIH
 70
0
  9
$DIMTOH
 70
0
  9
$DIMSE1
 70
0
  9
$DIMSE2
 70
0
  9
$DIMTAD
 70
1
  9
$DIMZIN
 70
8
  9
$DIMBLK
  1

  9
$DIMASO
 70
1
  9
$DIMSHO
 70
1
  9
$DIMPOST
  1

  9
$DIMAPOST
  1

  9
$DIMALT
 70
0
  9
$DIMALTD
 70
3
  9
$DIMALTF
 40
0.03937007874
  9
$DIMLFAC
 40
1.0
  9
$DIMTOFL
 70
1
  9
$DIMTVP
 40
0.0
  9
$DIMTIX
 70
0
  9
$DIMSOXD
 70
0
  9
$DIMSAH
 70
0
  9
$DIMBLK1
  1

  9
$DIMBLK2
  1

  9
$DIMSTYLE
  2
ISO-25
  9
$DIMCLRD
 70
0
  9
$DIMCLRE
 70
0
  9
$DIMCLRT
 70
0
  9
$DIMTFAC
 40
1.0
  9
$DIMGAP
 40
0.625
  9
$DIMJUST
 70
0
  9
$DIMSD1
 70
0
  9
$DIMSD2
 70
0
  9
$DIMTOLJ
 70
0
  9
$DIMTZIN
 70
8
  9
$DIMALTZ
 70
0
  9
$DIMALTTZ
 70
0
  9
$DIMUPT
 70
0
  9
$DIMDEC
 70
2
  9
$DIMTDEC
 70
2
  9
$DIMALTU
 70
2
  9
$DIMALTTD
 70
3
  9
$DIMTXSTY
  7
Standard
  9
$DIMAUNIT
 70
0
  9
$DIMADEC
 70
0
  9
$DIMALTRND
 40
0.0
  9
$DIMAZIN
 70
0
  9
$DIMDSEP
 70
44
  9
$DIMATFIT
 70
3
  9
$DIMFRAC
 70
0
  9
$DIMLDRBLK
  1

  9
$DIMLUNIT
 70
2
  9
$DIMLWD
 70
-2
  9
$DIMLWE
 70
-2
  9
$DIMTMOVE
 70
0
  9
$LUNITS
 70
2
  9
$LUPREC
 70
4
  9
$SKETCHINC
 40
1.0
  9
$FILLETRAD
 40
10.0
  9
$AUNITS
 70
0
  9
$AUPREC
 70
2
  9
$MENU
  1
.
  9
$ELEVATION
 40
0.0
  9
$PELEVATION
 40
0.0
  9
$THICKNESS
 40
0.0
  9
$LIMCHECK
 70
0
  9
$CHAMFERA
 40
0.0
  9
$CHAMFERB
 40
0.0
  9
$CHAMFERC
 40
0.0
  9
$CHAMFERD
 40
0.0
  9
$SKPOLY
 70
0
  9
$TDCREATE
 40
2461293.912905093
  9
$TDUCREATE
 40
2458532.153996898
  9
$TDUPDATE
 40
2461293.912916667
  9
$TDUUPDATE
 40
2458532.1544311
  9
$TDINDWG
 40
0.0
  9
$TDUSRTIMER
 40
0.0
  9
$USRTIMER
 70
1
  9
$ANGBASE
 50
0.0
  9
$ANGDIR
 70
0
  9
$PDMODE
 70
0
  9
$PDSIZE
 40
0.0
  9
$PLINEWID
 40
0.0
  9
$SPLFRAME
 70
0
  9
$SPLINETYPE
 70
6
  9
$SPLINESEGS
 70
8
  9
$HANDSEED
  5
BCB
  9
$SURFTAB1
 70
6
  9
$SURFTAB2
 70
6
  9
$SURFTYPE
 70
6
  9
$SURFU
 70
6
  9
$SURFV
 70
6
  9
$UCSBASE
  2

  9
$UCSNAME
  2

  9
$UCSORG
 10
0.0
 20
0.0
 30
0.0
  9
$UCSXDIR
 10
1.0
 20
0.0
 30
0.0
  9
$UCSYDIR
 10
0.0
 20
1.0
 30
0.0
  9
$UCSORTHOREF
  2

  9
$UCSORTHOVIEW
 70
0
  9
$UCSORGTOP
 10
0.0
 20
0.0
 30
0.0
  9
$UCSORGBOTTOM
 10
0.0
 20
0.0
 30
0.0
  9
$UCSORGLEFT
 10
0.0
 20
0.0
 30
0.0
  9
$UCSORGRIGHT
 10
0.0
 20
0.0
 30
0.0
  9
$UCSORGFRONT
 10
0.0
 20
0.0
 30
0.0
  9
$UCSORGBACK
 10
0.0
 20
0.0
 30
0.0
  9
$PUCSBASE
  2

  9
$PUCSNAME
  2

  9
$PUCSORG
 10
0.0
 20
0.0
 30
0.0
  9
$PUCSXDIR
 10
1.0
 20
0.0
 30
0.0
  9
$PUCSYDIR
 10
0.0
 20
1.0
 30
0.0
  9
$PUCSORTHOREF
  2

  9
$PUCSORTHOVIEW
 70
0
  9
$PUCSORGTOP
 10
0.0
 20
0.0
 30
0.0
  9
$PUCSORGBOTTOM
 10
0.0
 20
0.0
 30
0.0
  9
$PUCSORGLEFT
 10
0.0
 20
0.0
 30
0.0
  9
$PUCSORGRIGHT
 10
0.0
 20
0.0
 30
0.0
  9
$PUCSORGFRONT
 10
0.0
 20
0.0
 30
0.0
  9
$PUCSORGBACK
 10
0.0
 20
0.0
 30
0.0
  9
$USERI1
 70
0
  9
$USERI2
 70
0
  9
$USERI3
 70
0
  9
$USERI4
 70
0
  9
$USERI5
 70
0
  9
$USERR1
 40
0.0
  9
$USERR2
 40
0.0
  9
$USERR3
 40
0.0
  9
$USERR4
 40
0.0
  9
$USERR5
 40
0.0
  9
$WORLDVIEW
 70
1
  9
$SHADEDGE
 70
3
  9
$SHADEDIF
 70
70
  9
$TILEMODE
 70
1
  9
$MAXACTVP
 70
64
  9
$PINSBASE
 10
0.0
 20
0.0
 30
0.0
  9
$PLIMCHECK
 70
0
  9
$PEXTMIN
 10
1e+20
 20
1e+20
 30
1e+20
  9
$PEXTMAX
 10
-1e+20
 20
-1e+20
 30
-1e+20
  9
$PLIMMIN
 10
0.0
 20
0.0
  9
$PLIMMAX
 10
420.0
 20
297.0
  9
$UNITMODE
 70
0
  9
$VISRETAIN
 70
1
  9
$PLINEGEN
 70
0
  9
$PSLTSCALE
 70
1
  9
$TREEDEPTH
 70
3020
  9
$CMLSTYLE
  2
Standard
  9
$CMLJUST
 70
0
  9
$CMLSCALE
 40
20.0
  9
$PROXYGRAPHICS
 70
1
  9
$MEASUREMENT
 70
1
  9
$CELWEIGHT
370
-1
  9
$ENDCAPS
280
0
  9
$JOINSTYLE
280
0
  9
$LWDISPLAY
290
0
  9
$INSUNITS
 70
4
  9
$HYPERLINKBASE
  1

  9
$STYLESHEET
  1

  9
$XEDIT
290
1
  9
$CEPSNTYPE
380
0
  9
$PSTYLEMODE
290
1
  9
$FINGERPRINTGUID
  2
{074EE666-ACE7-4D49-8037-567A9DDF6E86}
  9
$VERSIONGUID
  2
{B3911970-4C24-4126-9597-34A97C49B164}
  9
$EXTNAMES
290
1
  9
$PSVPSCALE
 40
0.0
  9
$OLESTARTUP
290
0
  0
ENDSEC
  0
SECTION
  2
CLASSES
  0
CLASS
  1
ACDBDICTIONARYWDFLT
  2
AcDbDictionaryWithDefault
  3
ObjectDBX Classes
 90
0
280
0
281
0
  0
CLASS
  1
SUN
  2
AcDbSun
  3
SCENEOE
 90
1153
280
0
281
0
  0
CLASS
  1
VISUALSTYLE
  2
AcDbVisualStyle
  3
ObjectDBX Classes
 90
4095
280
0
281
0
  0
CLASS
  1
MATERIAL
  2
AcDbMaterial
  3
ObjectDBX Classes
 90
1153
280
0
281
0
  0
CLASS
  1
SCALE
  2
AcDbScale
  3
ObjectDBX Classes
 90
1153
280
0
281
0
  0
CLASS
  1
TABLESTYLE
  2
AcDbTableStyle
  3
ObjectDBX Classes
 90
4095
280
0
281
0
  0
CLASS
  1
MLEADERSTYLE
  2
AcDbMLeaderStyle
  3
ACDB_MLEADERSTYLE_CLASS
 90
4095
280
0
281
0
  0
CLASS
  1
DICTIONARYVAR
  2
AcDbDictionaryVar
  3
ObjectDBX Classes
 90
0
280
0
281
0
  0
CLASS
  1
CELLSTYLEMAP
  2
AcDbCellStyleMap
  3
ObjectDBX Classes
 90
1152
280
0
281
0
  0
CLASS
  1
MENTALRAYRENDERSETTINGS
  2
AcDbMentalRayRenderSettings
  3
SCENEOE
 90
1024
280
0
281
0
  0
CLASS
  1
ACDBDETAILVIEWSTYLE
  2
AcDbDetailViewStyle
  3
ObjectDBX Classes
 90
1025
280
0
281
0
  0
CLASS
  1
ACDBSECTIONVIEWSTYLE
  2
AcDbSectionViewStyle
  3
ObjectDBX Classes
 90
1025
280
0
281
0
  0
CLASS
  1
RASTERVARIABLES
  2
AcDbRasterVariables
  3
ISM
 90
0
280
0
281
0
  0
CLASS
  1
ACDBPLACEHOLDER
  2
AcDbPlaceHolder
  3
ObjectDBX Classes
 90
0
280
0
281
0
  0
CLASS
  1
LAYOUT
  2
AcDbLayout
  3
ObjectDBX Classes
 90
0
280
0
281
0
  0
ENDSEC
  0
SECTION
  2
TABLES
  0
TABLE
  2
VPORT
  5
8
330
0
100
AcDbSymbolTable
 70
1
  0
VPORT
  5
23
330
8
100
AcDbSymbolTableRecord
100
AcDbViewportTableRecord
  2
*Active
 70
0
 10
0.0
 20
0.0
 11
1.0
 21
1.0
 12
0.0
 22
0.0
 13
0.0
 23
0.0
 14
0.5
 24
0.5
 15
0.5
 25
0.5
 16
0.0
 26
0.0
 36
1.0
 17
0.0
 27
0.0
 37
0.0
 40
1000.0
 41
1.34
 42
50.0
 43
0.0
 44
0.0
 50
0.0
 51
0.0
 71
0
 72
1000
 73
1
 74
3
 75
0
 76
0
 77
0
 78
0
281
0
 65
0
146
0.0
  0
ENDTAB
  0
TABLE
  2
LTYPE
  5
2
330
0
100
AcDbSymbolTable
 70
3
  0
LTYPE
  5
24
330
2
100
AcDbSymbolTableRecord
100
AcDbLinetypeTableRecord
  2
ByBlock
 70
0
  3

 72
65
 73
0
 40
0.0
  0
LTYPE
  5
25
330
2
100
AcDbSymbolTableRecord
100
AcDbLinetypeTableRecord
  2
ByLayer
 70
0
  3

 72
65
 73
0
 40
0.0
  0
LTYPE
  5
26
330
2
100
AcDbSymbolTableRecord
100
AcDbLinetypeTableRecord
  2
Continuous
 70
0
  3

 72
65
 73
0
 40
0.0
  0
ENDTAB
  0
TABLE
  2
LAYER
  5
1
330
0
100
AcDbSymbolTable
 70
6
  0
LAYER
  5
27
330
1
100
AcDbSymbolTableRecord
100
AcDbLayerTableRecord
  2
0
 70
0
 62
7
  6
Continuous
370
-3
390
13
  0
LAYER
  5
28
330
1
100
AcDbSymbolTableRecord
100
AcDbLayerTableRecord
  2
Defpoints
 70
0
 62
7
  6
Continuous
290
0
370
-3
390
13
  0
LAYER
  5
2F
330
1
100
AcDbSymbolTableRecord
100
AcDbLayerTableRecord
  2
OUTLINE
 70
0
 62
7
  6
Continuous
370
-3
390
13
  0
LAYER
  5
30
330
1
100
AcDbSymbolTableRecord
100
AcDbLayerTableRecord
  2
HIDDEN
 70
0
 62
8
  6
Continuous
370
-3
390
13
  0
LAYER
  5
31
330
1
100
AcDbSymbolTableRecord
100
AcDbLayerTableRecord
  2
DIM
 70
0
 62
4
  6
Continuous
370
-3
390
13
  0
LAYER
  5
32
330
1
100
AcDbSymbolTableRecord
100
AcDbLayerTableRecord
  2
TEXT
 70
0
 62
7
  6
Continuous
370
-3
390
13
  0
ENDTAB
  0
TABLE
  2
STYLE
  5
5
330
0
100
AcDbSymbolTable
 70
1
  0
STYLE
  5
29
330
5
100
AcDbSymbolTableRecord
100
AcDbTextStyleTableRecord
  2
Standard
 70
0
 40
0.0
 41
1.0
 50
0.0
 71
0
 42
2.5
  3
txt
  4

  0
ENDTAB
  0
TABLE
  2
VIEW
  5
7
330
0
100
AcDbSymbolTable
 70
0
  0
ENDTAB
  0
TABLE
  2
UCS
  5
6
330
0
100
AcDbSymbolTable
 70
0
  0
ENDTAB
  0
TABLE
  2
APPID
  5
3
330
0
100
AcDbSymbolTable
 70
3
  0
APPID
  5
2A
330
3
100
AcDbSymbolTableRecord
100
AcDbRegAppTableRecord
  2
ACAD
 70
0
  0
APPID
  5
BC8
330
3
100
AcDbSymbolTableRecord
100
AcDbRegAppTableRecord
  2
HATCHBACKGROUNDCOLOR
 70
0
  0
APPID
  5
BC9
330
3
100
AcDbSymbolTableRecord
100
AcDbRegAppTableRecord
  2
EZDXF
 70
0
  0
ENDTAB
  0
TABLE
  2
DIMSTYLE
  5
4
330
0
100
AcDbSymbolTable
 70
1
100
AcDbDimStyleTable
  0
DIMSTYLE
105
2B
330
4
100
AcDbSymbolTableRecord
100
AcDbDimStyleTableRecord
  2
Standard
 70
0
  3

  4

 40
1.0
 41
2.5
 42
0.625
 43
3.75
 44
1.25
 45
0.0
 46
0.0
 47
0.0
 48
0.0
140
2.5
141
2.5
142
0.0
143
0.03937007874
144
1.0
145
0.0
146
1.0
147
0.625
148
0.0
 71
0
 72
0
 73
0
 74
0
 75
0
 76
0
 77
1
 78
8
 79
3
170
0
171
3
172
1
173
0
174
0
175
0
176
0
177
0
178
0
179
2
271
2
272
2
273
2
274
3
275
0
276
0
277
2
278
44
279
0
280
0
281
0
282
0
283
0
284
8
285
0
286
0
288
0
289
3
371
-2
372
-2
  0
ENDTAB
  0
TABLE
  2
BLOCK_RECORD
  5
9
330
0
100
AcDbSymbolTable
 70
2
  0
BLOCK_RECORD
  5
17
330
9
100
AcDbSymbolTableRecord
100
AcDbBlockTableRecord
  2
*Model_Space
340
1A
  0
BLOCK_RECORD
  5
1B
330
9
100
AcDbSymbolTableRecord
100
AcDbBlockTableRecord
  2
*Paper_Space
340
1E
  0
ENDTAB
  0
ENDSEC
  0
SECTION
  2
BLOCKS
  0
BLOCK
  5
18
330
17
100
AcDbEntity
  8
0
100
AcDbBlockBegin
  2
*Model_Space
 70
0
 10
0.0
 20
0.0
 30
0.0
  3
*Model_Space
  1

  0
ENDBLK
  5
19
330
17
100
AcDbEntity
  8
0
100
AcDbBlockEnd
  0
BLOCK
  5
1C
330
1B
100
AcDbEntity
  8
0
100
AcDbBlockBegin
  2
*Paper_Space
 70
0
 10
0.0
 20
0.0
 30
0.0
  3
*Paper_Space
  1

  0
ENDBLK
  5
1D
330
1B
100
AcDbEntity
  8
0
100
AcDbBlockEnd
  0
ENDSEC
  0
SECTION
  2
ENTITIES
  0
LWPOLYLINE
  5
33
330
17
100
AcDbEntity
  8
OUTLINE
100
AcDbPolyline
 90
5
 70
0
 10
8.0
 20
8.0
 10
412.0
 20
8.0
 10
412.0
 20
289.0
 10
8.0
 20
289.0
 10
8.0
 20
8.0
  0
TEXT
  5
34
330
17
100
AcDbEntity
  8
TEXT
100
AcDbText
 10
15.0
 20
278.0
 30
0.0
 40
5.0
  1
A01  |  AXIAL TEST FIXTURE - ASSEMBLY
100
AcDbText
  0
TEXT
  5
35
330
17
100
AcDbEntity
  8
TEXT
100
AcDbText
 10
15.0
 20
270.0
 30
0.0
 40
2.6
  1
Prototype Rev A | Units mm | Dimensions control; do not scale printed pages
100
AcDbText
  0
LWPOLYLINE
  5
36
330
17
100
AcDbEntity
  8
OUTLINE
100
AcDbPolyline
 90
2
 70
0
 10
8.0
 20
32.0
 10
412.0
 20
32.0
  0
TEXT
  5
37
330
17
100
AcDbEntity
  8
TEXT
100
AcDbText
 10
15.0
 20
22.0
 30
0.0
 40
3.0
  1
HF-01  /  MAGNET-SENSOR CHARACTERIZATION
100
AcDbText
  0
TEXT
  5
38
330
17
100
AcDbEntity
  8
TEXT
100
AcDbText
 10
15.0
 20
15.0
 30
0.0
 40
2.4
  1
REV A  |  2026-09-09  |  Printed parts + McMaster COTS  |  Room-temperature bench prototype
100
AcDbText
  0
TEXT
  5
39
330
17
100
AcDbEntity
  8
TEXT
100
AcDbText
 10
332.0
 20
20.0
 30
0.0
 40
3.0
  1
A01  |  A3  |  MM
100
AcDbText
  0
LWPOLYLINE
  5
3A
330
17
100
AcDbEntity
  8
HIDDEN
100
AcDbPolyline
 90
12
 70
0
 10
111.66364768047019
 20
186.71269451892346
 10
112.18593746695333
 20
186.5219733597342
 10
112.79818128874919
 20
186.41411353368855
 10
113.44765311902461
 20
186.39840385658155
 10
114.07842087985351
 20
186.47619723525713
 10
114.63616327521143
 20
186.64079415617925
 10
114.87227570849741
 20
186.75147690424706
 10
115.0728479045143
 20
186.87801964303907
 10
115.23353808093222
 20
187.01768310441057
 10
115.35086778070475
 20
187.1674439961967
 10
115.42229717015924
 20
187.32406044735762
 10
115.44628001872572
 20
187.48414218469637
  0
LWPOLYLINE
  5
3B
330
17
100
AcDbEntity
  8
HIDDEN
100
AcDbPolyline
 90
17
 70
0
 10
115.44628001872572
 20
187.48414218469637
 10
115.40370376015872
 20
187.69698411683237
 10
115.27761116619746
 20
187.90164665287955
 10
115.0728479045143
 20
188.09026472635364
 10
114.79728291242317
 20
188.25558985046928
 10
114.46150599803151
 20
188.3912686734221
 10
114.07842087985351
 20
188.49208713413557
 10
113.66274930414417
 20
188.55417083570416
 10
113.23046529644668
 20
188.5751339362935
 10
112.79818128874919
 20
188.55417083570416
 10
112.38250971303984
 20
188.49208713413557
 10
111.99942459486185
 20
188.3912686734221
 10
111.66364768047019
 20
188.25558985046928
 10
111.38808268837906
 20
188.09026472635364
 10
111.1833194266959
 20
187.90164665287955
 10
111.05722683273464
 20
187.69698411683237
 10
111.01465057416765
 20
187.48414218469637
  0
LWPOLYLINE
  5
3C
330
17
100
AcDbEntity
  8
HIDDEN
100
AcDbPolyline
 90
5
 70
0
 10
111.01465057416765
 20
187.48414218469637
 10
111.05722683273464
 20
187.27130025256034
 10
111.1833194266959
 20
187.06663771651316
 10
111.38808268837906
 20
186.87801964303907
 10
111.66364768047019
 20
186.71269451892346
  0
LWPOLYLINE
  5
3D
330
17
100
AcDbEntity
  8
HIDDEN
100
AcDbPolyline
 90
12
 70
0
 10
111.66364768047019
 20
187.35556757373422
 10
112.18593746695333
 20
187.16484641454497
 10
112.79818128874919
 20
187.0569865884993
 10
113.44765311902461
 20
187.04127691139232
 10
114.07842087985351
 20
187.1190702900679
 10
114.63616327521143
 20
187.28366721099002
 10
114.87227570849741
 20
187.39434995905785
 10
115.0728479045143
 20
187.52089269784986
 10
115.23353808093222
 20
187.66055615922136
 10
115.35086778070475
 20
187.81031705100747
 10
115.42229717015924
 20
187.9669335021684
 10
115.44628001872572
 20
188.12701523950713
  0
LWPOLYLINE
  5
3E
330
17
100
AcDbEntity
  8
HIDDEN
100
AcDbPolyline
 90
17
 70
0
 10
115.44628001872572
 20
188.12701523950713
 10
115.40370376015872
 20
188.33985717164316
 10
115.27761116619746
 20
188.5445197076903
 10
115.0728479045143
 20
188.7331377811644
 10
114.79728291242317
 20
188.89846290528004
 10
114.46150599803151
 20
189.03414172823287
 10
114.07842087985351
 20
189.13496018894634
 10
113.66274930414417
 20
189.19704389051492
 10
113.23046529644668
 20
189.21800699110426
 10
112.79818128874919
 20
189.19704389051492
 10
112.38250971303984
 20
189.13496018894634
 10
111.99942459486185
 20
189.03414172823287
 10
111.66364768047019
 20
188.89846290528004
 10
111.38808268837906
 20
188.7331377811644
 10
111.1833194266959
 20
188.5445197076903
 10
111.05722683273464
 20
188.33985717164316
 10
111.01465057416765
 20
188.12701523950713
  0
LWPOLYLINE
  5
3F
330
17
100
AcDbEntity
  8
HIDDEN
100
AcDbPolyline
 90
5
 70
0
 10
111.01465057416765
 20
188.12701523950713
 10
111.05722683273464
 20
187.9141733073711
 10
111.1833194266959
 20
187.70951077132395
 10
111.38808268837906
 20
187.52089269784986
 10
111.66364768047019
 20
187.35556757373422
  0
LWPOLYLINE
  5
40
330
17
100
AcDbEntity
  8
HIDDEN
100
AcDbPolyline
 90
10
 70
0
 10
112.18592021912902
 20
187.6127167956585
 10
112.5341134101178
 20
187.48556935619902
 10
112.94227595798168
 20
187.41366280550193
 10
113.3752571781653
 20
187.4031896874306
 10
113.7957690187179
 20
187.45505193988097
 10
114.16759728228985
 20
187.5647832204957
 10
114.45872036849177
 20
187.72293354506894
 10
114.64406695261872
 20
187.9158831138407
 10
114.69168654558838
 20
188.0202940812813
 10
114.70767511129937
 20
188.12701523950713
  0
LWPOLYLINE
  5
41
330
17
100
AcDbEntity
  8
HIDDEN
100
AcDbPolyline
 90
15
 70
0
 10
114.70767511129937
 20
188.12701523950713
 10
114.67929093892138
 20
188.26890986093113
 10
114.59522920961386
 20
188.40535155162925
 10
114.45872036849177
 20
188.53109693394532
 10
114.27501037376433
 20
188.64131368335575
 10
114.05115909750323
 20
188.73176623199095
 10
113.7957690187179
 20
188.7989785391333
 10
113.23046529644668
 20
188.85434307390523
 10
112.66516157417546
 20
188.7989785391333
 10
112.40977149539013
 20
188.73176623199095
 10
112.18592021912902
 20
188.64131368335575
 10
112.0022102244016
 20
188.53109693394532
 10
111.8657013832795
 20
188.40535155162925
 10
111.78163965397198
 20
188.26890986093113
 10
111.753255481594
 20
188.12701523950713
  0
LWPOLYLINE
  5
42
330
17
100
AcDbEntity
  8
HIDDEN
100
AcDbPolyline
 90
5
 70
0
 10
111.753255481594
 20
188.12701523950713
 10
111.78163965397198
 20
187.9851206180831
 10
111.8657013832795
 20
187.848678927385
 10
112.0022102244016
 20
187.72293354506894
 10
112.18592021912902
 20
187.6127167956585
  0
LWPOLYLINE
  5
43
330
17
100
AcDbEntity
  8
HIDDEN
100
AcDbPolyline
 90
10
 70
0
 10
112.18592021912902
 20
191.4699551245231
 10
112.5341134101178
 20
191.3428076850636
 10
112.94227595798168
 20
191.2709011343665
 10
113.3752571781653
 20
191.26042801629518
 10
113.7957690187179
 20
191.31229026874558
 10
114.16759728228985
 20
191.42202154936032
 10
114.45872036849177
 20
191.58017187393352
 10
114.64406695261872
 20
191.77312144270527
 10
114.69168654558838
 20
191.8775324101459
 10
114.70767511129937
 20
191.9842535683717
  0
LWPOLYLINE
  5
44
330
17
100
AcDbEntity
  8
HIDDEN
100
AcDbPolyline
 90
15
 70
0
 10
114.70767511129937
 20
191.9842535683717
 10
114.67929093892138
 20
192.12614818979574
 10
114.59522920961386
 20
192.26258988049383
 10
114.45872036849177
 20
192.3883352628099
 10
114.27501037376433
 20
192.49855201222033
 10
114.05115909750323
 20
192.58900456085553
 10
113.7957690187179
 20
192.65621686799787
 10
113.23046529644668
 20
192.7115814027698
 10
112.66516157417546
 20
192.65621686799787
 10
112.40977149539013
 20
192.58900456085553
 10
112.18592021912902
 20
192.49855201222033
 10
112.0022102244016
 20
192.3883352628099
 10
111.8657013832795
 20
192.26258988049383
 10
111.78163965397198
 20
192.12614818979574
 10
111.753255481594
 20
191.98425356837174
  0
LWPOLYLINE
  5
45
330
17
100
AcDbEntity
  8
HIDDEN
100
AcDbPolyline
 90
5
 70
0
 10
111.753255481594
 20
191.9842535683717
 10
111.78163965397198
 20
191.8423589469477
 10
111.8657013832795
 20
191.7059172562496
 10
112.0022102244016
 20
191.58017187393352
 10
112.18592021912902
 20
191.4699551245231
  0
LWPOLYLINE
  5
46
330
17
100
AcDbEntity
  8
HIDDEN
100
AcDbPolyline
 90
2
 70
0
 10
102.36393308551217
 20
182.41990930323746
 10
111.6636476804702
 20
177.84104636253488
  0
LWPOLYLINE
  5
47
330
17
100
AcDbEntity
  8
HIDDEN
100
AcDbPolyline
 90
2
 70
0
 10
202.01679686844776
 20
222.32786175543987
 10
163.636293683757
 20
203.4306083092774
  0
LWPOLYLINE
  5
48
330
17
100
AcDbEntity
  8
HIDDEN
100
AcDbPolyline
 90
2
 70
0
 10
136.18946058359364
 20
189.91672187343735
 10
132.59517762765412
 20
188.14701928124458
  0
LWPOLYLINE
  5
49
330
17
100
AcDbEntity
  8
HIDDEN
100
AcDbPolyline
 90
2
 70
0
 10
126.80955130157626
 20
185.29837379833975
 10
111.6636476804702
 20
177.84104636253488
  0
LWPOLYLINE
  5
4A
330
17
100
AcDbEntity
  8
HIDDEN
100
AcDbPolyline
 90
9
 70
0
 10
166.65894600124497
 20
236.29106450592968
 10
166.95491021358544
 20
236.18298918238912
 10
167.30184837926976
 20
236.12186861429657
 10
167.66988241642582
 20
236.11296646393595
 10
168.02731748089553
 20
236.15704937851876
 10
168.34337150493167
 20
236.25032096704132
 10
168.5908261282033
 20
236.38474874292854
 10
168.7483707247112
 20
236.54875587638452
 10
168.80243765958977
 20
236.728218183201
  0
LWPOLYLINE
  5
4B
330
17
100
AcDbEntity
  8
HIDDEN
100
AcDbPolyline
 90
13
 70
0
 10
168.80243765958977
 20
236.728218183201
 10
168.77831111306847
 20
236.84882861141142
 10
168.7068586431571
 20
236.96480404850482
 10
168.5908261282033
 20
237.07168762347345
 10
168.434672632685
 20
237.16537186047233
 10
168.02731748089553
 20
237.29938698788322
 10
167.54680931696498
 20
237.34644684243938
 10
167.06630115303443
 20
237.29938698788322
 10
166.65894600124497
 20
237.16537186047233
 10
166.50279250572666
 20
237.07168762347345
 10
166.38675999077287
 20
236.96480404850482
 10
166.3153075208615
 20
236.84882861141142
 10
166.2911809743402
 20
236.72821818320102
  0
LWPOLYLINE
  5
4C
330
17
100
AcDbEntity
  8
HIDDEN
100
AcDbPolyline
 90
5
 70
0
 10
166.2911809743402
 20
236.728218183201
 10
166.3153075208615
 20
236.6076077549906
 10
166.38675999077287
 20
236.4916323178972
 10
166.50279250572666
 20
236.38474874292854
 10
166.65894600124497
 20
236.29106450592968
  0
LWPOLYLINE
  5
4D
330
17
100
AcDbEntity
  8
HIDDEN
100
AcDbPolyline
 90
2
 70
0
 10
163.73421978475554
 20
229.34803551397343
 10
109.41787576423724
 20
202.60451643384556
  0
LWPOLYLINE
  5
4E
330
17
100
AcDbEntity
  8
HIDDEN
100
AcDbPolyline
 90
2
 70
0
 10
106.80651307094308
 20
203.8902625434671
 10
109.41787576423722
 20
202.60451643384556
  0
LWPOLYLINE
  5
4F
330
17
100
AcDbEntity
  8
HIDDEN
100
AcDbPolyline
 90
9
 70
0
 10
193.81711801150414
 20
222.91930496586576
 10
194.11308222384457
 20
222.81122964232517
 10
194.4600203895289
 20
222.75010907423265
 10
194.82805442668496
 20
222.74120692387203
 10
195.18548949115467
 20
222.78528983845484
 10
195.50154351519083
 20
222.8785614269774
 10
195.74899813846247
 20
223.01298920286462
 10
195.90654273497037
 20
223.1769963363206
 10
195.96060966984894
 20
223.35645864313707
  0
LWPOLYLINE
  5
50
330
17
100
AcDbEntity
  8
HIDDEN
100
AcDbPolyline
 90
13
 70
0
 10
195.96060966984894
 20
223.35645864313707
 10
195.93648312332763
 20
223.4770690713475
 10
195.86503065341626
 20
223.5930445084409
 10
195.74899813846247
 20
223.69992808340953
 10
195.59284464294416
 20
223.79361232040839
 10
195.18548949115467
 20
223.9276274478193
 10
194.70498132722415
 20
223.97468730237546
 10
194.2244731632936
 20
223.9276274478193
 10
193.81711801150414
 20
223.79361232040839
 10
193.66096451598582
 20
223.69992808340953
 10
193.54493200103204
 20
223.5930445084409
 10
193.47347953112063
 20
223.4770690713475
 10
193.44935298459936
 20
223.35645864313707
  0
LWPOLYLINE
  5
51
330
17
100
AcDbEntity
  8
HIDDEN
100
AcDbPolyline
 90
5
 70
0
 10
193.44935298459936
 20
223.35645864313707
 10
193.47347953112063
 20
223.23584821492668
 10
193.54493200103204
 20
223.11987277783328
 10
193.66096451598582
 20
223.01298920286462
 10
193.81711801150414
 20
222.91930496586576
  0
LWPOLYLINE
  5
52
330
17
100
AcDbEntity
  8
HIDDEN
100
AcDbPolyline
 90
2
 70
0
 10
108.00773990985839
 20
202.78452088919258
 10
125.76500622425861
 20
194.04144734376615
  0
LWPOLYLINE
  5
53
330
17
100
AcDbEntity
  8
HIDDEN
100
AcDbPolyline
 90
2
 70
0
 10
125.7650062242586
 20
194.04144734376615
 10
113.75273783510552
 20
188.12701523950713
  0
LWPOLYLINE
  5
54
330
17
100
AcDbEntity
  8
HIDDEN
100
AcDbPolyline
 90
2
 70
0
 10
113.75273783510552
 20
188.12701523950713
 10
111.6636476804702
 20
189.15561212720434
  0
LWPOLYLINE
  5
55
330
17
100
AcDbEntity
  8
HIDDEN
100
AcDbPolyline
 90
2
 70
0
 10
121.58682591498795
 20
194.04144734376618
 10
111.6636476804702
 20
189.15561212720434
  0
LWPOLYLINE
  5
56
330
17
100
AcDbEntity
  8
HIDDEN
100
AcDbPolyline
 90
2
 70
0
 10
108.00773990985839
 20
200.72732711379814
 10
121.58682591498795
 20
194.04144734376618
  0
LWPOLYLINE
  5
57
330
17
100
AcDbEntity
  8
HIDDEN
100
AcDbPolyline
 90
2
 70
0
 10
108.00773990985839
 20
200.72732711379814
 10
98.08456167534062
 20
195.84149189723632
  0
LWPOLYLINE
  5
58
330
17
100
AcDbEntity
  8
HIDDEN
100
AcDbPolyline
 90
2
 70
0
 10
98.08456167534062
 20
195.84149189723632
 10
95.99547152070531
 20
196.87008878493353
  0
LWPOLYLINE
  5
59
330
17
100
AcDbEntity
  8
HIDDEN
100
AcDbPolyline
 90
2
 70
0
 10
106.80651307094308
 20
202.19307767876666
 10
108.00773990985839
 20
202.78452088919258
  0
LWPOLYLINE
  5
5A
330
17
100
AcDbEntity
  8
HIDDEN
100
AcDbPolyline
 90
2
 70
0
 10
179.7157594677157
 20
221.47926932308965
 10
182.32712216100987
 20
220.19352321346813
  0
LWPOLYLINE
  5
5B
330
17
100
AcDbEntity
  8
HIDDEN
100
AcDbPolyline
 90
2
 70
0
 10
182.32712216100987
 20
220.19352321346813
 10
128.01077814049157
 20
193.45000413334026
  0
LWPOLYLINE
  5
5C
330
17
100
AcDbEntity
  8
HIDDEN
100
AcDbPolyline
 90
2
 70
0
 10
125.39941544719741
 20
194.73575024296179
 10
128.01077814049157
 20
193.45000413334026
  0
LWPOLYLINE
  5
5D
330
17
100
AcDbEntity
  8
HIDDEN
100
AcDbPolyline
 90
2
 70
0
 10
179.7157594677157
 20
221.47926932308965
 10
125.39941544719743
 20
194.73575024296179
  0
LWPOLYLINE
  5
5E
330
17
100
AcDbEntity
  8
HIDDEN
100
AcDbPolyline
 90
2
 70
0
 10
125.39941544719741
 20
194.73575024296179
 10
125.39941544719741
 20
191.52138496890797
  0
LWPOLYLINE
  5
5F
330
17
100
AcDbEntity
  8
HIDDEN
100
AcDbPolyline
 90
2
 70
0
 10
179.7157594677157
 20
218.2649040490358
 10
127.61907373649744
 20
192.61426916208626
  0
LWPOLYLINE
  5
60
330
17
100
AcDbEntity
  8
HIDDEN
100
AcDbPolyline
 90
2
 70
0
 10
126.80955130157626
 20
192.2156878681036
 10
125.39941544719743
 20
191.52138496890797
  0
LWPOLYLINE
  5
61
330
17
100
AcDbEntity
  8
HIDDEN
100
AcDbPolyline
 90
2
 70
0
 10
179.7157594677157
 20
221.47926932308965
 10
179.7157594677157
 20
218.2649040490358
  0
LWPOLYLINE
  5
62
330
17
100
AcDbEntity
  8
HIDDEN
100
AcDbPolyline
 90
2
 70
0
 10
179.7157594677157
 20
218.2649040490358
 10
182.32712216100987
 20
216.97915793941428
  0
LWPOLYLINE
  5
63
330
17
100
AcDbEntity
  8
HIDDEN
100
AcDbPolyline
 90
2
 70
0
 10
182.32712216100987
 20
216.97915793941428
 10
128.01077814049157
 20
190.23563885928644
  0
LWPOLYLINE
  5
64
330
17
100
AcDbEntity
  8
HIDDEN
100
AcDbPolyline
 90
2
 70
0
 10
125.39941544719741
 20
191.52138496890797
 10
128.01077814049157
 20
190.23563885928644
  0
LWPOLYLINE
  5
65
330
17
100
AcDbEntity
  8
HIDDEN
100
AcDbPolyline
 90
9
 70
0
 10
172.4039439264921
 20
213.27620914370428
 10
172.69990813883257
 20
213.1681338201637
 10
173.04684630451686
 20
213.10701325207117
 10
173.41488034167295
 20
213.09811110171054
 10
173.77231540614267
 20
213.14219401629336
 10
174.0883694301788
 20
213.23546560481591
 10
174.33582405345044
 20
213.36989338070313
 10
174.49336864995834
 20
213.53390051415911
 10
174.5474355848369
 20
213.7133628209756
  0
LWPOLYLINE
  5
66
330
17
100
AcDbEntity
  8
HIDDEN
100
AcDbPolyline
 90
13
 70
0
 10
174.5474355848369
 20
213.7133628209756
 10
174.5233090383156
 20
213.83397324918602
 10
174.45185656840422
 20
213.9499486862794
 10
174.33582405345044
 20
214.05683226124805
 10
174.17967055793213
 20
214.15051649824693
 10
173.77231540614267
 20
214.28453162565782
 10
173.29180724221212
 20
214.33159148021397
 10
172.81129907828156
 20
214.28453162565782
 10
172.4039439264921
 20
214.15051649824693
 10
172.2477904309738
 20
214.05683226124805
 10
172.13175791602
 20
213.9499486862794
 10
172.06030544610863
 20
213.83397324918602
 10
172.03617889958733
 20
213.7133628209756
  0
LWPOLYLINE
  5
67
330
17
100
AcDbEntity
  8
HIDDEN
100
AcDbPolyline
 90
5
 70
0
 10
172.03617889958733
 20
213.7133628209756
 10
172.06030544610863
 20
213.5927523927652
 10
172.13175791602
 20
213.4767769556718
 10
172.2477904309738
 20
213.36989338070313
 10
172.4039439264921
 20
213.27620914370428
  0
LWPOLYLINE
  5
68
330
17
100
AcDbEntity
  8
HIDDEN
100
AcDbPolyline
 90
9
 70
0
 10
133.23350352707988
 20
193.9900174993813
 10
133.52946773942034
 20
193.88194217584075
 10
133.87640590510463
 20
193.8208216077482
 10
134.24443994226073
 20
193.81191945738757
 10
134.60187500673044
 20
193.85600237197042
 10
134.91792903076657
 20
193.94927396049295
 10
135.1653836540382
 20
194.0837017363802
 10
135.3229282505461
 20
194.24770886983617
 10
135.37699518542468
 20
194.42717117665262
  0
LWPOLYLINE
  5
69
330
17
100
AcDbEntity
  8
HIDDEN
100
AcDbPolyline
 90
13
 70
0
 10
135.37699518542468
 20
194.42717117665262
 10
135.35286863890337
 20
194.54778160486305
 10
135.281416168992
 20
194.66375704195644
 10
135.1653836540382
 20
194.7706406169251
 10
135.0092301585199
 20
194.86432485392396
 10
134.60187500673044
 20
194.99833998133485
 10
134.1213668427999
 20
195.045399835891
 10
133.64085867886934
 20
194.99833998133485
 10
133.23350352707988
 20
194.86432485392396
 10
133.07735003156156
 20
194.7706406169251
 10
132.96131751660778
 20
194.66375704195644
 10
132.8898650466964
 20
194.54778160486305
 10
132.8657385001751
 20
194.42717117665265
  0
LWPOLYLINE
  5
6A
330
17
100
AcDbEntity
  8
HIDDEN
100
AcDbPolyline
 90
5
 70
0
 10
132.8657385001751
 20
194.42717117665262
 10
132.8898650466964
 20
194.30656074844222
 10
132.96131751660778
 20
194.19058531134883
 10
133.07735003156156
 20
194.0837017363802
 10
133.23350352707988
 20
193.9900174993813
  0
LWPOLYLINE
  5
6B
330
17
100
AcDbEntity
  8
HIDDEN
100
AcDbPolyline
 90
9
 70
0
 10
133.23350352707988
 20
199.39015115979174
 10
133.52946773942034
 20
199.28207583625118
 10
133.87640590510463
 20
199.22095526815863
 10
134.24443994226073
 20
199.212053117798
 10
134.60187500673044
 20
199.25613603238082
 10
134.91792903076657
 20
199.34940762090338
 10
135.1653836540382
 20
199.4838353967906
 10
135.3229282505461
 20
199.64784253024658
 10
135.37699518542468
 20
199.82730483706305
  0
LWPOLYLINE
  5
6C
330
17
100
AcDbEntity
  8
HIDDEN
100
AcDbPolyline
 90
13
 70
0
 10
135.37699518542468
 20
199.82730483706305
 10
135.35286863890337
 20
199.94791526527348
 10
135.281416168992
 20
200.06389070236688
 10
135.1653836540382
 20
200.1707742773355
 10
135.0092301585199
 20
200.2644585143344
 10
134.60187500673044
 20
200.39847364174528
 10
134.1213668427999
 20
200.44553349630144
 10
133.64085867886934
 20
200.39847364174528
 10
133.23350352707988
 20
200.2644585143344
 10
133.07735003156156
 20
200.1707742773355
 10
132.96131751660778
 20
200.06389070236688
 10
132.8898650466964
 20
199.94791526527348
 10
132.8657385001751
 20
199.82730483706308
  0
LWPOLYLINE
  5
6D
330
17
100
AcDbEntity
  8
HIDDEN
100
AcDbPolyline
 90
5
 70
0
 10
132.8657385001751
 20
199.82730483706305
 10
132.8898650466964
 20
199.70669440885266
 10
132.96131751660778
 20
199.59071897175926
 10
133.07735003156156
 20
199.4838353967906
 10
133.23350352707988
 20
199.39015115979174
  0
LWPOLYLINE
  5
6E
330
17
100
AcDbEntity
  8
HIDDEN
100
AcDbPolyline
 90
2
 70
0
 10
132.37246853624674
 20
198.96620683656363
 10
134.7615080516339
 20
198.65102309323285
  0
LWPOLYLINE
  5
6F
330
17
100
AcDbEntity
  8
HIDDEN
100
AcDbPolyline
 90
2
 70
0
 10
131.7323273274127
 20
200.14248858039383
 10
132.37246853624674
 20
198.96620683656363
  0
LWPOLYLINE
  5
70
330
17
100
AcDbEntity
  8
HIDDEN
100
AcDbPolyline
 90
2
 70
0
 10
134.7615080516339
 20
198.65102309323285
 10
136.51040635818705
 20
199.51212109373228
  0
LWPOLYLINE
  5
71
330
17
100
AcDbEntity
  8
HIDDEN
100
AcDbPolyline
 90
2
 70
0
 10
133.48122563396583
 20
201.00358658089326
 10
131.73232732741272
 20
200.14248858039383
  0
LWPOLYLINE
  5
72
330
17
100
AcDbEntity
  8
HIDDEN
100
AcDbPolyline
 90
2
 70
0
 10
136.51040635818705
 20
199.51212109373228
 10
135.87026514935303
 20
200.68840283756248
  0
LWPOLYLINE
  5
73
330
17
100
AcDbEntity
  8
HIDDEN
100
AcDbPolyline
 90
2
 70
0
 10
135.87026514935303
 20
200.68840283756248
 10
133.48122563396583
 20
201.00358658089326
  0
LWPOLYLINE
  5
74
330
17
100
AcDbEntity
  8
HIDDEN
100
AcDbPolyline
 90
2
 70
0
 10
133.48122563396583
 20
202.67505652340125
 10
135.87026514935303
 20
202.35987278007048
  0
LWPOLYLINE
  5
75
330
17
100
AcDbEntity
  8
HIDDEN
100
AcDbPolyline
 90
2
 70
0
 10
133.48122563396583
 20
202.67505652340125
 10
133.48122563396583
 20
201.00358658089326
  0
LWPOLYLINE
  5
76
330
17
100
AcDbEntity
  8
HIDDEN
100
AcDbPolyline
 90
2
 70
0
 10
135.87026514935303
 20
202.35987278007048
 10
135.87026514935303
 20
200.68840283756248
  0
LWPOLYLINE
  5
77
330
17
100
AcDbEntity
  8
HIDDEN
100
AcDbPolyline
 90
2
 70
0
 10
210.89543002564787
 20
230.55663685701765
 10
111.6636476804702
 20
181.69828469139946
  0
LWPOLYLINE
  5
78
330
17
100
AcDbEntity
  8
HIDDEN
100
AcDbPolyline
 90
2
 70
0
 10
75.10456997435212
 20
199.6987302261009
 10
111.6636476804702
 20
181.69828469139946
  0
LWPOLYLINE
  5
79
330
17
100
AcDbEntity
  8
HIDDEN
100
AcDbPolyline
 90
9
 70
0
 10
170.73267180278384
 20
245.23985742889553
 10
171.0634553342232
 20
245.119067361409
 10
171.45120975469388
 20
245.05075613824678
 10
171.8625419138683
 20
245.040806676079
 10
172.26202816239328
 20
245.09007581590689
 10
172.61526501278664
 20
245.19432053249088
 10
172.89183194467844
 20
245.34456334083544
 10
173.06791119959905
 20
245.5278654311686
 10
173.12833895034566
 20
245.72844095055171
  0
LWPOLYLINE
  5
7A
330
17
100
AcDbEntity
  8
HIDDEN
100
AcDbPolyline
 90
15
 70
0
 10
173.12833895034566
 20
245.72844095055171
 10
173.1013739865866
 20
245.86324084090452
 10
173.02151534374445
 20
245.99286044706776
 10
172.89183194467844
 20
246.112318560268
 10
172.7173074496874
 20
246.2170244722079
 10
172.50464873723934
 20
246.30295439341137
 10
172.26202816239328
 20
246.36680608519657
 10
171.72498962623564
 20
246.41940239322992
 10
171.18795109007797
 20
246.36680608519657
 10
170.9453305152319
 20
246.30295439341137
 10
170.73267180278384
 20
246.2170244722079
 10
170.5581473077928
 20
246.112318560268
 10
170.4284639087268
 20
245.99286044706776
 10
170.34860526588466
 20
245.86324084090452
 10
170.32164030212556
 20
245.72844095055171
  0
LWPOLYLINE
  5
7B
330
17
100
AcDbEntity
  8
HIDDEN
100
AcDbPolyline
 90
5
 70
0
 10
170.32164030212556
 20
245.72844095055171
 10
170.34860526588466
 20
245.5936410601989
 10
170.4284639087268
 20
245.4640214540357
 10
170.5581473077928
 20
245.34456334083544
 10
170.73267180278384
 20
245.23985742889553
  0
LWPOLYLINE
  5
7C
330
17
100
AcDbEntity
  8
HIDDEN
100
AcDbPolyline
 90
2
 70
0
 10
176.2031192962581
 20
243.3560634318265
 10
174.454220989705
 20
242.49496543132707
  0
LWPOLYLINE
  5
7D
330
17
100
AcDbEntity
  8
HIDDEN
100
AcDbPolyline
 90
2
 70
0
 10
175.56297808742409
 20
244.5323451756567
 10
176.2031192962581
 20
243.3560634318265
  0
LWPOLYLINE
  5
7E
330
17
100
AcDbEntity
  8
HIDDEN
100
AcDbPolyline
 90
2
 70
0
 10
174.454220989705
 20
242.49496543132707
 10
172.0651814743178
 20
242.81014917465785
  0
LWPOLYLINE
  5
7F
330
17
100
AcDbEntity
  8
HIDDEN
100
AcDbPolyline
 90
2
 70
0
 10
173.17393857203692
 20
244.84752891898748
 10
175.56297808742409
 20
244.5323451756567
  0
LWPOLYLINE
  5
80
330
17
100
AcDbEntity
  8
HIDDEN
100
AcDbPolyline
 90
2
 70
0
 10
172.0651814743178
 20
242.81014917465785
 10
171.42504026548377
 20
243.98643091848805
  0
LWPOLYLINE
  5
81
330
17
100
AcDbEntity
  8
HIDDEN
100
AcDbPolyline
 90
2
 70
0
 10
171.42504026548377
 20
243.98643091848805
 10
173.17393857203692
 20
244.84752891898748
  0
LWPOLYLINE
  5
82
330
17
100
AcDbEntity
  8
HIDDEN
100
AcDbPolyline
 90
2
 70
0
 10
169.93584883235215
 20
240.27027276873483
 10
168.186950525799
 20
239.4091747682354
  0
LWPOLYLINE
  5
83
330
17
100
AcDbEntity
  8
HIDDEN
100
AcDbPolyline
 90
2
 70
0
 10
169.29570762351813
 20
241.44655451256503
 10
169.93584883235218
 20
240.27027276873483
  0
LWPOLYLINE
  5
84
330
17
100
AcDbEntity
  8
HIDDEN
100
AcDbPolyline
 90
2
 70
0
 10
168.18695052579903
 20
239.4091747682354
 10
165.79791101041184
 20
239.72435851156618
  0
LWPOLYLINE
  5
85
330
17
100
AcDbEntity
  8
HIDDEN
100
AcDbPolyline
 90
2
 70
0
 10
166.90666810813096
 20
241.7617382558958
 10
169.29570762351813
 20
241.44655451256503
  0
LWPOLYLINE
  5
86
330
17
100
AcDbEntity
  8
HIDDEN
100
AcDbPolyline
 90
2
 70
0
 10
165.79791101041184
 20
239.72435851156618
 10
165.1577698015778
 20
240.90064025539638
  0
LWPOLYLINE
  5
87
330
17
100
AcDbEntity
  8
HIDDEN
100
AcDbPolyline
 90
2
 70
0
 10
165.1577698015778
 20
240.90064025539638
 10
166.90666810813096
 20
241.7617382558958
  0
LWPOLYLINE
  5
88
330
17
100
AcDbEntity
  8
HIDDEN
100
AcDbPolyline
 90
2
 70
0
 10
156.8790353658814
 20
229.72715466983826
 10
155.13013705932826
 20
228.86605666933883
  0
LWPOLYLINE
  5
89
330
17
100
AcDbEntity
  8
HIDDEN
100
AcDbPolyline
 90
2
 70
0
 10
156.23889415704738
 20
230.90343641366846
 10
156.8790353658814
 20
229.72715466983826
  0
LWPOLYLINE
  5
8A
330
17
100
AcDbEntity
  8
HIDDEN
100
AcDbPolyline
 90
2
 70
0
 10
155.13013705932826
 20
228.86605666933883
 10
152.7410975439411
 20
229.1812404126696
  0
LWPOLYLINE
  5
8B
330
17
100
AcDbEntity
  8
HIDDEN
100
AcDbPolyline
 90
2
 70
0
 10
153.84985464166022
 20
231.21862015699924
 10
156.23889415704738
 20
230.90343641366846
  0
LWPOLYLINE
  5
8C
330
17
100
AcDbEntity
  8
HIDDEN
100
AcDbPolyline
 90
2
 70
0
 10
152.7410975439411
 20
229.1812404126696
 10
152.10095633510707
 20
230.3575221564998
  0
LWPOLYLINE
  5
8D
330
17
100
AcDbEntity
  8
HIDDEN
100
AcDbPolyline
 90
2
 70
0
 10
152.10095633510707
 20
230.3575221564998
 10
153.84985464166022
 20
231.21862015699924
  0
LWPOLYLINE
  5
8E
330
17
100
AcDbEntity
  8
HIDDEN
100
AcDbPolyline
 90
2
 70
0
 10
117.70859496646919
 20
210.44096302551532
 10
115.95969665991603
 20
209.57986502501586
  0
LWPOLYLINE
  5
8F
330
17
100
AcDbEntity
  8
HIDDEN
100
AcDbPolyline
 90
2
 70
0
 10
117.06845375763514
 20
211.6172447693455
 10
117.70859496646918
 20
210.4409630255153
  0
LWPOLYLINE
  5
90
330
17
100
AcDbEntity
  8
HIDDEN
100
AcDbPolyline
 90
2
 70
0
 10
115.95969665991603
 20
209.57986502501586
 10
113.57065714452885
 20
209.89504876834664
  0
LWPOLYLINE
  5
91
330
17
100
AcDbEntity
  8
HIDDEN
100
AcDbPolyline
 90
2
 70
0
 10
114.67941424224797
 20
211.93242851267627
 10
117.06845375763515
 20
211.61724476934552
  0
LWPOLYLINE
  5
92
330
17
100
AcDbEntity
  8
HIDDEN
100
AcDbPolyline
 90
2
 70
0
 10
113.57065714452885
 20
209.89504876834664
 10
112.93051593569483
 20
211.07133051217684
  0
LWPOLYLINE
  5
93
330
17
100
AcDbEntity
  8
HIDDEN
100
AcDbPolyline
 90
2
 70
0
 10
112.93051593569483
 20
211.07133051217684
 10
114.67941424224797
 20
211.93242851267627
  0
LWPOLYLINE
  5
94
330
17
100
AcDbEntity
  8
HIDDEN
100
AcDbPolyline
 90
9
 70
0
 10
80.90179515346512
 20
201.01019125791487
 10
81.23257868490444
 20
200.88940119042834
 10
81.62033310537515
 20
200.82108996726612
 10
82.03166526454957
 20
200.81114050509834
 10
82.43115151307455
 20
200.86040964492622
 10
82.78438836346791
 20
200.9646543615102
 10
83.0609552953597
 20
201.11489716985477
 10
83.23703455028033
 20
201.29819926018794
 10
83.29746230102695
 20
201.49877477957105
  0
LWPOLYLINE
  5
95
330
17
100
AcDbEntity
  8
HIDDEN
100
AcDbPolyline
 90
15
 70
0
 10
83.29746230102695
 20
201.49877477957105
 10
83.27049733726786
 20
201.63357466992386
 10
83.19063869442572
 20
201.76319427608706
 10
83.0609552953597
 20
201.88265238928733
 10
82.88643080036866
 20
201.98735830122723
 10
82.67377208792061
 20
202.07328822243068
 10
82.43115151307455
 20
202.13713991421588
 10
81.89411297691689
 20
202.18973622224922
 10
81.35707444075922
 20
202.13713991421588
 10
81.11445386591318
 20
202.07328822243068
 10
80.90179515346512
 20
201.98735830122723
 10
80.72727065847407
 20
201.88265238928733
 10
80.59758725940807
 20
201.76319427608706
 10
80.51772861656592
 20
201.63357466992386
 10
80.49076365280683
 20
201.49877477957105
  0
LWPOLYLINE
  5
96
330
17
100
AcDbEntity
  8
HIDDEN
100
AcDbPolyline
 90
5
 70
0
 10
80.49076365280683
 20
201.49877477957105
 10
80.51772861656592
 20
201.36397488921824
 10
80.59758725940807
 20
201.23435528305504
 10
80.72727065847407
 20
201.11489716985477
 10
80.90179515346512
 20
201.01019125791487
  0
LWPOLYLINE
  5
97
330
17
100
AcDbEntity
  8
HIDDEN
100
AcDbPolyline
 90
2
 70
0
 10
203.36129130651727
 20
229.98430389176258
 10
201.61239299996413
 20
229.12320589126315
  0
LWPOLYLINE
  5
98
330
17
100
AcDbEntity
  8
HIDDEN
100
AcDbPolyline
 90
2
 70
0
 10
202.72115009768325
 20
231.16058563559278
 10
203.36129130651727
 20
229.98430389176258
  0
LWPOLYLINE
  5
99
330
17
100
AcDbEntity
  8
HIDDEN
100
AcDbPolyline
 90
2
 70
0
 10
201.61239299996413
 20
229.12320589126315
 10
199.22335348457696
 20
229.43838963459393
  0
LWPOLYLINE
  5
9A
330
17
100
AcDbEntity
  8
HIDDEN
100
AcDbPolyline
 90
2
 70
0
 10
200.33211058229605
 20
231.47576937892356
 10
202.72115009768325
 20
231.16058563559278
  0
LWPOLYLINE
  5
9B
330
17
100
AcDbEntity
  8
HIDDEN
100
AcDbPolyline
 90
2
 70
0
 10
199.22335348457696
 20
229.43838963459393
 10
198.5832122757429
 20
230.61467137842413
  0
LWPOLYLINE
  5
9C
330
17
100
AcDbEntity
  8
HIDDEN
100
AcDbPolyline
 90
2
 70
0
 10
198.5832122757429
 20
230.61467137842413
 10
200.33211058229605
 20
231.47576937892356
  0
LWPOLYLINE
  5
9D
330
17
100
AcDbEntity
  8
HIDDEN
100
AcDbPolyline
 90
2
 70
0
 10
197.09402084261131
 20
226.8985132286709
 10
195.34512253605817
 20
226.03741522817148
  0
LWPOLYLINE
  5
9E
330
17
100
AcDbEntity
  8
HIDDEN
100
AcDbPolyline
 90
2
 70
0
 10
196.4538796337773
 20
228.07479497250108
 10
197.09402084261131
 20
226.8985132286709
  0
LWPOLYLINE
  5
9F
330
17
100
AcDbEntity
  8
HIDDEN
100
AcDbPolyline
 90
2
 70
0
 10
195.34512253605817
 20
226.03741522817148
 10
192.956083020671
 20
226.35259897150223
  0
LWPOLYLINE
  5
A0
330
17
100
AcDbEntity
  8
HIDDEN
100
AcDbPolyline
 90
2
 70
0
 10
194.0648401183901
 20
228.38997871583186
 10
196.4538796337773
 20
228.0747949725011
  0
LWPOLYLINE
  5
A1
330
17
100
AcDbEntity
  8
HIDDEN
100
AcDbPolyline
 90
2
 70
0
 10
192.956083020671
 20
226.35259897150223
 10
192.31594181183695
 20
227.52888071533243
  0
LWPOLYLINE
  5
A2
330
17
100
AcDbEntity
  8
HIDDEN
100
AcDbPolyline
 90
2
 70
0
 10
192.31594181183695
 20
227.52888071533246
 10
194.0648401183901
 20
228.3899787158319
  0
LWPOLYLINE
  5
A3
330
17
100
AcDbEntity
  8
HIDDEN
100
AcDbPolyline
 90
9
 70
0
 10
204.15811427694896
 20
228.78230722573994
 10
204.4888978083883
 20
228.66151715825342
 10
204.87665222885897
 20
228.5932059350912
 10
205.28798438803344
 20
228.5832564729234
 10
205.6874706365584
 20
228.6325256127513
 10
206.04070748695173
 20
228.7367703293353
 10
206.31727441884357
 20
228.88701313767984
 10
206.49335367376418
 20
229.07031522801302
 10
206.5537814245108
 20
229.27089074739612
  0
LWPOLYLINE
  5
A4
330
17
100
AcDbEntity
  8
HIDDEN
100
AcDbPolyline
 90
15
 70
0
 10
206.5537814245108
 20
229.27089074739612
 10
206.5268164607517
 20
229.40569063774893
 10
206.44695781790955
 20
229.53531024391214
 10
206.31727441884357
 20
229.6547683571124
 10
206.1427499238525
 20
229.7594742690523
 10
205.93009121140446
 20
229.84540419025575
 10
205.6874706365584
 20
229.90925588204095
 10
205.15043210040074
 20
229.9618521900743
 10
204.61339356424307
 20
229.90925588204095
 10
204.370772989397
 20
229.84540419025575
 10
204.15811427694896
 20
229.7594742690523
 10
203.9835897819579
 20
229.6547683571124
 10
203.85390638289192
 20
229.53531024391214
 10
203.77404774004978
 20
229.40569063774893
 10
203.74708277629068
 20
229.27089074739612
  0
LWPOLYLINE
  5
A5
330
17
100
AcDbEntity
  8
HIDDEN
100
AcDbPolyline
 90
5
 70
0
 10
203.74708277629068
 20
229.27089074739612
 10
203.77404774004978
 20
229.1360908570433
 10
203.85390638289192
 20
229.0064712508801
 10
203.9835897819579
 20
228.88701313767984
 10
204.15811427694896
 20
228.78230722573994
  0
LWPOLYLINE
  5
A6
330
17
100
AcDbEntity
  8
HIDDEN
100
AcDbPolyline
 90
2
 70
0
 10
175.68084675759928
 20
220.46978268056324
 10
173.93194845104614
 20
219.60868468006382
  0
LWPOLYLINE
  5
A7
330
17
100
AcDbEntity
  8
HIDDEN
100
AcDbPolyline
 90
2
 70
0
 10
175.04070554876526
 20
221.64606442439344
 10
175.68084675759928
 20
220.46978268056324
  0
LWPOLYLINE
  5
A8
330
17
100
AcDbEntity
  8
HIDDEN
100
AcDbPolyline
 90
2
 70
0
 10
173.93194845104614
 20
219.60868468006382
 10
171.54290893565897
 20
219.9238684233946
  0
LWPOLYLINE
  5
A9
330
17
100
AcDbEntity
  8
HIDDEN
100
AcDbPolyline
 90
2
 70
0
 10
172.6516660333781
 20
221.96124816772422
 10
175.04070554876526
 20
221.64606442439344
  0
LWPOLYLINE
  5
AA
330
17
100
AcDbEntity
  8
HIDDEN
100
AcDbPolyline
 90
2
 70
0
 10
171.54290893565897
 20
219.9238684233946
 10
170.90276772682495
 20
221.1001501672248
  0
LWPOLYLINE
  5
AB
330
17
100
AcDbEntity
  8
HIDDEN
100
AcDbPolyline
 90
2
 70
0
 10
170.90276772682495
 20
221.1001501672248
 10
172.6516660333781
 20
221.96124816772422
  0
LWPOLYLINE
  5
AC
330
17
100
AcDbEntity
  8
HIDDEN
100
AcDbPolyline
 90
2
 70
0
 10
136.51040635818705
 20
201.18359103624027
 10
134.7615080516339
 20
200.32249303574085
  0
LWPOLYLINE
  5
AD
330
17
100
AcDbEntity
  8
HIDDEN
100
AcDbPolyline
 90
2
 70
0
 10
135.87026514935303
 20
202.35987278007048
 10
136.51040635818705
 20
201.18359103624027
  0
LWPOLYLINE
  5
AE
330
17
100
AcDbEntity
  8
HIDDEN
100
AcDbPolyline
 90
2
 70
0
 10
134.7615080516339
 20
200.32249303574085
 10
132.37246853624674
 20
200.63767677907163
  0
LWPOLYLINE
  5
AF
330
17
100
AcDbEntity
  8
HIDDEN
100
AcDbPolyline
 90
2
 70
0
 10
132.37246853624674
 20
200.63767677907163
 10
131.7323273274127
 20
201.81395852290183
  0
LWPOLYLINE
  5
B0
330
17
100
AcDbEntity
  8
HIDDEN
100
AcDbPolyline
 90
2
 70
0
 10
131.7323273274127
 20
201.81395852290183
 10
133.48122563396583
 20
202.67505652340125
  0
LWPOLYLINE
  5
B1
330
17
100
AcDbEntity
  8
HIDDEN
100
AcDbPolyline
 90
9
 70
0
 10
114.32723762763024
 20
184.55264105475928
 10
114.65802115906956
 20
184.43185098727275
 10
115.04577557954026
 20
184.3635397641105
 10
115.4571077387147
 20
184.35359030194275
 10
115.85659398723968
 20
184.4028594417706
 10
116.209830837633
 20
184.50710415835462
 10
116.48639776952483
 20
184.65734696669915
 10
116.66247702444545
 20
184.84064905703235
 10
116.72290477519206
 20
185.04122457641546
  0
LWPOLYLINE
  5
B2
330
17
100
AcDbEntity
  8
HIDDEN
100
AcDbPolyline
 90
15
 70
0
 10
116.72290477519206
 20
185.04122457641546
 10
116.69593981143296
 20
185.17602446676827
 10
116.61608116859082
 20
185.30564407293147
 10
116.48639776952483
 20
185.42510218613174
 10
116.31187327453378
 20
185.52980809807164
 10
116.09921456208573
 20
185.61573801927508
 10
115.85659398723968
 20
185.6795897110603
 10
115.31955545108201
 20
185.73218601909363
 10
114.78251691492434
 20
185.6795897110603
 10
114.53989634007829
 20
185.61573801927508
 10
114.32723762763024
 20
185.52980809807164
 10
114.15271313263918
 20
185.42510218613174
 10
114.02302973357318
 20
185.30564407293147
 10
113.94317109073104
 20
185.17602446676827
 10
113.91620612697194
 20
185.04122457641546
  0
LWPOLYLINE
  5
B3
330
17
100
AcDbEntity
  8
HIDDEN
100
AcDbPolyline
 90
5
 70
0
 10
113.91620612697194
 20
185.04122457641546
 10
113.94317109073104
 20
184.90642468606262
 10
114.02302973357318
 20
184.77680507989942
 10
114.15271313263918
 20
184.65734696669915
 10
114.32723762763023
 20
184.55264105475928
  0
LWPOLYLINE
  5
B4
330
17
100
AcDbEntity
  8
HIDDEN
100
AcDbPolyline
 90
9
 70
0
 10
114.32723762763024
 20
182.23829805744052
 10
114.65802115906956
 20
182.117507989954
 10
115.04577557954026
 20
182.04919676679177
 10
115.4571077387147
 20
182.03924730462398
 10
115.85659398723968
 20
182.08851644445184
 10
116.209830837633
 20
182.19276116103586
 10
116.48639776952483
 20
182.34300396938042
 10
116.66247702444545
 20
182.5263060597136
 10
116.72290477519206
 20
182.7268815790967
  0
LWPOLYLINE
  5
B5
330
17
100
AcDbEntity
  8
HIDDEN
100
AcDbPolyline
 90
15
 70
0
 10
116.72290477519206
 20
182.7268815790967
 10
116.69593981143296
 20
182.8616814694495
 10
116.61608116859082
 20
182.99130107561274
 10
116.48639776952483
 20
183.11075918881298
 10
116.31187327453378
 20
183.21546510075288
 10
116.09921456208573
 20
183.30139502195635
 10
115.85659398723968
 20
183.36524671374156
 10
115.31955545108201
 20
183.41784302177487
 10
114.78251691492434
 20
183.36524671374156
 10
114.53989634007829
 20
183.30139502195635
 10
114.32723762763024
 20
183.21546510075288
 10
114.15271313263918
 20
183.11075918881298
 10
114.02302973357318
 20
182.99130107561274
 10
113.94317109073104
 20
182.8616814694495
 10
113.91620612697194
 20
182.7268815790967
  0
LWPOLYLINE
  5
B6
330
17
100
AcDbEntity
  8
HIDDEN
100
AcDbPolyline
 90
5
 70
0
 10
113.91620612697194
 20
182.7268815790967
 10
113.94317109073104
 20
182.5920816887439
 10
114.02302973357318
 20
182.46246208258066
 10
114.15271313263918
 20
182.34300396938042
 10
114.32723762763023
 20
182.23829805744052
  0
LWPOLYLINE
  5
B7
330
17
100
AcDbEntity
  8
HIDDEN
100
AcDbPolyline
 90
2
 70
0
 10
170.90276772682495
 20
221.1001501672248
 10
170.90276772682495
 20
219.4286802247168
  0
LWPOLYLINE
  5
B8
330
17
100
AcDbEntity
  8
HIDDEN
100
AcDbPolyline
 90
2
 70
0
 10
172.6516660333781
 20
220.28977822521622
 10
170.90276772682495
 20
219.4286802247168
  0
LWPOLYLINE
  5
B9
330
17
100
AcDbEntity
  8
HIDDEN
100
AcDbPolyline
 90
2
 70
0
 10
172.6516660333781
 20
221.96124816772422
 10
172.6516660333781
 20
220.28977822521622
  0
LWPOLYLINE
  5
BA
330
17
100
AcDbEntity
  8
HIDDEN
100
AcDbPolyline
 90
2
 70
0
 10
171.54290893565897
 20
218.2523984808866
 10
173.93194845104614
 20
217.93721473755582
  0
LWPOLYLINE
  5
BB
330
17
100
AcDbEntity
  8
HIDDEN
100
AcDbPolyline
 90
2
 70
0
 10
170.90276772682495
 20
219.4286802247168
 10
171.54290893565897
 20
218.2523984808866
  0
LWPOLYLINE
  5
BC
330
17
100
AcDbEntity
  8
HIDDEN
100
AcDbPolyline
 90
2
 70
0
 10
173.93194845104614
 20
217.93721473755582
 10
175.68084675759928
 20
218.79831273805524
  0
LWPOLYLINE
  5
BD
330
17
100
AcDbEntity
  8
HIDDEN
100
AcDbPolyline
 90
2
 70
0
 10
175.68084675759928
 20
218.79831273805524
 10
175.04070554876526
 20
219.97459448188545
  0
LWPOLYLINE
  5
BE
330
17
100
AcDbEntity
  8
HIDDEN
100
AcDbPolyline
 90
2
 70
0
 10
175.04070554876526
 20
219.97459448188545
 10
172.6516660333781
 20
220.28977822521622
  0
LWPOLYLINE
  5
BF
330
17
100
AcDbEntity
  8
HIDDEN
100
AcDbPolyline
 90
9
 70
0
 10
172.4039439264921
 20
218.6763428041147
 10
172.69990813883257
 20
218.56826748057415
 10
173.04684630451686
 20
218.5071469124816
 10
173.41488034167295
 20
218.49824476212098
 10
173.77231540614267
 20
218.5423276767038
 10
174.0883694301788
 20
218.63559926522635
 10
174.33582405345044
 20
218.77002704111356
 10
174.49336864995834
 20
218.93403417456955
 10
174.5474355848369
 20
219.11349648138602
  0
LWPOLYLINE
  5
C0
330
17
100
AcDbEntity
  8
HIDDEN
100
AcDbPolyline
 90
13
 70
0
 10
174.5474355848369
 20
219.11349648138602
 10
174.5233090383156
 20
219.23410690959645
 10
174.45185656840422
 20
219.35008234668985
 10
174.33582405345044
 20
219.45696592165848
 10
174.17967055793213
 20
219.55065015865733
 10
173.77231540614267
 20
219.68466528606825
 10
173.29180724221212
 20
219.7317251406244
 10
172.81129907828156
 20
219.68466528606825
 10
172.4039439264921
 20
219.55065015865733
 10
172.2477904309738
 20
219.45696592165848
 10
172.13175791602
 20
219.35008234668985
 10
172.06030544610863
 20
219.23410690959645
 10
172.03617889958733
 20
219.11349648138602
  0
LWPOLYLINE
  5
C1
330
17
100
AcDbEntity
  8
HIDDEN
100
AcDbPolyline
 90
5
 70
0
 10
172.03617889958733
 20
219.11349648138602
 10
172.06030544610863
 20
218.99288605317562
 10
172.13175791602
 20
218.87691061608223
 10
172.2477904309738
 20
218.77002704111356
 10
172.4039439264921
 20
218.6763428041147
  0
LWPOLYLINE
  5
C2
330
17
100
AcDbEntity
  8
HIDDEN
100
AcDbPolyline
 90
2
 70
0
 10
171.54290893565897
 20
219.9238684233946
 10
171.54290893565897
 20
218.2523984808866
  0
LWPOLYLINE
  5
C3
330
17
100
AcDbEntity
  8
HIDDEN
100
AcDbPolyline
 90
2
 70
0
 10
175.04070554876526
 20
221.64606442439344
 10
175.04070554876526
 20
219.97459448188545
  0
LWPOLYLINE
  5
C4
330
17
100
AcDbEntity
  8
HIDDEN
100
AcDbPolyline
 90
2
 70
0
 10
173.93194845104614
 20
219.60868468006382
 10
173.93194845104614
 20
217.93721473755582
  0
LWPOLYLINE
  5
C5
330
17
100
AcDbEntity
  8
HIDDEN
100
AcDbPolyline
 90
2
 70
0
 10
175.68084675759928
 20
220.46978268056324
 10
175.68084675759928
 20
218.79831273805524
  0
LWPOLYLINE
  5
C6
330
17
100
AcDbEntity
  8
HIDDEN
100
AcDbPolyline
 90
9
 70
0
 10
204.15811427694896
 20
226.46796422842118
 10
204.4888978083883
 20
226.34717416093466
 10
204.87665222885897
 20
226.27886293777243
 10
205.28798438803344
 20
226.26891347560465
 10
205.6874706365584
 20
226.31818261543253
 10
206.04070748695173
 20
226.42242733201653
 10
206.31727441884357
 20
226.57267014036108
 10
206.49335367376418
 20
226.75597223069425
 10
206.5537814245108
 20
226.95654775007736
  0
LWPOLYLINE
  5
C7
330
17
100
AcDbEntity
  8
HIDDEN
100
AcDbPolyline
 90
15
 70
0
 10
206.5537814245108
 20
226.95654775007736
 10
206.5268164607517
 20
227.09134764043017
 10
206.44695781790955
 20
227.22096724659337
 10
206.31727441884357
 20
227.34042535979364
 10
206.1427499238525
 20
227.44513127173354
 10
205.93009121140446
 20
227.531061192937
 10
205.6874706365584
 20
227.59491288472222
 10
205.15043210040074
 20
227.64750919275554
 10
204.61339356424307
 20
227.59491288472222
 10
204.370772989397
 20
227.531061192937
 10
204.15811427694896
 20
227.44513127173354
 10
203.9835897819579
 20
227.34042535979364
 10
203.85390638289192
 20
227.22096724659337
 10
203.77404774004978
 20
227.09134764043017
 10
203.74708277629068
 20
226.95654775007736
  0
LWPOLYLINE
  5
C8
330
17
100
AcDbEntity
  8
HIDDEN
100
AcDbPolyline
 90
5
 70
0
 10
203.74708277629068
 20
226.95654775007736
 10
203.77404774004978
 20
226.82174785972455
 10
203.85390638289192
 20
226.69212825356135
 10
203.9835897819579
 20
226.57267014036108
 10
204.15811427694896
 20
226.46796422842118
  0
LWPOLYLINE
  5
C9
330
17
100
AcDbEntity
  8
HIDDEN
100
AcDbPolyline
 90
2
 70
0
 10
192.31594181183695
 20
227.52888071533243
 10
192.31594181183695
 20
225.85741077282447
  0
LWPOLYLINE
  5
CA
330
17
100
AcDbEntity
  8
HIDDEN
100
AcDbPolyline
 90
2
 70
0
 10
194.0648401183901
 20
226.7185087733239
 10
192.31594181183695
 20
225.85741077282447
  0
LWPOLYLINE
  5
CB
330
17
100
AcDbEntity
  8
HIDDEN
100
AcDbPolyline
 90
2
 70
0
 10
194.0648401183901
 20
228.3899787158319
 10
194.0648401183901
 20
226.7185087733239
  0
LWPOLYLINE
  5
CC
330
17
100
AcDbEntity
  8
HIDDEN
100
AcDbPolyline
 90
2
 70
0
 10
192.956083020671
 20
224.68112902899426
 10
195.34512253605817
 20
224.36594528566349
  0
LWPOLYLINE
  5
CD
330
17
100
AcDbEntity
  8
HIDDEN
100
AcDbPolyline
 90
2
 70
0
 10
192.31594181183695
 20
225.85741077282447
 10
192.956083020671
 20
224.68112902899426
  0
LWPOLYLINE
  5
CE
330
17
100
AcDbEntity
  8
HIDDEN
100
AcDbPolyline
 90
2
 70
0
 10
195.34512253605817
 20
224.36594528566349
 10
197.09402084261131
 20
225.2270432861629
  0
LWPOLYLINE
  5
CF
330
17
100
AcDbEntity
  8
HIDDEN
100
AcDbPolyline
 90
2
 70
0
 10
197.09402084261131
 20
225.2270432861629
 10
196.45387963377726
 20
226.4033250299931
  0
LWPOLYLINE
  5
D0
330
17
100
AcDbEntity
  8
HIDDEN
100
AcDbPolyline
 90
2
 70
0
 10
196.4538796337773
 20
226.4033250299931
 10
194.0648401183901
 20
226.7185087733239
  0
LWPOLYLINE
  5
D1
330
17
100
AcDbEntity
  8
HIDDEN
100
AcDbPolyline
 90
9
 70
0
 10
193.81711801150414
 20
225.10507335222235
 10
194.11308222384457
 20
224.9969980286818
 10
194.4600203895289
 20
224.93587746058927
 10
194.82805442668496
 20
224.9269753102286
 10
195.18548949115467
 20
224.97105822481146
 10
195.50154351519083
 20
225.06432981333398
 10
195.74899813846247
 20
225.19875758922123
 10
195.90654273497037
 20
225.3627647226772
 10
195.96060966984894
 20
225.5422270294937
  0
LWPOLYLINE
  5
D2
330
17
100
AcDbEntity
  8
HIDDEN
100
AcDbPolyline
 90
13
 70
0
 10
195.96060966984894
 20
225.5422270294937
 10
195.93648312332763
 20
225.6628374577041
 10
195.86503065341626
 20
225.77881289479748
 10
195.74899813846247
 20
225.88569646976615
 10
195.59284464294416
 20
225.979380706765
 10
195.18548949115467
 20
226.11339583417592
 10
194.70498132722415
 20
226.16045568873204
 10
194.2244731632936
 20
226.11339583417592
 10
193.81711801150414
 20
225.979380706765
 10
193.66096451598582
 20
225.88569646976615
 10
193.54493200103204
 20
225.77881289479748
 10
193.47347953112063
 20
225.6628374577041
 10
193.44935298459936
 20
225.5422270294937
  0
LWPOLYLINE
  5
D3
330
17
100
AcDbEntity
  8
HIDDEN
100
AcDbPolyline
 90
5
 70
0
 10
193.44935298459936
 20
225.5422270294937
 10
193.47347953112063
 20
225.42161660128326
 10
193.54493200103204
 20
225.30564116418986
 10
193.66096451598582
 20
225.19875758922123
 10
193.81711801150414
 20
225.10507335222235
  0
LWPOLYLINE
  5
D4
330
17
100
AcDbEntity
  8
HIDDEN
100
AcDbPolyline
 90
2
 70
0
 10
192.956083020671
 20
226.35259897150223
 10
192.956083020671
 20
224.68112902899426
  0
LWPOLYLINE
  5
D5
330
17
100
AcDbEntity
  8
HIDDEN
100
AcDbPolyline
 90
2
 70
0
 10
196.4538796337773
 20
228.0747949725011
 10
196.4538796337773
 20
226.4033250299931
  0
LWPOLYLINE
  5
D6
330
17
100
AcDbEntity
  8
HIDDEN
100
AcDbPolyline
 90
2
 70
0
 10
195.34512253605817
 20
226.03741522817148
 10
195.34512253605817
 20
224.36594528566349
  0
LWPOLYLINE
  5
D7
330
17
100
AcDbEntity
  8
HIDDEN
100
AcDbPolyline
 90
2
 70
0
 10
197.09402084261131
 20
226.8985132286709
 10
197.09402084261131
 20
225.2270432861629
  0
LWPOLYLINE
  5
D8
330
17
100
AcDbEntity
  8
HIDDEN
100
AcDbPolyline
 90
2
 70
0
 10
198.5832122757429
 20
230.61467137842413
 10
198.5832122757429
 20
228.94320143591614
  0
LWPOLYLINE
  5
D9
330
17
100
AcDbEntity
  8
HIDDEN
100
AcDbPolyline
 90
2
 70
0
 10
200.33211058229605
 20
229.80429943641556
 10
198.5832122757429
 20
228.94320143591614
  0
LWPOLYLINE
  5
DA
330
17
100
AcDbEntity
  8
HIDDEN
100
AcDbPolyline
 90
2
 70
0
 10
200.33211058229605
 20
231.47576937892356
 10
200.33211058229605
 20
229.80429943641556
  0
LWPOLYLINE
  5
DB
330
17
100
AcDbEntity
  8
HIDDEN
100
AcDbPolyline
 90
2
 70
0
 10
199.22335348457696
 20
227.76691969208593
 10
201.61239299996413
 20
227.45173594875516
  0
LWPOLYLINE
  5
DC
330
17
100
AcDbEntity
  8
HIDDEN
100
AcDbPolyline
 90
2
 70
0
 10
198.5832122757429
 20
228.94320143591614
 10
199.22335348457696
 20
227.76691969208593
  0
LWPOLYLINE
  5
DD
330
17
100
AcDbEntity
  8
HIDDEN
100
AcDbPolyline
 90
2
 70
0
 10
201.61239299996413
 20
227.45173594875516
 10
203.36129130651727
 20
228.31283394925458
  0
LWPOLYLINE
  5
DE
330
17
100
AcDbEntity
  8
HIDDEN
100
AcDbPolyline
 90
2
 70
0
 10
203.36129130651727
 20
228.31283394925458
 10
202.72115009768325
 20
229.48911569308478
  0
LWPOLYLINE
  5
DF
330
17
100
AcDbEntity
  8
HIDDEN
100
AcDbPolyline
 90
2
 70
0
 10
202.72115009768325
 20
229.48911569308478
 10
200.33211058229605
 20
229.80429943641556
  0
LWPOLYLINE
  5
E0
330
17
100
AcDbEntity
  8
HIDDEN
100
AcDbPolyline
 90
9
 70
0
 10
200.0843884754101
 20
228.19086401531405
 10
200.38035268775053
 20
228.08278869177346
 10
200.72729085343485
 20
228.02166812368094
 10
201.09532489059092
 20
228.0127659733203
 10
201.45275995506063
 20
228.05684888790313
 10
201.7688139790968
 20
228.15012047642566
 10
202.01626860236843
 20
228.2845482523129
 10
202.17381319887633
 20
228.44855538576888
 10
202.22788013375487
 20
228.62801769258536
  0
LWPOLYLINE
  5
E1
330
17
100
AcDbEntity
  8
HIDDEN
100
AcDbPolyline
 90
13
 70
0
 10
202.22788013375487
 20
228.62801769258536
 10
202.2037535872336
 20
228.74862812079576
 10
202.1323011173222
 20
228.86460355788915
 10
202.01626860236843
 20
228.97148713285782
 10
201.86011510685012
 20
229.06517136985667
 10
201.45275995506063
 20
229.1991864972676
 10
200.9722517911301
 20
229.24624635182374
 10
200.49174362719955
 20
229.1991864972676
 10
200.0843884754101
 20
229.06517136985667
 10
199.92823497989178
 20
228.97148713285782
 10
199.812202464938
 20
228.86460355788915
 10
199.7407499950266
 20
228.7486281207958
 10
199.71662344850532
 20
228.62801769258536
  0
LWPOLYLINE
  5
E2
330
17
100
AcDbEntity
  8
HIDDEN
100
AcDbPolyline
 90
5
 70
0
 10
199.71662344850532
 20
228.62801769258536
 10
199.7407499950266
 20
228.50740726437493
 10
199.812202464938
 20
228.39143182728154
 10
199.92823497989178
 20
228.2845482523129
 10
200.0843884754101
 20
228.19086401531405
  0
LWPOLYLINE
  5
E3
330
17
100
AcDbEntity
  8
HIDDEN
100
AcDbPolyline
 90
2
 70
0
 10
199.22335348457696
 20
229.43838963459393
 10
199.22335348457696
 20
227.76691969208593
  0
LWPOLYLINE
  5
E4
330
17
100
AcDbEntity
  8
HIDDEN
100
AcDbPolyline
 90
2
 70
0
 10
202.72115009768325
 20
231.16058563559278
 10
202.72115009768325
 20
229.48911569308478
  0
LWPOLYLINE
  5
E5
330
17
100
AcDbEntity
  8
HIDDEN
100
AcDbPolyline
 90
2
 70
0
 10
201.61239299996413
 20
229.12320589126315
 10
201.61239299996413
 20
227.45173594875516
  0
LWPOLYLINE
  5
E6
330
17
100
AcDbEntity
  8
HIDDEN
100
AcDbPolyline
 90
2
 70
0
 10
203.36129130651727
 20
229.98430389176258
 10
203.36129130651727
 20
228.31283394925458
  0
LWPOLYLINE
  5
E7
330
17
100
AcDbEntity
  8
HIDDEN
100
AcDbPolyline
 90
9
 70
0
 10
80.90179515346512
 20
198.6958482605961
 10
81.23257868490444
 20
198.57505819310958
 10
81.62033310537515
 20
198.50674696994736
 10
82.03166526454957
 20
198.49679750777958
 10
82.43115151307455
 20
198.54606664760746
 10
82.78438836346791
 20
198.65031136419145
 10
83.0609552953597
 20
198.800554172536
 10
83.23703455028033
 20
198.98385626286918
 10
83.29746230102695
 20
199.1844317822523
  0
LWPOLYLINE
  5
E8
330
17
100
AcDbEntity
  8
HIDDEN
100
AcDbPolyline
 90
15
 70
0
 10
83.29746230102695
 20
199.1844317822523
 10
83.27049733726786
 20
199.3192316726051
 10
83.19063869442572
 20
199.4488512787683
 10
83.0609552953597
 20
199.56830939196857
 10
82.88643080036866
 20
199.67301530390847
 10
82.67377208792061
 20
199.75894522511192
 10
82.43115151307455
 20
199.82279691689715
 10
81.89411297691689
 20
199.87539322493046
 10
81.35707444075922
 20
199.82279691689715
 10
81.11445386591318
 20
199.75894522511192
 10
80.90179515346512
 20
199.67301530390847
 10
80.72727065847407
 20
199.56830939196857
 10
80.59758725940807
 20
199.4488512787683
 10
80.51772861656592
 20
199.3192316726051
 10
80.49076365280683
 20
199.18443178225232
  0
LWPOLYLINE
  5
E9
330
17
100
AcDbEntity
  8
HIDDEN
100
AcDbPolyline
 90
5
 70
0
 10
80.49076365280683
 20
199.1844317822523
 10
80.51772861656592
 20
199.04963189189948
 10
80.59758725940807
 20
198.92001228573628
 10
80.72727065847407
 20
198.800554172536
 10
80.90179515346512
 20
198.6958482605961
  0
LWPOLYLINE
  5
EA
330
17
100
AcDbEntity
  8
HIDDEN
100
AcDbPolyline
 90
2
 70
0
 10
112.93051593569483
 20
211.07133051217684
 10
112.93051593569483
 20
209.39986056966885
  0
LWPOLYLINE
  5
EB
330
17
100
AcDbEntity
  8
HIDDEN
100
AcDbPolyline
 90
2
 70
0
 10
114.67941424224797
 20
210.26095857016827
 10
112.93051593569484
 20
209.39986056966885
  0
LWPOLYLINE
  5
EC
330
17
100
AcDbEntity
  8
HIDDEN
100
AcDbPolyline
 90
2
 70
0
 10
114.67941424224797
 20
211.93242851267627
 10
114.67941424224797
 20
210.26095857016827
  0
LWPOLYLINE
  5
ED
330
17
100
AcDbEntity
  8
HIDDEN
100
AcDbPolyline
 90
2
 70
0
 10
113.57065714452885
 20
208.22357882583864
 10
115.95969665991603
 20
207.90839508250787
  0
LWPOLYLINE
  5
EE
330
17
100
AcDbEntity
  8
HIDDEN
100
AcDbPolyline
 90
2
 70
0
 10
112.93051593569483
 20
209.39986056966885
 10
113.57065714452885
 20
208.22357882583864
  0
LWPOLYLINE
  5
EF
330
17
100
AcDbEntity
  8
HIDDEN
100
AcDbPolyline
 90
2
 70
0
 10
115.95969665991603
 20
207.90839508250787
 10
117.70859496646918
 20
208.76949308300732
  0
LWPOLYLINE
  5
F0
330
17
100
AcDbEntity
  8
HIDDEN
100
AcDbPolyline
 90
2
 70
0
 10
117.70859496646919
 20
208.76949308300732
 10
117.06845375763515
 20
209.94577482683752
  0
LWPOLYLINE
  5
F1
330
17
100
AcDbEntity
  8
HIDDEN
100
AcDbPolyline
 90
2
 70
0
 10
117.06845375763514
 20
209.9457748268375
 10
114.67941424224796
 20
210.26095857016827
  0
LWPOLYLINE
  5
F2
330
17
100
AcDbEntity
  8
HIDDEN
100
AcDbPolyline
 90
9
 70
0
 10
114.431692135362
 20
208.64752314906676
 10
114.72765634770245
 20
208.5394478255262
 10
115.07459451338676
 20
208.47832725743365
 10
115.44262855054284
 20
208.46942510707302
 10
115.80006361501255
 20
208.51350802165587
 10
116.1161176390487
 20
208.6067796101784
 10
116.36357226232032
 20
208.7412073860656
 10
116.52111685882824
 20
208.90521451952162
 10
116.57518379370678
 20
209.08467682633807
  0
LWPOLYLINE
  5
F3
330
17
100
AcDbEntity
  8
HIDDEN
100
AcDbPolyline
 90
13
 70
0
 10
116.57518379370678
 20
209.08467682633807
 10
116.5510572471855
 20
209.2052872545485
 10
116.4796047772741
 20
209.3212626916419
 10
116.36357226232032
 20
209.42814626661055
 10
116.20741876680202
 20
209.5218305036094
 10
115.80006361501255
 20
209.6558456310203
 10
115.31955545108201
 20
209.70290548557645
 10
114.83904728715146
 20
209.6558456310203
 10
114.431692135362
 20
209.5218305036094
 10
114.27553863984369
 20
209.42814626661055
 10
114.1595061248899
 20
209.3212626916419
 10
114.08805365497851
 20
209.2052872545485
 10
114.06392710845722
 20
209.0846768263381
  0
LWPOLYLINE
  5
F4
330
17
100
AcDbEntity
  8
HIDDEN
100
AcDbPolyline
 90
5
 70
0
 10
114.06392710845722
 20
209.08467682633807
 10
114.08805365497851
 20
208.96406639812767
 10
114.1595061248899
 20
208.84809096103427
 10
114.27553863984369
 20
208.7412073860656
 10
114.431692135362
 20
208.64752314906676
  0
LWPOLYLINE
  5
F5
330
17
100
AcDbEntity
  8
HIDDEN
100
AcDbPolyline
 90
9
 70
0
 10
114.431692135362
 20
203.24738948865632
 10
114.72765634770245
 20
203.13931416511576
 10
115.07459451338676
 20
203.07819359702324
 10
115.44262855054284
 20
203.0692914466626
 10
115.80006361501255
 20
203.11337436124543
 10
116.1161176390487
 20
203.20664594976796
 10
116.36357226232032
 20
203.34107372565518
 10
116.52111685882824
 20
203.5050808591112
 10
116.57518379370678
 20
203.68454316592766
  0
LWPOLYLINE
  5
F6
330
17
100
AcDbEntity
  8
HIDDEN
100
AcDbPolyline
 90
13
 70
0
 10
116.57518379370678
 20
203.68454316592766
 10
116.5510572471855
 20
203.80515359413806
 10
116.4796047772741
 20
203.92112903123146
 10
116.36357226232032
 20
204.0280126062001
 10
116.20741876680202
 20
204.12169684319898
 10
115.80006361501255
 20
204.25571197060987
 10
115.31955545108201
 20
204.30277182516602
 10
114.83904728715146
 20
204.25571197060987
 10
114.431692135362
 20
204.12169684319898
 10
114.27553863984369
 20
204.0280126062001
 10
114.1595061248899
 20
203.92112903123146
 10
114.08805365497851
 20
203.80515359413806
 10
114.06392710845722
 20
203.68454316592766
  0
LWPOLYLINE
  5
F7
330
17
100
AcDbEntity
  8
HIDDEN
100
AcDbPolyline
 90
5
 70
0
 10
114.06392710845722
 20
203.68454316592766
 10
114.08805365497851
 20
203.56393273771724
 10
114.1595061248899
 20
203.44795730062384
 10
114.27553863984369
 20
203.34107372565518
 10
114.431692135362
 20
203.24738948865632
  0
LWPOLYLINE
  5
F8
330
17
100
AcDbEntity
  8
HIDDEN
100
AcDbPolyline
 90
2
 70
0
 10
161.01840258372962
 20
224.7964942859132
 10
109.41787576423724
 20
199.39015115979174
  0
LWPOLYLINE
  5
F9
330
17
100
AcDbEntity
  8
HIDDEN
100
AcDbPolyline
 90
2
 70
0
 10
108.8956032255784
 20
199.64730038171604
 10
109.41787576423722
 20
199.39015115979174
  0
LWPOLYLINE
  5
FA
330
17
100
AcDbEntity
  8
HIDDEN
100
AcDbPolyline
 90
9
 70
0
 10
153.60213253477423
 20
222.5335811329793
 10
153.8980967471147
 20
222.42550580943873
 10
154.24503491279899
 20
222.3643852413462
 10
154.61306894995505
 20
222.35548309098556
 10
154.9705040144248
 20
222.3995660055684
 10
155.28655803846092
 20
222.49283759409093
 10
155.53401266173256
 20
222.62726536997815
 10
155.6915572582405
 20
222.79127250343416
 10
155.74562419311903
 20
222.9707348102506
  0
LWPOLYLINE
  5
FB
330
17
100
AcDbEntity
  8
HIDDEN
100
AcDbPolyline
 90
13
 70
0
 10
155.74562419311903
 20
222.97073481025063
 10
155.72149764659773
 20
223.09134523846103
 10
155.65004517668635
 20
223.20732067555443
 10
155.53401266173256
 20
223.31420425052306
 10
155.37785916621425
 20
223.40788848752194
 10
154.9705040144248
 20
223.54190361493283
 10
154.48999585049424
 20
223.588963469489
 10
154.00948768656372
 20
223.54190361493283
 10
153.60213253477423
 20
223.40788848752194
 10
153.44597903925592
 20
223.31420425052306
 10
153.32994652430213
 20
223.20732067555443
 10
153.25849405439075
 20
223.09134523846103
 10
153.23436750786945
 20
222.97073481025063
  0
LWPOLYLINE
  5
FC
330
17
100
AcDbEntity
  8
HIDDEN
100
AcDbPolyline
 90
5
 70
0
 10
153.23436750786945
 20
222.97073481025063
 10
153.25849405439075
 20
222.8501243820402
 10
153.32994652430213
 20
222.7341489449468
 10
153.44597903925592
 20
222.62726536997815
 10
153.60213253477423
 20
222.5335811329793
  0
LWPOLYLINE
  5
FD
330
17
100
AcDbEntity
  8
HIDDEN
100
AcDbPolyline
 90
9
 70
0
 10
153.60213253477423
 20
227.93371479338973
 10
153.8980967471147
 20
227.82563946984916
 10
154.24503491279899
 20
227.76451890175662
 10
154.61306894995505
 20
227.755616751396
 10
154.9705040144248
 20
227.79969966597884
 10
155.28655803846092
 20
227.89297125450136
 10
155.53401266173256
 20
228.02739903038858
 10
155.6915572582405
 20
228.1914061638446
 10
155.74562419311903
 20
228.37086847066104
  0
LWPOLYLINE
  5
FE
330
17
100
AcDbEntity
  8
HIDDEN
100
AcDbPolyline
 90
13
 70
0
 10
155.74562419311903
 20
228.37086847066104
 10
155.72149764659773
 20
228.49147889887146
 10
155.65004517668635
 20
228.60745433596486
 10
155.53401266173256
 20
228.71433791093352
 10
155.37785916621425
 20
228.80802214793238
 10
154.9705040144248
 20
228.94203727534327
 10
154.48999585049424
 20
228.98909712989942
 10
154.00948768656372
 20
228.94203727534327
 10
153.60213253477423
 20
228.80802214793238
 10
153.44597903925592
 20
228.71433791093352
 10
153.32994652430213
 20
228.60745433596486
 10
153.25849405439075
 20
228.49147889887146
 10
153.23436750786945
 20
228.37086847066107
  0
LWPOLYLINE
  5
FF
330
17
100
AcDbEntity
  8
HIDDEN
100
AcDbPolyline
 90
5
 70
0
 10
153.23436750786945
 20
228.37086847066104
 10
153.25849405439075
 20
228.25025804245064
 10
153.32994652430213
 20
228.13428260535724
 10
153.44597903925592
 20
228.02739903038858
 10
153.60213253477423
 20
227.93371479338973
  0
LWPOLYLINE
  5
100
330
17
100
AcDbEntity
  8
HIDDEN
100
AcDbPolyline
 90
2
 70
0
 10
152.7410975439411
 20
227.50977047016164
 10
155.13013705932826
 20
227.19458672683086
  0
LWPOLYLINE
  5
101
330
17
100
AcDbEntity
  8
HIDDEN
100
AcDbPolyline
 90
2
 70
0
 10
152.10095633510707
 20
228.68605221399181
 10
152.7410975439411
 20
227.50977047016164
  0
LWPOLYLINE
  5
102
330
17
100
AcDbEntity
  8
HIDDEN
100
AcDbPolyline
 90
2
 70
0
 10
155.13013705932826
 20
227.19458672683086
 10
156.8790353658814
 20
228.0556847273303
  0
LWPOLYLINE
  5
103
330
17
100
AcDbEntity
  8
HIDDEN
100
AcDbPolyline
 90
2
 70
0
 10
153.84985464166022
 20
229.54715021449124
 10
152.10095633510707
 20
228.68605221399181
  0
LWPOLYLINE
  5
104
330
17
100
AcDbEntity
  8
HIDDEN
100
AcDbPolyline
 90
2
 70
0
 10
156.8790353658814
 20
228.0556847273303
 10
156.23889415704738
 20
229.23196647116046
  0
LWPOLYLINE
  5
105
330
17
100
AcDbEntity
  8
HIDDEN
100
AcDbPolyline
 90
2
 70
0
 10
156.23889415704738
 20
229.2319664711605
 10
153.84985464166022
 20
229.54715021449124
  0
LWPOLYLINE
  5
106
330
17
100
AcDbEntity
  8
HIDDEN
100
AcDbPolyline
 90
2
 70
0
 10
113.57065714452885
 20
209.89504876834664
 10
113.57065714452885
 20
208.22357882583864
  0
LWPOLYLINE
  5
107
330
17
100
AcDbEntity
  8
HIDDEN
100
AcDbPolyline
 90
2
 70
0
 10
117.06845375763514
 20
211.6172447693455
 10
117.06845375763514
 20
209.9457748268375
  0
LWPOLYLINE
  5
108
330
17
100
AcDbEntity
  8
HIDDEN
100
AcDbPolyline
 90
2
 70
0
 10
115.95969665991603
 20
209.57986502501586
 10
115.95969665991603
 20
207.90839508250787
  0
LWPOLYLINE
  5
109
330
17
100
AcDbEntity
  8
HIDDEN
100
AcDbPolyline
 90
2
 70
0
 10
117.70859496646919
 20
210.4409630255153
 10
117.70859496646919
 20
208.76949308300732
  0
LWPOLYLINE
  5
10A
330
17
100
AcDbEntity
  8
HIDDEN
100
AcDbPolyline
 90
2
 70
0
 10
152.10095633510707
 20
230.3575221564998
 10
152.10095633510707
 20
228.68605221399184
  0
LWPOLYLINE
  5
10B
330
17
100
AcDbEntity
  8
HIDDEN
100
AcDbPolyline
 90
2
 70
0
 10
153.84985464166022
 20
231.21862015699924
 10
153.84985464166022
 20
229.54715021449124
  0
LWPOLYLINE
  5
10C
330
17
100
AcDbEntity
  8
HIDDEN
100
AcDbPolyline
 90
2
 70
0
 10
152.7410975439411
 20
229.1812404126696
 10
152.7410975439411
 20
227.50977047016164
  0
LWPOLYLINE
  5
10D
330
17
100
AcDbEntity
  8
HIDDEN
100
AcDbPolyline
 90
2
 70
0
 10
156.23889415704738
 20
230.90343641366846
 10
156.23889415704738
 20
229.2319664711605
  0
LWPOLYLINE
  5
10E
330
17
100
AcDbEntity
  8
HIDDEN
100
AcDbPolyline
 90
2
 70
0
 10
155.13013705932826
 20
228.86605666933883
 10
155.13013705932826
 20
227.19458672683086
  0
LWPOLYLINE
  5
10F
330
17
100
AcDbEntity
  8
HIDDEN
100
AcDbPolyline
 90
2
 70
0
 10
156.8790353658814
 20
229.72715466983826
 10
156.8790353658814
 20
228.0556847273303
  0
LWPOLYLINE
  5
110
330
17
100
AcDbEntity
  8
HIDDEN
100
AcDbPolyline
 90
2
 70
0
 10
165.1577698015778
 20
240.90064025539638
 10
165.1577698015778
 20
239.22917031288839
  0
LWPOLYLINE
  5
111
330
17
100
AcDbEntity
  8
HIDDEN
100
AcDbPolyline
 90
2
 70
0
 10
166.90666810813096
 20
240.0902683133878
 10
165.1577698015778
 20
239.22917031288839
  0
LWPOLYLINE
  5
112
330
17
100
AcDbEntity
  8
HIDDEN
100
AcDbPolyline
 90
2
 70
0
 10
166.90666810813096
 20
241.7617382558958
 10
166.90666810813096
 20
240.0902683133878
  0
LWPOLYLINE
  5
113
330
17
100
AcDbEntity
  8
HIDDEN
100
AcDbPolyline
 90
2
 70
0
 10
165.79791101041184
 20
238.05288856905818
 10
168.186950525799
 20
237.7377048257274
  0
LWPOLYLINE
  5
114
330
17
100
AcDbEntity
  8
HIDDEN
100
AcDbPolyline
 90
2
 70
0
 10
165.1577698015778
 20
239.22917031288839
 10
165.79791101041184
 20
238.05288856905818
  0
LWPOLYLINE
  5
115
330
17
100
AcDbEntity
  8
HIDDEN
100
AcDbPolyline
 90
2
 70
0
 10
168.186950525799
 20
237.7377048257274
 10
169.93584883235215
 20
238.59880282622683
  0
LWPOLYLINE
  5
116
330
17
100
AcDbEntity
  8
HIDDEN
100
AcDbPolyline
 90
2
 70
0
 10
169.93584883235215
 20
238.59880282622683
 10
169.29570762351813
 20
239.77508457005703
  0
LWPOLYLINE
  5
117
330
17
100
AcDbEntity
  8
HIDDEN
100
AcDbPolyline
 90
2
 70
0
 10
169.29570762351813
 20
239.77508457005703
 10
166.90666810813096
 20
240.0902683133878
  0
LWPOLYLINE
  5
118
330
17
100
AcDbEntity
  8
HIDDEN
100
AcDbPolyline
 90
9
 70
0
 10
166.65894600124497
 20
238.4768328922863
 10
166.95491021358544
 20
238.3687575687457
 10
167.30184837926976
 20
238.3076370006532
 10
167.66988241642582
 20
238.29873485029256
 10
168.02731748089553
 20
238.34281776487538
 10
168.34337150493167
 20
238.4360893533979
 10
168.5908261282033
 20
238.57051712928515
 10
168.7483707247112
 20
238.73452426274113
 10
168.80243765958977
 20
238.9139865695576
  0
LWPOLYLINE
  5
119
330
17
100
AcDbEntity
  8
HIDDEN
100
AcDbPolyline
 90
13
 70
0
 10
168.80243765958977
 20
238.9139865695576
 10
168.77831111306847
 20
239.034596997768
 10
168.7068586431571
 20
239.1505724348614
 10
168.5908261282033
 20
239.25745600983007
 10
168.434672632685
 20
239.35114024682892
 10
168.02731748089553
 20
239.48515537423984
 10
167.54680931696498
 20
239.532215228796
 10
167.06630115303443
 20
239.48515537423984
 10
166.65894600124497
 20
239.35114024682892
 10
166.50279250572666
 20
239.25745600983007
 10
166.38675999077287
 20
239.1505724348614
 10
166.3153075208615
 20
239.034596997768
 10
166.2911809743402
 20
238.9139865695576
  0
LWPOLYLINE
  5
11A
330
17
100
AcDbEntity
  8
HIDDEN
100
AcDbPolyline
 90
5
 70
0
 10
166.2911809743402
 20
238.9139865695576
 10
166.3153075208615
 20
238.79337614134718
 10
166.38675999077287
 20
238.67740070425378
 10
166.50279250572666
 20
238.57051712928515
 10
166.65894600124497
 20
238.4768328922863
  0
LWPOLYLINE
  5
11B
330
17
100
AcDbEntity
  8
HIDDEN
100
AcDbPolyline
 90
2
 70
0
 10
165.79791101041184
 20
239.72435851156618
 10
165.79791101041184
 20
238.05288856905818
  0
LWPOLYLINE
  5
11C
330
17
100
AcDbEntity
  8
HIDDEN
100
AcDbPolyline
 90
2
 70
0
 10
169.29570762351813
 20
241.44655451256503
 10
169.29570762351813
 20
239.77508457005703
  0
LWPOLYLINE
  5
11D
330
17
100
AcDbEntity
  8
HIDDEN
100
AcDbPolyline
 90
2
 70
0
 10
168.186950525799
 20
239.4091747682354
 10
168.186950525799
 20
237.7377048257274
  0
LWPOLYLINE
  5
11E
330
17
100
AcDbEntity
  8
HIDDEN
100
AcDbPolyline
 90
2
 70
0
 10
169.93584883235215
 20
240.27027276873483
 10
169.93584883235215
 20
238.59880282622683
  0
LWPOLYLINE
  5
11F
330
17
100
AcDbEntity
  8
HIDDEN
100
AcDbPolyline
 90
2
 70
0
 10
171.42504026548377
 20
243.98643091848805
 10
171.42504026548377
 20
242.31496097598006
  0
LWPOLYLINE
  5
120
330
17
100
AcDbEntity
  8
HIDDEN
100
AcDbPolyline
 90
2
 70
0
 10
173.17393857203692
 20
243.17605897647948
 10
171.42504026548377
 20
242.31496097598006
  0
LWPOLYLINE
  5
121
330
17
100
AcDbEntity
  8
HIDDEN
100
AcDbPolyline
 90
2
 70
0
 10
173.17393857203692
 20
244.84752891898748
 10
173.17393857203692
 20
243.17605897647948
  0
LWPOLYLINE
  5
122
330
17
100
AcDbEntity
  8
HIDDEN
100
AcDbPolyline
 90
2
 70
0
 10
172.0651814743178
 20
241.13867923214985
 10
174.454220989705
 20
240.82349548881908
  0
LWPOLYLINE
  5
123
330
17
100
AcDbEntity
  8
HIDDEN
100
AcDbPolyline
 90
2
 70
0
 10
171.42504026548377
 20
242.31496097598006
 10
172.0651814743178
 20
241.13867923214985
  0
LWPOLYLINE
  5
124
330
17
100
AcDbEntity
  8
HIDDEN
100
AcDbPolyline
 90
2
 70
0
 10
174.454220989705
 20
240.82349548881908
 10
176.2031192962581
 20
241.6845934893185
  0
LWPOLYLINE
  5
125
330
17
100
AcDbEntity
  8
HIDDEN
100
AcDbPolyline
 90
2
 70
0
 10
176.2031192962581
 20
241.6845934893185
 10
175.56297808742409
 20
242.8608752331487
  0
LWPOLYLINE
  5
126
330
17
100
AcDbEntity
  8
HIDDEN
100
AcDbPolyline
 90
2
 70
0
 10
175.56297808742409
 20
242.8608752331487
 10
173.17393857203692
 20
243.17605897647948
  0
LWPOLYLINE
  5
127
330
17
100
AcDbEntity
  8
HIDDEN
100
AcDbPolyline
 90
9
 70
0
 10
172.92621646515093
 20
241.56262355537797
 10
173.2221806774914
 20
241.45454823183738
 10
173.5691188431757
 20
241.39342766374486
 10
173.93715288033178
 20
241.38452551338423
 10
174.2945879448015
 20
241.42860842796705
 10
174.61064196883763
 20
241.5218800164896
 10
174.85809659210926
 20
241.65630779237682
 10
175.01564118861717
 20
241.8203149258328
 10
175.06970812349573
 20
241.99977723264928
  0
LWPOLYLINE
  5
128
330
17
100
AcDbEntity
  8
HIDDEN
100
AcDbPolyline
 90
13
 70
0
 10
175.06970812349573
 20
241.99977723264928
 10
175.04558157697443
 20
242.1203876608597
 10
174.97412910706305
 20
242.2363630979531
 10
174.85809659210926
 20
242.34324667292174
 10
174.70194309659095
 20
242.4369309099206
 10
174.2945879448015
 20
242.5709460373315
 10
173.81407978087094
 20
242.61800589188766
 10
173.3335716169404
 20
242.5709460373315
 10
172.92621646515093
 20
242.4369309099206
 10
172.77006296963262
 20
242.34324667292174
 10
172.65403045467883
 20
242.2363630979531
 10
172.58257798476745
 20
242.1203876608597
 10
172.55845143824615
 20
241.99977723264928
  0
LWPOLYLINE
  5
129
330
17
100
AcDbEntity
  8
HIDDEN
100
AcDbPolyline
 90
5
 70
0
 10
172.55845143824615
 20
241.99977723264928
 10
172.58257798476745
 20
241.87916680443888
 10
172.65403045467883
 20
241.76319136734548
 10
172.77006296963262
 20
241.65630779237682
 10
172.92621646515093
 20
241.56262355537797
  0
LWPOLYLINE
  5
12A
330
17
100
AcDbEntity
  8
HIDDEN
100
AcDbPolyline
 90
2
 70
0
 10
172.0651814743178
 20
242.81014917465785
 10
172.0651814743178
 20
241.13867923214985
  0
LWPOLYLINE
  5
12B
330
17
100
AcDbEntity
  8
HIDDEN
100
AcDbPolyline
 90
2
 70
0
 10
175.56297808742409
 20
244.5323451756567
 10
175.56297808742409
 20
242.8608752331487
  0
LWPOLYLINE
  5
12C
330
17
100
AcDbEntity
  8
HIDDEN
100
AcDbPolyline
 90
2
 70
0
 10
174.454220989705
 20
242.49496543132707
 10
174.454220989705
 20
240.82349548881908
  0
LWPOLYLINE
  5
12D
330
17
100
AcDbEntity
  8
HIDDEN
100
AcDbPolyline
 90
2
 70
0
 10
176.2031192962581
 20
243.3560634318265
 10
176.2031192962581
 20
241.6845934893185
  0
LWPOLYLINE
  5
12E
330
17
100
AcDbEntity
  8
HIDDEN
100
AcDbPolyline
 90
9
 70
0
 10
170.73267180278384
 20
242.92551443157677
 10
171.0634553342232
 20
242.80472436409025
 10
171.45120975469388
 20
242.73641314092802
 10
171.8625419138683
 20
242.72646367876024
 10
172.26202816239328
 20
242.77573281858812
 10
172.61526501278664
 20
242.87997753517215
 10
172.89183194467844
 20
243.03022034351667
 10
173.06791119959905
 20
243.21352243384985
 10
173.12833895034566
 20
243.41409795323295
  0
LWPOLYLINE
  5
12F
330
17
100
AcDbEntity
  8
HIDDEN
100
AcDbPolyline
 90
15
 70
0
 10
173.12833895034566
 20
243.41409795323295
 10
173.1013739865866
 20
243.5488978435858
 10
173.02151534374445
 20
243.678517449749
 10
172.89183194467844
 20
243.79797556294923
 10
172.7173074496874
 20
243.90268147488914
 10
172.50464873723934
 20
243.9886113960926
 10
172.26202816239328
 20
244.0524630878778
 10
171.72498962623564
 20
244.10505939591116
 10
171.18795109007797
 20
244.0524630878778
 10
170.9453305152319
 20
243.9886113960926
 10
170.73267180278384
 20
243.90268147488914
 10
170.5581473077928
 20
243.79797556294923
 10
170.4284639087268
 20
243.678517449749
 10
170.34860526588466
 20
243.5488978435858
 10
170.32164030212556
 20
243.41409795323298
  0
LWPOLYLINE
  5
130
330
17
100
AcDbEntity
  8
HIDDEN
100
AcDbPolyline
 90
5
 70
0
 10
170.32164030212556
 20
243.41409795323295
 10
170.34860526588466
 20
243.27929806288014
 10
170.4284639087268
 20
243.14967845671694
 10
170.5581473077928
 20
243.03022034351667
 10
170.73267180278384
 20
242.92551443157677
  0
LWPOLYLINE
  5
131
330
17
100
AcDbEntity
  8
HIDDEN
100
AcDbPolyline
 90
2
 70
0
 10
136.51040635818705
 20
201.18359103624027
 10
136.51040635818705
 20
199.51212109373228
  0
LWPOLYLINE
  5
132
330
17
100
AcDbEntity
  8
HIDDEN
100
AcDbPolyline
 90
2
 70
0
 10
131.7323273274127
 20
201.81395852290183
 10
131.7323273274127
 20
200.14248858039383
  0
LWPOLYLINE
  5
133
330
17
100
AcDbEntity
  8
HIDDEN
100
AcDbPolyline
 90
2
 70
0
 10
134.7615080516339
 20
200.32249303574085
 10
134.7615080516339
 20
198.65102309323285
  0
LWPOLYLINE
  5
134
330
17
100
AcDbEntity
  8
HIDDEN
100
AcDbPolyline
 90
2
 70
0
 10
132.37246853624674
 20
200.63767677907163
 10
132.37246853624674
 20
198.96620683656363
  0
LWPOLYLINE
  5
135
330
17
100
AcDbEntity
  8
HIDDEN
100
AcDbPolyline
 90
2
 70
0
 10
128.01077814049157
 20
193.45000413334026
 10
128.01077814049157
 20
190.23563885928644
  0
LWPOLYLINE
  5
136
330
17
100
AcDbEntity
  8
HIDDEN
100
AcDbPolyline
 90
2
 70
0
 10
182.32712216100987
 20
220.19352321346813
 10
182.32712216100987
 20
216.97915793941428
  0
LWPOLYLINE
  5
137
330
17
100
AcDbEntity
  8
HIDDEN
100
AcDbPolyline
 90
2
 70
0
 10
108.00773990985839
 20
202.78452088919258
 10
108.00773990985839
 20
200.08445405898738
  0
LWPOLYLINE
  5
138
330
17
100
AcDbEntity
  8
HIDDEN
100
AcDbPolyline
 90
2
 70
0
 10
108.00773990985839
 20
188.51273907239357
 10
105.91864975522307
 20
189.5413359600908
  0
LWPOLYLINE
  5
139
330
17
100
AcDbEntity
  8
HIDDEN
100
AcDbPolyline
 90
2
 70
0
 10
98.08456167534062
 20
195.84149189723632
 10
108.00773990985839
 20
188.51273907239357
  0
LWPOLYLINE
  5
13A
330
17
100
AcDbEntity
  8
HIDDEN
100
AcDbPolyline
 90
2
 70
0
 10
108.00773990985839
 20
188.51273907239357
 10
108.00773990985839
 20
200.72732711379814
  0
LWPOLYLINE
  5
13B
330
17
100
AcDbEntity
  8
HIDDEN
100
AcDbPolyline
 90
2
 70
0
 10
123.67591606962327
 20
180.7982624146644
 10
123.67591606962327
 20
170.51229353769213
  0
LWPOLYLINE
  5
13C
330
17
100
AcDbEntity
  8
HIDDEN
100
AcDbPolyline
 90
2
 70
0
 10
123.67591606962327
 20
180.7982624146644
 10
121.58682591498795
 20
181.8268593023616
  0
LWPOLYLINE
  5
13D
330
17
100
AcDbEntity
  8
HIDDEN
100
AcDbPolyline
 90
2
 70
0
 10
121.58682591498795
 20
181.82685930236164
 10
121.58682591498795
 20
194.04144734376618
  0
LWPOLYLINE
  5
13E
330
17
100
AcDbEntity
  8
HIDDEN
100
AcDbPolyline
 90
17
 70
0
 10
114.79728291242317
 20
178.83749959749156
 10
114.40829148700465
 20
179.0660104798265
 10
114.02852844609266
 20
179.3630696866338
 10
113.66700324114016
 20
179.72162982200058
 10
113.33229265143352
 20
180.1331844495849
 10
113.03233730964068
 20
180.5879698982603
 10
112.77425331922298
 20
181.07519689424308
 10
112.56416343287607
 20
181.58330652449018
 10
112.40705179710153
 20
182.1002444589239
 10
112.30664570893121
 20
182.61374692586892
 10
112.26532718999309
 20
183.11163165625615
 10
112.28407647572445
 20
183.58208689426857
 10
112.36244876038755
 20
184.01395161797663
 10
112.49858474958602
 20
184.3969803220433
 10
112.68925476993527
 20
184.7220860808265
 10
112.9299353894348
 20
184.9815561254802
 10
113.21491673080999
 20
185.1692348207294
  0
LWPOLYLINE
  5
13F
330
17
100
AcDbEntity
  8
HIDDEN
100
AcDbPolyline
 90
21
 70
0
 10
113.21491673081002
 20
185.1692348207294
 10
113.41641001657406
 20
185.24921633170652
 10
113.63120186318704
 20
185.29747691742995
 10
113.85722370774891
 20
185.3135518020773
 10
114.09229883634043
 20
185.29728617572204
 10
114.58048795217807
 20
185.1686699257025
 10
115.0770083767579
 20
184.91657081773073
 10
115.5627791086152
 20
184.55067687914732
 10
116.01913225094806
 20
184.08504920881637
 10
116.42853040842239
 20
183.5375816169816
 10
116.77524063943962
 20
182.92931297617397
 10
117.04593906425907
 20
182.28361870913864
 10
117.23022289422438
 20
181.62531248444833
 10
117.32101020509752
 20
180.97969264113544
 10
117.31481209143577
 20
180.37156998771076
 10
117.21186674327117
 20
179.82431433670627
 10
117.0161302926013
 20
179.35895641588553
 10
116.8856837579173
 20
179.1627203634589
 10
116.73512478145516
 20
178.99337966917
 10
116.56590332846211
 20
178.85256517647588
 10
116.37964909403634
 20
178.74163300591817
  0
LWPOLYLINE
  5
140
330
17
100
AcDbEntity
  8
HIDDEN
100
AcDbPolyline
 90
5
 70
0
 10
116.37964909403632
 20
178.74163300591817
 10
116.02511735704114
 20
178.62374752983422
 10
115.63573071516666
 20
178.60043963503028
 10
115.22254280387918
 20
178.6723709697113
 10
114.79728291242319
 20
178.83749959749156
  0
LWPOLYLINE
  5
141
330
17
100
AcDbEntity
  8
HIDDEN
100
AcDbPolyline
 90
17
 70
0
 10
116.8863730670585
 20
179.8660964851888
 10
116.49738164163998
 20
180.09460736752374
 10
116.117618600728
 20
180.39166657433103
 10
115.7560933957755
 20
180.75022670969778
 10
115.42138280606883
 20
181.16178133728212
 10
115.121427464276
 20
181.6165667859575
 10
114.86334347385831
 20
182.10379378194028
 10
114.6532535875114
 20
182.61190341218742
 10
114.49614195173686
 20
183.12884134662113
 10
114.39573586356656
 20
183.64234381356613
 10
114.35441734462842
 20
184.14022854395338
 10
114.37316663035976
 20
184.61068378196578
 10
114.45153891502288
 20
185.04254850567384
 10
114.58767490422134
 20
185.4255772097405
 10
114.77834492457059
 20
185.75068296852373
 10
115.01902554407012
 20
186.01015301317744
 10
115.30400688544532
 20
186.1978317084266
  0
LWPOLYLINE
  5
142
330
17
100
AcDbEntity
  8
HIDDEN
100
AcDbPolyline
 90
21
 70
0
 10
115.30400688544533
 20
186.1978317084266
 10
115.50550017120939
 20
186.27781321940373
 10
115.72029201782237
 20
186.32607380512718
 10
115.94631386238424
 20
186.34214868977455
 10
116.18138899097576
 20
186.32588306341927
 10
116.66957810681339
 20
186.1972668133997
 10
117.16609853139323
 20
185.94516770542796
 10
117.65186926325053
 20
185.57927376684455
 10
118.10822240558338
 20
185.11364609651358
 10
118.51762056305772
 20
184.56617850467885
 10
118.86433079407495
 20
183.95790986387118
 10
119.1350292188944
 20
183.31221559683587
 10
119.31931304885971
 20
182.65390937214553
 10
119.41010035973285
 20
182.00828952883265
 10
119.4039022460711
 20
181.400166875408
 10
119.3009568979065
 20
180.85291122440347
 10
119.10522044723663
 20
180.38755330358276
 10
118.97477391255264
 20
180.19131725115614
 10
118.82421493609048
 20
180.02197655686723
 10
118.65499348309743
 20
179.88116206417308
 10
118.46873924867167
 20
179.77022989361538
  0
LWPOLYLINE
  5
143
330
17
100
AcDbEntity
  8
HIDDEN
100
AcDbPolyline
 90
5
 70
0
 10
118.46873924867165
 20
179.77022989361538
 10
118.11420751167647
 20
179.65234441753145
 10
117.72482086980199
 20
179.6290365227275
 10
117.31163295851451
 20
179.70096785740853
 10
116.88637306705851
 20
179.8660964851888
  0
LWPOLYLINE
  5
144
330
17
100
AcDbEntity
  8
HIDDEN
100
AcDbPolyline
 90
2
 70
0
 10
111.6636476804702
 20
189.15561212720434
 10
121.58682591498795
 20
181.8268593023616
  0
LWPOLYLINE
  5
145
330
17
100
AcDbEntity
  8
HIDDEN
100
AcDbPolyline
 90
2
 70
0
 10
113.75273783510552
 20
188.12701523950713
 10
123.67591606962327
 20
180.7982624146644
  0
LWPOLYLINE
  5
146
330
17
100
AcDbEntity
  8
HIDDEN
100
AcDbPolyline
 90
2
 70
0
 10
125.7650062242586
 20
194.04144734376615
 10
125.7650062242586
 20
181.0554116365887
  0
LWPOLYLINE
  5
147
330
17
100
AcDbEntity
  8
HIDDEN
100
AcDbPolyline
 90
2
 70
0
 10
109.41787576423722
 20
202.60451643384556
 10
109.41787576423722
 20
199.39015115979174
  0
LWPOLYLINE
  5
148
330
17
100
AcDbEntity
  8
HIDDEN
100
AcDbPolyline
 90
2
 70
0
 10
111.6636476804702
 20
181.69828469139946
 10
111.6636476804702
 20
177.84104636253488
  0
LWPOLYLINE
  5
149
330
17
100
AcDbEntity
  8
HIDDEN
100
AcDbPolyline
 90
12
 70
0
 10
137.25500207475284
 20
196.09864111916062
 10
137.777291861236
 20
195.90791995997137
 10
138.38953568303185
 20
195.80006013392574
 10
139.03900751330727
 20
195.78435045681874
 10
139.66977527413619
 20
195.8621438354943
 10
140.2275176694941
 20
196.02674075641642
 10
140.4636301027801
 20
196.13742350448425
 10
140.66420229879697
 20
196.26396624327626
 10
140.82489247521488
 20
196.40362970464776
 10
140.94222217498742
 20
196.55339059643387
 10
141.0136515644419
 20
196.7100070475948
 10
141.0376344130084
 20
196.87008878493353
  0
LWPOLYLINE
  5
14A
330
17
100
AcDbEntity
  8
HIDDEN
100
AcDbPolyline
 90
5
 70
0
 10
136.60600496845032
 20
196.87008878493353
 10
136.6485812270173
 20
196.65724685279753
 10
136.77467382097856
 20
196.45258431675035
 10
136.97943708266172
 20
196.26396624327626
 10
137.25500207475284
 20
196.09864111916062
  0
LWPOLYLINE
  5
14B
330
17
100
AcDbEntity
  8
HIDDEN
100
AcDbPolyline
 90
10
 70
0
 10
137.7772746134117
 20
196.3557903410849
 10
138.12546780440044
 20
196.22864290162542
 10
138.53363035226437
 20
196.15673635092833
 10
138.96661157244796
 20
196.146263232857
 10
139.38712341300058
 20
196.1981254853074
 10
139.7589516765725
 20
196.30785676592214
 10
140.05007476277444
 20
196.46600709049534
 10
140.23542134690138
 20
196.6589566592671
 10
140.28304093987106
 20
196.76336762670772
 10
140.29902950558204
 20
196.87008878493353
  0
LWPOLYLINE
  5
14C
330
17
100
AcDbEntity
  8
HIDDEN
100
AcDbPolyline
 90
15
 70
0
 10
140.29902950558204
 20
196.87008878493353
 10
140.27064533320404
 20
197.01198340635756
 10
140.18658360389654
 20
197.14842509705565
 10
140.05007476277444
 20
197.27417047937172
 10
139.866364768047
 20
197.38438722878215
 10
139.6425134917859
 20
197.47483977741737
 10
139.38712341300058
 20
197.54205208455969
 10
138.82181969072934
 20
197.59741661933163
 10
138.25651596845813
 20
197.54205208455969
 10
138.0011258896728
 20
197.47483977741737
 10
137.7772746134117
 20
197.38438722878215
 10
137.59356461868427
 20
197.27417047937172
 10
137.45705577756218
 20
197.14842509705568
 10
137.37299404825464
 20
197.01198340635756
 10
137.34460987587664
 20
196.87008878493356
  0
LWPOLYLINE
  5
14D
330
17
100
AcDbEntity
  8
HIDDEN
100
AcDbPolyline
 90
5
 70
0
 10
137.34460987587664
 20
196.87008878493353
 10
137.37299404825464
 20
196.72819416350953
 10
137.45705577756218
 20
196.5917524728114
 10
137.59356461868427
 20
196.46600709049534
 10
137.7772746134117
 20
196.3557903410849
  0
LWPOLYLINE
  5
14E
330
17
100
AcDbEntity
  8
HIDDEN
100
AcDbPolyline
 90
10
 70
0
 10
137.7772746134117
 20
198.927282560328
 10
138.12546780440044
 20
198.8001351208685
 10
138.53363035226437
 20
198.7282285701714
 10
138.96661157244796
 20
198.71775545210005
 10
139.38712341300058
 20
198.76961770455046
 10
139.7589516765725
 20
198.8793489851652
 10
140.05007476277444
 20
199.03749930973842
 10
140.23542134690138
 20
199.23044887851017
 10
140.28304093987106
 20
199.33485984595077
 10
140.29902950558204
 20
199.4415810041766
  0
LWPOLYLINE
  5
14F
330
17
100
AcDbEntity
  8
HIDDEN
100
AcDbPolyline
 90
5
 70
0
 10
137.34460987587664
 20
199.4415810041766
 10
137.37299404825464
 20
199.29968638275258
 10
137.45705577756218
 20
199.1632446920545
 10
137.59356461868427
 20
199.03749930973842
 10
137.7772746134117
 20
198.927282560328
  0
LWPOLYLINE
  5
150
330
17
100
AcDbEntity
  8
HIDDEN
100
AcDbPolyline
 90
2
 70
0
 10
182.69271293807105
 20
217.95632498272664
 10
129.4209139948704
 20
191.72710434644742
  0
LWPOLYLINE
  5
151
330
17
100
AcDbEntity
  8
HIDDEN
100
AcDbPolyline
 90
2
 70
0
 10
124.72046114694095
 20
194.04144734376618
 10
126.80955130157626
 20
193.01285045606895
  0
LWPOLYLINE
  5
152
330
17
100
AcDbEntity
  8
HIDDEN
100
AcDbPolyline
 90
2
 70
0
 10
128.83335738887922
 20
192.01639722111227
 10
129.4209139948704
 20
191.72710434644742
  0
LWPOLYLINE
  5
153
330
17
100
AcDbEntity
  8
HIDDEN
100
AcDbPolyline
 90
2
 70
0
 10
167.54680931696498
 20
225.41365241853154
 10
182.69271293807105
 20
217.95632498272664
  0
LWPOLYLINE
  5
154
330
17
100
AcDbEntity
  8
HIDDEN
100
AcDbPolyline
 90
2
 70
0
 10
126.80955130157626
 20
195.07004423146338
 10
124.72046114694095
 20
194.04144734376615
  0
LWPOLYLINE
  5
155
330
17
100
AcDbEntity
  8
HIDDEN
100
AcDbPolyline
 90
2
 70
0
 10
161.08368665106195
 20
222.74572924106684
 10
113.75273783510552
 20
199.4415810041766
  0
LWPOLYLINE
  5
156
330
17
100
AcDbEntity
  8
HIDDEN
100
AcDbPolyline
 90
2
 70
0
 10
113.75273783510552
 20
199.4415810041766
 10
117.24624726126703
 20
197.7214958681103
  0
LWPOLYLINE
  5
157
330
17
100
AcDbEntity
  8
HIDDEN
100
AcDbPolyline
 90
9
 70
0
 10
165.61440092392732
 20
221.3764096343199
 10
165.91036513626779
 20
221.26833431077935
 10
166.25730330195208
 20
221.2072137426868
 10
166.62533733910817
 20
221.19831159232618
 10
166.98277240357788
 20
221.24239450690902
 10
167.29882642761402
 20
221.33566609543155
 10
167.54628105088565
 20
221.4700938713188
 10
167.70382564739356
 20
221.63410100477478
 10
167.75789258227212
 20
221.81356331159122
  0
LWPOLYLINE
  5
158
330
17
100
AcDbEntity
  8
HIDDEN
100
AcDbPolyline
 90
13
 70
0
 10
167.75789258227212
 20
221.81356331159125
 10
167.73376603575082
 20
221.93417373980165
 10
167.66231356583944
 20
222.05014917689505
 10
167.54628105088565
 20
222.1570327518637
 10
167.39012755536734
 20
222.25071698886256
 10
166.98277240357788
 20
222.38473211627348
 10
166.50226423964733
 20
222.4317919708296
 10
166.02175607571678
 20
222.38473211627348
 10
165.61440092392732
 20
222.25071698886256
 10
165.458247428409
 20
222.1570327518637
 10
165.34221491345522
 20
222.05014917689505
 10
165.27076244354384
 20
221.93417373980165
 10
165.24663589702254
 20
221.81356331159125
  0
LWPOLYLINE
  5
159
330
17
100
AcDbEntity
  8
HIDDEN
100
AcDbPolyline
 90
5
 70
0
 10
165.24663589702254
 20
221.81356331159125
 10
165.27076244354384
 20
221.69295288338083
 10
165.34221491345522
 20
221.57697744628743
 10
165.458247428409
 20
221.4700938713188
 10
165.61440092392732
 20
221.3764096343199
  0
LWPOLYLINE
  5
15A
330
17
100
AcDbEntity
  8
HIDDEN
100
AcDbPolyline
 90
9
 70
0
 10
173.97076154246858
 20
217.262022083531
 10
174.26672575480904
 20
217.15394675999045
 10
174.61366392049337
 20
217.09282619189793
 10
174.98169795764943
 20
217.08392404153727
 10
175.33913302211914
 20
217.12800695612012
 10
175.6551870461553
 20
217.22127854464264
 10
175.9026416694269
 20
217.3557063205299
 10
176.06018626593485
 20
217.51971345398587
 10
176.11425320081338
 20
217.69917576080235
  0
LWPOLYLINE
  5
15B
330
17
100
AcDbEntity
  8
HIDDEN
100
AcDbPolyline
 90
13
 70
0
 10
176.11425320081338
 20
217.69917576080235
 10
176.0901266542921
 20
217.81978618901275
 10
176.0186741843807
 20
217.93576162610614
 10
175.9026416694269
 20
218.0426452010748
 10
175.7464881739086
 20
218.13632943807366
 10
175.33913302211914
 20
218.27034456548458
 10
174.8586248581886
 20
218.3174044200407
 10
174.37811669425807
 20
218.27034456548458
 10
173.97076154246858
 20
218.13632943807366
 10
173.8146080469503
 20
218.0426452010748
 10
173.69857553199648
 20
217.93576162610614
 10
173.6271230620851
 20
217.81978618901275
 10
173.60299651556383
 20
217.69917576080235
  0
LWPOLYLINE
  5
15C
330
17
100
AcDbEntity
  8
HIDDEN
100
AcDbPolyline
 90
5
 70
0
 10
173.60299651556383
 20
217.69917576080235
 10
173.6271230620851
 20
217.57856533259192
 10
173.69857553199648
 20
217.46258989549852
 10
173.8146080469503
 20
217.3557063205299
 10
173.97076154246858
 20
217.262022083531
  0
LWPOLYLINE
  5
15D
330
17
100
AcDbEntity
  8
HIDDEN
100
AcDbPolyline
 90
2
 70
0
 10
182.69271293807105
 20
223.09930942121278
 10
129.4209139948704
 20
196.87008878493353
  0
LWPOLYLINE
  5
15E
330
17
100
AcDbEntity
  8
HIDDEN
100
AcDbPolyline
 90
2
 70
0
 10
129.4209139948704
 20
196.87008878493353
 10
129.4209139948704
 20
191.72710434644742
  0
LWPOLYLINE
  5
15F
330
17
100
AcDbEntity
  8
HIDDEN
100
AcDbPolyline
 90
2
 70
0
 10
182.69271293807105
 20
222.7135855883263
 10
182.69271293807105
 20
217.95632498272664
  0
LWPOLYLINE
  5
160
330
17
100
AcDbEntity
  8
HIDDEN
100
AcDbPolyline
 90
2
 70
0
 10
113.75273783510552
 20
204.58456544266272
 10
113.75273783510552
 20
199.4415810041766
  0
LWPOLYLINE
  5
161
330
17
100
AcDbEntity
  8
HIDDEN
100
AcDbPolyline
 90
2
 70
0
 10
113.75273783510552
 20
204.58456544266272
 10
129.4209139948704
 20
196.87008878493356
  0
LWPOLYLINE
  5
162
330
17
100
AcDbEntity
  8
HIDDEN
100
AcDbPolyline
 90
2
 70
0
 10
124.72046114694095
 20
194.04144734376618
 10
124.72046114694095
 20
180.54111319274008
  0
LWPOLYLINE
  5
163
330
17
100
AcDbEntity
  8
HIDDEN
100
AcDbPolyline
 90
2
 70
0
 10
167.02453677830616
 20
230.81378607894197
 10
167.02453677830616
 20
228.7565923035475
  0
LWPOLYLINE
  5
164
330
17
100
AcDbEntity
  8
HIDDEN
100
AcDbPolyline
 90
2
 70
0
 10
167.02453677830616
 20
230.81378607894197
 10
175.77260180084156
 20
226.50653661170983
  0
LWPOLYLINE
  5
165
330
17
100
AcDbEntity
  8
HIDDEN
100
AcDbPolyline
 90
2
 70
0
 10
167.02453677830616
 20
230.81378607894197
 10
164.93544662367083
 20
229.78518919124474
  0
LWPOLYLINE
  5
166
330
17
100
AcDbEntity
  8
HIDDEN
100
AcDbPolyline
 90
2
 70
0
 10
163.73421978475554
 20
229.19374598081882
 10
113.75273783510552
 20
204.58456544266272
  0
LWPOLYLINE
  5
167
330
17
100
AcDbEntity
  8
HIDDEN
100
AcDbPolyline
 90
9
 70
0
 10
165.61440092392732
 20
224.84792413029805
 10
165.91036513626779
 20
224.7398488067575
 10
166.25730330195208
 20
224.67872823866495
 10
166.62533733910817
 20
224.66982608830432
 10
166.98277240357788
 20
224.71390900288714
 10
167.29882642761402
 20
224.8071805914097
 10
167.54628105088565
 20
224.9416083672969
 10
167.70382564739356
 20
225.10561550075292
 10
167.75789258227212
 20
225.28507780756937
  0
LWPOLYLINE
  5
168
330
17
100
AcDbEntity
  8
HIDDEN
100
AcDbPolyline
 90
13
 70
0
 10
167.75789258227212
 20
225.28507780756937
 10
167.73376603575082
 20
225.4056882357798
 10
167.66231356583944
 20
225.5216636728732
 10
167.54628105088565
 20
225.62854724784182
 10
167.39012755536734
 20
225.7222314848407
 10
166.98277240357788
 20
225.8562466122516
 10
166.50226423964733
 20
225.90330646680775
 10
166.02175607571678
 20
225.8562466122516
 10
165.61440092392732
 20
225.7222314848407
 10
165.458247428409
 20
225.62854724784182
 10
165.34221491345522
 20
225.5216636728732
 10
165.27076244354384
 20
225.4056882357798
 10
165.24663589702254
 20
225.2850778075694
  0
LWPOLYLINE
  5
169
330
17
100
AcDbEntity
  8
HIDDEN
100
AcDbPolyline
 90
5
 70
0
 10
165.24663589702254
 20
225.28507780756937
 10
165.27076244354384
 20
225.16446737935897
 10
165.34221491345522
 20
225.04849194226557
 10
165.458247428409
 20
224.9416083672969
 10
165.61440092392732
 20
224.84792413029805
  0
LWPOLYLINE
  5
16A
330
17
100
AcDbEntity
  8
HIDDEN
100
AcDbPolyline
 90
9
 70
0
 10
173.97076154246858
 20
220.73353657950915
 10
174.26672575480904
 20
220.6254612559686
 10
174.61366392049337
 20
220.56434068787607
 10
174.98169795764943
 20
220.5554385375154
 10
175.33913302211914
 20
220.59952145209826
 10
175.6551870461553
 20
220.69279304062078
 10
175.9026416694269
 20
220.82722081650803
 10
176.06018626593485
 20
220.991227949964
 10
176.11425320081338
 20
221.17069025678046
  0
LWPOLYLINE
  5
16B
330
17
100
AcDbEntity
  8
HIDDEN
100
AcDbPolyline
 90
13
 70
0
 10
176.11425320081338
 20
221.1706902567805
 10
176.0901266542921
 20
221.2913006849909
 10
176.0186741843807
 20
221.40727612208428
 10
175.9026416694269
 20
221.51415969705295
 10
175.7464881739086
 20
221.6078439340518
 10
175.33913302211914
 20
221.74185906146272
 10
174.8586248581886
 20
221.78891891601884
 10
174.37811669425807
 20
221.74185906146272
 10
173.97076154246858
 20
221.6078439340518
 10
173.8146080469503
 20
221.51415969705295
 10
173.69857553199648
 20
221.40727612208428
 10
173.6271230620851
 20
221.2913006849909
 10
173.60299651556383
 20
221.1706902567805
  0
LWPOLYLINE
  5
16C
330
17
100
AcDbEntity
  8
HIDDEN
100
AcDbPolyline
 90
5
 70
0
 10
173.60299651556383
 20
221.1706902567805
 10
173.6271230620851
 20
221.05007982857006
 10
173.69857553199648
 20
220.93410439147667
 10
173.8146080469503
 20
220.82722081650803
 10
173.97076154246858
 20
220.73353657950915
  0
LWPOLYLINE
  5
16D
330
17
100
AcDbEntity
  8
HIDDEN
100
AcDbPolyline
 90
2
 70
0
 10
168.8913037550345
 20
226.64136400674658
 10
167.14240544848136
 20
225.78026600624716
  0
LWPOLYLINE
  5
16E
330
17
100
AcDbEntity
  8
HIDDEN
100
AcDbPolyline
 90
2
 70
0
 10
168.25116254620048
 20
227.8176457505768
 10
168.8913037550345
 20
226.64136400674658
  0
LWPOLYLINE
  5
16F
330
17
100
AcDbEntity
  8
HIDDEN
100
AcDbPolyline
 90
2
 70
0
 10
167.14240544848136
 20
225.78026600624716
 10
164.7533659330942
 20
226.09544974957794
  0
LWPOLYLINE
  5
170
330
17
100
AcDbEntity
  8
HIDDEN
100
AcDbPolyline
 90
2
 70
0
 10
165.8621230308133
 20
228.13282949390756
 10
168.25116254620048
 20
227.8176457505768
  0
LWPOLYLINE
  5
171
330
17
100
AcDbEntity
  8
HIDDEN
100
AcDbPolyline
 90
2
 70
0
 10
164.7533659330942
 20
226.09544974957794
 10
164.11322472426014
 20
227.27173149340814
  0
LWPOLYLINE
  5
172
330
17
100
AcDbEntity
  8
HIDDEN
100
AcDbPolyline
 90
2
 70
0
 10
164.11322472426016
 20
227.27173149340814
 10
165.8621230308133
 20
228.13282949390756
  0
LWPOLYLINE
  5
173
330
17
100
AcDbEntity
  8
HIDDEN
100
AcDbPolyline
 90
2
 70
0
 10
177.2476643735758
 20
222.52697645595768
 10
175.49876606702264
 20
221.66587845545826
  0
LWPOLYLINE
  5
174
330
17
100
AcDbEntity
  8
HIDDEN
100
AcDbPolyline
 90
2
 70
0
 10
176.60752316474174
 20
223.70325819978788
 10
177.2476643735758
 20
222.52697645595768
  0
LWPOLYLINE
  5
175
330
17
100
AcDbEntity
  8
HIDDEN
100
AcDbPolyline
 90
2
 70
0
 10
174.21848364935457
 20
224.01844194311866
 10
176.60752316474174
 20
223.70325819978788
  0
LWPOLYLINE
  5
176
330
17
100
AcDbEntity
  8
HIDDEN
100
AcDbPolyline
 90
2
 70
0
 10
172.46958534280142
 20
223.15734394261924
 10
174.21848364935457
 20
224.01844194311866
  0
LWPOLYLINE
  5
177
330
17
100
AcDbEntity
  8
HIDDEN
100
AcDbPolyline
 90
2
 70
0
 10
173.10972655163545
 20
221.98106219878903
 10
172.46958534280142
 20
223.15734394261924
  0
LWPOLYLINE
  5
178
330
17
100
AcDbEntity
  8
HIDDEN
100
AcDbPolyline
 90
2
 70
0
 10
175.49876606702264
 20
221.66587845545826
 10
173.10972655163545
 20
221.98106219878903
  0
LWPOLYLINE
  5
179
330
17
100
AcDbEntity
  8
HIDDEN
100
AcDbPolyline
 90
2
 70
0
 10
164.7533659330942
 20
224.42397980706994
 10
167.14240544848136
 20
224.10879606373916
  0
LWPOLYLINE
  5
17A
330
17
100
AcDbEntity
  8
HIDDEN
100
AcDbPolyline
 90
2
 70
0
 10
164.11322472426016
 20
225.60026155090014
 10
164.7533659330942
 20
224.42397980706994
  0
LWPOLYLINE
  5
17B
330
17
100
AcDbEntity
  8
HIDDEN
100
AcDbPolyline
 90
2
 70
0
 10
167.14240544848136
 20
224.10879606373916
 10
168.8913037550345
 20
224.9698940642386
  0
LWPOLYLINE
  5
17C
330
17
100
AcDbEntity
  8
HIDDEN
100
AcDbPolyline
 90
2
 70
0
 10
165.8621230308133
 20
226.46135955139957
 10
164.11322472426016
 20
225.60026155090014
  0
LWPOLYLINE
  5
17D
330
17
100
AcDbEntity
  8
HIDDEN
100
AcDbPolyline
 90
2
 70
0
 10
168.8913037550345
 20
224.9698940642386
 10
168.25116254620048
 20
226.1461758080688
  0
LWPOLYLINE
  5
17E
330
17
100
AcDbEntity
  8
HIDDEN
100
AcDbPolyline
 90
2
 70
0
 10
168.25116254620048
 20
226.1461758080688
 10
165.86212303081328
 20
226.46135955139957
  0
LWPOLYLINE
  5
17F
330
17
100
AcDbEntity
  8
HIDDEN
100
AcDbPolyline
 90
2
 70
0
 10
173.10972655163545
 20
220.30959225628106
 10
175.49876606702264
 20
219.9944085129503
  0
LWPOLYLINE
  5
180
330
17
100
AcDbEntity
  8
HIDDEN
100
AcDbPolyline
 90
2
 70
0
 10
172.46958534280142
 20
221.48587400011127
 10
173.10972655163545
 20
220.30959225628106
  0
LWPOLYLINE
  5
181
330
17
100
AcDbEntity
  8
HIDDEN
100
AcDbPolyline
 90
2
 70
0
 10
175.49876606702264
 20
219.9944085129503
 10
177.2476643735758
 20
220.8555065134497
  0
LWPOLYLINE
  5
182
330
17
100
AcDbEntity
  8
HIDDEN
100
AcDbPolyline
 90
2
 70
0
 10
174.21848364935457
 20
222.3469720006107
 10
172.46958534280142
 20
221.48587400011127
  0
LWPOLYLINE
  5
183
330
17
100
AcDbEntity
  8
HIDDEN
100
AcDbPolyline
 90
2
 70
0
 10
177.2476643735758
 20
220.8555065134497
 10
176.60752316474174
 20
222.0317882572799
  0
LWPOLYLINE
  5
184
330
17
100
AcDbEntity
  8
HIDDEN
100
AcDbPolyline
 90
2
 70
0
 10
176.60752316474174
 20
222.0317882572799
 10
174.21848364935457
 20
222.34697200061066
  0
LWPOLYLINE
  5
185
330
17
100
AcDbEntity
  8
HIDDEN
100
AcDbPolyline
 90
2
 70
0
 10
168.8913037550345
 20
226.64136400674658
 10
168.8913037550345
 20
224.9698940642386
  0
LWPOLYLINE
  5
186
330
17
100
AcDbEntity
  8
HIDDEN
100
AcDbPolyline
 90
2
 70
0
 10
167.14240544848136
 20
225.78026600624716
 10
167.14240544848136
 20
224.1087960637392
  0
LWPOLYLINE
  5
187
330
17
100
AcDbEntity
  8
HIDDEN
100
AcDbPolyline
 90
2
 70
0
 10
168.25116254620048
 20
227.8176457505768
 10
168.25116254620048
 20
226.1461758080688
  0
LWPOLYLINE
  5
188
330
17
100
AcDbEntity
  8
HIDDEN
100
AcDbPolyline
 90
2
 70
0
 10
164.7533659330942
 20
226.09544974957794
 10
164.7533659330942
 20
224.42397980706994
  0
LWPOLYLINE
  5
189
330
17
100
AcDbEntity
  8
HIDDEN
100
AcDbPolyline
 90
2
 70
0
 10
165.8621230308133
 20
228.13282949390756
 10
165.8621230308133
 20
226.46135955139957
  0
LWPOLYLINE
  5
18A
330
17
100
AcDbEntity
  8
HIDDEN
100
AcDbPolyline
 90
2
 70
0
 10
164.11322472426016
 20
227.27173149340814
 10
164.11322472426016
 20
225.60026155090014
  0
LWPOLYLINE
  5
18B
330
17
100
AcDbEntity
  8
HIDDEN
100
AcDbPolyline
 90
2
 70
0
 10
177.2476643735758
 20
222.52697645595768
 10
177.2476643735758
 20
220.8555065134497
  0
LWPOLYLINE
  5
18C
330
17
100
AcDbEntity
  8
HIDDEN
100
AcDbPolyline
 90
2
 70
0
 10
175.49876606702264
 20
221.66587845545826
 10
175.49876606702264
 20
219.9944085129503
  0
LWPOLYLINE
  5
18D
330
17
100
AcDbEntity
  8
HIDDEN
100
AcDbPolyline
 90
2
 70
0
 10
176.60752316474174
 20
223.70325819978788
 10
176.60752316474174
 20
222.0317882572799
  0
LWPOLYLINE
  5
18E
330
17
100
AcDbEntity
  8
HIDDEN
100
AcDbPolyline
 90
2
 70
0
 10
174.21848364935457
 20
224.01844194311866
 10
174.21848364935457
 20
222.34697200061066
  0
LWPOLYLINE
  5
18F
330
17
100
AcDbEntity
  8
HIDDEN
100
AcDbPolyline
 90
2
 70
0
 10
172.46958534280142
 20
223.15734394261924
 10
172.46958534280142
 20
221.48587400011127
  0
LWPOLYLINE
  5
190
330
17
100
AcDbEntity
  8
HIDDEN
100
AcDbPolyline
 90
2
 70
0
 10
173.10972655163545
 20
221.98106219878903
 10
173.10972655163545
 20
220.30959225628106
  0
LWPOLYLINE
  5
191
330
17
100
AcDbEntity
  8
HIDDEN
100
AcDbPolyline
 90
2
 70
0
 10
177.20885128215335
 20
216.92772809502944
 10
177.20885128215335
 20
214.8062470141539
  0
LWPOLYLINE
  5
192
330
17
100
AcDbEntity
  8
HIDDEN
100
AcDbPolyline
 90
2
 70
0
 10
177.20885128215335
 20
216.92772809502944
 10
179.7157594677157
 20
215.69341182979275
  0
LWPOLYLINE
  5
193
330
17
100
AcDbEntity
  8
HIDDEN
100
AcDbPolyline
 90
2
 70
0
 10
179.7157594677157
 20
215.69341182979275
 10
179.7157594677157
 20
211.64331158448493
  0
LWPOLYLINE
  5
194
330
17
100
AcDbEntity
  8
HIDDEN
100
AcDbPolyline
 90
2
 70
0
 10
176.16430620483567
 20
213.3919262935702
 10
179.7157594677157
 20
211.64331158448493
  0
LWPOLYLINE
  5
195
330
17
100
AcDbEntity
  8
HIDDEN
100
AcDbPolyline
 90
2
 70
0
 10
176.16430620483567
 20
215.3205454580025
 10
176.16430620483567
 20
213.3919262935702
  0
LWPOLYLINE
  5
196
330
17
100
AcDbEntity
  8
HIDDEN
100
AcDbPolyline
 90
2
 70
0
 10
176.16430620483567
 20
215.3205454580025
 10
177.20885128215335
 20
214.8062470141539
  0
LWPOLYLINE
  5
197
330
17
100
AcDbEntity
  8
HIDDEN
100
AcDbPolyline
 90
2
 70
0
 10
177.20885128215335
 20
214.8062470141539
 10
127.59296010956452
 20
190.3770709313448
  0
LWPOLYLINE
  5
198
330
17
100
AcDbEntity
  8
HIDDEN
100
AcDbPolyline
 90
2
 70
0
 10
126.54841503224685
 20
190.89136937519342
 10
127.59296010956452
 20
190.3770709313448
  0
LWPOLYLINE
  5
199
330
17
100
AcDbEntity
  8
HIDDEN
100
AcDbPolyline
 90
2
 70
0
 10
176.16430620483567
 20
215.3205454580025
 10
159.9803859131452
 20
207.35213394362307
  0
LWPOLYLINE
  5
19A
330
17
100
AcDbEntity
  8
HIDDEN
100
AcDbPolyline
 90
2
 70
0
 10
140.32199256380983
 20
197.67301015311153
 10
136.71113820128647
 20
195.89514836434262
  0
LWPOLYLINE
  5
19B
330
17
100
AcDbEntity
  8
HIDDEN
100
AcDbPolyline
 90
2
 70
0
 10
126.80955130157626
 20
191.01994398615557
 10
126.54841503224684
 20
190.89136937519342
  0
LWPOLYLINE
  5
19C
330
17
100
AcDbEntity
  8
HIDDEN
100
AcDbPolyline
 90
2
 70
0
 10
127.59296010956452
 20
191.40566781904204
 10
127.59296010956452
 20
190.3770709313448
  0
LWPOLYLINE
  5
19D
330
17
100
AcDbEntity
  8
HIDDEN
100
AcDbPolyline
 90
2
 70
0
 10
127.59296010956452
 20
192.49855201222033
 10
130.0998682951269
 20
191.26423574698367
  0
LWPOLYLINE
  5
19E
330
17
100
AcDbEntity
  8
HIDDEN
100
AcDbPolyline
 90
2
 70
0
 10
130.0998682951269
 20
191.26423574698367
 10
130.0998682951269
 20
187.21413550167583
  0
LWPOLYLINE
  5
19F
330
17
100
AcDbEntity
  8
HIDDEN
100
AcDbPolyline
 90
2
 70
0
 10
126.54841503224685
 20
188.9627502107611
 10
126.80955130157626
 20
188.83417559979895
  0
LWPOLYLINE
  5
1A0
330
17
100
AcDbEntity
  8
HIDDEN
100
AcDbPolyline
 90
2
 70
0
 10
126.54841503224685
 20
190.89136937519342
 10
126.54841503224685
 20
188.9627502107611
  0
LWPOLYLINE
  5
1A1
330
17
100
AcDbEntity
  8
HIDDEN
100
AcDbPolyline
 90
2
 70
0
 10
176.16430620483567
 20
213.3919262935702
 10
159.9803859131452
 20
205.42351477919078
  0
LWPOLYLINE
  5
1A2
330
17
100
AcDbEntity
  8
HIDDEN
100
AcDbPolyline
 90
2
 70
0
 10
141.01946930417697
 20
196.08780479626
 10
139.10496463591116
 20
195.1451678598451
  0
LWPOLYLINE
  5
1A3
330
17
100
AcDbEntity
  8
HIDDEN
100
AcDbPolyline
 90
2
 70
0
 10
126.80955130157626
 20
189.09132482172328
 10
126.54841503224684
 20
188.9627502107611
  0
LWPOLYLINE
  5
1A4
330
17
100
AcDbEntity
  8
HIDDEN
100
AcDbPolyline
 90
2
 70
0
 10
179.7157594677157
 20
211.64331158448493
 10
163.33598697402817
 20
203.57846911188386
  0
LWPOLYLINE
  5
1A5
330
17
100
AcDbEntity
  8
HIDDEN
100
AcDbPolyline
 90
2
 70
0
 10
136.18946058359364
 20
190.21244347865033
 10
132.33984907465373
 20
188.31702579734386
  0
LWPOLYLINE
  5
1A6
330
17
100
AcDbEntity
  8
HIDDEN
100
AcDbPolyline
 90
9
 70
0
 10
172.4039439264921
 20
209.22610889839646
 10
172.69990813883257
 20
209.11803357485587
 10
173.04684630451686
 20
209.05691300676335
 10
173.41488034167295
 20
209.0480108564027
 10
173.77231540614267
 20
209.09209377098554
 10
174.0883694301788
 20
209.18536535950807
 10
174.33582405345044
 20
209.31979313539532
 10
174.49336864995834
 20
209.4838002688513
 10
174.5474355848369
 20
209.66326257566777
  0
LWPOLYLINE
  5
1A7
330
17
100
AcDbEntity
  8
HIDDEN
100
AcDbPolyline
 90
13
 70
0
 10
174.5474355848369
 20
209.66326257566777
 10
174.5233090383156
 20
209.7838730038782
 10
174.45185656840422
 20
209.8998484409716
 10
174.33582405345044
 20
210.00673201594023
 10
174.17967055793213
 20
210.1004162529391
 10
173.77231540614267
 20
210.23443138035
 10
173.29180724221212
 20
210.28149123490616
 10
172.81129907828156
 20
210.23443138035
 10
172.4039439264921
 20
210.1004162529391
 10
172.2477904309738
 20
210.00673201594023
 10
172.13175791602
 20
209.8998484409716
 10
172.06030544610863
 20
209.7838730038782
 10
172.03617889958733
 20
209.66326257566777
  0
LWPOLYLINE
  5
1A8
330
17
100
AcDbEntity
  8
HIDDEN
100
AcDbPolyline
 90
5
 70
0
 10
172.03617889958733
 20
209.66326257566777
 10
172.06030544610863
 20
209.54265214745737
 10
172.13175791602
 20
209.42667671036398
 10
172.2477904309738
 20
209.31979313539532
 10
172.4039439264921
 20
209.22610889839646
  0
LWPOLYLINE
  5
1A9
330
17
100
AcDbEntity
  8
HIDDEN
100
AcDbPolyline
 90
9
 70
0
 10
133.23350352707988
 20
189.9399172540735
 10
133.52946773942034
 20
189.8318419305329
 10
133.87640590510463
 20
189.77072136244038
 10
134.24443994226073
 20
189.76181921207976
 10
134.60187500673044
 20
189.8059021266626
 10
134.91792903076657
 20
189.89917371518513
 10
135.1653836540382
 20
190.03360149107235
 10
135.3229282505461
 20
190.19760862452836
 10
135.37699518542468
 20
190.3770709313448
  0
LWPOLYLINE
  5
1AA
330
17
100
AcDbEntity
  8
HIDDEN
100
AcDbPolyline
 90
13
 70
0
 10
135.37699518542468
 20
190.3770709313448
 10
135.35286863890337
 20
190.49768135955523
 10
135.281416168992
 20
190.61365679664863
 10
135.1653836540382
 20
190.7205403716173
 10
135.0092301585199
 20
190.81422460861614
 10
134.60187500673044
 20
190.94823973602703
 10
134.1213668427999
 20
190.9952995905832
 10
133.64085867886934
 20
190.94823973602703
 10
133.23350352707988
 20
190.81422460861614
 10
133.07735003156156
 20
190.7205403716173
 10
132.96131751660778
 20
190.61365679664863
 10
132.8898650466964
 20
190.49768135955523
 10
132.8657385001751
 20
190.37707093134483
  0
LWPOLYLINE
  5
1AB
330
17
100
AcDbEntity
  8
HIDDEN
100
AcDbPolyline
 90
5
 70
0
 10
132.8657385001751
 20
190.3770709313448
 10
132.8898650466964
 20
190.2564605031344
 10
132.96131751660778
 20
190.140485066041
 10
133.07735003156156
 20
190.03360149107235
 10
133.23350352707988
 20
189.9399172540735
  0
LWPOLYLINE
  5
1AC
330
17
100
AcDbEntity
  8
HIDDEN
100
AcDbPolyline
 90
9
 70
0
 10
133.23350352707988
 20
193.9900174993813
 10
133.52946773942034
 20
193.88194217584075
 10
133.87640590510463
 20
193.8208216077482
 10
134.24443994226073
 20
193.81191945738757
 10
134.60187500673044
 20
193.85600237197042
 10
134.91792903076657
 20
193.94927396049295
 10
135.1653836540382
 20
194.0837017363802
 10
135.3229282505461
 20
194.24770886983617
 10
135.37699518542468
 20
194.42717117665262
  0
LWPOLYLINE
  5
1AD
330
17
100
AcDbEntity
  8
HIDDEN
100
AcDbPolyline
 90
13
 70
0
 10
135.37699518542468
 20
194.42717117665262
 10
135.35286863890337
 20
194.54778160486305
 10
135.281416168992
 20
194.66375704195644
 10
135.1653836540382
 20
194.7706406169251
 10
135.0092301585199
 20
194.86432485392396
 10
134.60187500673044
 20
194.99833998133485
 10
134.1213668427999
 20
195.045399835891
 10
133.64085867886934
 20
194.99833998133485
 10
133.23350352707988
 20
194.86432485392396
 10
133.07735003156156
 20
194.7706406169251
 10
132.96131751660778
 20
194.66375704195644
 10
132.8898650466964
 20
194.54778160486305
 10
132.8657385001751
 20
194.42717117665265
  0
LWPOLYLINE
  5
1AE
330
17
100
AcDbEntity
  8
HIDDEN
100
AcDbPolyline
 90
5
 70
0
 10
132.8657385001751
 20
194.42717117665262
 10
132.8898650466964
 20
194.30656074844222
 10
132.96131751660778
 20
194.19058531134883
 10
133.07735003156156
 20
194.0837017363802
 10
133.23350352707988
 20
193.9900174993813
  0
LWPOLYLINE
  5
1AF
330
17
100
AcDbEntity
  8
HIDDEN
100
AcDbPolyline
 90
9
 70
0
 10
172.4039439264921
 20
213.27620914370428
 10
172.69990813883257
 20
213.1681338201637
 10
173.04684630451686
 20
213.10701325207117
 10
173.41488034167295
 20
213.09811110171054
 10
173.77231540614267
 20
213.14219401629336
 10
174.0883694301788
 20
213.23546560481591
 10
174.33582405345044
 20
213.36989338070313
 10
174.49336864995834
 20
213.53390051415911
 10
174.5474355848369
 20
213.7133628209756
  0
LWPOLYLINE
  5
1B0
330
17
100
AcDbEntity
  8
HIDDEN
100
AcDbPolyline
 90
13
 70
0
 10
174.5474355848369
 20
213.7133628209756
 10
174.5233090383156
 20
213.83397324918602
 10
174.45185656840422
 20
213.9499486862794
 10
174.33582405345044
 20
214.05683226124805
 10
174.17967055793213
 20
214.15051649824693
 10
173.77231540614267
 20
214.28453162565782
 10
173.29180724221212
 20
214.33159148021397
 10
172.81129907828156
 20
214.28453162565782
 10
172.4039439264921
 20
214.15051649824693
 10
172.2477904309738
 20
214.05683226124805
 10
172.13175791602
 20
213.9499486862794
 10
172.06030544610863
 20
213.83397324918602
 10
172.03617889958733
 20
213.7133628209756
  0
LWPOLYLINE
  5
1B1
330
17
100
AcDbEntity
  8
HIDDEN
100
AcDbPolyline
 90
5
 70
0
 10
172.03617889958733
 20
213.7133628209756
 10
172.06030544610863
 20
213.5927523927652
 10
172.13175791602
 20
213.4767769556718
 10
172.2477904309738
 20
213.36989338070313
 10
172.4039439264921
 20
213.27620914370428
  0
LWPOLYLINE
  5
1B2
330
17
100
AcDbEntity
  8
HIDDEN
100
AcDbPolyline
 90
2
 70
0
 10
179.7157594677157
 20
215.69341182979275
 10
130.0998682951269
 20
191.26423574698367
  0
LWPOLYLINE
  5
1B3
330
17
100
AcDbEntity
  8
HIDDEN
100
AcDbPolyline
 90
2
 70
0
 10
177.20885128215335
 20
216.92772809502944
 10
127.72352824422921
 20
192.5628393177014
  0
LWPOLYLINE
  5
1B4
330
17
100
AcDbEntity
  8
HIDDEN
100
AcDbPolyline
 90
2
 70
0
 10
111.40251141114078
 20
200.47017789187382
 10
111.40251141114078
 20
198.3486968109983
  0
LWPOLYLINE
  5
1B5
330
17
100
AcDbEntity
  8
HIDDEN
100
AcDbPolyline
 90
2
 70
0
 10
111.40251141114078
 20
200.47017789187382
 10
108.8956032255784
 20
201.7044941571105
  0
LWPOLYLINE
  5
1B6
330
17
100
AcDbEntity
  8
HIDDEN
100
AcDbPolyline
 90
2
 70
0
 10
112.44705648845844
 20
197.83439836714967
 10
112.44705648845844
 20
195.90577920271738
  0
LWPOLYLINE
  5
1B7
330
17
100
AcDbEntity
  8
HIDDEN
100
AcDbPolyline
 90
2
 70
0
 10
112.44705648845844
 20
197.83439836714967
 10
111.40251141114078
 20
198.3486968109983
  0
LWPOLYLINE
  5
1B8
330
17
100
AcDbEntity
  8
HIDDEN
100
AcDbPolyline
 90
2
 70
0
 10
111.40251141114078
 20
198.3486968109983
 10
161.01840258372962
 20
222.7778728938074
  0
LWPOLYLINE
  5
1B9
330
17
100
AcDbEntity
  8
HIDDEN
100
AcDbPolyline
 90
2
 70
0
 10
112.44705648845844
 20
197.83439836714967
 10
162.06294766104728
 20
222.26357444995878
  0
LWPOLYLINE
  5
1BA
330
17
100
AcDbEntity
  8
HIDDEN
100
AcDbPolyline
 90
2
 70
0
 10
162.06294766104728
 20
220.33495528552646
 10
160.69198224706784
 20
221.00997199307778
  0
LWPOLYLINE
  5
1BB
330
17
100
AcDbEntity
  8
HIDDEN
100
AcDbPolyline
 90
2
 70
0
 10
162.06294766104728
 20
221.6849887006291
 10
162.06294766104728
 20
220.3349552855265
  0
LWPOLYLINE
  5
1BC
330
17
100
AcDbEntity
  8
HIDDEN
100
AcDbPolyline
 90
2
 70
0
 10
114.86814585139989
 20
197.09784120063205
 10
117.38764919187578
 20
198.3383588914584
  0
LWPOLYLINE
  5
1BD
330
17
100
AcDbEntity
  8
HIDDEN
100
AcDbPolyline
 90
2
 70
0
 10
154.03858625081213
 20
216.38403284495502
 10
156.558089591288
 20
217.62455053578134
  0
LWPOLYLINE
  5
1BE
330
17
100
AcDbEntity
  8
HIDDEN
100
AcDbPolyline
 90
2
 70
0
 10
159.9803859131452
 20
219.3095727631033
 10
162.06294766104728
 20
220.33495528552646
  0
LWPOLYLINE
  5
1BF
330
17
100
AcDbEntity
  8
HIDDEN
100
AcDbPolyline
 90
2
 70
0
 10
113.28432624896578
 20
199.815251753579
 10
114.95233097536762
 20
200.6365205085125
  0
LWPOLYLINE
  5
1C0
330
17
100
AcDbEntity
  8
HIDDEN
100
AcDbPolyline
 90
2
 70
0
 10
152.454766648378
 20
219.10144339790193
 10
154.12277137477986
 20
219.92271215283546
  0
LWPOLYLINE
  5
1C1
330
17
100
AcDbEntity
  8
HIDDEN
100
AcDbPolyline
 90
9
 70
0
 10
116.20741876680202
 20
200.07159659789116
 10
115.91145455446156
 20
200.17967192143172
 10
115.56451638877725
 20
200.24079248952424
 10
115.19648235162119
 20
200.2496946398849
 10
114.83904728715146
 20
200.20561172530205
 10
114.52299326311532
 20
200.11234013677952
 10
114.27553863984369
 20
199.97791236089228
 10
114.11799404333577
 20
199.8139052274363
 10
114.06392710845722
 20
199.63444292061985
  0
LWPOLYLINE
  5
1C2
330
17
100
AcDbEntity
  8
HIDDEN
100
AcDbPolyline
 90
13
 70
0
 10
114.06392710845722
 20
199.63444292061982
 10
114.08805365497851
 20
199.51383249240942
 10
114.1595061248899
 20
199.39785705531602
 10
114.27553863984369
 20
199.29097348034736
 10
114.431692135362
 20
199.1972892433485
 10
114.83904728715146
 20
199.0632741159376
 10
115.31955545108201
 20
199.01621426138144
 10
115.80006361501255
 20
199.0632741159376
 10
116.20741876680202
 20
199.1972892433485
 10
116.36357226232032
 20
199.29097348034736
 10
116.4796047772741
 20
199.39785705531602
 10
116.5510572471855
 20
199.51383249240942
 10
116.57518379370678
 20
199.63444292061982
  0
LWPOLYLINE
  5
1C3
330
17
100
AcDbEntity
  8
HIDDEN
100
AcDbPolyline
 90
5
 70
0
 10
116.57518379370678
 20
199.63444292061982
 10
116.5510572471855
 20
199.75505334883024
 10
116.4796047772741
 20
199.87102878592364
 10
116.36357226232032
 20
199.97791236089228
 10
116.20741876680202
 20
200.07159659789113
  0
LWPOLYLINE
  5
1C4
330
17
100
AcDbEntity
  8
HIDDEN
100
AcDbPolyline
 90
9
 70
0
 10
155.37785916621425
 20
219.3577882422141
 10
155.0818949538738
 20
219.4658635657547
 10
154.7349567881895
 20
219.5269841338472
 10
154.36692275103343
 20
219.53588628420786
 10
154.00948768656372
 20
219.49180336962502
 10
153.69343366252755
 20
219.3985317811025
 10
153.44597903925592
 20
219.26410400521524
 10
153.288434442748
 20
219.10009687175926
 10
153.23436750786948
 20
218.9206345649428
  0
LWPOLYLINE
  5
1C5
330
17
100
AcDbEntity
  8
HIDDEN
100
AcDbPolyline
 90
13
 70
0
 10
153.23436750786948
 20
218.9206345649428
 10
153.25849405439075
 20
218.8000241367324
 10
153.32994652430216
 20
218.684048699639
 10
153.44597903925592
 20
218.57716512467033
 10
153.60213253477423
 20
218.48348088767148
 10
154.00948768656372
 20
218.34946576026056
 10
154.48999585049427
 20
218.3024059057044
 10
154.9705040144248
 20
218.34946576026056
 10
155.37785916621425
 20
218.48348088767148
 10
155.53401266173256
 20
218.57716512467033
 10
155.65004517668635
 20
218.684048699639
 10
155.72149764659775
 20
218.8000241367324
 10
155.74562419311903
 20
218.9206345649428
  0
LWPOLYLINE
  5
1C6
330
17
100
AcDbEntity
  8
HIDDEN
100
AcDbPolyline
 90
5
 70
0
 10
155.74562419311903
 20
218.9206345649428
 10
155.72149764659775
 20
219.0412449931532
 10
155.65004517668635
 20
219.1572204302466
 10
155.53401266173256
 20
219.26410400521524
 10
155.37785916621425
 20
219.3577882422141
  0
LWPOLYLINE
  5
1C7
330
17
100
AcDbEntity
  8
HIDDEN
100
AcDbPolyline
 90
9
 70
0
 10
155.37785916621425
 20
223.40788848752194
 10
155.0818949538738
 20
223.5159638110625
 10
154.7349567881895
 20
223.57708437915505
 10
154.36692275103343
 20
223.58598652951568
 10
154.00948768656372
 20
223.54190361493283
 10
153.69343366252755
 20
223.4486320264103
 10
153.44597903925592
 20
223.31420425052306
 10
153.288434442748
 20
223.15019711706708
 10
153.23436750786948
 20
222.97073481025063
  0
LWPOLYLINE
  5
1C8
330
17
100
AcDbEntity
  8
HIDDEN
100
AcDbPolyline
 90
13
 70
0
 10
153.23436750786948
 20
222.97073481025063
 10
153.25849405439075
 20
222.8501243820402
 10
153.32994652430216
 20
222.7341489449468
 10
153.44597903925592
 20
222.62726536997815
 10
153.60213253477423
 20
222.5335811329793
 10
154.00948768656372
 20
222.3995660055684
 10
154.48999585049427
 20
222.35250615101225
 10
154.9705040144248
 20
222.3995660055684
 10
155.37785916621425
 20
222.5335811329793
 10
155.53401266173256
 20
222.62726536997815
 10
155.65004517668635
 20
222.7341489449468
 10
155.72149764659775
 20
222.8501243820402
 10
155.74562419311903
 20
222.9707348102506
  0
LWPOLYLINE
  5
1C9
330
17
100
AcDbEntity
  8
HIDDEN
100
AcDbPolyline
 90
5
 70
0
 10
155.74562419311903
 20
222.97073481025063
 10
155.72149764659775
 20
223.09134523846103
 10
155.65004517668635
 20
223.20732067555443
 10
155.53401266173256
 20
223.31420425052306
 10
155.37785916621425
 20
223.40788848752194
  0
LWPOLYLINE
  5
1CA
330
17
100
AcDbEntity
  8
HIDDEN
100
AcDbPolyline
 90
9
 70
0
 10
116.20741876680202
 20
204.12169684319898
 10
115.91145455446156
 20
204.22977216673954
 10
115.56451638877725
 20
204.29089273483208
 10
115.19648235162119
 20
204.2997948851927
 10
114.83904728715146
 20
204.25571197060987
 10
114.52299326311532
 20
204.16244038208734
 10
114.27553863984369
 20
204.0280126062001
 10
114.11799404333577
 20
203.8640054727441
 10
114.06392710845722
 20
203.68454316592766
  0
LWPOLYLINE
  5
1CB
330
17
100
AcDbEntity
  8
HIDDEN
100
AcDbPolyline
 90
13
 70
0
 10
114.06392710845722
 20
203.68454316592766
 10
114.08805365497851
 20
203.56393273771724
 10
114.1595061248899
 20
203.44795730062384
 10
114.27553863984369
 20
203.34107372565518
 10
114.431692135362
 20
203.24738948865632
 10
114.83904728715146
 20
203.11337436124543
 10
115.31955545108201
 20
203.06631450668928
 10
115.80006361501255
 20
203.11337436124543
 10
116.20741876680202
 20
203.24738948865632
 10
116.36357226232032
 20
203.34107372565518
 10
116.4796047772741
 20
203.44795730062384
 10
116.5510572471855
 20
203.56393273771724
 10
116.57518379370678
 20
203.68454316592766
  0
LWPOLYLINE
  5
1CC
330
17
100
AcDbEntity
  8
HIDDEN
100
AcDbPolyline
 90
5
 70
0
 10
116.57518379370678
 20
203.68454316592766
 10
116.5510572471855
 20
203.80515359413806
 10
116.4796047772741
 20
203.92112903123146
 10
116.36357226232032
 20
204.0280126062001
 10
116.20741876680202
 20
204.12169684319898
  0
LWPOLYLINE
  5
1CD
330
17
100
AcDbEntity
  8
HIDDEN
100
AcDbPolyline
 90
2
 70
0
 10
111.40251141114078
 20
200.47017789187382
 10
161.01840258372962
 20
224.8993539746829
  0
LWPOLYLINE
  5
1CE
330
17
100
AcDbEntity
  8
HIDDEN
100
AcDbPolyline
 90
2
 70
0
 10
202.01679686844776
 20
224.3850555308343
 10
191.57134609527117
 20
219.24207109234817
  0
LWPOLYLINE
  5
1CF
330
17
100
AcDbEntity
  8
HIDDEN
100
AcDbPolyline
 90
2
 70
0
 10
183.4761217460593
 20
223.22788403217493
 10
191.57134609527117
 20
219.24207109234817
  0
LWPOLYLINE
  5
1D0
330
17
100
AcDbEntity
  8
HIDDEN
100
AcDbPolyline
 90
2
 70
0
 10
185.04293936203578
 20
223.99933169794784
 10
187.65430205532994
 20
225.28507780756937
  0
LWPOLYLINE
  5
1D1
330
17
100
AcDbEntity
  8
HIDDEN
100
AcDbPolyline
 90
2
 70
0
 10
171.4638533569062
 20
233.25670368722288
 10
187.65430205532994
 20
225.28507780756937
  0
LWPOLYLINE
  5
1D2
330
17
100
AcDbEntity
  8
HIDDEN
100
AcDbPolyline
 90
2
 70
0
 10
159.19044869842372
 20
235.18532285165517
 10
167.28567304763558
 20
231.19950991182841
  0
LWPOLYLINE
  5
1D3
330
17
100
AcDbEntity
  8
HIDDEN
100
AcDbPolyline
 90
2
 70
0
 10
167.28567304763556
 20
231.19950991182841
 10
171.4638533569062
 20
233.25670368722288
  0
LWPOLYLINE
  5
1D4
330
17
100
AcDbEntity
  8
HIDDEN
100
AcDbPolyline
 90
9
 70
0
 10
166.65894600124497
 20
236.29106450592968
 10
166.95491021358544
 20
236.18298918238912
 10
167.30184837926976
 20
236.12186861429657
 10
167.66988241642582
 20
236.11296646393595
 10
168.02731748089553
 20
236.15704937851876
 10
168.34337150493167
 20
236.25032096704132
 10
168.5908261282033
 20
236.38474874292854
 10
168.7483707247112
 20
236.54875587638452
 10
168.80243765958977
 20
236.728218183201
  0
LWPOLYLINE
  5
1D5
330
17
100
AcDbEntity
  8
HIDDEN
100
AcDbPolyline
 90
13
 70
0
 10
168.80243765958977
 20
236.728218183201
 10
168.77831111306847
 20
236.84882861141142
 10
168.7068586431571
 20
236.96480404850482
 10
168.5908261282033
 20
237.07168762347345
 10
168.434672632685
 20
237.16537186047233
 10
168.02731748089553
 20
237.29938698788322
 10
167.54680931696498
 20
237.34644684243938
 10
167.06630115303443
 20
237.29938698788322
 10
166.65894600124497
 20
237.16537186047233
 10
166.50279250572666
 20
237.07168762347345
 10
166.38675999077287
 20
236.96480404850482
 10
166.3153075208615
 20
236.84882861141142
 10
166.2911809743402
 20
236.72821818320102
  0
LWPOLYLINE
  5
1D6
330
17
100
AcDbEntity
  8
HIDDEN
100
AcDbPolyline
 90
5
 70
0
 10
166.2911809743402
 20
236.728218183201
 10
166.3153075208615
 20
236.6076077549906
 10
166.38675999077287
 20
236.4916323178972
 10
166.50279250572666
 20
236.38474874292854
 10
166.65894600124497
 20
236.29106450592968
  0
LWPOLYLINE
  5
1D7
330
17
100
AcDbEntity
  8
HIDDEN
100
AcDbPolyline
 90
9
 70
0
 10
193.81711801150414
 20
222.91930496586576
 10
194.11308222384457
 20
222.81122964232517
 10
194.4600203895289
 20
222.75010907423265
 10
194.82805442668496
 20
222.74120692387203
 10
195.18548949115467
 20
222.78528983845484
 10
195.50154351519083
 20
222.8785614269774
 10
195.74899813846247
 20
223.01298920286462
 10
195.90654273497037
 20
223.1769963363206
 10
195.96060966984894
 20
223.35645864313707
  0
LWPOLYLINE
  5
1D8
330
17
100
AcDbEntity
  8
HIDDEN
100
AcDbPolyline
 90
13
 70
0
 10
195.96060966984894
 20
223.35645864313707
 10
195.93648312332763
 20
223.4770690713475
 10
195.86503065341626
 20
223.5930445084409
 10
195.74899813846247
 20
223.69992808340953
 10
195.59284464294416
 20
223.79361232040839
 10
195.18548949115467
 20
223.9276274478193
 10
194.70498132722415
 20
223.97468730237546
 10
194.2244731632936
 20
223.9276274478193
 10
193.81711801150414
 20
223.79361232040839
 10
193.66096451598582
 20
223.69992808340953
 10
193.54493200103204
 20
223.5930445084409
 10
193.47347953112063
 20
223.4770690713475
 10
193.44935298459936
 20
223.35645864313707
  0
LWPOLYLINE
  5
1D9
330
17
100
AcDbEntity
  8
HIDDEN
100
AcDbPolyline
 90
5
 70
0
 10
193.44935298459936
 20
223.35645864313707
 10
193.47347953112063
 20
223.23584821492668
 10
193.54493200103204
 20
223.11987277783328
 10
193.66096451598582
 20
223.01298920286462
 10
193.81711801150414
 20
222.91930496586576
  0
LWPOLYLINE
  5
1DA
330
17
100
AcDbEntity
  8
HIDDEN
100
AcDbPolyline
 90
9
 70
0
 10
193.81711801150414
 20
220.3478127466227
 10
194.11308222384457
 20
220.23973742308212
 10
194.4600203895289
 20
220.1786168549896
 10
194.82805442668496
 20
220.16971470462897
 10
195.18548949115467
 20
220.2137976192118
 10
195.50154351519083
 20
220.30706920773432
 10
195.74899813846247
 20
220.44149698362156
 10
195.90654273497037
 20
220.60550411707754
 10
195.96060966984894
 20
220.78496642389402
  0
LWPOLYLINE
  5
1DB
330
17
100
AcDbEntity
  8
HIDDEN
100
AcDbPolyline
 90
13
 70
0
 10
195.96060966984894
 20
220.78496642389402
 10
195.93648312332763
 20
220.90557685210445
 10
195.86503065341626
 20
221.0215522891978
 10
195.74899813846247
 20
221.12843586416648
 10
195.59284464294416
 20
221.22212010116533
 10
195.18548949115467
 20
221.35613522857625
 10
194.70498132722415
 20
221.4031950831324
 10
194.2244731632936
 20
221.35613522857625
 10
193.81711801150414
 20
221.22212010116533
 10
193.66096451598582
 20
221.12843586416648
 10
193.54493200103204
 20
221.0215522891978
 10
193.47347953112063
 20
220.90557685210445
 10
193.44935298459936
 20
220.78496642389402
  0
LWPOLYLINE
  5
1DC
330
17
100
AcDbEntity
  8
HIDDEN
100
AcDbPolyline
 90
5
 70
0
 10
193.44935298459936
 20
220.78496642389402
 10
193.47347953112063
 20
220.6643559956836
 10
193.54493200103204
 20
220.5483805585902
 10
193.66096451598582
 20
220.44149698362156
 10
193.81711801150414
 20
220.3478127466227
  0
LWPOLYLINE
  5
1DD
330
17
100
AcDbEntity
  8
HIDDEN
100
AcDbPolyline
 90
9
 70
0
 10
166.65894600124497
 20
233.71957228668663
 10
166.95491021358544
 20
233.61149696314604
 10
167.30184837926976
 20
233.55037639505352
 10
167.66988241642582
 20
233.5414742446929
 10
168.02731748089553
 20
233.5855571592757
 10
168.34337150493167
 20
233.67882874779826
 10
168.5908261282033
 20
233.81325652368548
 10
168.7483707247112
 20
233.97726365714146
 10
168.80243765958977
 20
234.15672596395794
  0
LWPOLYLINE
  5
1DE
330
17
100
AcDbEntity
  8
HIDDEN
100
AcDbPolyline
 90
13
 70
0
 10
168.80243765958977
 20
234.15672596395794
 10
168.77831111306847
 20
234.27733639216837
 10
168.7068586431571
 20
234.39331182926176
 10
168.5908261282033
 20
234.5001954042304
 10
168.434672632685
 20
234.59387964122925
 10
168.02731748089553
 20
234.72789476864017
 10
167.54680931696498
 20
234.77495462319632
 10
167.06630115303443
 20
234.72789476864017
 10
166.65894600124497
 20
234.59387964122925
 10
166.50279250572666
 20
234.5001954042304
 10
166.38675999077287
 20
234.39331182926176
 10
166.3153075208615
 20
234.27733639216837
 10
166.2911809743402
 20
234.15672596395794
  0
LWPOLYLINE
  5
1DF
330
17
100
AcDbEntity
  8
HIDDEN
100
AcDbPolyline
 90
5
 70
0
 10
166.2911809743402
 20
234.15672596395794
 10
166.3153075208615
 20
234.03611553574754
 10
166.38675999077287
 20
233.92014009865414
 10
166.50279250572666
 20
233.81325652368548
 10
166.65894600124497
 20
233.71957228668663
  0
LWPOLYLINE
  5
1E0
330
17
100
AcDbEntity
  8
HIDDEN
100
AcDbPolyline
 90
2
 70
0
 10
167.28567304763558
 20
231.19950991182841
 10
167.28567304763558
 20
228.62801769258536
  0
LWPOLYLINE
  5
1E1
330
17
100
AcDbEntity
  8
HIDDEN
100
AcDbPolyline
 90
2
 70
0
 10
167.54680931696498
 20
228.7565923035475
 10
171.4638533569062
 20
230.6852114679798
  0
LWPOLYLINE
  5
1E2
330
17
100
AcDbEntity
  8
HIDDEN
100
AcDbPolyline
 90
2
 70
0
 10
171.4638533569062
 20
233.25670368722288
 10
171.4638533569062
 20
230.6852114679798
  0
LWPOLYLINE
  5
1E3
330
17
100
AcDbEntity
  8
HIDDEN
100
AcDbPolyline
 90
2
 70
0
 10
171.4638533569062
 20
230.6852114679798
 10
175.90316993550627
 20
228.4994430816232
  0
LWPOLYLINE
  5
1E4
330
17
100
AcDbEntity
  8
HIDDEN
100
AcDbPolyline
 90
2
 70
0
 10
187.65430205532994
 20
225.28507780756937
 10
187.65430205532994
 20
222.7135855883263
  0
LWPOLYLINE
  5
1E5
330
17
100
AcDbEntity
  8
HIDDEN
100
AcDbPolyline
 90
2
 70
0
 10
183.4761217460593
 20
222.32786175543987
 10
183.4761217460593
 20
220.65639181293187
  0
LWPOLYLINE
  5
1E6
330
17
100
AcDbEntity
  8
HIDDEN
100
AcDbPolyline
 90
2
 70
0
 10
183.4761217460593
 20
220.65639181293187
 10
185.1735074967005
 20
221.49212678418587
  0
LWPOLYLINE
  5
1E7
330
17
100
AcDbEntity
  8
HIDDEN
100
AcDbPolyline
 90
2
 70
0
 10
183.4761217460593
 20
220.65639181293187
 10
191.57134609527117
 20
216.67057887310511
  0
LWPOLYLINE
  5
1E8
330
17
100
AcDbEntity
  8
HIDDEN
100
AcDbPolyline
 90
2
 70
0
 10
191.57134609527117
 20
219.24207109234817
 10
191.57134609527117
 20
216.67057887310511
  0
LWPOLYLINE
  5
1E9
330
17
100
AcDbEntity
  8
HIDDEN
100
AcDbPolyline
 90
2
 70
0
 10
196.79407148185945
 20
219.24207109234817
 10
191.57134609527117
 20
216.67057887310511
  0
LWPOLYLINE
  5
1EA
330
17
100
AcDbEntity
  8
HIDDEN
100
AcDbPolyline
 90
2
 70
0
 10
175.90316993550627
 20
233.64242752010932
 10
170.68044454891796
 20
231.07093530086627
  0
LWPOLYLINE
  5
1EB
330
17
100
AcDbEntity
  8
HIDDEN
100
AcDbPolyline
 90
2
 70
0
 10
169.61490305775874
 20
233.63208960056943
 10
167.54680931696498
 20
232.6138306324121
  0
LWPOLYLINE
  5
1EC
330
17
100
AcDbEntity
  8
HIDDEN
100
AcDbPolyline
 90
2
 70
0
 10
167.54680931696498
 20
232.6138306324121
 10
170.68044454891796
 20
231.07093530086627
  0
LWPOLYLINE
  5
1ED
330
17
100
AcDbEntity
  8
HIDDEN
100
AcDbPolyline
 90
2
 70
0
 10
188.4377108633182
 20
222.32786175543987
 10
191.57134609527117
 20
220.78496642389402
  0
LWPOLYLINE
  5
1EE
330
17
100
AcDbEntity
  8
HIDDEN
100
AcDbPolyline
 90
2
 70
0
 10
196.79407148185945
 20
223.35645864313707
 10
191.57134609527117
 20
220.78496642389402
  0
LWPOLYLINE
  5
1EF
330
17
100
AcDbEntity
  8
HIDDEN
100
AcDbPolyline
 90
2
 70
0
 10
191.57134609527117
 20
220.78496642389402
 10
191.57134609527117
 20
213.07048976616483
  0
LWPOLYLINE
  5
1F0
330
17
100
AcDbEntity
  8
HIDDEN
100
AcDbPolyline
 90
2
 70
0
 10
184.3500508581639
 20
218.6832035317092
 10
185.70808329234055
 20
218.01455458322485
  0
LWPOLYLINE
  5
1F1
330
17
100
AcDbEntity
  8
HIDDEN
100
AcDbPolyline
 90
2
 70
0
 10
182.2609607035286
 20
217.65460664401198
 10
182.44524537098889
 20
217.5638711460827
  0
LWPOLYLINE
  5
1F2
330
17
100
AcDbEntity
  8
HIDDEN
100
AcDbPolyline
 90
2
 70
0
 10
184.35005085816394
 20
218.6832035317092
 10
182.2609607035286
 20
217.65460664401198
  0
LWPOLYLINE
  5
1F3
330
17
100
AcDbEntity
  8
HIDDEN
100
AcDbPolyline
 90
9
 70
0
 10
179.29794143678865
 20
216.1562804292565
 10
179.02848110838414
 20
216.34050087287338
 10
178.7844396958232
 20
216.6104380062789
 10
178.58883828040922
 20
216.94062793533436
 10
178.4601284685316
 20
217.299922958006
 10
178.41045180212245
 20
217.65442981067915
 10
178.44449441442566
 20
217.97070691066364
 10
178.5590449744733
 20
218.21891899042544
 10
178.7432976205531
 20
218.37565153843263
  0
LWPOLYLINE
  5
1F4
330
17
100
AcDbEntity
  8
HIDDEN
100
AcDbPolyline
 90
17
 70
0
 10
178.7432976205531
 20
218.37565153843263
 10
178.88921199685024
 20
218.4206023764514
 10
179.05083361630605
 20
218.42053551853317
 10
179.22195145072337
 20
218.37545353399022
 10
179.3959895376895
 20
218.28708889820632
 10
179.566259691124
 20
218.15883741457915
 10
179.72621852451903
 20
217.99562771570024
 10
179.8697189096131
 20
217.8037318587685
 10
179.9912462070831
 20
217.5905242939493
 10
180.0861301910404
 20
217.36419846839053
 10
180.15072452319322
 20
217.1334519566434
 10
180.18254687958174
 20
216.90715221775022
 10
180.18037434489617
 20
216.69399582376633
 10
180.14429040842612
 20
216.502174255373
 10
180.07568175561397
 20
216.33905910786882
 10
179.97718497851122
 20
216.21091880489638
 10
179.8525852530242
 20
216.12267770643695
  0
LWPOLYLINE
  5
1F5
330
17
100
AcDbEntity
  8
HIDDEN
100
AcDbPolyline
 90
5
 70
0
 10
179.8525852530242
 20
216.12267770643695
 10
179.72831639675783
 20
216.08135702409825
 10
179.59183035733793
 20
216.0731872465381
 10
179.4470016049279
 20
216.09840029168404
 10
179.29794143678865
 20
216.1562804292565
  0
LWPOLYLINE
  5
1F6
330
17
100
AcDbEntity
  8
HIDDEN
100
AcDbPolyline
 90
2
 70
0
 10
182.2609607035286
 20
217.65460664401198
 10
182.2026842623586
 20
217.4444423120231
  0
LWPOLYLINE
  5
1F7
330
17
100
AcDbEntity
  8
HIDDEN
100
AcDbPolyline
 90
5
 70
0
 10
182.60219263395467
 20
219.54378943106283
 10
182.59192919967882
 20
219.84098094497267
 10
182.6449632599713
 20
220.09989994922108
 10
182.7574982174088
 20
220.30201097398066
 10
182.92147792982374
 20
220.4328453138271
  0
LWPOLYLINE
  5
1F8
330
17
100
AcDbEntity
  8
HIDDEN
100
AcDbPolyline
 90
9
 70
0
 10
182.92147792982377
 20
220.4328453138271
 10
183.15350611409036
 20
220.4833868389823
 10
183.41490182189162
 20
220.42678411252282
 10
183.68187034571795
 20
220.26818964950587
 10
183.93010968768223
 20
220.02204021667058
 10
184.13702275702082
 20
219.71074266150197
 10
184.2837743708371
 20
219.36263422922872
 10
184.35700581044108
 20
219.0094030389757
 10
184.35005085816394
 20
218.6832035317092
  0
LWPOLYLINE
  5
1F9
330
17
100
AcDbEntity
  8
HIDDEN
100
AcDbPolyline
 90
2
 70
0
 10
182.60219263395467
 20
219.54378943106283
 10
182.06598589168044
 20
219.27977948154404
  0
LWPOLYLINE
  5
1FA
330
17
100
AcDbEntity
  8
HIDDEN
100
AcDbPolyline
 90
2
 70
0
 10
182.06598589168044
 20
219.80779938058166
 10
182.60219263395467
 20
219.54378943106283
  0
LWPOLYLINE
  5
1FB
330
17
100
AcDbEntity
  8
HIDDEN
100
AcDbPolyline
 90
2
 70
0
 10
173.0306709728827
 20
223.35645864313707
 10
173.0306709728827
 20
222.1992871444777
  0
LWPOLYLINE
  5
1FC
330
17
100
AcDbEntity
  8
HIDDEN
100
AcDbPolyline
 90
2
 70
0
 10
173.0306709728827
 20
223.35645864313707
 10
185.5652119006946
 20
217.18487731695373
  0
LWPOLYLINE
  5
1FD
330
17
100
AcDbEntity
  8
HIDDEN
100
AcDbPolyline
 90
2
 70
0
 10
185.5652119006946
 20
217.18487731695373
 10
185.5652119006946
 20
198.54155872744153
  0
LWPOLYLINE
  5
1FE
330
17
100
AcDbEntity
  8
HIDDEN
100
AcDbPolyline
 90
9
 70
0
 10
179.29794143678865
 20
205.4845877193978
 10
179.02848110838414
 20
205.66880816301466
 10
178.7844396958232
 20
205.9387452964202
 10
178.58883828040922
 20
206.26893522547564
 10
178.4601284685316
 20
206.62823024814728
 10
178.41045180212245
 20
206.98273710082043
 10
178.44449441442566
 20
207.29901420080495
 10
178.5590449744733
 20
207.54722628056675
 10
178.7432976205531
 20
207.70395882857395
  0
LWPOLYLINE
  5
1FF
330
17
100
AcDbEntity
  8
HIDDEN
100
AcDbPolyline
 90
17
 70
0
 10
178.7432976205531
 20
207.70395882857395
 10
178.88921199685024
 20
207.74890966659268
 10
179.05083361630605
 20
207.74884280867445
 10
179.22195145072337
 20
207.7037608241315
 10
179.3959895376895
 20
207.6153961883476
 10
179.566259691124
 20
207.48714470472044
 10
179.72621852451903
 20
207.32393500584155
 10
179.8697189096131
 20
207.13203914890977
 10
179.9912462070831
 20
206.91883158409058
 10
180.0861301910404
 20
206.6925057585318
 10
180.15072452319322
 20
206.4617592467847
 10
180.18254687958174
 20
206.23545950789153
 10
180.18037434489617
 20
206.0223031139076
 10
180.14429040842612
 20
205.8304815455143
 10
180.07568175561397
 20
205.66736639801013
 10
179.97718497851122
 20
205.53922609503766
 10
179.8525852530242
 20
205.45098499657826
  0
LWPOLYLINE
  5
200
330
17
100
AcDbEntity
  8
HIDDEN
100
AcDbPolyline
 90
5
 70
0
 10
179.8525852530242
 20
205.45098499657826
 10
179.72831639675783
 20
205.40966431423956
 10
179.59183035733793
 20
205.4014945366794
 10
179.4470016049279
 20
205.42670758182533
 10
179.29794143678865
 20
205.48458771939778
  0
LWPOLYLINE
  5
201
330
17
100
AcDbEntity
  8
HIDDEN
100
AcDbPolyline
 90
9
 70
0
 10
181.38703159142398
 20
206.513184607095
 10
181.11757126301947
 20
206.6974050507119
 10
180.87352985045854
 20
206.96734218411743
 10
180.67792843504452
 20
207.29753211317288
 10
180.5492186231669
 20
207.6568271358445
 10
180.49954195675775
 20
208.01133398851766
 10
180.53358456906096
 20
208.32761108850215
 10
180.64813512910862
 20
208.57582316826395
 10
180.83238777518844
 20
208.73255571627115
  0
LWPOLYLINE
  5
202
330
17
100
AcDbEntity
  8
HIDDEN
100
AcDbPolyline
 90
17
 70
0
 10
180.83238777518844
 20
208.73255571627118
 10
180.97830215148554
 20
208.77750655428991
 10
181.13992377094138
 20
208.7774396963717
 10
181.3110416053587
 20
208.73235771182874
 10
181.4850796923248
 20
208.64399307604484
 10
181.65534984575933
 20
208.51574159241767
 10
181.81530867915436
 20
208.35253189353875
 10
181.95880906424844
 20
208.160636036607
 10
182.0803363617184
 20
207.94742847178782
 10
182.17522034567574
 20
207.72110264622904
 10
182.23981467782852
 20
207.4903561344819
 10
182.27163703421706
 20
207.26405639558874
 10
182.2694644995315
 20
207.05090000160484
 10
182.23338056306142
 20
206.8590784332115
 10
182.1647719102493
 20
206.69596328570734
 10
182.06627513314652
 20
206.56782298273487
 10
181.94167540765952
 20
206.4795818842755
  0
LWPOLYLINE
  5
203
330
17
100
AcDbEntity
  8
HIDDEN
100
AcDbPolyline
 90
5
 70
0
 10
181.94167540765952
 20
206.47958188427546
 10
181.81740655139316
 20
206.43826120193677
 10
181.68092051197323
 20
206.43009142437663
 10
181.5360917595632
 20
206.45530446952256
 10
181.38703159142398
 20
206.513184607095
  0
LWPOLYLINE
  5
204
330
17
100
AcDbEntity
  8
HIDDEN
100
AcDbPolyline
 90
2
 70
0
 10
187.65430205532994
 20
218.21347420465096
 10
185.5652119006946
 20
217.18487731695373
  0
LWPOLYLINE
  5
205
330
17
100
AcDbEntity
  8
HIDDEN
100
AcDbPolyline
 90
2
 70
0
 10
187.65430205532994
 20
218.21347420465096
 10
187.65430205532994
 20
214.99910893059712
  0
LWPOLYLINE
  5
206
330
17
100
AcDbEntity
  8
HIDDEN
100
AcDbPolyline
 90
2
 70
0
 10
172.7695347035533
 20
227.59942080488813
 10
175.38089739684744
 20
226.3136746952666
  0
LWPOLYLINE
  5
207
330
17
100
AcDbEntity
  8
HIDDEN
100
AcDbPolyline
 90
2
 70
0
 10
184.46438118507496
 20
221.84127644414852
 10
184.78586147714248
 20
221.68299049026425
  0
LWPOLYLINE
  5
208
330
17
100
AcDbEntity
  8
HIDDEN
100
AcDbPolyline
 90
2
 70
0
 10
172.7695347035533
 20
227.59942080488813
 10
170.68044454891796
 20
226.57082391719092
  0
LWPOLYLINE
  5
209
330
17
100
AcDbEntity
  8
HIDDEN
100
AcDbPolyline
 90
2
 70
0
 10
170.68044454891796
 20
226.57082391719092
 10
175.11976112751802
 20
224.3850555308343
  0
LWPOLYLINE
  5
20A
330
17
100
AcDbEntity
  8
HIDDEN
100
AcDbPolyline
 90
2
 70
0
 10
175.11976112751802
 20
224.3850555308343
 10
173.0306709728827
 20
223.35645864313707
  0
LWPOLYLINE
  5
20B
330
17
100
AcDbEntity
  8
HIDDEN
100
AcDbPolyline
 90
2
 70
0
 10
187.65430205532994
 20
218.21347420465096
 10
188.4377108633182
 20
217.8277503717645
  0
LWPOLYLINE
  5
20C
330
17
100
AcDbEntity
  8
HIDDEN
100
AcDbPolyline
 90
2
 70
0
 10
190.5268010179535
 20
218.85634725946173
 10
188.4377108633182
 20
217.8277503717645
  0
LWPOLYLINE
  5
20D
330
17
100
AcDbEntity
  8
HIDDEN
100
AcDbPolyline
 90
2
 70
0
 10
175.11976112751802
 20
224.3850555308343
 10
175.11976112751802
 20
221.17069025678046
  0
LWPOLYLINE
  5
20E
330
17
100
AcDbEntity
  8
HIDDEN
100
AcDbPolyline
 90
2
 70
0
 10
172.7695347035533
 20
225.02792858564507
 10
172.7695347035533
 20
227.59942080488813
  0
LWPOLYLINE
  5
20F
330
17
100
AcDbEntity
  8
HIDDEN
100
AcDbPolyline
 90
2
 70
0
 10
188.4377108633182
 20
219.88494414715893
 10
188.4377108633182
 20
217.8277503717645
  0
LWPOLYLINE
  5
210
330
17
100
AcDbEntity
  8
HIDDEN
100
AcDbPolyline
 90
2
 70
0
 10
167.54680931696498
 20
232.6138306324121
 10
167.54680931696498
 20
231.59557166425478
  0
LWPOLYLINE
  5
211
330
17
100
AcDbEntity
  8
HIDDEN
100
AcDbPolyline
 90
2
 70
0
 10
170.68044454891796
 20
231.07093530086627
 10
170.68044454891796
 20
226.57082391719092
  0
LWPOLYLINE
  5
212
330
17
100
AcDbEntity
  8
HIDDEN
100
AcDbPolyline
 90
2
 70
0
 10
162.5852201997061
 20
221.9421379225534
 10
165.19658289300025
 20
220.65639181293187
  0
LWPOLYLINE
  5
213
330
17
100
AcDbEntity
  8
HIDDEN
100
AcDbPolyline
 90
2
 70
0
 10
165.19658289300025
 20
221.62070139514802
 10
165.19658289300025
 20
220.65639181293187
  0
LWPOLYLINE
  5
214
330
17
100
AcDbEntity
  8
HIDDEN
100
AcDbPolyline
 90
2
 70
0
 10
165.19658289300025
 20
221.62070139514802
 10
166.86785501670852
 20
220.79782388499024
  0
LWPOLYLINE
  5
215
330
17
100
AcDbEntity
  8
HIDDEN
100
AcDbPolyline
 90
2
 70
0
 10
166.86785501670852
 20
220.79782388499024
 10
166.86785501670852
 20
220.47638735758485
  0
LWPOLYLINE
  5
216
330
17
100
AcDbEntity
  8
HIDDEN
100
AcDbPolyline
 90
2
 70
0
 10
167.70349107856265
 20
220.06494860250595
 10
166.86785501670852
 20
220.47638735758485
  0
LWPOLYLINE
  5
217
330
17
100
AcDbEntity
  8
HIDDEN
100
AcDbPolyline
 90
2
 70
0
 10
167.70349107856265
 20
220.38638512991133
 10
167.70349107856265
 20
220.06494860250595
  0
LWPOLYLINE
  5
218
330
17
100
AcDbEntity
  8
HIDDEN
100
AcDbPolyline
 90
2
 70
0
 10
167.70349107856262
 20
220.38638512991133
 10
175.22421563524978
 20
216.68343633420133
  0
LWPOLYLINE
  5
219
330
17
100
AcDbEntity
  8
HIDDEN
100
AcDbPolyline
 90
2
 70
0
 10
175.22421563524978
 20
216.68343633420133
 10
175.22421563524978
 20
216.36199980679595
  0
LWPOLYLINE
  5
21A
330
17
100
AcDbEntity
  8
HIDDEN
100
AcDbPolyline
 90
2
 70
0
 10
176.0598516971039
 20
215.95056105171705
 10
175.22421563524978
 20
216.36199980679595
  0
LWPOLYLINE
  5
21B
330
17
100
AcDbEntity
  8
HIDDEN
100
AcDbPolyline
 90
2
 70
0
 10
176.0598516971039
 20
216.27199757912246
 10
176.0598516971039
 20
215.95056105171705
  0
LWPOLYLINE
  5
21C
330
17
100
AcDbEntity
  8
HIDDEN
100
AcDbPolyline
 90
2
 70
0
 10
176.0598516971039
 20
216.27199757912246
 10
177.73112382081217
 20
215.44912006896467
  0
LWPOLYLINE
  5
21D
330
17
100
AcDbEntity
  8
HIDDEN
100
AcDbPolyline
 90
2
 70
0
 10
177.73112382081217
 20
215.44912006896467
 10
177.73112382081217
 20
214.48481048674853
  0
LWPOLYLINE
  5
21E
330
17
100
AcDbEntity
  8
HIDDEN
100
AcDbPolyline
 90
2
 70
0
 10
177.73112382081217
 20
214.48481048674853
 10
180.34248651410633
 20
213.19906437712697
  0
LWPOLYLINE
  5
21F
330
17
100
AcDbEntity
  8
HIDDEN
100
AcDbPolyline
 90
2
 70
0
 10
180.34248651410633
 20
213.19906437712697
 10
180.34248651410633
 20
197.77011106166862
  0
LWPOLYLINE
  5
220
330
17
100
AcDbEntity
  8
HIDDEN
100
AcDbPolyline
 90
9
 70
0
 10
178.77566889812982
 20
205.16315119199243
 10
178.50620856972532
 20
205.34737163560928
 10
178.26216715716438
 20
205.6173087690148
 10
178.06656574175037
 20
205.94749869807026
 10
177.93785592987277
 20
206.3067937207419
 10
177.88817926346363
 20
206.66130057341505
 10
177.92222187576684
 20
206.97757767339954
 10
178.03677243581447
 20
207.22578975316137
 10
178.22102508189428
 20
207.38252230116856
  0
LWPOLYLINE
  5
221
330
17
100
AcDbEntity
  8
HIDDEN
100
AcDbPolyline
 90
17
 70
0
 10
178.22102508189428
 20
207.38252230116856
 10
178.36693945819138
 20
207.42747313918733
 10
178.52856107764723
 20
207.42740628126907
 10
178.69967891206454
 20
207.38232429672615
 10
178.87371699903065
 20
207.29395966094222
 10
179.04398715246518
 20
207.16570817731505
 10
179.2039459858602
 20
207.00249847843617
 10
179.3474463709543
 20
206.8106026215044
 10
179.46897366842424
 20
206.5973950566852
 10
179.56385765238159
 20
206.37106923112646
 10
179.62845198453437
 20
206.1403227193793
 10
179.6602743409229
 20
205.91402298048615
 10
179.65810180623734
 20
205.70086658650223
 10
179.62201786976726
 20
205.5090450181089
 10
179.55340921695515
 20
205.34592987060472
 10
179.45491243985236
 20
205.21778956763228
 10
179.33031271436536
 20
205.12954846917287
  0
LWPOLYLINE
  5
222
330
17
100
AcDbEntity
  8
HIDDEN
100
AcDbPolyline
 90
5
 70
0
 10
179.33031271436536
 20
205.12954846917287
 10
179.206043858099
 20
205.08822778683418
 10
179.0695578186791
 20
205.080058009274
 10
178.92472906626904
 20
205.10527105441994
 10
178.77566889812982
 20
205.1631511919924
  0
LWPOLYLINE
  5
223
330
17
100
AcDbEntity
  8
HIDDEN
100
AcDbPolyline
 90
9
 70
0
 10
164.1520378156826
 20
212.363329405873
 10
163.8825774872781
 20
212.54754984948985
 10
163.63853607471714
 20
212.8174869828954
 10
163.44293465930315
 20
213.14767691195084
 10
163.31422484742552
 20
213.50697193462247
 10
163.26454818101638
 20
213.86147878729562
 10
163.2985907933196
 20
214.1777558872801
 10
163.41314135336725
 20
214.42596796704194
 10
163.59739399944704
 20
214.58270051504914
  0
LWPOLYLINE
  5
224
330
17
100
AcDbEntity
  8
HIDDEN
100
AcDbPolyline
 90
17
 70
0
 10
163.59739399944706
 20
214.58270051504914
 10
163.74330837574416
 20
214.62765135306788
 10
163.90492999519998
 20
214.62758449514965
 10
164.0760478296173
 20
214.5825025106067
 10
164.25008591658343
 20
214.4941378748228
 10
164.42035607001793
 20
214.36588639119563
 10
164.58031490341295
 20
214.20267669231674
 10
164.72381528850707
 20
214.01078083538496
 10
164.84534258597702
 20
213.79757327056578
 10
164.94022656993437
 20
213.571247445007
 10
165.00482090208715
 20
213.34050093325988
 10
165.03664325847566
 20
213.11420119436673
 10
165.0344707237901
 20
212.9010448003828
 10
164.99838678732004
 20
212.70922323198948
 10
164.92977813450793
 20
212.5461080844853
 10
164.83128135740515
 20
212.41796778151286
 10
164.70668163191814
 20
212.32972668305345
  0
LWPOLYLINE
  5
225
330
17
100
AcDbEntity
  8
HIDDEN
100
AcDbPolyline
 90
5
 70
0
 10
164.70668163191814
 20
212.32972668305345
 10
164.5824127756518
 20
212.28840600071476
 10
164.44592673623185
 20
212.2802362231546
 10
164.30109798382182
 20
212.30544926830052
 10
164.1520378156826
 20
212.36332940587297
  0
LWPOLYLINE
  5
226
330
17
100
AcDbEntity
  8
HIDDEN
100
AcDbPolyline
 90
2
 70
0
 10
165.19658289300025
 20
220.65639181293187
 10
163.62976527702375
 20
219.88494414715893
  0
LWPOLYLINE
  5
227
330
17
100
AcDbEntity
  8
HIDDEN
100
AcDbPolyline
 90
2
 70
0
 10
161.01840258372962
 20
221.17069025678046
 10
163.62976527702375
 20
219.88494414715893
  0
LWPOLYLINE
  5
228
330
17
100
AcDbEntity
  8
HIDDEN
100
AcDbPolyline
 90
2
 70
0
 10
180.34248651410633
 20
213.19906437712697
 10
178.77566889812982
 20
212.42761671135406
  0
LWPOLYLINE
  5
229
330
17
100
AcDbEntity
  8
HIDDEN
100
AcDbPolyline
 90
2
 70
0
 10
178.77566889812982
 20
212.42761671135406
 10
178.77566889812982
 20
196.9986633958957
  0
LWPOLYLINE
  5
22A
330
17
100
AcDbEntity
  8
HIDDEN
100
AcDbPolyline
 90
2
 70
0
 10
176.16430620483567
 20
213.7133628209756
 10
178.77566889812982
 20
212.42761671135406
  0
LWPOLYLINE
  5
22B
330
17
100
AcDbEntity
  8
HIDDEN
100
AcDbPolyline
 90
2
 70
0
 10
177.73112382081217
 20
214.48481048674853
 10
176.16430620483567
 20
213.7133628209756
  0
LWPOLYLINE
  5
22C
330
17
100
AcDbEntity
  8
HIDDEN
100
AcDbPolyline
 90
9
 70
0
 10
177.20885128215335
 20
204.3917035262195
 10
176.93939095374884
 20
204.57592396983637
 10
176.69534954118788
 20
204.8458611032419
 10
176.4997481257739
 20
205.17605103229735
 10
176.37103831389626
 20
205.53534605496898
 10
176.32136164748712
 20
205.88985290764214
 10
176.35540425979033
 20
206.20613000762663
 10
176.469954819838
 20
206.45434208738845
 10
176.65420746591778
 20
206.61107463539565
  0
LWPOLYLINE
  5
22D
330
17
100
AcDbEntity
  8
HIDDEN
100
AcDbPolyline
 90
17
 70
0
 10
176.6542074659178
 20
206.61107463539565
 10
176.8001218422149
 20
206.6560254734144
 10
176.96174346167072
 20
206.65595861549616
 10
177.13286129608804
 20
206.61087663095321
 10
177.30689938305417
 20
206.5225119951693
 10
177.47716953648867
 20
206.39426051154214
 10
177.6371283698837
 20
206.23105081266323
 10
177.7806287549778
 20
206.03915495573148
 10
177.90215605244776
 20
205.8259473909123
 10
177.9970400364051
 20
205.59962156535352
 10
178.0616343685579
 20
205.36887505360642
 10
178.0934567249464
 20
205.1425753147132
 10
178.09128419026084
 20
204.92941892072932
 10
178.0552002537908
 20
204.737597352336
 10
177.98659160097867
 20
204.5744822048318
 10
177.8880948238759
 20
204.44634190185937
 10
177.7634950983889
 20
204.35810080339996
  0
LWPOLYLINE
  5
22E
330
17
100
AcDbEntity
  8
HIDDEN
100
AcDbPolyline
 90
5
 70
0
 10
177.7634950983889
 20
204.35810080339996
 10
177.63922624212253
 20
204.31678012106124
 10
177.5027402027026
 20
204.3086103435011
 10
177.35791145029256
 20
204.33382338864703
 10
177.20885128215335
 20
204.3917035262195
  0
LWPOLYLINE
  5
22F
330
17
100
AcDbEntity
  8
HIDDEN
100
AcDbPolyline
 90
9
 70
0
 10
162.5852201997061
 20
211.59188174010006
 10
162.3157598713016
 20
211.77610218371692
 10
162.07171845874066
 20
212.04603931712248
 10
161.87611704332664
 20
212.37622924617793
 10
161.74740723144905
 20
212.73552426884953
 10
161.6977305650399
 20
213.0900311215227
 10
161.73177317734311
 20
213.4063082215072
 10
161.84632373739075
 20
213.654520301269
 10
162.03057638347056
 20
213.8112528492762
  0
LWPOLYLINE
  5
230
330
17
100
AcDbEntity
  8
HIDDEN
100
AcDbPolyline
 90
17
 70
0
 10
162.03057638347056
 20
213.81125284927623
 10
162.17649075976766
 20
213.85620368729496
 10
162.3381123792235
 20
213.85613682937674
 10
162.50923021364082
 20
213.8110548448338
 10
162.68326830060693
 20
213.7226902090499
 10
162.85353845404146
 20
213.59443872542272
 10
163.01349728743648
 20
213.4312290265438
 10
163.15699767253057
 20
213.23933316961205
 10
163.27852497000052
 20
213.02612560479287
 10
163.37340895395786
 20
212.7997997792341
 10
163.43800328611064
 20
212.56905326748696
 10
163.4698256424992
 20
212.3427535285938
 10
163.46765310781362
 20
212.1295971346099
 10
163.43156917134354
 20
211.93777556621654
 10
163.36296051853142
 20
211.7746604187124
 10
163.26446374142864
 20
211.64652011573992
 10
163.13986401594164
 20
211.55827901728054
  0
LWPOLYLINE
  5
231
330
17
100
AcDbEntity
  8
HIDDEN
100
AcDbPolyline
 90
5
 70
0
 10
163.13986401594164
 20
211.5582790172805
 10
163.01559515967529
 20
211.51695833494182
 10
162.87910912025535
 20
211.50878855738168
 10
162.73428036784532
 20
211.5340016025276
 10
162.5852201997061
 20
211.59188174010006
  0
LWPOLYLINE
  5
232
330
17
100
AcDbEntity
  8
HIDDEN
100
AcDbPolyline
 90
2
 70
0
 10
163.62976527702375
 20
220.8492537293751
 10
163.62976527702375
 20
219.88494414715893
  0
LWPOLYLINE
  5
233
330
17
100
AcDbEntity
  8
HIDDEN
100
AcDbPolyline
 90
2
 70
0
 10
163.62976527702375
 20
220.8492537293751
 10
165.301037400732
 20
220.0263762192173
  0
LWPOLYLINE
  5
234
330
17
100
AcDbEntity
  8
HIDDEN
100
AcDbPolyline
 90
2
 70
0
 10
165.301037400732
 20
220.0263762192173
 10
165.301037400732
 20
219.70493969181194
  0
LWPOLYLINE
  5
235
330
17
100
AcDbEntity
  8
HIDDEN
100
AcDbPolyline
 90
2
 70
0
 10
166.13667346258615
 20
219.29350093673304
 10
165.301037400732
 20
219.70493969181194
  0
LWPOLYLINE
  5
236
330
17
100
AcDbEntity
  8
HIDDEN
100
AcDbPolyline
 90
2
 70
0
 10
166.13667346258615
 20
219.61493746413842
 10
166.13667346258615
 20
219.29350093673304
  0
LWPOLYLINE
  5
237
330
17
100
AcDbEntity
  8
HIDDEN
100
AcDbPolyline
 90
2
 70
0
 10
166.13667346258615
 20
219.61493746413842
 10
173.6573980192733
 20
215.91198866842842
  0
LWPOLYLINE
  5
238
330
17
100
AcDbEntity
  8
HIDDEN
100
AcDbPolyline
 90
2
 70
0
 10
173.6573980192733
 20
215.91198866842842
 10
173.6573980192733
 20
215.59055214102304
  0
LWPOLYLINE
  5
239
330
17
100
AcDbEntity
  8
HIDDEN
100
AcDbPolyline
 90
2
 70
0
 10
174.49303408112743
 20
215.17911338594413
 10
173.6573980192733
 20
215.59055214102304
  0
LWPOLYLINE
  5
23A
330
17
100
AcDbEntity
  8
HIDDEN
100
AcDbPolyline
 90
2
 70
0
 10
174.49303408112743
 20
215.50054991334952
 10
174.49303408112743
 20
215.17911338594413
  0
LWPOLYLINE
  5
23B
330
17
100
AcDbEntity
  8
HIDDEN
100
AcDbPolyline
 90
2
 70
0
 10
174.4930340811274
 20
215.50054991334952
 10
176.16430620483567
 20
214.67767240319174
  0
LWPOLYLINE
  5
23C
330
17
100
AcDbEntity
  8
HIDDEN
100
AcDbPolyline
 90
2
 70
0
 10
176.16430620483567
 20
214.67767240319174
 10
176.16430620483567
 20
213.7133628209756
  0
LWPOLYLINE
  5
23D
330
17
100
AcDbEntity
  8
HIDDEN
100
AcDbPolyline
 90
2
 70
0
 10
163.62976527702375
 20
220.8492537293751
 10
160.23499377574137
 20
219.1777837868671
  0
LWPOLYLINE
  5
23E
330
17
100
AcDbEntity
  8
HIDDEN
100
AcDbPolyline
 90
2
 70
0
 10
160.23499377574137
 20
220.78496642389402
 10
160.23499377574137
 20
219.1777837868671
  0
LWPOLYLINE
  5
23F
330
17
100
AcDbEntity
  8
HIDDEN
100
AcDbPolyline
 90
2
 70
0
 10
168.59135439428263
 20
224.89935397468292
 10
168.0690818556238
 20
224.6422047527586
  0
LWPOLYLINE
  5
240
330
17
100
AcDbEntity
  8
HIDDEN
100
AcDbPolyline
 90
2
 70
0
 10
163.62323687029053
 20
222.45322200112795
 10
160.23499377574137
 20
220.78496642389402
  0
LWPOLYLINE
  5
241
330
17
100
AcDbEntity
  8
HIDDEN
100
AcDbPolyline
 90
2
 70
0
 10
168.59135439428263
 20
224.89935397468292
 10
168.59135439428263
 20
224.3850555308343
  0
LWPOLYLINE
  5
242
330
17
100
AcDbEntity
  8
HIDDEN
100
AcDbPolyline
 90
2
 70
0
 10
165.25533855359936
 20
221.6496306826145
 10
165.19658289300025
 20
221.62070139514802
  0
LWPOLYLINE
  5
243
330
17
100
AcDbEntity
  8
HIDDEN
100
AcDbPolyline
 90
2
 70
0
 10
176.16430620483567
 20
214.67767240319174
 10
172.7695347035533
 20
213.00620246068377
  0
LWPOLYLINE
  5
244
330
17
100
AcDbEntity
  8
HIDDEN
100
AcDbPolyline
 90
2
 70
0
 10
172.7695347035533
 20
214.61338509771065
 10
172.7695347035533
 20
213.00620246068374
  0
LWPOLYLINE
  5
245
330
17
100
AcDbEntity
  8
HIDDEN
100
AcDbPolyline
 90
2
 70
0
 10
181.12589532209455
 20
218.72777264849958
 10
172.7695347035533
 20
214.61338509771068
  0
LWPOLYLINE
  5
246
330
17
100
AcDbEntity
  8
HIDDEN
100
AcDbPolyline
 90
2
 70
0
 10
181.12589532209455
 20
218.72777264849958
 10
181.12589532209455
 20
217.12059001147264
  0
LWPOLYLINE
  5
247
330
17
100
AcDbEntity
  8
HIDDEN
100
AcDbPolyline
 90
2
 70
0
 10
181.12589532209455
 20
217.12059001147264
 10
177.73112382081217
 20
215.44912006896465
  0
LWPOLYLINE
  5
248
330
17
100
AcDbEntity
  8
HIDDEN
100
AcDbPolyline
 90
5
 70
0
 10
176.0598516971039
 20
216.27199757912246
 10
175.93531727931352
 20
216.41006914483722
 10
175.7464881739086
 20
216.52914680104675
 10
175.50464031086355
 20
216.6221198255451
 10
175.2242156352498
 20
216.68343633420133
  0
LWPOLYLINE
  5
249
330
17
100
AcDbEntity
  8
HIDDEN
100
AcDbPolyline
 90
5
 70
0
 10
167.70349107856265
 20
220.38638512991133
 10
167.57895666077223
 20
220.52445669562613
 10
167.39012755536734
 20
220.64353435183565
 10
167.1482796923223
 20
220.73650737633398
 10
166.86785501670852
 20
220.79782388499024
  0
LWPOLYLINE
  5
24A
330
17
100
AcDbEntity
  8
HIDDEN
100
AcDbPolyline
 90
2
 70
0
 10
173.0306709728827
 20
221.1064029512994
 10
181.12589532209455
 20
217.12059001147264
  0
LWPOLYLINE
  5
24B
330
17
100
AcDbEntity
  8
HIDDEN
100
AcDbPolyline
 90
9
 70
0
 10
174.49303408112743
 20
215.17911338594413
 10
174.78062375968022
 20
215.15352197459515
 10
175.0724389957239
 20
215.16135721130644
 10
175.35267126758131
 20
215.20219463739974
 10
175.60613953808542
 20
215.27382196490683
 10
175.8191126576806
 20
215.37235892295865
 10
175.98005322268835
 20
215.49246746389713
 10
176.0802425916658
 20
215.62764094160337
 10
176.11425320081338
 20
215.77055659637003
  0
LWPOLYLINE
  5
24C
330
17
100
AcDbEntity
  8
HIDDEN
100
AcDbPolyline
 90
2
 70
0
 10
176.11425320081338
 20
215.77055659637006
 10
176.0598516971039
 20
215.95056105171705
  0
LWPOLYLINE
  5
24D
330
17
100
AcDbEntity
  8
HIDDEN
100
AcDbPolyline
 90
9
 70
0
 10
175.22421563524978
 20
216.36199980679595
 10
174.93662595669696
 20
216.38759121814493
 10
174.6448107206533
 20
216.37975598143365
 10
174.3645784487959
 20
216.33891855534034
 10
174.1111101782918
 20
216.26729122783325
 10
173.89813705869662
 20
216.16875426978143
 10
173.73719649368886
 20
216.04864572884296
 10
173.6370071247114
 20
215.9134722511367
 10
173.60299651556383
 20
215.77055659637006
  0
LWPOLYLINE
  5
24E
330
17
100
AcDbEntity
  8
HIDDEN
100
AcDbPolyline
 90
2
 70
0
 10
173.60299651556383
 20
215.77055659637006
 10
173.6573980192733
 20
215.59055214102304
  0
LWPOLYLINE
  5
24F
330
17
100
AcDbEntity
  8
HIDDEN
100
AcDbPolyline
 90
3
 70
0
 10
173.6573980192733
 20
215.91198866842842
 10
173.7819324370637
 20
215.77391710271363
 10
173.97076154246858
 20
215.6548394465041
  0
LWPOLYLINE
  5
250
330
17
100
AcDbEntity
  8
HIDDEN
100
AcDbPolyline
 90
9
 70
0
 10
173.97076154246858
 20
217.262022083531
 10
174.26672575480904
 20
217.15394675999045
 10
174.61366392049337
 20
217.09282619189793
 10
174.98169795764943
 20
217.08392404153727
 10
175.33913302211914
 20
217.12800695612012
 10
175.6551870461553
 20
217.22127854464264
 10
175.9026416694269
 20
217.3557063205299
 10
176.06018626593485
 20
217.51971345398587
 10
176.11425320081338
 20
217.69917576080235
  0
LWPOLYLINE
  5
251
330
17
100
AcDbEntity
  8
HIDDEN
100
AcDbPolyline
 90
13
 70
0
 10
176.11425320081338
 20
217.69917576080235
 10
176.0901266542921
 20
217.81978618901275
 10
176.0186741843807
 20
217.93576162610614
 10
175.9026416694269
 20
218.0426452010748
 10
175.7464881739086
 20
218.13632943807366
 10
175.33913302211914
 20
218.27034456548458
 10
174.8586248581886
 20
218.3174044200407
 10
174.37811669425807
 20
218.27034456548458
 10
173.97076154246858
 20
218.13632943807366
 10
173.8146080469503
 20
218.0426452010748
 10
173.69857553199648
 20
217.93576162610614
 10
173.6271230620851
 20
217.81978618901275
 10
173.60299651556383
 20
217.69917576080235
  0
LWPOLYLINE
  5
252
330
17
100
AcDbEntity
  8
HIDDEN
100
AcDbPolyline
 90
5
 70
0
 10
173.60299651556383
 20
217.69917576080235
 10
173.6271230620851
 20
217.57856533259192
 10
173.69857553199648
 20
217.46258989549852
 10
173.8146080469503
 20
217.3557063205299
 10
173.97076154246858
 20
217.262022083531
  0
LWPOLYLINE
  5
253
330
17
100
AcDbEntity
  8
HIDDEN
100
AcDbPolyline
 90
3
 70
0
 10
173.97076154246858
 20
215.6548394465041
 10
174.21260940551366
 20
215.56186642200578
 10
174.4930340811274
 20
215.50054991334952
  0
LWPOLYLINE
  5
254
330
17
100
AcDbEntity
  8
HIDDEN
100
AcDbPolyline
 90
9
 70
0
 10
166.13667346258615
 20
219.29350093673304
 10
166.42426314113897
 20
219.26790952538406
 10
166.71607837718264
 20
219.27574476209534
 10
166.99631064904003
 20
219.31658218818865
 10
167.24977891954413
 20
219.38820951569573
 10
167.4627520391393
 20
219.48674647374756
 10
167.6236926041471
 20
219.60685501468603
 10
167.72388197312452
 20
219.74202849239228
 10
167.75789258227212
 20
219.88494414715893
  0
LWPOLYLINE
  5
255
330
17
100
AcDbEntity
  8
HIDDEN
100
AcDbPolyline
 90
2
 70
0
 10
167.75789258227212
 20
219.88494414715893
 10
167.70349107856265
 20
220.06494860250595
  0
LWPOLYLINE
  5
256
330
17
100
AcDbEntity
  8
HIDDEN
100
AcDbPolyline
 90
9
 70
0
 10
166.86785501670852
 20
220.47638735758485
 10
166.5802653381557
 20
220.50197876893384
 10
166.28845010211202
 20
220.49414353222255
 10
166.00821783025464
 20
220.45330610612925
 10
165.75474955975054
 20
220.38167877862216
 10
165.54177644015536
 20
220.28314182057034
 10
165.38083587514757
 20
220.16303327963186
 10
165.28064650617014
 20
220.02785980192562
 10
165.24663589702254
 20
219.88494414715893
  0
LWPOLYLINE
  5
257
330
17
100
AcDbEntity
  8
HIDDEN
100
AcDbPolyline
 90
2
 70
0
 10
165.24663589702254
 20
219.88494414715893
 10
165.301037400732
 20
219.70493969181192
  0
LWPOLYLINE
  5
258
330
17
100
AcDbEntity
  8
HIDDEN
100
AcDbPolyline
 90
3
 70
0
 10
165.301037400732
 20
220.0263762192173
 10
165.4255718185224
 20
219.88830465350253
 10
165.61440092392732
 20
219.769226997293
  0
LWPOLYLINE
  5
259
330
17
100
AcDbEntity
  8
HIDDEN
100
AcDbPolyline
 90
9
 70
0
 10
165.61440092392732
 20
221.3764096343199
 10
165.91036513626779
 20
221.26833431077935
 10
166.25730330195208
 20
221.2072137426868
 10
166.62533733910817
 20
221.19831159232618
 10
166.98277240357788
 20
221.24239450690902
 10
167.29882642761402
 20
221.33566609543155
 10
167.54628105088565
 20
221.4700938713188
 10
167.70382564739356
 20
221.63410100477478
 10
167.75789258227212
 20
221.81356331159122
  0
LWPOLYLINE
  5
25A
330
17
100
AcDbEntity
  8
HIDDEN
100
AcDbPolyline
 90
13
 70
0
 10
167.75789258227212
 20
221.81356331159125
 10
167.73376603575082
 20
221.93417373980165
 10
167.66231356583944
 20
222.05014917689505
 10
167.54628105088565
 20
222.1570327518637
 10
167.39012755536734
 20
222.25071698886256
 10
166.98277240357788
 20
222.38473211627348
 10
166.50226423964733
 20
222.4317919708296
 10
166.02175607571678
 20
222.38473211627348
 10
165.61440092392732
 20
222.25071698886256
 10
165.458247428409
 20
222.1570327518637
 10
165.34221491345522
 20
222.05014917689505
 10
165.27076244354384
 20
221.93417373980165
 10
165.24663589702254
 20
221.81356331159125
  0
LWPOLYLINE
  5
25B
330
17
100
AcDbEntity
  8
HIDDEN
100
AcDbPolyline
 90
5
 70
0
 10
165.24663589702254
 20
221.81356331159125
 10
165.27076244354384
 20
221.69295288338083
 10
165.34221491345522
 20
221.57697744628743
 10
165.458247428409
 20
221.4700938713188
 10
165.61440092392732
 20
221.3764096343199
  0
LWPOLYLINE
  5
25C
330
17
100
AcDbEntity
  8
HIDDEN
100
AcDbPolyline
 90
3
 70
0
 10
165.61440092392732
 20
219.769226997293
 10
165.85624878697237
 20
219.67625397279468
 10
166.13667346258615
 20
219.61493746413842
  0
LWPOLYLINE
  5
25D
330
17
100
AcDbEntity
  8
HIDDEN
100
AcDbPolyline
 90
2
 70
0
 10
168.59135439428263
 20
224.89935397468292
 10
181.12589532209455
 20
218.72777264849958
  0
LWPOLYLINE
  5
25E
330
17
100
AcDbEntity
  8
HIDDEN
100
AcDbPolyline
 90
2
 70
0
 10
160.23499377574137
 20
219.1777837868671
 10
172.7695347035533
 20
213.00620246068377
  0
LWPOLYLINE
  5
25F
330
17
100
AcDbEntity
  8
HIDDEN
100
AcDbPolyline
 90
2
 70
0
 10
160.23499377574137
 20
220.78496642389402
 10
172.7695347035533
 20
214.61338509771065
  0
LWPOLYLINE
  5
260
330
17
100
AcDbEntity
  8
HIDDEN
100
AcDbPolyline
 90
2
 70
0
 10
180.34248651410633
 20
213.19906437712697
 10
180.34248651410633
 20
197.77011106166862
  0
LWPOLYLINE
  5
261
330
17
100
AcDbEntity
  8
HIDDEN
100
AcDbPolyline
 90
2
 70
0
 10
180.34248651410633
 20
213.19906437712697
 10
162.5852201997061
 20
221.9421379225534
  0
LWPOLYLINE
  5
262
330
17
100
AcDbEntity
  8
HIDDEN
100
AcDbPolyline
 90
5
 70
0
 10
169.6358994716003
 20
214.03479934838097
 10
169.91648331750943
 20
213.92584850118575
 10
170.1891021455754
 20
213.8783886514993
 10
170.44601704330702
 20
213.8937670563184
 10
170.67993489039662
 20
213.97154716425007
  0
LWPOLYLINE
  5
263
330
17
100
AcDbEntity
  8
HIDDEN
100
AcDbPolyline
 90
3
 70
0
 10
170.67993489039662
 20
213.97154716425007
 10
170.9232064014449
 20
214.1462222436991
 10
171.11282919111744
 20
214.40198763454637
  0
LWPOLYLINE
  5
264
330
17
100
AcDbEntity
  8
HIDDEN
100
AcDbPolyline
 90
3
 70
0
 10
169.19698642266758
 20
218.29308269157906
 10
168.87864590625068
 20
218.29874423958893
 10
168.591864052804
 20
218.21243908330078
  0
LWPOLYLINE
  5
265
330
17
100
AcDbEntity
  8
HIDDEN
100
AcDbPolyline
 90
17
 70
0
 10
168.591864052804
 20
218.21243908330078
 10
168.40383512653582
 20
218.08860984107451
 10
168.24503554253613
 20
217.91741311058135
 10
168.1192326425119
 20
217.70291034189964
 10
168.02941095891703
 20
217.45019037220618
 10
167.9777014102733
 20
217.1652486988318
 10
167.96533074752273
 20
216.8548452428236
 10
167.99259245073964
 20
216.52634397741346
 10
168.05883976664583
 20
216.18753822602707
 10
168.1625010521053
 20
215.84646577444192
 10
168.30111705959195
 20
215.51121818335105
 10
168.4713992800737
 20
215.18974882517685
 10
168.66930795919475
 20
214.8896841992467
 10
168.89014793590843
 20
214.61814300166526
 10
169.1286800298977
 20
214.38156724224802
 10
169.3792453352417
 20
214.1855694150762
 10
169.63589947160028
 20
214.034799348381
  0
LWPOLYLINE
  5
266
330
17
100
AcDbEntity
  8
HIDDEN
100
AcDbPolyline
 90
5
 70
0
 10
164.1520378156826
 20
212.363329405873
 10
164.30109798382182
 20
212.30544926830052
 10
164.44592673623185
 20
212.2802362231546
 10
164.5824127756518
 20
212.28840600071476
 10
164.70668163191814
 20
212.32972668305345
  0
LWPOLYLINE
  5
267
330
17
100
AcDbEntity
  8
HIDDEN
100
AcDbPolyline
 90
17
 70
0
 10
164.70668163191814
 20
212.32972668305345
 10
164.83128135740515
 20
212.41796778151286
 10
164.92977813450793
 20
212.5461080844853
 10
164.99838678732004
 20
212.70922323198948
 10
165.0344707237901
 20
212.9010448003828
 10
165.03664325847566
 20
213.11420119436673
 10
165.00482090208715
 20
213.34050093325988
 10
164.94022656993437
 20
213.571247445007
 10
164.84534258597702
 20
213.79757327056578
 10
164.72381528850707
 20
214.01078083538496
 10
164.58031490341295
 20
214.20267669231674
 10
164.42035607001793
 20
214.36588639119563
 10
164.25008591658343
 20
214.4941378748228
 10
164.0760478296173
 20
214.5825025106067
 10
163.90492999519998
 20
214.62758449514965
 10
163.74330837574416
 20
214.62765135306788
 10
163.59739399944706
 20
214.58270051504914
  0
LWPOLYLINE
  5
268
330
17
100
AcDbEntity
  8
HIDDEN
100
AcDbPolyline
 90
9
 70
0
 10
163.59739399944706
 20
214.58270051504914
 10
163.41314135336725
 20
214.42596796704194
 10
163.2985907933196
 20
214.1777558872801
 10
163.26454818101638
 20
213.86147878729562
 10
163.31422484742552
 20
213.50697193462247
 10
163.44293465930315
 20
213.14767691195084
 10
163.63853607471714
 20
212.8174869828954
 10
163.8825774872781
 20
212.54754984948985
 10
164.15203781568258
 20
212.363329405873
  0
LWPOLYLINE
  5
269
330
17
100
AcDbEntity
  8
HIDDEN
100
AcDbPolyline
 90
5
 70
0
 10
169.6358994716003
 20
203.36310663852225
 10
169.91648331750943
 20
203.25415579132704
 10
170.1891021455754
 20
203.2066959416406
 10
170.44601704330702
 20
203.2220743464597
 10
170.67993489039662
 20
203.29985445439135
  0
LWPOLYLINE
  5
26A
330
17
100
AcDbEntity
  8
HIDDEN
100
AcDbPolyline
 90
3
 70
0
 10
170.67993489039662
 20
203.29985445439135
 10
170.9232064014449
 20
203.47452953384038
 10
171.11282919111744
 20
203.73029492468766
  0
LWPOLYLINE
  5
26B
330
17
100
AcDbEntity
  8
HIDDEN
100
AcDbPolyline
 90
3
 70
0
 10
169.19698642266758
 20
207.62138998172034
 10
168.87864590625068
 20
207.6270515297302
 10
168.591864052804
 20
207.54074637344206
  0
LWPOLYLINE
  5
26C
330
17
100
AcDbEntity
  8
HIDDEN
100
AcDbPolyline
 90
17
 70
0
 10
168.591864052804
 20
207.54074637344206
 10
168.40383512653582
 20
207.41691713121583
 10
168.24503554253613
 20
207.24572040072263
 10
168.1192326425119
 20
207.03121763204092
 10
168.02941095891703
 20
206.77849766234746
 10
167.9777014102733
 20
206.49355598897307
 10
167.96533074752273
 20
206.18315253296487
 10
167.99259245073964
 20
205.85465126755474
 10
168.05883976664583
 20
205.51584551616835
 10
168.1625010521053
 20
205.17477306458323
 10
168.30111705959195
 20
204.83952547349236
 10
168.4713992800737
 20
204.51805611531813
 10
168.66930795919475
 20
204.21799148938797
 10
168.89014793590843
 20
203.94645029180657
 10
169.1286800298977
 20
203.7098745323893
 10
169.3792453352417
 20
203.51387670521748
 10
169.63589947160028
 20
203.36310663852228
  0
LWPOLYLINE
  5
26D
330
17
100
AcDbEntity
  8
HIDDEN
100
AcDbPolyline
 90
5
 70
0
 10
173.29180724221212
 20
212.23475479491083
 10
173.57239108812124
 20
212.1258039477156
 10
173.8450099161872
 20
212.07834409802916
 10
174.10192481391883
 20
212.09372250284827
 10
174.33584266100843
 20
212.17150261077992
  0
LWPOLYLINE
  5
26E
330
17
100
AcDbEntity
  8
HIDDEN
100
AcDbPolyline
 90
17
 70
0
 10
174.33584266100843
 20
212.17150261077992
 10
174.5348852178709
 20
212.3048468569911
 10
174.70057529807832
 20
212.49150615246094
 10
174.82846734419957
 20
212.72647232399632
 10
174.9151299411777
 20
213.00344109792795
 10
174.95823788311318
 20
213.3149812472953
 10
174.95663455983743
 20
213.65273397581817
 10
174.91036298940972
 20
214.00763718907143
 10
174.82066466391885
 20
214.3701686355418
 10
174.68994623955655
 20
214.73060139395653
 10
174.5217149646872
 20
215.07926485201602
 10
174.32048457841455
 20
215.4068041743253
 10
174.0916542044395
 20
215.70443129785463
 10
173.84136348955445
 20
215.96416072058096
 10
173.5763278734894
 20
216.1790237569691
 10
173.30365840991163
 20
216.34325551169832
 10
173.03067097288272
 20
216.4524495550249
  0
LWPOLYLINE
  5
26F
330
17
100
AcDbEntity
  8
HIDDEN
100
AcDbPolyline
 90
3
 70
0
 10
172.85289419327938
 20
216.49303813810891
 10
172.5345536768625
 20
216.49869968611878
 10
172.2477718234158
 20
216.41239452983064
  0
LWPOLYLINE
  5
270
330
17
100
AcDbEntity
  8
HIDDEN
100
AcDbPolyline
 90
17
 70
0
 10
172.2477718234158
 20
216.41239452983064
 10
172.05974289714763
 20
216.28856528760437
 10
171.90094331314793
 20
216.1173685571112
 10
171.7751404131237
 20
215.9028657884295
 10
171.68531872952883
 20
215.65014581873604
 10
171.63360918088512
 20
215.36520414536164
 10
171.62123851813453
 20
215.05480068935344
 10
171.64850022135144
 20
214.72629942394332
 10
171.71474753725764
 20
214.3874936725569
 10
171.81840882271712
 20
214.04642122097178
 10
171.95702483020375
 20
213.7111736298809
 10
172.12730705068552
 20
213.3897042717067
 10
172.32521572980656
 20
213.08963964577654
 10
172.54605570652024
 20
212.81809844819512
 10
172.7845878005095
 20
212.58152268877788
 10
173.0351531058535
 20
212.38552486160606
 10
173.2918072422121
 20
212.23475479491083
  0
LWPOLYLINE
  5
271
330
17
100
AcDbEntity
  8
HIDDEN
100
AcDbPolyline
 90
5
 70
0
 10
171.4638533569062
 20
207.7185715848652
 10
171.75539750929616
 20
207.60536484520142
 10
172.03866551033343
 20
207.55605109513658
 10
172.3056161462577
 20
207.57203021889393
 10
172.54867140924924
 20
207.65284861229168
  0
LWPOLYLINE
  5
272
330
17
100
AcDbEntity
  8
HIDDEN
100
AcDbPolyline
 90
17
 70
0
 10
172.54867140924927
 20
207.65284861229168
 10
172.7923738135106
 20
207.82543781957258
 10
172.9850219216675
 20
208.07606517685696
 10
173.1192123749618
 20
208.39509921535773
 10
173.18978830952824
 20
208.77027963589177
 10
173.1940375317809
 20
209.18718846530146
 10
173.13179674649157
 20
209.62980413107783
 10
173.0054578321339
 20
210.08111716140675
 10
172.81987592233503
 20
210.523783849632
 10
172.5821828258129
 20
210.9407927631754
 10
172.30151295496708
 20
211.31611848335075
 10
171.98865229553272
 20
211.63533745321683
 10
171.65562390719754
 20
211.88618226678176
 10
171.31522588416087
 20
212.0590130985356
 10
170.98053953155053
 20
212.14718815653868
 10
170.6644266582031
 20
212.14731892276112
 10
170.37903530456316
 20
212.0594003719303
  0
LWPOLYLINE
  5
273
330
17
100
AcDbEntity
  8
HIDDEN
100
AcDbPolyline
 90
17
 70
0
 10
170.37903530456316
 20
212.0594003719303
 10
170.18366149836262
 20
211.93073404992958
 10
170.01865880561297
 20
211.75284994715153
 10
169.88794172980653
 20
211.52996816406818
 10
169.79461138669623
 20
211.26737632055858
 10
169.74088193380862
 20
210.971304113068
 10
169.72802804204434
 20
210.64877552205948
 10
169.7563546555432
 20
210.30744217596927
 10
169.82518975722695
 20
209.95540182491933
 10
169.9329003116497
 20
209.60100623069417
 10
170.07693100692876
 20
209.2526630305763
 10
170.2538648766481
 20
208.9186362755984
 10
170.45950436354732
 20
208.60685037521785
 10
170.68897090185135
 20
208.32470209960593
 10
170.9368206557621
 20
208.07888509958642
 10
171.1971736683461
 20
207.87523110729072
 10
171.46385335690618
 20
207.7185715848652
  0
LWPOLYLINE
  5
274
330
17
100
AcDbEntity
  8
HIDDEN
100
AcDbPolyline
 90
5
 70
0
 10
173.29180724221212
 20
201.56306208505214
 10
173.57239108812124
 20
201.4541112378569
 10
173.8450099161872
 20
201.40665138817045
 10
174.10192481391883
 20
201.42202979298955
 10
174.33584266100843
 20
201.4998099009212
  0
LWPOLYLINE
  5
275
330
17
100
AcDbEntity
  8
HIDDEN
100
AcDbPolyline
 90
3
 70
0
 10
174.33584266100843
 20
201.4998099009212
 10
174.5791141720567
 20
201.67448498037027
 10
174.76873696172925
 20
201.9302503712175
  0
LWPOLYLINE
  5
276
330
17
100
AcDbEntity
  8
HIDDEN
100
AcDbPolyline
 90
9
 70
0
 10
174.76809351223253
 20
203.8576923303062
 10
174.6294756582785
 20
204.19488103423186
 10
174.4587942104206
 20
204.51829610935843
 10
174.26014036238465
 20
204.82018537322668
 10
174.03827579967833
 20
205.09331261195555
 10
173.79851856312166
 20
205.33113103056843
 10
173.54661557667288
 20
205.52794017811223
 10
173.28860489502745
 20
205.67902258611153
 10
173.03067097288272
 20
205.7807568451662
  0
LWPOLYLINE
  5
277
330
17
100
AcDbEntity
  8
HIDDEN
100
AcDbPolyline
 90
3
 70
0
 10
172.85289419327938
 20
205.8213454282502
 10
172.5345536768625
 20
205.82700697626007
 10
172.2477718234158
 20
205.74070181997195
  0
LWPOLYLINE
  5
278
330
17
100
AcDbEntity
  8
HIDDEN
100
AcDbPolyline
 90
17
 70
0
 10
172.2477718234158
 20
205.74070181997195
 10
172.05974289714763
 20
205.61687257774568
 10
171.90094331314793
 20
205.4456758472525
 10
171.7751404131237
 20
205.2311730785708
 10
171.68531872952883
 20
204.97845310887732
 10
171.63360918088512
 20
204.69351143550293
 10
171.62123851813453
 20
204.38310797949475
 10
171.64850022135144
 20
204.05460671408463
 10
171.71474753725764
 20
203.7158009626982
 10
171.81840882271712
 20
203.37472851111306
 10
171.95702483020375
 20
203.03948092002219
 10
172.12730705068552
 20
202.718011561848
 10
172.32521572980656
 20
202.41794693591783
 10
172.54605570652024
 20
202.14640573833643
 10
172.7845878005095
 20
201.90982997891916
 10
173.0351531058535
 20
201.71383215174734
 10
173.2918072422121
 20
201.56306208505214
  0
LWPOLYLINE
  5
279
330
17
100
AcDbEntity
  8
HIDDEN
100
AcDbPolyline
 90
5
 70
0
 10
178.77566889812982
 20
205.16315119199243
 10
178.92472906626904
 20
205.10527105441994
 10
179.0695578186791
 20
205.080058009274
 10
179.206043858099
 20
205.08822778683418
 10
179.33031271436536
 20
205.12954846917287
  0
LWPOLYLINE
  5
27A
330
17
100
AcDbEntity
  8
HIDDEN
100
AcDbPolyline
 90
17
 70
0
 10
179.33031271436536
 20
205.12954846917287
 10
179.45491243985236
 20
205.21778956763228
 10
179.55340921695515
 20
205.34592987060472
 10
179.62201786976726
 20
205.5090450181089
 10
179.65810180623734
 20
205.70086658650223
 10
179.6602743409229
 20
205.91402298048615
 10
179.62845198453437
 20
206.1403227193793
 10
179.56385765238159
 20
206.37106923112646
 10
179.46897366842424
 20
206.5973950566852
 10
179.3474463709543
 20
206.8106026215044
 10
179.2039459858602
 20
207.00249847843617
 10
179.04398715246518
 20
207.16570817731505
 10
178.87371699903065
 20
207.29395966094222
 10
178.69967891206454
 20
207.38232429672615
 10
178.52856107764723
 20
207.42740628126907
 10
178.36693945819138
 20
207.42747313918733
 10
178.22102508189428
 20
207.38252230116856
  0
LWPOLYLINE
  5
27B
330
17
100
AcDbEntity
  8
HIDDEN
100
AcDbPolyline
 90
9
 70
0
 10
178.22102508189428
 20
207.38252230116856
 10
178.03677243581447
 20
207.22578975316137
 10
177.92222187576684
 20
206.97757767339954
 10
177.88817926346363
 20
206.66130057341505
 10
177.93785592987277
 20
206.3067937207419
 10
178.06656574175037
 20
205.94749869807026
 10
178.26216715716438
 20
205.6173087690148
 10
178.50620856972532
 20
205.34737163560928
 10
178.77566889812982
 20
205.16315119199243
  0
LWPOLYLINE
  5
27C
330
17
100
AcDbEntity
  8
HIDDEN
100
AcDbPolyline
 90
2
 70
0
 10
180.34248651410633
 20
213.19906437712697
 10
181.38050318469075
 20
213.71014845570153
  0
LWPOLYLINE
  5
27D
330
17
100
AcDbEntity
  8
HIDDEN
100
AcDbPolyline
 90
2
 70
0
 10
181.38050318469072
 20
213.71014845570153
 10
181.38050318469072
 20
200.60196686811003
  0
LWPOLYLINE
  5
27E
330
17
100
AcDbEntity
  8
HIDDEN
100
AcDbPolyline
 90
2
 70
0
 10
181.38050318469072
 20
213.71014845570153
 10
173.0306709728827
 20
217.8213216412164
  0
LWPOLYLINE
  5
27F
330
17
100
AcDbEntity
  8
HIDDEN
100
AcDbPolyline
 90
5
 70
0
 10
165.19005448626703
 20
212.87441348444756
 10
165.33911465440625
 20
212.81653334687508
 10
165.48394340681628
 20
212.79132030172914
 10
165.62042944623622
 20
212.7994900792893
 10
165.74469830250257
 20
212.840810761628
  0
LWPOLYLINE
  5
280
330
17
100
AcDbEntity
  8
HIDDEN
100
AcDbPolyline
 90
17
 70
0
 10
165.74469830250257
 20
212.840810761628
 10
165.86929802798957
 20
212.9290518600874
 10
165.96779480509235
 20
213.05719216305988
 10
166.03640345790447
 20
213.22030731056404
 10
166.07248739437452
 20
213.41212887895736
 10
166.0746599290601
 20
213.62528527294128
 10
166.04283757267157
 20
213.85158501183446
 10
165.9782432405188
 20
214.08233152358156
 10
165.88335925656145
 20
214.30865734914033
 10
165.7618319590915
 20
214.52186491395952
 10
165.61833157399738
 20
214.7137607708913
 10
165.45837274060236
 20
214.87697046977019
 10
165.28810258716786
 20
215.00522195339735
 10
165.11406450020172
 20
215.09358658918129
 10
164.9429466657844
 20
215.1386685737242
 10
164.7813250463286
 20
215.13873543164246
 10
164.6354106700315
 20
215.0937845936237
  0
LWPOLYLINE
  5
281
330
17
100
AcDbEntity
  8
HIDDEN
100
AcDbPolyline
 90
9
 70
0
 10
164.6354106700315
 20
215.0937845936237
 10
164.45115802395168
 20
214.9370520456165
 10
164.33660746390402
 20
214.6888399658547
 10
164.3025648516008
 20
214.37256286587018
 10
164.35224151800995
 20
214.01805601319703
 10
164.48095132988757
 20
213.6587609905254
 10
164.67655274530156
 20
213.32857106146994
 10
164.92059415786252
 20
213.0586339280644
 10
165.190054486267
 20
212.87441348444756
  0
LWPOLYLINE
  5
282
330
17
100
AcDbEntity
  8
HIDDEN
100
AcDbPolyline
 90
5
 70
0
 10
174.32982391279654
 20
212.74583887348538
 10
174.61040775870566
 20
212.63688802629017
 10
174.88302658677162
 20
212.58942817660372
 10
175.13994148450325
 20
212.60480658142282
 10
175.37385933159283
 20
212.68258668935448
  0
LWPOLYLINE
  5
283
330
17
100
AcDbEntity
  8
HIDDEN
100
AcDbPolyline
 90
17
 70
0
 10
175.37385933159285
 20
212.68258668935448
 10
175.6083999913331
 20
212.8486875805722
 10
175.7938056894089
 20
213.08989285675563
 10
175.92295138881997
 20
213.39693313441055
 10
175.9908740927636
 20
213.75800902785682
 10
175.9949635698188
 20
214.159244593003
 10
175.9350626636757
 20
214.58522057209603
 10
175.81347333256457
 20
215.01956694714946
 10
175.63486818629192
 20
215.4455920305542
 10
175.40611092046612
 20
215.84692391727265
 10
175.13599254852429
 20
216.20813964796773
 10
174.834893568016
 20
216.51535790468097
 10
174.51438504390399
 20
216.75677246209682
 10
174.18678393902658
 20
216.92310589416064
 10
173.8646797801234
 20
217.0079661003591
 10
173.56045084938302
 20
217.00809195055814
 10
173.28578849400023
 20
216.92347860840522
  0
LWPOLYLINE
  5
284
330
17
100
AcDbEntity
  8
HIDDEN
100
AcDbPolyline
 90
2
 70
0
 10
173.28578849400023
 20
216.9234786084052
 10
173.03067097288272
 20
216.7368227015895
  0
LWPOLYLINE
  5
285
330
17
100
AcDbEntity
  8
HIDDEN
100
AcDbPolyline
 90
5
 70
0
 10
173.03067097288272
 20
214.14855997524364
 10
173.2948400488302
 20
213.69737468602517
 10
173.61008563346323
 20
213.30075367602802
 10
173.9608503404281
 20
212.97827021317187
 10
174.3298239127965
 20
212.7458388734854
  0
LWPOLYLINE
  5
286
330
17
100
AcDbEntity
  8
HIDDEN
100
AcDbPolyline
 90
5
 70
0
 10
172.2929610120271
 20
208.12679597467005
 10
172.58450516441704
 20
208.01358923500624
 10
172.86777316545434
 20
207.96427548494142
 10
173.1347238013786
 20
207.98025460869877
 10
173.37777906437015
 20
208.06107300209652
  0
LWPOLYLINE
  5
287
330
17
100
AcDbEntity
  8
HIDDEN
100
AcDbPolyline
 90
17
 70
0
 10
173.37777906437015
 20
208.06107300209652
 10
173.6214814686315
 20
208.23366220937743
 10
173.81412957678842
 20
208.48428956666177
 10
173.9483200300827
 20
208.80332360516257
 10
174.01889596464915
 20
209.17850402569658
 10
174.0231451869018
 20
209.5954128551063
 10
173.96090440161248
 20
210.03802852088265
 10
173.83456548725482
 20
210.4893415512116
 10
173.6489835774559
 20
210.93200823943684
 10
173.4112904809338
 20
211.34901715298022
 10
173.130620610088
 20
211.7243428731556
 10
172.8177599506536
 20
212.04356184302168
 10
172.48473156231844
 20
212.29440665658657
 10
172.14433353928175
 20
212.4672374883404
 10
171.8096471866714
 20
212.55541254634352
 10
171.49353431332398
 20
212.55554331256596
 10
171.20814295968407
 20
212.46762476173515
  0
LWPOLYLINE
  5
288
330
17
100
AcDbEntity
  8
HIDDEN
100
AcDbPolyline
 90
17
 70
0
 10
171.20814295968407
 20
212.46762476173515
 10
171.01276915348353
 20
212.33895843973443
 10
170.84776646073385
 20
212.16107433695635
 10
170.7170493849274
 20
211.93819255387302
 10
170.6237190418171
 20
211.6756007103634
 10
170.56998958892953
 20
211.37952850287283
 10
170.55713569716525
 20
211.05699991186432
 10
170.58546231066407
 20
210.71566656577411
 10
170.65429741234783
 20
210.36362621472418
 10
170.76200796677057
 20
210.00923062049898
 10
170.90603866204964
 20
209.66088742038113
 10
171.082972531769
 20
209.32686066540325
 10
171.28861201866823
 20
209.0150747650227
 10
171.51807855697226
 20
208.73292648941074
 10
171.765928310883
 20
208.48710948939126
 10
172.02628132346697
 20
208.28345549709553
 10
172.2929610120271
 20
208.12679597467005
  0
LWPOLYLINE
  5
289
330
17
100
AcDbEntity
  8
HIDDEN
100
AcDbPolyline
 90
16
 70
0
 10
176.00043490455576
 20
203.25092937279973
 10
175.99025253997584
 20
203.54776359828924
 10
175.94659656010185
 20
203.85636250285296
 10
175.87034705303375
 20
204.17050484888844
 10
175.7630411800949
 20
204.4838576451026
 10
175.46449579482814
 20
205.08306955786475
 10
175.2792748449429
 20
205.35684878809957
 10
175.07491332212186
 20
205.60592222184184
 10
174.8555310776394
 20
205.82526863254517
 10
174.6255507748573
 20
206.0104660792434
 10
174.38960872999803
 20
206.15778105121356
 10
174.1524614457574
 20
206.26424373414505
 10
173.91888972200286
 20
206.32770788047662
 10
173.69360227665004
 20
206.34689407693847
 10
173.48114081968455
 20
206.32141553704133
 10
173.28578849400023
 20
206.25178589854647
  0
LWPOLYLINE
  5
28A
330
17
100
AcDbEntity
  8
HIDDEN
100
AcDbPolyline
 90
2
 70
0
 10
173.28578849400023
 20
206.25178589854647
 10
173.03067097288272
 20
206.06512999173077
  0
LWPOLYLINE
  5
28B
330
17
100
AcDbEntity
  8
HIDDEN
100
AcDbPolyline
 90
5
 70
0
 10
179.81368556871425
 20
205.67423527056698
 10
179.96274573685346
 20
205.6163551329945
 10
180.10757448926353
 20
205.5911420878486
 10
180.24406052868343
 20
205.59931186540874
 10
180.3683293849498
 20
205.64063254774743
  0
LWPOLYLINE
  5
28C
330
17
100
AcDbEntity
  8
HIDDEN
100
AcDbPolyline
 90
17
 70
0
 10
180.3683293849498
 20
205.64063254774743
 10
180.4929291104368
 20
205.72887364620684
 10
180.59142588753957
 20
205.8570139491793
 10
180.6600345403517
 20
206.02012909668346
 10
180.69611847682177
 20
206.21195066507678
 10
180.6982910115073
 20
206.4251070590607
 10
180.6664686551188
 20
206.65140679795388
 10
180.601874322966
 20
206.88215330970098
 10
180.50699033900867
 20
207.10847913525976
 10
180.3854630415387
 20
207.32168670007894
 10
180.24196265644463
 20
207.51358255701072
 10
180.0820038230496
 20
207.6767922558896
 10
179.91173366961507
 20
207.80504373951678
 10
179.73769558264897
 20
207.8934083753007
 10
179.56657774823165
 20
207.93849035984363
 10
179.4049561287758
 20
207.93855721776188
 10
179.2590417524787
 20
207.89360637974312
  0
LWPOLYLINE
  5
28D
330
17
100
AcDbEntity
  8
HIDDEN
100
AcDbPolyline
 90
9
 70
0
 10
179.2590417524787
 20
207.89360637974312
 10
179.0747891063989
 20
207.73687383173592
 10
178.96023854635126
 20
207.48866175197412
 10
178.92619593404802
 20
207.1723846519896
 10
178.9758726004572
 20
206.81787779931645
 10
179.1045824123348
 20
206.45858277664482
 10
179.3001838277488
 20
206.12839284758937
 10
179.54422524030974
 20
205.85845571418383
 10
179.81368556871425
 20
205.67423527056698
  0
LWPOLYLINE
  5
28E
330
17
100
AcDbEntity
  8
HIDDEN
100
AcDbPolyline
 90
3
 70
0
 10
173.03067097288272
 20
208.35983302139792
 10
173.24877575742582
 20
208.37758262255926
 10
173.4480271257748
 20
208.4455544198657
  0
LWPOLYLINE
  5
28F
330
17
100
AcDbEntity
  8
HIDDEN
100
AcDbPolyline
 90
11
 70
0
 10
173.4480271257748
 20
208.4455544198657
 10
173.59534127675568
 20
208.53882137188185
 10
173.72366278815585
 20
208.6638458109871
 10
173.83076282751344
 20
208.81845617198275
 10
173.91478116078213
 20
208.99996700807372
 10
174.00816166533897
 20
209.4306668890683
 10
173.99734472257927
 20
209.92615186883003
 10
173.8830785925311
 20
210.45214686491292
 10
173.67326761374795
 20
210.97226627009724
 10
173.38242542214124
 20
211.45053092008425
 10
173.03067097288272
 20
211.85385694557647
  0
LWPOLYLINE
  5
290
330
17
100
AcDbEntity
  8
HIDDEN
100
AcDbPolyline
 90
5
 70
0
 10
172.2929610120271
 20
208.40001702296462
 10
172.54724012238225
 20
208.30128031769394
 10
172.794300935317
 20
208.2582698289156
 10
173.02713006138632
 20
208.27220650828292
 10
173.23911811031124
 20
208.34269473109597
  0
LWPOLYLINE
  5
291
330
17
100
AcDbEntity
  8
HIDDEN
100
AcDbPolyline
 90
10
 70
0
 10
173.23911811031127
 20
208.34269473109597
 10
173.3764218015928
 20
208.4281555466042
 10
173.49751820951212
 20
208.54108362809924
 10
173.68411288187727
 20
208.8421989023636
 10
173.78777894444585
 20
209.22809062935212
 10
173.80233671070184
 20
209.67575523544738
 10
173.7269183707795
 20
210.1585067748204
 10
173.56601972288635
 20
210.64756771792543
 10
173.32923217215742
 20
211.1137844223769
 10
173.03067097288272
 20
211.5293650244668
  0
LWPOLYLINE
  5
292
330
17
100
AcDbEntity
  8
HIDDEN
100
AcDbPolyline
 90
2
 70
0
 10
171.45495577082804
 20
212.22992352508513
 10
171.34680391374295
 20
212.1860030327357
  0
LWPOLYLINE
  5
293
330
17
100
AcDbEntity
  8
HIDDEN
100
AcDbPolyline
 90
17
 70
0
 10
171.34680391374295
 20
212.1860030327357
 10
171.1764026993124
 20
212.07378278196813
 10
171.03249057631268
 20
211.9186357449587
 10
170.91848169816572
 20
211.72424261084092
 10
170.83708079740788
 20
211.4952151383062
 10
170.79021901894953
 20
211.23698674681066
 10
170.7790081058318
 20
210.95568361480323
 10
170.8037140243721
 20
210.65797934302532
 10
170.86375065441212
 20
210.35093663083137
 10
170.95769369435976
 20
210.04183972158236
 10
171.0833144511445
 20
209.73802159215623
 10
171.23763271345612
 20
209.44668998631087
 10
171.41698745390957
 20
209.17475641906165
 10
171.61712368280632
 20
208.9286722087535
 10
171.83329339298413
 20
208.71427542678163
 10
172.0603682009521
 20
208.53665239590717
 10
172.2929610120271
 20
208.40001702296462
  0
LWPOLYLINE
  5
294
330
17
100
AcDbEntity
  8
HIDDEN
100
AcDbPolyline
 90
2
 70
0
 10
161.01840258372962
 20
221.17069025678046
 10
178.77566889812982
 20
212.42761671135406
  0
LWPOLYLINE
  5
295
330
17
100
AcDbEntity
  8
HIDDEN
100
AcDbPolyline
 90
2
 70
0
 10
178.77566889812982
 20
212.42761671135406
 10
178.77566889812982
 20
196.9986633958957
  0
LWPOLYLINE
  5
296
330
17
100
AcDbEntity
  8
HIDDEN
100
AcDbPolyline
 90
17
 70
0
 10
171.7249896262356
 20
211.46330712913792
 10
171.468335489877
 20
211.61407719583315
 10
171.217770184533
 20
211.81007502300494
 10
170.97923809054373
 20
212.0466507824222
 10
170.75839811383008
 20
212.3181919800036
 10
170.56048943470904
 20
212.6182566059338
 10
170.39020721422725
 20
212.939725964108
 10
170.2515912067406
 20
213.27497355519887
 10
170.14792992128113
 20
213.616046006784
 10
170.08168260537497
 20
213.9548517581704
 10
170.05442090215806
 20
214.28335302358053
 10
170.06679156490864
 20
214.5937564795887
 10
170.11850111355233
 20
214.87869815296312
 10
170.2083227971472
 20
215.13141812265658
 10
170.33412569717143
 20
215.3459208913383
 10
170.49292528117113
 20
215.51711762183146
 10
170.6809542074393
 20
215.64094686405772
  0
LWPOLYLINE
  5
297
330
17
100
AcDbEntity
  8
HIDDEN
100
AcDbPolyline
 90
17
 70
0
 10
170.6809542074393
 20
215.64094686405772
 10
170.9556165628221
 20
215.72556020621067
 10
171.2598454935625
 20
215.72543435601162
 10
171.58194965246565
 20
215.64057414981318
 10
171.90955075734308
 20
215.47424071774932
 10
172.2300592814551
 20
215.23282616033347
 10
172.53115826196338
 20
214.92560790362026
 10
172.80127663390522
 20
214.56439217292518
 10
173.03003389973102
 20
214.1630602862067
 10
173.20863904600364
 20
213.73703520280196
 10
173.33022837711476
 20
213.30268882774857
 10
173.39012928325786
 20
212.87671284865553
 10
173.3860398062027
 20
212.47547728350935
 10
173.31811710225907
 20
212.11440139006305
 10
173.188971402848
 20
211.80736111240816
 10
173.0035657047722
 20
211.5661558362247
 10
172.76902504503192
 20
211.400054945007
  0
LWPOLYLINE
  5
298
330
17
100
AcDbEntity
  8
HIDDEN
100
AcDbPolyline
 90
5
 70
0
 10
172.76902504503192
 20
211.400054945007
 10
172.53510719794232
 20
211.32227483707535
 10
172.27819230021072
 20
211.30689643225622
 10
172.00557347214476
 20
211.3543562819427
 10
171.72498962623564
 20
211.46330712913792
  0
LWPOLYLINE
  5
299
330
17
100
AcDbEntity
  8
HIDDEN
100
AcDbPolyline
 90
9
 70
0
 10
177.20885128215335
 20
204.3917035262195
 10
176.93939095374884
 20
204.57592396983637
 10
176.69534954118788
 20
204.8458611032419
 10
176.4997481257739
 20
205.17605103229735
 10
176.37103831389626
 20
205.53534605496898
 10
176.32136164748712
 20
205.88985290764214
 10
176.35540425979033
 20
206.20613000762663
 10
176.469954819838
 20
206.45434208738845
 10
176.65420746591778
 20
206.61107463539565
  0
LWPOLYLINE
  5
29A
330
17
100
AcDbEntity
  8
HIDDEN
100
AcDbPolyline
 90
17
 70
0
 10
176.6542074659178
 20
206.61107463539565
 10
176.8001218422149
 20
206.6560254734144
 10
176.96174346167072
 20
206.65595861549616
 10
177.13286129608804
 20
206.61087663095321
 10
177.30689938305417
 20
206.5225119951693
 10
177.47716953648867
 20
206.39426051154214
 10
177.6371283698837
 20
206.23105081266323
 10
177.7806287549778
 20
206.03915495573148
 10
177.90215605244776
 20
205.8259473909123
 10
177.9970400364051
 20
205.59962156535352
 10
178.0616343685579
 20
205.36887505360642
 10
178.0934567249464
 20
205.1425753147132
 10
178.09128419026084
 20
204.92941892072932
 10
178.0552002537908
 20
204.737597352336
 10
177.98659160097867
 20
204.5744822048318
 10
177.8880948238759
 20
204.44634190185937
 10
177.7634950983889
 20
204.35810080339996
  0
LWPOLYLINE
  5
29B
330
17
100
AcDbEntity
  8
HIDDEN
100
AcDbPolyline
 90
5
 70
0
 10
177.7634950983889
 20
204.35810080339996
 10
177.63922624212253
 20
204.31678012106124
 10
177.5027402027026
 20
204.3086103435011
 10
177.35791145029256
 20
204.33382338864703
 10
177.20885128215335
 20
204.3917035262195
  0
LWPOLYLINE
  5
29C
330
17
100
AcDbEntity
  8
HIDDEN
100
AcDbPolyline
 90
17
 70
0
 10
171.7249896262356
 20
200.7916144192792
 10
171.468335489877
 20
200.94238448597443
 10
171.217770184533
 20
201.13838231314625
 10
170.97923809054373
 20
201.3749580725635
 10
170.75839811383008
 20
201.64649927014491
 10
170.56048943470904
 20
201.94656389607508
 10
170.39020721422725
 20
202.26803325424927
 10
170.2515912067406
 20
202.60328084534015
 10
170.14792992128113
 20
202.94435329692527
 10
170.08168260537497
 20
203.2831590483117
 10
170.05442090215806
 20
203.6116603137218
 10
170.06679156490864
 20
203.92206376973002
 10
170.11850111355233
 20
204.2070054431044
 10
170.2083227971472
 20
204.45972541279787
 10
170.33412569717143
 20
204.67422818147958
 10
170.49292528117113
 20
204.84542491197274
 10
170.6809542074393
 20
204.969254154199
  0
LWPOLYLINE
  5
29D
330
17
100
AcDbEntity
  8
HIDDEN
100
AcDbPolyline
 90
17
 70
0
 10
170.6809542074393
 20
204.969254154199
 10
170.9556165628221
 20
205.05386749635196
 10
171.2598454935625
 20
205.05374164615293
 10
171.58194965246565
 20
204.96888143995446
 10
171.90955075734308
 20
204.8025480078906
 10
172.2300592814551
 20
204.56113345047476
 10
172.53115826196338
 20
204.25391519376154
 10
172.80127663390522
 20
203.89269946306646
 10
173.03003389973102
 20
203.491367576348
 10
173.20863904600364
 20
203.06534249294327
 10
173.33022837711476
 20
202.63099611788985
 10
173.39012928325786
 20
202.2050201387968
 10
173.3860398062027
 20
201.80378457365063
 10
173.31811710225907
 20
201.44270868020436
 10
173.188971402848
 20
201.13566840254947
 10
173.0035657047722
 20
200.89446312636602
 10
172.76902504503192
 20
200.7283622351483
  0
LWPOLYLINE
  5
29E
330
17
100
AcDbEntity
  8
HIDDEN
100
AcDbPolyline
 90
5
 70
0
 10
172.76902504503192
 20
200.7283622351483
 10
172.53510719794232
 20
200.65058212721664
 10
172.27819230021072
 20
200.63520372239753
 10
172.00557347214476
 20
200.68266357208398
 10
171.72498962623564
 20
200.7916144192792
  0
LWPOLYLINE
  5
29F
330
17
100
AcDbEntity
  8
HIDDEN
100
AcDbPolyline
 90
17
 70
0
 10
168.0690818556238
 20
213.26335168260806
 10
167.8124277192652
 20
213.4141217493033
 10
167.5618624139212
 20
213.61011957647509
 10
167.32333031993193
 20
213.84669533589235
 10
167.10249034321828
 20
214.11823653347375
 10
166.9045816640972
 20
214.41830115940394
 10
166.73429944361544
 20
214.73977051757814
 10
166.5956834361288
 20
215.075018108669
 10
166.49202215066933
 20
215.41609056025413
 10
166.42577483476316
 20
215.75489631164055
 10
166.39851313154622
 20
216.08339757705068
 10
166.4108837942968
 20
216.39380103305888
 10
166.46259334294052
 20
216.67874270643327
 10
166.55241502653539
 20
216.93146267612673
 10
166.67821792655963
 20
217.14596544480844
 10
166.83701751055932
 20
217.3171621753016
 10
167.0250464368275
 20
217.44099141752787
  0
LWPOLYLINE
  5
2A0
330
17
100
AcDbEntity
  8
HIDDEN
100
AcDbPolyline
 90
17
 70
0
 10
167.0250464368275
 20
217.44099141752787
 10
167.29970879221028
 20
217.52560475968082
 10
167.60393772295066
 20
217.52547890948176
 10
167.92604188185385
 20
217.4406187032833
 10
168.25364298673128
 20
217.27428527121947
 10
168.5741515108433
 20
217.03287071380362
 10
168.87525049135158
 20
216.7256524570904
 10
169.1453688632934
 20
216.36443672639533
 10
169.3741261291192
 20
215.96310483967687
 10
169.55273127539184
 20
215.5370797562721
 10
169.67432060650296
 20
215.1027333812187
 10
169.73422151264606
 20
214.67675740212567
 10
169.73013203559088
 20
214.2755218369795
 10
169.66220933164723
 20
213.91444594353322
 10
169.5330636322362
 20
213.6074056658783
 10
169.34765793416037
 20
213.36620038969488
 10
169.11311727442012
 20
213.20009949847716
  0
LWPOLYLINE
  5
2A1
330
17
100
AcDbEntity
  8
HIDDEN
100
AcDbPolyline
 90
5
 70
0
 10
169.11311727442012
 20
213.20009949847716
 10
168.87919942733052
 20
213.1223193905455
 10
168.6222845295989
 20
213.1069409857264
 10
168.34966570153293
 20
213.15440083541284
 10
168.06908185562384
 20
213.26335168260806
  0
LWPOLYLINE
  5
2A2
330
17
100
AcDbEntity
  8
HIDDEN
100
AcDbPolyline
 90
17
 70
0
 10
169.8970357409297
 20
206.9471239190923
 10
169.6303560523696
 20
207.1037834415178
 10
169.37000303978562
 20
207.3074374338135
 10
169.12215328587487
 20
207.553254433833
 10
168.89268674757082
 20
207.83540270944493
 10
168.68704726067162
 20
208.1471886098255
 10
168.51011339095226
 20
208.48121536480338
 10
168.36608269567319
 20
208.82955856492123
 10
168.25837214125045
 20
209.18395415914642
 10
168.1895370395667
 20
209.53599451019636
 10
168.16121042606787
 20
209.87732785628657
 10
168.17406431783215
 20
210.19985644729508
 10
168.22779377071973
 20
210.49592865478564
 10
168.32112411383002
 20
210.75852049829527
 10
168.45184118963647
 20
210.98140228137862
 10
168.61684388238615
 20
211.15928638415667
 10
168.81221768858666
 20
211.2879527061574
  0
LWPOLYLINE
  5
2A3
330
17
100
AcDbEntity
  8
HIDDEN
100
AcDbPolyline
 90
17
 70
0
 10
168.81221768858668
 20
211.2879527061574
 10
169.0976090422266
 20
211.3758712569882
 10
169.41372191557403
 20
211.37574049076576
 10
169.74840826818436
 20
211.28756543276268
 10
170.08880629122106
 20
211.11473460100882
 10
170.4218346795562
 20
210.86388978744392
 10
170.7346953389906
 20
210.54467081757784
 10
171.0153652098364
 20
210.16934509740247
 10
171.25305830635853
 20
209.7523361838591
 10
171.43864021615744
 20
209.30966949563384
 10
171.5649791305151
 20
208.8583564653049
 10
171.6272199158044
 20
208.41574079952855
 10
171.62297069355176
 20
207.99883197011883
 10
171.55239475898532
 20
207.62365154958482
 10
171.41820430569103
 20
207.30461751108402
 10
171.22555619753413
 20
207.05399015379967
 10
170.98185379327276
 20
206.88140094651877
  0
LWPOLYLINE
  5
2A4
330
17
100
AcDbEntity
  8
HIDDEN
100
AcDbPolyline
 90
5
 70
0
 10
170.98185379327276
 20
206.88140094651877
 10
170.73879853028123
 20
206.80058255312102
 10
170.47184789435696
 20
206.78460342936367
 10
170.18857989331968
 20
206.8339171794285
 10
169.89703574092974
 20
206.9471239190923
  0
LWPOLYLINE
  5
2A5
330
17
100
AcDbEntity
  8
HIDDEN
100
AcDbPolyline
 90
17
 70
0
 10
168.0690818556238
 20
202.59165897274934
 10
167.8124277192652
 20
202.74242903944457
 10
167.5618624139212
 20
202.9384268666164
 10
167.32333031993193
 20
203.17500262603363
 10
167.10249034321828
 20
203.44654382361506
 10
166.9045816640972
 20
203.74660844954522
 10
166.73429944361544
 20
204.06807780771942
 10
166.5956834361288
 20
204.4033253988103
 10
166.49202215066933
 20
204.74439785039542
 10
166.42577483476316
 20
205.08320360178183
 10
166.39851313154622
 20
205.41170486719196
 10
166.4108837942968
 20
205.72210832320016
 10
166.46259334294052
 20
206.00704999657455
 10
166.55241502653539
 20
206.259769966268
 10
166.67821792655963
 20
206.47427273494972
 10
166.83701751055932
 20
206.6454694654429
 10
167.0250464368275
 20
206.76929870766915
  0
LWPOLYLINE
  5
2A6
330
17
100
AcDbEntity
  8
HIDDEN
100
AcDbPolyline
 90
17
 70
0
 10
167.0250464368275
 20
206.76929870766915
 10
167.29970879221028
 20
206.8539120498221
 10
167.60393772295066
 20
206.85378619962307
 10
167.92604188185385
 20
206.7689259934246
 10
168.25364298673128
 20
206.60259256136075
 10
168.5741515108433
 20
206.36117800394493
 10
168.87525049135158
 20
206.0539597472317
 10
169.1453688632934
 20
205.6927440165366
 10
169.3741261291192
 20
205.29141212981816
 10
169.55273127539184
 20
204.8653870464134
 10
169.67432060650296
 20
204.43104067136
 10
169.73422151264606
 20
204.00506469226696
 10
169.73013203559088
 20
203.60382912712078
 10
169.66220933164723
 20
203.2427532336745
 10
169.5330636322362
 20
202.9357129560196
 10
169.34765793416037
 20
202.69450767983616
 10
169.11311727442012
 20
202.52840678861844
  0
LWPOLYLINE
  5
2A7
330
17
100
AcDbEntity
  8
HIDDEN
100
AcDbPolyline
 90
5
 70
0
 10
169.11311727442012
 20
202.52840678861844
 10
168.87919942733052
 20
202.45062668068678
 10
168.6222845295989
 20
202.43524827586768
 10
168.34966570153293
 20
202.48270812555413
 10
168.06908185562384
 20
202.59165897274934
  0
LWPOLYLINE
  5
2A8
330
17
100
AcDbEntity
  8
HIDDEN
100
AcDbPolyline
 90
9
 70
0
 10
162.5852201997061
 20
211.59188174010006
 10
162.3157598713016
 20
211.77610218371692
 10
162.07171845874066
 20
212.04603931712248
 10
161.87611704332664
 20
212.37622924617793
 10
161.74740723144905
 20
212.73552426884953
 10
161.6977305650399
 20
213.0900311215227
 10
161.73177317734311
 20
213.4063082215072
 10
161.84632373739075
 20
213.654520301269
 10
162.03057638347056
 20
213.8112528492762
  0
LWPOLYLINE
  5
2A9
330
17
100
AcDbEntity
  8
HIDDEN
100
AcDbPolyline
 90
17
 70
0
 10
162.03057638347056
 20
213.81125284927623
 10
162.17649075976766
 20
213.85620368729496
 10
162.3381123792235
 20
213.85613682937674
 10
162.50923021364082
 20
213.8110548448338
 10
162.68326830060693
 20
213.7226902090499
 10
162.85353845404146
 20
213.59443872542272
 10
163.01349728743648
 20
213.4312290265438
 10
163.15699767253057
 20
213.23933316961205
 10
163.27852497000052
 20
213.02612560479287
 10
163.37340895395786
 20
212.7997997792341
 10
163.43800328611064
 20
212.56905326748696
 10
163.4698256424992
 20
212.3427535285938
 10
163.46765310781362
 20
212.1295971346099
 10
163.43156917134354
 20
211.93777556621654
 10
163.36296051853142
 20
211.7746604187124
 10
163.26446374142864
 20
211.64652011573992
 10
163.13986401594164
 20
211.55827901728054
  0
LWPOLYLINE
  5
2AA
330
17
100
AcDbEntity
  8
HIDDEN
100
AcDbPolyline
 90
5
 70
0
 10
163.13986401594164
 20
211.5582790172805
 10
163.01559515967529
 20
211.51695833494182
 10
162.87910912025535
 20
211.50878855738168
 10
162.73428036784532
 20
211.5340016025276
 10
162.5852201997061
 20
211.59188174010006
  0
LWPOLYLINE
  5
2AB
330
17
100
AcDbEntity
  8
HIDDEN
100
AcDbPolyline
 90
2
 70
0
 10
178.77566889812982
 20
212.42761671135406
 10
177.7376522275454
 20
211.9165326327795
  0
LWPOLYLINE
  5
2AC
330
17
100
AcDbEntity
  8
HIDDEN
100
AcDbPolyline
 90
2
 70
0
 10
159.9803859131452
 20
220.6596061782059
 10
177.7376522275454
 20
211.9165326327795
  0
LWPOLYLINE
  5
2AD
330
17
100
AcDbEntity
  8
HIDDEN
100
AcDbPolyline
 90
2
 70
0
 10
177.7376522275454
 20
211.9165326327795
 10
177.7376522275454
 20
196.48757931732115
  0
LWPOLYLINE
  5
2AE
330
17
100
AcDbEntity
  8
HIDDEN
100
AcDbPolyline
 90
17
 70
0
 10
170.6869729556512
 20
210.95222305056336
 10
170.43031881929258
 20
211.10299311725856
 10
170.1797535139486
 20
211.2989909444304
 10
169.94122141995933
 20
211.53556670384765
 10
169.72038144324566
 20
211.80710790142905
 10
169.52247276412461
 20
212.10717252735924
 10
169.35219054364282
 20
212.42864188553344
 10
169.21357453615622
 20
212.7638894766243
 10
169.1099132506967
 20
213.10496192820943
 10
169.04366593479054
 20
213.44376767959585
 10
169.01640423157363
 20
213.77226894500598
 10
169.02877489432421
 20
214.08267240101418
 10
169.0804844429679
 20
214.36761407438854
 10
169.17030612656276
 20
214.62033404408203
 10
169.296109026587
 20
214.83483681276374
 10
169.4549086105867
 20
215.0060335432569
 10
169.64293753685487
 20
215.12986278548317
  0
LWPOLYLINE
  5
2AF
330
17
100
AcDbEntity
  8
HIDDEN
100
AcDbPolyline
 90
17
 70
0
 10
169.6429375368549
 20
215.12986278548317
 10
169.9175998922377
 20
215.21447612763612
 10
170.22182882297807
 20
215.21435027743706
 10
170.54393298188123
 20
215.1294900712386
 10
170.87153408675866
 20
214.96315663917477
 10
171.1920426108707
 20
214.72174208175892
 10
171.49314159137896
 20
214.4145238250457
 10
171.7632599633208
 20
214.0533080943506
 10
171.9920172291466
 20
213.65197620763215
 10
172.1706223754192
 20
213.2259511242274
 10
172.29221170653034
 20
212.791604749174
 10
172.35211261267347
 20
212.36562877008097
 10
172.34802313561826
 20
211.96439320493477
 10
172.28010043167464
 20
211.60331731148852
 10
172.15095473226359
 20
211.2962770338336
 10
171.96554903418777
 20
211.05507175765015
 10
171.73100837444753
 20
210.88897086643246
  0
LWPOLYLINE
  5
2B0
330
17
100
AcDbEntity
  8
HIDDEN
100
AcDbPolyline
 90
5
 70
0
 10
171.73100837444753
 20
210.88897086643246
 10
171.4970905273579
 20
210.8111907585008
 10
171.2401756296263
 20
210.7958123536817
 10
170.96755680156033
 20
210.84327220336814
 10
170.6869729556512
 20
210.95222305056336
  0
LWPOLYLINE
  5
2B1
330
17
100
AcDbEntity
  8
HIDDEN
100
AcDbPolyline
 90
9
 70
0
 10
176.17083461156892
 20
203.88061944764493
 10
175.90137428316442
 20
204.0648398912618
 10
175.65733287060348
 20
204.33477702466735
 10
175.46173145518947
 20
204.6649669537228
 10
175.33302164331184
 20
205.02426197639443
 10
175.2833449769027
 20
205.37876882906758
 10
175.3173875892059
 20
205.69504592905207
 10
175.43193814925357
 20
205.94325800881387
 10
175.61619079533338
 20
206.09999055682107
  0
LWPOLYLINE
  5
2B2
330
17
100
AcDbEntity
  8
HIDDEN
100
AcDbPolyline
 90
17
 70
0
 10
175.61619079533338
 20
206.09999055682107
 10
175.76210517163048
 20
206.14494139483983
 10
175.92372679108632
 20
206.1448745369216
 10
176.09484462550364
 20
206.09979255237866
 10
176.26888271246975
 20
206.01142791659476
 10
176.43915286590428
 20
205.8831764329676
 10
176.5991116992993
 20
205.71996673408867
 10
176.7426120843934
 20
205.52807087715692
 10
176.86413938186334
 20
205.31486331233774
 10
176.95902336582068
 20
205.08853748677896
 10
177.02361769797346
 20
204.85779097503183
 10
177.05544005436198
 20
204.63149123613866
 10
177.0532675196764
 20
204.41833484215476
 10
177.01718358320636
 20
204.22651327376144
 10
176.94857493039424
 20
204.06339812625725
 10
176.85007815329146
 20
203.93525782328481
 10
176.72547842780446
 20
203.84701672482538
  0
LWPOLYLINE
  5
2B3
330
17
100
AcDbEntity
  8
HIDDEN
100
AcDbPolyline
 90
5
 70
0
 10
176.72547842780446
 20
203.84701672482538
 10
176.6012095715381
 20
203.8056960424867
 10
176.46472353211817
 20
203.79752626492655
 10
176.31989477970814
 20
203.82273931007248
 10
176.17083461156892
 20
203.88061944764493
  0
LWPOLYLINE
  5
2B4
330
17
100
AcDbEntity
  8
HIDDEN
100
AcDbPolyline
 90
17
 70
0
 10
170.6869729556512
 20
200.28053034070464
 10
170.43031881929258
 20
200.43130040739987
 10
170.1797535139486
 20
200.6272982345717
 10
169.94122141995933
 20
200.86387399398893
 10
169.72038144324566
 20
201.13541519157036
 10
169.52247276412461
 20
201.43547981750052
 10
169.35219054364282
 20
201.75694917567472
 10
169.21357453615622
 20
202.0921967667656
 10
169.1099132506967
 20
202.43326921835072
 10
169.04366593479054
 20
202.77207496973713
 10
169.01640423157363
 20
203.10057623514726
 10
169.02877489432421
 20
203.41097969115546
 10
169.0804844429679
 20
203.69592136452985
 10
169.17030612656276
 20
203.9486413342233
 10
169.296109026587
 20
204.16314410290502
 10
169.4549086105867
 20
204.3343408333982
 10
169.64293753685487
 20
204.45817007562445
  0
LWPOLYLINE
  5
2B5
330
17
100
AcDbEntity
  8
HIDDEN
100
AcDbPolyline
 90
17
 70
0
 10
169.6429375368549
 20
204.45817007562445
 10
169.9175998922377
 20
204.5427834177774
 10
170.22182882297807
 20
204.54265756757837
 10
170.54393298188123
 20
204.4577973613799
 10
170.87153408675866
 20
204.29146392931608
 10
171.1920426108707
 20
204.05004937190023
 10
171.49314159137896
 20
203.742831115187
 10
171.7632599633208
 20
203.3816153844919
 10
171.9920172291466
 20
202.98028349777346
 10
172.1706223754192
 20
202.5542584143687
 10
172.29221170653034
 20
202.1199120393153
 10
172.35211261267347
 20
201.69393606022226
 10
172.34802313561826
 20
201.29270049507608
 10
172.28010043167464
 20
200.9316246016298
 10
172.15095473226359
 20
200.6245843239749
 10
171.96554903418777
 20
200.38337904779146
 10
171.73100837444753
 20
200.21727815657374
  0
LWPOLYLINE
  5
2B6
330
17
100
AcDbEntity
  8
HIDDEN
100
AcDbPolyline
 90
5
 70
0
 10
171.73100837444753
 20
200.21727815657374
 10
171.4970905273579
 20
200.13949804864208
 10
171.2401756296263
 20
200.12411964382298
 10
170.96755680156033
 20
200.17157949350943
 10
170.6869729556512
 20
200.28053034070464
  0
LWPOLYLINE
  5
2B7
330
17
100
AcDbEntity
  8
HIDDEN
100
AcDbPolyline
 90
17
 70
0
 10
167.03106518503938
 20
212.7522676040335
 10
166.77441104868078
 20
212.9030376707287
 10
166.5238457433368
 20
213.09903549790053
 10
166.28531364934753
 20
213.3356112573178
 10
166.06447367263385
 20
213.6071524548992
 10
165.8665649935128
 20
213.90721708082935
 10
165.69628277303102
 20
214.22868643900358
 10
165.5576667655444
 20
214.56393403009446
 10
165.4540054800849
 20
214.90500648167958
 10
165.38775816417873
 20
215.243812233066
 10
165.36049646096183
 20
215.57231349847612
 10
165.3728671237124
 20
215.8827169544843
 10
165.4245766723561
 20
216.1676586278587
 10
165.51439835595096
 20
216.42037859755217
 10
165.6402012559752
 20
216.63488136623386
 10
165.7990008399749
 20
216.80607809672705
 10
165.98702976624307
 20
216.92990733895329
  0
LWPOLYLINE
  5
2B8
330
17
100
AcDbEntity
  8
HIDDEN
100
AcDbPolyline
 90
17
 70
0
 10
165.9870297662431
 20
216.9299073389533
 10
166.26169212162586
 20
217.01452068110626
 10
166.56592105236626
 20
217.0143948309072
 10
166.88802521126942
 20
216.92953462470874
 10
167.21562631614685
 20
216.7632011926449
 10
167.53613484025888
 20
216.52178663522906
 10
167.83723382076715
 20
216.21456837851585
 10
168.107352192709
 20
215.85335264782074
 10
168.3361094585348
 20
215.4520207611023
 10
168.5147146048074
 20
215.02599567769755
 10
168.63630393591853
 20
214.59164930264416
 10
168.69620484206166
 20
214.16567332355112
 10
168.69211536500646
 20
213.7644377584049
 10
168.6241926610628
 20
213.40336186495864
 10
168.49504696165178
 20
213.09632158730375
 10
168.30964126357597
 20
212.8551163111203
 10
168.07510060383572
 20
212.6890154199026
  0
LWPOLYLINE
  5
2B9
330
17
100
AcDbEntity
  8
HIDDEN
100
AcDbPolyline
 90
5
 70
0
 10
168.07510060383572
 20
212.6890154199026
 10
167.8411827567461
 20
212.61123531197092
 10
167.5842678590145
 20
212.5958569071518
 10
167.31164903094853
 20
212.64331675683826
 10
167.0310651850394
 20
212.7522676040335
  0
LWPOLYLINE
  5
2BA
330
17
100
AcDbEntity
  8
HIDDEN
100
AcDbPolyline
 90
17
 70
0
 10
169.06792808580883
 20
206.53889952928745
 10
168.8012483972487
 20
206.69555905171296
 10
168.5408953846647
 20
206.89921304400866
 10
168.29304563075397
 20
207.14503004402815
 10
168.06357909244994
 20
207.4271783196401
 10
167.8579396055507
 20
207.73896422002065
 10
167.68100573583138
 20
208.07299097499853
 10
167.5369750405523
 20
208.4213341751164
 10
167.42926448612957
 20
208.77572976934158
 10
167.36042938444578
 20
209.12777012039152
 10
167.33210277094696
 20
209.46910346648173
 10
167.34495666271124
 20
209.79163205749023
 10
167.39868611559885
 20
210.08770426498083
 10
167.49201645870914
 20
210.35029610849045
 10
167.62273353451556
 20
210.57317789157378
 10
167.78773622726524
 20
210.75106199435183
 10
167.98311003346578
 20
210.87972831635255
  0
LWPOLYLINE
  5
2BB
330
17
100
AcDbEntity
  8
HIDDEN
100
AcDbPolyline
 90
17
 70
0
 10
167.98311003346578
 20
210.87972831635255
 10
168.26850138710572
 20
210.96764686718336
 10
168.58461426045315
 20
210.96751610096092
 10
168.91930061306348
 20
210.87934104295783
 10
169.25969863610015
 20
210.706510211204
 10
169.59272702443533
 20
210.45566539763908
 10
169.9055876838697
 20
210.13644642777302
 10
170.18625755471552
 20
209.76112070759766
 10
170.42395065123765
 20
209.34411179405424
 10
170.60953256103653
 20
208.901445105829
 10
170.7358714753942
 20
208.45013207550008
 10
170.79811226068352
 20
208.0075164097237
 10
170.79386303843086
 20
207.590607580314
 10
170.7232871038644
 20
207.21542715978
 10
170.58909665057013
 20
206.89639312127917
 10
170.39644854241322
 20
206.64576576399483
 10
170.15274613815188
 20
206.47317655671392
  0
LWPOLYLINE
  5
2BC
330
17
100
AcDbEntity
  8
HIDDEN
100
AcDbPolyline
 90
5
 70
0
 10
170.15274613815188
 20
206.47317655671392
 10
169.90969087516032
 20
206.3923581633162
 10
169.64274023923605
 20
206.37637903955883
 10
169.35947223819878
 20
206.42569278962367
 10
169.06792808580883
 20
206.53889952928745
  0
LWPOLYLINE
  5
2BD
330
17
100
AcDbEntity
  8
HIDDEN
100
AcDbPolyline
 90
17
 70
0
 10
167.03106518503938
 20
202.0805748941748
 10
166.77441104868078
 20
202.23134496087002
 10
166.5238457433368
 20
202.4273427880418
 10
166.28531364934753
 20
202.66391854745908
 10
166.06447367263385
 20
202.93545974504048
 10
165.8665649935128
 20
203.23552437097067
 10
165.69628277303102
 20
203.55699372914486
 10
165.5576667655444
 20
203.89224132023574
 10
165.4540054800849
 20
204.23331377182086
 10
165.38775816417873
 20
204.57211952320728
 10
165.36049646096183
 20
204.9006207886174
 10
165.3728671237124
 20
205.2110242446256
 10
165.4245766723561
 20
205.495965918
 10
165.51439835595096
 20
205.74868588769345
 10
165.6402012559752
 20
205.96318865637517
 10
165.7990008399749
 20
206.13438538686833
 10
165.98702976624307
 20
206.2582146290946
  0
LWPOLYLINE
  5
2BE
330
17
100
AcDbEntity
  8
HIDDEN
100
AcDbPolyline
 90
17
 70
0
 10
165.9870297662431
 20
206.2582146290946
 10
166.26169212162586
 20
206.34282797124754
 10
166.56592105236626
 20
206.3427021210485
 10
166.88802521126942
 20
206.25784191485005
 10
167.21562631614685
 20
206.0915084827862
 10
167.53613484025888
 20
205.85009392537035
 10
167.83723382076715
 20
205.54287566865713
 10
168.107352192709
 20
205.18165993796205
 10
168.3361094585348
 20
204.7803280512436
 10
168.5147146048074
 20
204.35430296783886
 10
168.63630393591853
 20
203.91995659278544
 10
168.69620484206166
 20
203.4939806136924
 10
168.69211536500646
 20
203.09274504854622
 10
168.6241926610628
 20
202.73166915509995
 10
168.49504696165178
 20
202.42462887744503
 10
168.30964126357597
 20
202.1834236012616
 10
168.07510060383572
 20
202.01732271004389
  0
LWPOLYLINE
  5
2BF
330
17
100
AcDbEntity
  8
HIDDEN
100
AcDbPolyline
 90
5
 70
0
 10
168.07510060383572
 20
202.01732271004389
 10
167.8411827567461
 20
201.93954260211223
 10
167.5842678590145
 20
201.92416419729312
 10
167.31164903094853
 20
201.97162404697957
 10
167.0310651850394
 20
202.0805748941748
  0
LWPOLYLINE
  5
2C0
330
17
100
AcDbEntity
  8
HIDDEN
100
AcDbPolyline
 90
9
 70
0
 10
161.54720352912167
 20
211.0807976615255
 10
161.27774320071717
 20
211.2650181051424
 10
161.03370178815624
 20
211.53495523854792
 10
160.83810037274225
 20
211.86514516760337
 10
160.70939056086462
 20
212.224440190275
 10
160.65971389445548
 20
212.57894704294816
 10
160.6937565067587
 20
212.89522414293265
 10
160.80830706680632
 20
213.14343622269445
 10
160.99255971288613
 20
213.30016877070165
  0
LWPOLYLINE
  5
2C1
330
17
100
AcDbEntity
  8
HIDDEN
100
AcDbPolyline
 90
17
 70
0
 10
160.99255971288613
 20
213.30016877070165
 10
161.13847408918326
 20
213.3451196087204
 10
161.30009570863908
 20
213.34505275080218
 10
161.4712135430564
 20
213.29997076625924
 10
161.64525163002253
 20
213.21160613047533
 10
161.81552178345703
 20
213.08335464684816
 10
161.97548061685205
 20
212.92014494796925
 10
162.11898100194614
 20
212.7282490910375
 10
162.2405082994161
 20
212.5150415262183
 10
162.33539228337344
 20
212.28871570065954
 10
162.39998661552625
 20
212.0579691889124
 10
162.43180897191476
 20
211.83166945001923
 10
162.4296364372292
 20
211.61851305603534
 10
162.3935525007591
 20
211.426691487642
 10
162.324943847947
 20
211.26357634013783
 10
162.22644707084424
 20
211.1354360371654
 10
162.1018473453572
 20
211.04719493870596
  0
LWPOLYLINE
  5
2C2
330
17
100
AcDbEntity
  8
HIDDEN
100
AcDbPolyline
 90
5
 70
0
 10
162.1018473453572
 20
211.04719493870596
 10
161.97757848909086
 20
211.00587425636726
 10
161.84109244967095
 20
210.99770447880712
 10
161.6962636972609
 20
211.02291752395305
 10
161.54720352912167
 20
211.0807976615255
  0
LWPOLYLINE
  5
2C3
330
17
100
AcDbEntity
  8
HIDDEN
100
AcDbPolyline
 90
17
 70
0
 10
168.8590190703453
 20
206.7092608888123
 10
168.62642625927032
 20
206.84589626175483
 10
168.39935145130232
 20
207.02351929262932
 10
168.18318174112454
 20
207.2379160746012
 10
167.98304551222776
 20
207.48400028490934
 10
167.8036907717743
 20
207.75593385215856
 10
167.6493725094627
 20
208.04726545800392
 10
167.52375175267795
 20
208.35108358743005
 10
167.4298087127303
 20
208.66018049667906
 10
167.36977208269033
 20
208.967223208873
 10
167.34506616414998
 20
209.26492748065093
 10
167.35627707726772
 20
209.54623061265835
 10
167.40313885572607
 20
209.8044590041539
 10
167.4845397564839
 20
210.0334864766886
 10
167.59854863463087
 20
210.22787961080638
 10
167.7424607576306
 20
210.38302664781583
 10
167.91286197206114
 20
210.4952468985834
  0
LWPOLYLINE
  5
2C4
330
17
100
AcDbEntity
  8
HIDDEN
100
AcDbPolyline
 90
17
 70
0
 10
167.91286197206114
 20
210.4952468985834
 10
168.1617747316268
 20
210.57192773990948
 10
168.43748220011025
 20
210.5718136881666
 10
168.72938909411627
 20
210.49490912629926
 10
169.02627759541144
 20
210.3441694534914
 10
169.31673844538795
 20
210.1253875108333
 10
169.58960939647358
 20
209.84697096568692
 10
169.83440417104586
 20
209.51961920974452
 10
170.0417154432005
 20
209.1559121874059
 10
170.20357635701006
 20
208.76982695557035
 10
170.31376668832954
 20
208.3762005531782
 10
170.36805188452172
 20
207.99015982212515
 10
170.36434579594047
 20
207.6265400912114
 10
170.30279084549153
 20
207.29931506277572
 10
170.18575255540028
 20
207.02105981115096
 10
170.01772864151906
 20
206.80246752960971
 10
169.80517616862946
 20
206.65193859694367
  0
LWPOLYLINE
  5
2C5
330
17
100
AcDbEntity
  8
HIDDEN
100
AcDbPolyline
 90
5
 70
0
 10
169.80517616862946
 20
206.65193859694367
 10
169.5931881197045
 20
206.5814503741306
 10
169.3603589936352
 20
206.56751369476328
 10
169.11329818070044
 20
206.61052418354163
 10
168.8590190703453
 20
206.7092608888123
  0
LWPOLYLINE
  5
2C6
330
17
100
AcDbEntity
  8
HIDDEN
100
AcDbPolyline
 90
17
 70
0
 10
169.06792808580883
 20
206.81212057758202
 10
168.83533527473384
 20
206.94875595052457
 10
168.60826046676584
 20
207.12637898139903
 10
168.39209075658806
 20
207.3407757633709
 10
168.1919545276913
 20
207.58685997367905
 10
168.01259978723786
 20
207.85879354092827
 10
167.85828152492624
 20
208.15012514677366
 10
167.7326607681415
 20
208.45394327619977
 10
167.63871772819382
 20
208.76304018544877
 10
167.57868109815385
 20
209.07008289764272
 10
167.55397517961353
 20
209.36778716942064
 10
167.56518609273124
 20
209.64909030142806
 10
167.6120478711896
 20
209.9073186929236
 10
167.69344877194743
 20
210.13634616545832
 10
167.80745765009442
 20
210.33073929957612
 10
167.95136977309414
 20
210.48588633658557
 10
168.12177098752466
 20
210.5981065873531
  0
LWPOLYLINE
  5
2C7
330
17
100
AcDbEntity
  8
HIDDEN
100
AcDbPolyline
 90
17
 70
0
 10
168.12177098752468
 20
210.5981065873531
 10
168.3706837470903
 20
210.67478742867922
 10
168.6463912155738
 20
210.67467337693634
 10
168.9382981095798
 20
210.59776881506897
 10
169.23518661087496
 20
210.44702914226113
 10
169.52564746085147
 20
210.228247199603
 10
169.7985184119371
 20
209.94983065445666
 10
170.0433131865094
 20
209.62247889851423
 10
170.25062445866402
 20
209.25877187617562
 10
170.4124853724736
 20
208.8726866443401
 10
170.52267570379306
 20
208.47906024194793
 10
170.57696089998524
 20
208.09301951089486
 10
170.57325481140398
 20
207.72939977998112
 10
170.51169986095505
 20
207.40217475154543
 10
170.3946615708638
 20
207.1239194999207
 10
170.22663765698258
 20
206.90532721837945
 10
170.014085184093
 20
206.75479828571338
  0
LWPOLYLINE
  5
2C8
330
17
100
AcDbEntity
  8
HIDDEN
100
AcDbPolyline
 90
5
 70
0
 10
170.01408518409298
 20
206.75479828571338
 10
169.80209713516803
 20
206.68431006290032
 10
169.56926800909875
 20
206.670373383533
 10
169.32220719616396
 20
206.71338387231134
 10
169.06792808580883
 20
206.81212057758202
  0
LWPOLYLINE
  5
2C9
330
17
100
AcDbEntity
  8
HIDDEN
100
AcDbPolyline
 90
17
 70
0
 10
171.4638533569062
 20
207.81500254308682
 10
171.2092043309879
 20
207.964594718636
 10
170.9605965670919
 20
208.15906131278302
 10
170.72392800508692
 20
208.39378882407982
 10
170.50481334069133
 20
208.66320860605512
 10
170.30845082312592
 20
208.96092897709522
 10
170.13949893249165
 20
209.2798868559087
 10
170.0019658625635
 20
209.61251532519418
 10
169.8991144308967
 20
209.9509231482513
 10
169.83338467214602
 20
210.287081979705
 10
169.8063359509855
 20
210.6130168289791
 10
169.81860996793333
 20
210.92099525798724
 10
169.86991553572827
 20
211.20371082453838
 10
169.95903548742004
 20
211.4544564194686
 10
170.08385555228784
 20
211.66728338527
 10
170.24141451453752
 20
211.8371426413062
 10
170.42797446481924
 20
211.96000446757756
  0
LWPOLYLINE
  5
2CA
330
17
100
AcDbEntity
  8
HIDDEN
100
AcDbPolyline
 90
17
 70
0
 10
170.42797446481924
 20
211.96000446757756
 10
170.7004910205506
 20
212.04395676799496
 10
171.0023431627696
 20
212.04383190100057
 10
171.32193088293133
 20
211.95963466516304
 10
171.64697260417688
 20
211.7946007130372
 10
171.9649771554443
 20
211.55507220685115
 10
172.26372380016736
 20
211.2502540927685
 10
172.53173187232838
 20
210.89186035996948
 10
172.75870197201493
 20
210.49366387861602
 10
172.9359117655823
 20
210.07096711617538
 10
173.05655118004412
 20
209.64001407217705
 10
173.11598411035797
 20
209.2173660304207
 10
173.11192658234228
 20
208.81926511812722
 10
173.04453452452321
 20
208.4610101300985
 10
172.9163977758888
 20
208.15636860461277
 10
172.7324405598292
 20
207.91704774464952
 10
172.49973224899318
 20
207.75224451664445
  0
LWPOLYLINE
  5
2CB
330
17
100
AcDbEntity
  8
HIDDEN
100
AcDbPolyline
 90
5
 70
0
 10
172.49973224899318
 20
207.75224451664442
 10
172.26764188508395
 20
207.67507206580598
 10
172.01273413499086
 20
207.65981380477453
 10
171.74224514151916
 20
207.70690287438532
 10
171.4638533569062
 20
207.81500254308682
  0
LWPOLYLINE
  5
2CC
330
17
100
AcDbEntity
  8
HIDDEN
100
AcDbPolyline
 90
17
 70
0
 10
172.2929610120271
 20
208.22322693289166
 10
172.0383119861088
 20
208.3728191084408
 10
171.7897042222128
 20
208.56728570258787
 10
171.55303566020783
 20
208.80201321388466
 10
171.33392099581224
 20
209.07143299585996
 10
171.1375584782468
 20
209.36915336690006
 10
170.96860658761256
 20
209.68811124571351
 10
170.83107351768442
 20
210.020739714999
 10
170.72822208601758
 20
210.3591475380561
 10
170.6624923272669
 20
210.69530636950984
 10
170.63544360610638
 20
211.02124121878393
 10
170.64771762305423
 20
211.32921964779206
 10
170.69902319084915
 20
211.61193521434322
 10
170.78814314254092
 20
211.86268080927346
 10
170.91296320740872
 20
212.07550777507484
 10
171.07052216965843
 20
212.24536703111102
 10
171.25708211994012
 20
212.3682288573824
  0
LWPOLYLINE
  5
2CD
330
17
100
AcDbEntity
  8
HIDDEN
100
AcDbPolyline
 90
17
 70
0
 10
171.25708211994015
 20
212.3682288573824
 10
171.5295986756715
 20
212.45218115779977
 10
171.83145081789047
 20
212.45205629080542
 10
172.1510385380522
 20
212.36785905496788
 10
172.4760802592978
 20
212.20282510284204
 10
172.79408481056518
 20
211.963296596656
 10
173.09283145528823
 20
211.65847848257334
 10
173.3608395274493
 20
211.30008474977433
 10
173.5878096271358
 20
210.90188826842086
 10
173.7650194207032
 20
210.4791915059802
 10
173.885658835165
 20
210.0482384619819
 10
173.94509176547888
 20
209.62559042022554
 10
173.94103423746319
 20
209.22748950793203
 10
173.8736421796441
 20
208.86923451990333
 10
173.7455054310097
 20
208.5645929944176
 10
173.5615482149501
 20
208.32527213445434
 10
173.32883990411406
 20
208.16046890644927
  0
LWPOLYLINE
  5
2CE
330
17
100
AcDbEntity
  8
HIDDEN
100
AcDbPolyline
 90
5
 70
0
 10
173.32883990411406
 20
208.16046890644927
 10
173.09674954020485
 20
208.08329645561082
 10
172.84184179011174
 20
208.06803819457937
 10
172.57135279664007
 20
208.11512726419014
 10
172.29296101202712
 20
208.22322693289166
  0
LWPOLYLINE
  5
2CF
330
17
100
AcDbEntity
  8
HIDDEN
100
AcDbPolyline
 90
17
 70
0
 10
169.06792808580883
 20
206.63533048750907
 10
168.8132790598905
 20
206.78492266305824
 10
168.56467129599451
 20
206.97938925720527
 10
168.32800273398954
 20
207.21411676850207
 10
168.10888806959395
 20
207.48353655047737
 10
167.91252555202854
 20
207.78125692151747
 10
167.74357366139427
 20
208.10021480033095
 10
167.60604059146613
 20
208.4328432696164
 10
167.50318915979932
 20
208.77125109267354
 10
167.43745940104864
 20
209.10740992412724
 10
167.41041067988812
 20
209.43334477340136
 10
167.42268469683594
 20
209.7413232024095
 10
167.47399026463088
 20
210.02403876896062
 10
167.56311021632266
 20
210.27478436389086
 10
167.68793028119046
 20
210.48761132969224
 10
167.84548924344014
 20
210.65747058572845
 10
168.03204919372186
 20
210.7803324119998
  0
LWPOLYLINE
  5
2D0
330
17
100
AcDbEntity
  8
HIDDEN
100
AcDbPolyline
 90
17
 70
0
 10
168.03204919372186
 20
210.7803324119998
 10
168.30456574945322
 20
210.8642847124172
 10
168.6064178916722
 20
210.86415984542282
 10
168.92600561183394
 20
210.77996260958528
 10
169.2510473330795
 20
210.61492865745944
 10
169.56905188434692
 20
210.37540015127342
 10
169.86779852906997
 20
210.07058203719077
 10
170.135806601231
 20
209.71218830439173
 10
170.36277670091755
 20
209.31399182303826
 10
170.5399864944849
 20
208.89129506059763
 10
170.66062590894674
 20
208.4603420165993
 10
170.7200588392606
 20
208.03769397484294
 10
170.7160013112449
 20
207.63959306254947
 10
170.64860925342583
 20
207.28133807452073
 10
170.52047250479143
 20
206.976696549035
 10
170.33651528873182
 20
206.73737568907177
 10
170.1038069778958
 20
206.57257246106667
  0
LWPOLYLINE
  5
2D1
330
17
100
AcDbEntity
  8
HIDDEN
100
AcDbPolyline
 90
5
 70
0
 10
170.1038069778958
 20
206.57257246106667
 10
169.87171661398656
 20
206.49540001022822
 10
169.61680886389348
 20
206.48014174919678
 10
169.34631987042178
 20
206.52723081880754
 10
169.06792808580883
 20
206.63533048750907
  0
LWPOLYLINE
  5
2D2
330
17
100
AcDbEntity
  8
HIDDEN
100
AcDbPolyline
 90
17
 70
0
 10
169.8970357409297
 20
207.0435548773139
 10
169.6423867150114
 20
207.19314705286305
 10
169.39377895111542
 20
207.38761364701008
 10
169.15711038911044
 20
207.6223411583069
 10
168.93799572471485
 20
207.8917609402822
 10
168.74163320714942
 20
208.1894813113223
 10
168.57268131651517
 20
208.50843919013576
 10
168.43514824658703
 20
208.84106765942124
 10
168.3322968149202
 20
209.17947548247838
 10
168.26656705616952
 20
209.51563431393208
 10
168.239518335009
 20
209.84156916320617
 10
168.25179235195685
 20
210.1495475922143
 10
168.30309791975176
 20
210.43226315876547
 10
168.39221787144353
 20
210.6830087536957
 10
168.51703793631134
 20
210.8958357194971
 10
168.67459689856105
 20
211.06569497553326
 10
168.86115684884274
 20
211.18855680180462
  0
LWPOLYLINE
  5
2D3
330
17
100
AcDbEntity
  8
HIDDEN
100
AcDbPolyline
 90
17
 70
0
 10
168.86115684884277
 20
211.18855680180465
 10
169.1336734045741
 20
211.27250910222202
 10
169.4355255467931
 20
211.27238423522766
 10
169.75511326695482
 20
211.18818699939013
 10
170.0801549882004
 20
211.0231530472643
 10
170.3981595394678
 20
210.78362454107824
 10
170.69690618419085
 20
210.4788064269956
 10
170.9649142563519
 20
210.12041269419657
 10
171.19188435603843
 20
209.7222162128431
 10
171.36909414960581
 20
209.29951945040244
 10
171.48973356406762
 20
208.86856640640414
 10
171.5491664943815
 20
208.44591836464778
 10
171.5451089663658
 20
208.0478174523543
 10
171.4777169085467
 20
207.68956246432558
 10
171.3495801599123
 20
207.38492093883985
 10
171.16562294385272
 20
207.14560007887658
 10
170.93291463301668
 20
206.9807968508715
  0
LWPOLYLINE
  5
2D4
330
17
100
AcDbEntity
  8
HIDDEN
100
AcDbPolyline
 90
5
 70
0
 10
170.93291463301668
 20
206.9807968508715
 10
170.70082426910747
 20
206.90362440003307
 10
170.44591651901436
 20
206.88836613900162
 10
170.1754275255427
 20
206.93545520861238
 10
169.89703574092974
 20
207.0435548773139
  0
LWPOLYLINE
  5
2D5
330
17
100
AcDbEntity
  8
HIDDEN
100
AcDbPolyline
 90
2
 70
0
 10
176.4254424741651
 20
217.9884686354672
 10
176.4254424741651
 20
208.6668093407111
  0
LWPOLYLINE
  5
2D6
330
17
100
AcDbEntity
  8
HIDDEN
100
AcDbPolyline
 90
2
 70
0
 10
175.64203366617684
 20
217.60274480258073
 10
175.64203366617684
 20
215.35268911074306
  0
LWPOLYLINE
  5
2D7
330
17
100
AcDbEntity
  8
HIDDEN
100
AcDbPolyline
 90
2
 70
0
 10
175.64203366617684
 20
215.35268911074306
 10
175.64203366617684
 20
210.5311411996623
  0
LWPOLYLINE
  5
2D8
330
17
100
AcDbEntity
  8
HIDDEN
100
AcDbPolyline
 90
2
 70
0
 10
175.64203366617684
 20
210.5311411996623
 10
175.64203366617684
 20
208.28108550782463
  0
LWPOLYLINE
  5
2D9
330
17
100
AcDbEntity
  8
HIDDEN
100
AcDbPolyline
 90
17
 70
0
 10
182.17044039941223
 20
215.15982719429982
 10
182.14219696679737
 20
215.66834176128208
 10
182.0580220679251
 20
216.19466874553186
 10
181.91957097795134
 20
216.72845807841102
 10
181.72956629770627
 20
217.25921294634375
 10
181.4917444145326
 20
217.7764962076339
 10
181.21078202730422
 20
218.27013563585206
 10
180.8922041804888
 20
218.7304239537401
 10
180.5422756157389
 20
219.1483097240242
 10
180.16787757755088
 20
219.5155753433232
 10
179.77637249557236
 20
219.82499863895384
 10
179.37545920454284
 20
220.07049489087728
 10
178.9730215489245
 20
220.2472364859674
 10
178.57697334937035
 20
220.35174785163312
 10
178.19510277971926
 20
220.38197380195302
 10
177.8349192147991
 20
220.33731995231483
 10
177.5035055607325
 20
220.2186644078177
  0
LWPOLYLINE
  5
2DA
330
17
100
AcDbEntity
  8
HIDDEN
100
AcDbPolyline
 90
9
 70
0
 10
177.5035055607325
 20
220.2186644078177
 10
177.26403832705475
 20
220.07238522408002
 10
177.05006086287057
 20
219.88226458977448
 10
176.86425482799586
 20
219.6506851804185
 10
176.70894882548794
 20
219.38054925115674
 10
176.58608921856631
 20
219.07524226442143
 10
176.49721573793175
 20
218.7385904618263
 10
176.44344218518313
 20
218.37481291202147
 10
176.4254424741651
 20
217.98846863546723
  0
LWPOLYLINE
  5
2DB
330
17
100
AcDbEntity
  8
HIDDEN
100
AcDbPolyline
 90
17
 70
0
 10
181.38703159142398
 20
214.77410336141335
 10
181.35878815880912
 20
215.28261792839564
 10
181.27461325993684
 20
215.80894491264542
 10
181.1361621699631
 20
216.34273424552458
 10
180.94615748971802
 20
216.8734891134573
 10
180.70833560654438
 20
217.39077237474746
 10
180.42737321931597
 20
217.8844118029656
 10
180.10879537250054
 20
218.34470012085364
 10
179.75886680775068
 20
218.76258589113772
 10
179.38446876956263
 20
219.12985151043677
 10
178.99296368758414
 20
219.43927480606737
 10
178.59205039655458
 20
219.68477105799082
 10
178.18961274093624
 20
219.86151265308092
 10
177.79356454138212
 20
219.96602401874665
 10
177.41169397173104
 20
219.99624996906655
 10
177.05151040681088
 20
219.95159611942836
 10
176.72009675274427
 20
219.83294057493126
  0
LWPOLYLINE
  5
2DC
330
17
100
AcDbEntity
  8
HIDDEN
100
AcDbPolyline
 90
9
 70
0
 10
176.72009675274424
 20
219.83294057493126
 10
176.4806295190665
 20
219.68666139119355
 10
176.26665205488231
 20
219.496540756888
 10
176.08084602000764
 20
219.26496134753202
 10
175.9255400174997
 20
218.99482541827027
 10
175.80268041057806
 20
218.689518431535
 10
175.71380692994353
 20
218.35286662893984
 10
175.66003337719488
 20
217.989089079135
 10
175.64203366617684
 20
217.60274480258076
  0
LWPOLYLINE
  5
2DD
330
17
100
AcDbEntity
  8
HIDDEN
100
AcDbPolyline
 90
17
 70
0
 10
176.4254424741651
 20
208.6668093407111
 10
176.45368590677995
 20
208.1582947737288
 10
176.53786080565223
 20
207.63196778947903
 10
176.676311895626
 20
207.09817845659987
 10
176.86631657587105
 20
206.56742358866714
 10
177.1041384590447
 20
206.050140327377
 10
177.3851008462731
 20
205.55650089915883
 10
177.70367869308853
 20
205.0962125812708
 10
178.0536072578384
 20
204.67832681098673
 10
178.42800529602644
 20
204.31106119168768
 10
178.81951037800494
 20
204.00163789605708
 10
179.2204236690345
 20
203.75614164413363
 10
179.62286132465283
 20
203.57940004904353
 10
180.01890952420695
 20
203.4748886833778
 10
180.40078009385803
 20
203.4446627330579
 10
180.7609636587782
 20
203.4893165826961
 10
181.0923773128448
 20
203.6079721271932
  0
LWPOLYLINE
  5
2DE
330
17
100
AcDbEntity
  8
HIDDEN
100
AcDbPolyline
 90
9
 70
0
 10
181.09237731284483
 20
203.6079721271932
 10
181.33184454652258
 20
203.7542513109309
 10
181.54582201070676
 20
203.94437194523644
 10
181.73162804558143
 20
204.17595135459243
 10
181.88693404808936
 20
204.44608728385418
 10
182.009793655011
 20
204.75139427058946
 10
182.09866713564554
 20
205.08804607318461
 10
182.1524406883942
 20
205.45182362298945
 10
182.17044039941223
 20
205.83816789954372
  0
LWPOLYLINE
  5
2DF
330
17
100
AcDbEntity
  8
HIDDEN
100
AcDbPolyline
 90
17
 70
0
 10
175.64203366617684
 20
208.28108550782463
 10
175.6702770987917
 20
207.77257094084234
 10
175.75445199766398
 20
207.24624395659256
 10
175.89290308763773
 20
206.7124546237134
 10
176.0829077678828
 20
206.18169975578067
 10
176.32072965105647
 20
205.66441649449052
 10
176.60169203828485
 20
205.17077706627236
 10
176.92026988510028
 20
204.71048874838436
 10
177.27019844985017
 20
204.29260297810026
 10
177.6445964880382
 20
203.92533735880124
 10
178.0361015700167
 20
203.6159140631706
 10
178.43701486104624
 20
203.37041781124717
 10
178.83945251666458
 20
203.19367621615706
 10
179.23550071621872
 20
203.08916485049133
 10
179.6173712858698
 20
203.05893890017143
 10
179.97755485078997
 20
203.10359274980962
 10
180.30896850485655
 20
203.22224829430672
  0
LWPOLYLINE
  5
2E0
330
17
100
AcDbEntity
  8
HIDDEN
100
AcDbPolyline
 90
9
 70
0
 10
180.30896850485658
 20
203.22224829430672
 10
180.54843573853432
 20
203.36852747804443
 10
180.7624132027185
 20
203.55864811234997
 10
180.9482192375932
 20
203.79022752170596
 10
181.10352524010113
 20
204.0603634509677
 10
181.22638484702276
 20
204.365670437703
 10
181.3152583276573
 20
204.70232224029814
 10
181.36903188040594
 20
205.06609979010298
 10
181.38703159142398
 20
205.45244406665725
  0
LWPOLYLINE
  5
2E1
330
17
100
AcDbEntity
  8
HIDDEN
100
AcDbPolyline
 90
2
 70
0
 10
182.17044039941223
 20
205.83816789954372
 10
182.17044039941223
 20
215.15982719429982
  0
LWPOLYLINE
  5
2E2
330
17
100
AcDbEntity
  8
HIDDEN
100
AcDbPolyline
 90
2
 70
0
 10
178.4361917480016
 20
207.29106100341605
 10
178.4361917480016
 20
206.71247525408637
  0
LWPOLYLINE
  5
2E3
330
17
100
AcDbEntity
  8
HIDDEN
100
AcDbPolyline
 90
9
 70
0
 10
178.4361917480016
 20
206.71247525408637
 10
178.46991724744774
 20
206.40202278871675
 10
178.5684539785134
 20
206.0826595284732
 10
178.72408925963398
 20
205.7793827216207
 10
178.92464118310357
 20
205.51593049516907
 10
179.15441211915353
 20
205.31292382069017
 10
179.39541740314792
 20
205.1862524665861
 10
179.62879303390946
 20
205.1458312717904
 10
179.8362721996055
 20
205.19482409003098
  0
LWPOLYLINE
  5
2E4
330
17
100
AcDbEntity
  8
HIDDEN
100
AcDbPolyline
 90
5
 70
0
 10
179.8362721996055
 20
205.194824090031
 10
179.9723056089641
 20
205.29574403544396
 10
180.07463922017888
 20
205.4462586370293
 10
180.13815914644573
 20
205.63884627382842
 10
180.15969112557573
 20
205.86388282173615
  0
LWPOLYLINE
  5
2E5
330
17
100
AcDbEntity
  8
HIDDEN
100
AcDbPolyline
 90
2
 70
0
 10
180.15969112557573
 20
205.86388282173615
 10
180.15969112557573
 20
206.44246857106583
  0
LWPOLYLINE
  5
2E6
330
17
100
AcDbEntity
  8
HIDDEN
100
AcDbPolyline
 90
9
 70
0
 10
180.15969112557573
 20
206.44246857106583
 10
180.12596562612958
 20
206.75292103643545
 10
180.02742889506393
 20
207.07228429667902
 10
179.8717936139433
 20
207.3755611035315
 10
179.67124169047372
 20
207.63901332998316
 10
179.44147075442376
 20
207.84202000446203
 10
179.2004654704294
 20
207.9686913585661
 10
178.96708983966784
 20
208.0091125533618
 10
178.75961067397182
 20
207.9601197351212
  0
LWPOLYLINE
  5
2E7
330
17
100
AcDbEntity
  8
HIDDEN
100
AcDbPolyline
 90
5
 70
0
 10
178.7596106739718
 20
207.9601197351212
 10
178.62357726461323
 20
207.85919978970824
 10
178.52124365339844
 20
207.7086851881229
 10
178.4577237271316
 20
207.51609755132378
 10
178.4361917480016
 20
207.29106100341608
  0
LWPOLYLINE
  5
2E8
330
17
100
AcDbEntity
  8
HIDDEN
100
AcDbPolyline
 90
2
 70
0
 10
178.4361917480016
 20
217.96275371327476
 10
178.4361917480016
 20
217.38416796394506
  0
LWPOLYLINE
  5
2E9
330
17
100
AcDbEntity
  8
HIDDEN
100
AcDbPolyline
 90
9
 70
0
 10
180.15969112557573
 20
217.11416128092455
 10
180.12596562612958
 20
217.42461374629417
 10
180.02742889506393
 20
217.74397700653773
 10
179.8717936139433
 20
218.04725381339023
 10
179.67124169047372
 20
218.31070603984185
 10
179.44147075442376
 20
218.51371271432075
 10
179.2004654704294
 20
218.64038406842482
 10
178.96708983966784
 20
218.68080526322052
 10
178.75961067397182
 20
218.63181244497991
  0
LWPOLYLINE
  5
2EA
330
17
100
AcDbEntity
  8
HIDDEN
100
AcDbPolyline
 90
5
 70
0
 10
178.7596106739718
 20
218.63181244497991
 10
178.62357726461323
 20
218.53089249956693
 10
178.52124365339844
 20
218.38037789798162
 10
178.4577237271316
 20
218.1877902611825
 10
178.4361917480016
 20
217.96275371327476
  0
LWPOLYLINE
  5
2EB
330
17
100
AcDbEntity
  8
HIDDEN
100
AcDbPolyline
 90
9
 70
0
 10
178.4361917480016
 20
217.38416796394506
 10
178.46991724744774
 20
217.07371549857547
 10
178.5684539785134
 20
216.75435223833188
 10
178.72408925963398
 20
216.4510754314794
 10
178.92464118310357
 20
216.18762320502776
 10
179.15441211915353
 20
215.98461653054886
 10
179.39541740314792
 20
215.8579451764448
 10
179.62879303390946
 20
215.81752398164912
 10
179.8362721996055
 20
215.8665167998897
  0
LWPOLYLINE
  5
2EC
330
17
100
AcDbEntity
  8
HIDDEN
100
AcDbPolyline
 90
5
 70
0
 10
179.8362721996055
 20
215.8665167998897
 10
179.9723056089641
 20
215.96743674530268
 10
180.07463922017888
 20
216.117951346888
 10
180.13815914644573
 20
216.31053898368714
 10
180.15969112557573
 20
216.53557553159487
  0
LWPOLYLINE
  5
2ED
330
17
100
AcDbEntity
  8
HIDDEN
100
AcDbPolyline
 90
2
 70
0
 10
180.15969112557573
 20
216.53557553159484
 10
180.15969112557573
 20
217.11416128092455
  0
LWPOLYLINE
  5
2EE
330
17
100
AcDbEntity
  8
HIDDEN
100
AcDbPolyline
 90
2
 70
0
 10
181.38703159142398
 20
212.52404766957568
 10
181.38703159142398
 20
214.77410336141335
  0
LWPOLYLINE
  5
2EF
330
17
100
AcDbEntity
  8
HIDDEN
100
AcDbPolyline
 90
2
 70
0
 10
175.64203366617684
 20
215.35268911074306
 10
181.38703159142398
 20
212.52404766957568
  0
LWPOLYLINE
  5
2F0
330
17
100
AcDbEntity
  8
HIDDEN
100
AcDbPolyline
 90
2
 70
0
 10
177.65278294001334
 20
217.5770298803883
 10
177.65278294001334
 20
216.9984441310586
  0
LWPOLYLINE
  5
2F1
330
17
100
AcDbEntity
  8
HIDDEN
100
AcDbPolyline
 90
9
 70
0
 10
177.65278294001334
 20
216.99844413105862
 10
177.6865084394595
 20
216.687991665689
 10
177.78504517052514
 20
216.36862840544543
 10
177.94068045164573
 20
216.06535159859294
 10
178.14123237511532
 20
215.8018993721413
 10
178.3710033111653
 20
215.5988926976624
 10
178.61200859515966
 20
215.47222134355835
 10
178.84538422592124
 20
215.43180014876265
 10
179.05286339161725
 20
215.48079296700323
  0
LWPOLYLINE
  5
2F2
330
17
100
AcDbEntity
  8
HIDDEN
100
AcDbPolyline
 90
5
 70
0
 10
179.05286339161725
 20
215.48079296700325
 10
179.18889680097584
 20
215.5817129124162
 10
179.29123041219063
 20
215.73222751400152
 10
179.35475033845748
 20
215.92481515080067
 10
179.37628231758748
 20
216.1498516987084
  0
LWPOLYLINE
  5
2F3
330
17
100
AcDbEntity
  8
HIDDEN
100
AcDbPolyline
 90
2
 70
0
 10
179.37628231758748
 20
216.1498516987084
 10
179.37628231758748
 20
216.72843744803808
  0
LWPOLYLINE
  5
2F4
330
17
100
AcDbEntity
  8
HIDDEN
100
AcDbPolyline
 90
9
 70
0
 10
179.37628231758748
 20
216.72843744803808
 10
179.34255681814133
 20
217.0388899134077
 10
179.24402008707568
 20
217.35825317365126
 10
179.0883848059551
 20
217.66152998050376
 10
178.8878328824855
 20
217.9249822069554
 10
178.65806194643554
 20
218.12798888143428
 10
178.41705666244115
 20
218.25466023553835
 10
178.1836810316796
 20
218.29508143033405
 10
177.97620186598357
 20
218.24608861209344
  0
LWPOLYLINE
  5
2F5
330
17
100
AcDbEntity
  8
HIDDEN
100
AcDbPolyline
 90
5
 70
0
 10
177.97620186598357
 20
218.24608861209344
 10
177.84016845662498
 20
218.1451686666805
 10
177.7378348454102
 20
217.99465406509515
 10
177.67431491914334
 20
217.80206642829603
 10
177.65278294001334
 20
217.5770298803883
  0
LWPOLYLINE
  5
2F6
330
17
100
AcDbEntity
  8
HIDDEN
100
AcDbPolyline
 90
2
 70
0
 10
175.64203366617684
 20
215.35268911074306
 10
174.8586248581886
 20
214.9669652778566
  0
LWPOLYLINE
  5
2F7
330
17
100
AcDbEntity
  8
HIDDEN
100
AcDbPolyline
 90
2
 70
0
 10
174.8586248581886
 20
214.9669652778566
 10
174.8586248581886
 20
210.14541736677586
  0
LWPOLYLINE
  5
2F8
330
17
100
AcDbEntity
  8
HIDDEN
100
AcDbPolyline
 90
2
 70
0
 10
175.64203366617684
 20
210.5311411996623
 10
174.8586248581886
 20
210.14541736677586
  0
LWPOLYLINE
  5
2F9
330
17
100
AcDbEntity
  8
HIDDEN
100
AcDbPolyline
 90
2
 70
0
 10
175.64203366617684
 20
210.5311411996623
 10
181.38703159142398
 20
207.70249975849492
  0
LWPOLYLINE
  5
2FA
330
17
100
AcDbEntity
  8
HIDDEN
100
AcDbPolyline
 90
2
 70
0
 10
181.38703159142398
 20
205.45244406665725
 10
181.38703159142398
 20
207.70249975849492
  0
LWPOLYLINE
  5
2FB
330
17
100
AcDbEntity
  8
HIDDEN
100
AcDbPolyline
 90
2
 70
0
 10
177.65278294001334
 20
206.9053371705296
 10
177.65278294001334
 20
206.3267514211999
  0
LWPOLYLINE
  5
2FC
330
17
100
AcDbEntity
  8
HIDDEN
100
AcDbPolyline
 90
9
 70
0
 10
177.65278294001334
 20
206.3267514211999
 10
177.6865084394595
 20
206.01629895583028
 10
177.78504517052514
 20
205.69693569558672
 10
177.94068045164573
 20
205.39365888873422
 10
178.14123237511532
 20
205.1302066622826
 10
178.3710033111653
 20
204.9271999878037
 10
178.61200859515966
 20
204.80052863369963
 10
178.84538422592124
 20
204.76010743890396
 10
179.05286339161725
 20
204.80910025714454
  0
LWPOLYLINE
  5
2FD
330
17
100
AcDbEntity
  8
HIDDEN
100
AcDbPolyline
 90
5
 70
0
 10
179.05286339161725
 20
204.80910025714454
 10
179.18889680097584
 20
204.91002020255752
 10
179.29123041219063
 20
205.06053480414283
 10
179.35475033845748
 20
205.25312244094195
 10
179.37628231758748
 20
205.47815898884969
  0
LWPOLYLINE
  5
2FE
330
17
100
AcDbEntity
  8
HIDDEN
100
AcDbPolyline
 90
2
 70
0
 10
179.37628231758748
 20
205.47815898884969
 10
179.37628231758748
 20
206.0567447381794
  0
LWPOLYLINE
  5
2FF
330
17
100
AcDbEntity
  8
HIDDEN
100
AcDbPolyline
 90
9
 70
0
 10
179.37628231758748
 20
206.05674473817936
 10
179.34255681814133
 20
206.36719720354898
 10
179.24402008707568
 20
206.68656046379255
 10
179.0883848059551
 20
206.98983727064504
 10
178.8878328824855
 20
207.2532894970967
 10
178.65806194643554
 20
207.4562961715756
 10
178.41705666244115
 20
207.58296752567963
 10
178.1836810316796
 20
207.62338872047533
 10
177.97620186598357
 20
207.57439590223476
  0
LWPOLYLINE
  5
300
330
17
100
AcDbEntity
  8
HIDDEN
100
AcDbPolyline
 90
5
 70
0
 10
177.97620186598357
 20
207.57439590223476
 10
177.84016845662498
 20
207.47347595682177
 10
177.7378348454102
 20
207.32296135523646
 10
177.67431491914334
 20
207.1303737184373
 10
177.65278294001334
 20
206.9053371705296
  0
LWPOLYLINE
  5
301
330
17
100
AcDbEntity
  8
HIDDEN
100
AcDbPolyline
 90
2
 70
0
 10
181.38703159142398
 20
212.52404766957568
 10
181.38703159142398
 20
207.70249975849495
  0
LWPOLYLINE
  5
302
330
17
100
AcDbEntity
  8
HIDDEN
100
AcDbPolyline
 90
2
 70
0
 10
181.38703159142398
 20
212.52404766957568
 10
180.60362278343572
 20
212.1383238366892
  0
LWPOLYLINE
  5
303
330
17
100
AcDbEntity
  8
HIDDEN
100
AcDbPolyline
 90
2
 70
0
 10
174.8586248581886
 20
214.9669652778566
 10
180.60362278343572
 20
212.1383238366892
  0
LWPOLYLINE
  5
304
330
17
100
AcDbEntity
  8
HIDDEN
100
AcDbPolyline
 90
2
 70
0
 10
174.8586248581886
 20
210.14541736677586
 10
180.60362278343572
 20
207.31677592560848
  0
LWPOLYLINE
  5
305
330
17
100
AcDbEntity
  8
HIDDEN
100
AcDbPolyline
 90
2
 70
0
 10
180.60362278343572
 20
212.1383238366892
 10
180.60362278343572
 20
207.31677592560848
  0
LWPOLYLINE
  5
306
330
17
100
AcDbEntity
  8
HIDDEN
100
AcDbPolyline
 90
2
 70
0
 10
181.38703159142398
 20
207.70249975849492
 10
180.60362278343572
 20
207.31677592560848
  0
LWPOLYLINE
  5
307
330
17
100
AcDbEntity
  8
HIDDEN
100
AcDbPolyline
 90
33
 70
0
 10
91.02209973628331
 20
176.83557659365465
 10
91.35445979527557
 20
176.96750485918392
 10
91.70875562474029
 20
177.047109949037
 10
92.08157516216194
 20
177.07362522268218
 10
92.46932795159125
 20
177.0467953235394
 10
92.8682797216988
 20
176.9668786382042
 10
93.27458834884919
 20
176.83464480804327
 10
93.68434085885212
 20
176.65136731712735
 10
94.09359111104273
 20
176.41881122788368
 10
94.49839780177349
 20
176.13921618257973
 10
94.89486242132281
 20
175.81527483434405
 10
95.27916679867482
 20
175.45010691544442
 10
95.64760987259349
 20
175.047229192561
 10
95.99664333486551
 20
174.61052159840045
 10
96.32290580244808
 20
174.14418986582325
 10
96.6232551894252
 20
173.65272502433697
 10
96.89479896701258
 20
173.14086014902713
 10
97.13492202019114
 20
172.61352477845674
 10
97.34131183269415
 20
172.07579744051526
 10
97.51198075780309
 20
171.53285674341873
 10
97.64528516047199
 20
170.98993150288175
 10
97.73994124643156
 20
170.45225038576382
 10
97.79503742582973
 20
169.92499155514918
 10
97.8100430923403
 20
169.41323280180563
 10
97.78481373319178
 20
168.92190264228367
 10
97.71959232090457
 20
168.45573285460796
 10
97.61500697333267
 20
168.019212908668
 10
97.47206490454532
 20
167.61654673016938
 10
97.29214272480507
 20
167.25161221453075
 10
97.07697318305823
 20
166.92792388063117
 10
96.82862847961552
 20
166.64859902407215
 10
96.54950030973008
 20
166.41632769591686
 10
96.2422768302649
 20
166.2333467960279
  0
LWPOLYLINE
  5
308
330
17
100
AcDbEntity
  8
HIDDEN
100
AcDbPolyline
 90
17
 70
0
 10
109.53532395442872
 20
177.47463980485173
 10
109.15240079683744
 20
178.03140449463183
 10
108.80679934112027
 20
178.62202769085948
 10
108.50319407405786
 20
179.23852082671166
 10
108.24569145638394
 20
179.872545427433
 10
108.03777438020558
 20
180.515525893686
 10
107.88225506059881
 20
181.158765492167
 10
107.78123699855189
 20
181.79356398463864
 10
107.73608652973222
 20
182.41133530436906
 10
107.74741434389858
 20
183.00372368832595
 10
107.815067224921
 20
183.56271669436245
 10
107.93813012312941
 20
184.08075357476181
 10
108.11493853196187
 20
184.55082754031858
 10
108.34310100150942
 20
184.9665805317665
 10
108.61953148444768
 20
185.32238921670813
 10
108.94049107685444
 20
185.61344104888045
 10
109.30163858934233
 20
185.83579936100534
  0
LWPOLYLINE
  5
309
330
17
100
AcDbEntity
  8
HIDDEN
100
AcDbPolyline
 90
33
 70
0
 10
109.30163858934236
 20
185.83579936100537
 10
109.6339986483346
 20
185.9677276265346
 10
109.98829447779933
 20
186.04733271638776
 10
110.36111401522096
 20
186.0738479900329
 10
110.74886680465029
 20
186.04701809089013
 10
111.14781857475782
 20
185.96710140555493
 10
111.55412720190823
 20
185.834867575394
 10
111.96387971191116
 20
185.65159008447807
 10
112.37312996410176
 20
185.4190339952344
 10
112.77793665483252
 20
185.13943894993048
 10
113.17440127438185
 20
184.81549760169477
 10
113.55870565173386
 20
184.45032968279514
 10
113.92714872565253
 20
184.0474519599117
 10
114.27618218792453
 20
183.61074436575117
 10
114.60244465550711
 20
183.144412633174
 10
114.90279404248423
 20
182.65294779168772
 10
115.17433782007161
 20
182.14108291637785
 10
115.41446087325018
 20
181.61374754580748
 10
115.6208506857532
 20
181.076020207866
 10
115.79151961086211
 20
180.53307951076945
 10
115.92482401353101
 20
179.99015427023244
 10
116.0194800994906
 20
179.4524731531145
 10
116.07457627888877
 20
178.92521432249987
 10
116.08958194539932
 20
178.41345556915633
 10
116.0643525862508
 20
177.92212540963442
 10
115.99913117396362
 20
177.45595562195865
 10
115.8945458263917
 20
177.01943567601873
 10
115.75160375760436
 20
176.61676949752012
 10
115.5716815778641
 20
176.25183498188147
 10
115.35651203611727
 20
175.9281466479819
 10
115.10816733267455
 20
175.64882179142288
 10
114.8290391627891
 20
175.41655046326758
 10
114.52181568332392
 20
175.23356956337858
  0
LWPOLYLINE
  5
30A
330
17
100
AcDbEntity
  8
HIDDEN
100
AcDbPolyline
 90
2
 70
0
 10
114.52181568332392
 20
175.23356956337858
 10
114.28813031823758
 20
175.13451971822258
  0
LWPOLYLINE
  5
30B
330
17
100
AcDbEntity
  8
HIDDEN
100
AcDbPolyline
 90
17
 70
0
 10
111.91172713633314
 20
177.4730015386557
 10
111.52975359745567
 20
177.69738980197945
 10
111.15684195161168
 20
177.98908969320001
 10
110.8018391086042
 20
178.3411809601452
 10
110.47316711201083
 20
178.74531063310818
 10
110.17862333566269
 20
179.1918911896683
 10
109.92519549971131
 20
179.67032800788851
 10
109.7188958948191
 20
180.16927071181672
 10
109.56461874731885
 20
180.6768824464024
 10
109.46602410919284
 20
181.18112069358295
 10
109.42545102745206
 20
181.67002296749413
 10
109.44386205287383
 20
182.13199061100633
 10
109.52082040456621
 20
182.55606396083306
 10
109.65450033210388
 20
182.9321823532284
 10
109.84173042940559
 20
183.25142280193046
 10
110.07806887278012
 20
183.50621168598477
 10
110.35790879820267
 20
183.69050442539182
  0
LWPOLYLINE
  5
30C
330
17
100
AcDbEntity
  8
HIDDEN
100
AcDbPolyline
 90
21
 70
0
 10
110.35790879820269
 20
183.69050442539182
 10
110.5557668958215
 20
183.7690429709647
 10
110.76668363179972
 20
183.8164328760179
 10
110.98862776267106
 20
183.83221774985978
 10
111.2194618451282
 20
183.81624557552635
 10
111.69884342537081
 20
183.68994972177003
 10
112.18640600723916
 20
183.44239879358128
 10
112.66341283414026
 20
183.08310603430223
 10
113.11153280122484
 20
182.62587886317826
 10
113.5135449094664
 20
182.0882882639797
 10
113.8540000589962
 20
181.4909935419495
 10
114.11981474934726
 20
180.85694839828852
 10
114.30077387104
 20
180.2105188322911
 10
114.38992326651079
 20
179.57654676965652
 10
114.38383697448725
 20
178.9793954012163
 10
114.28274888775863
 20
178.4420129191732
 10
114.09054376480704
 20
177.9850506309446
 10
113.96245064698589
 20
177.79235491967003
 10
113.81460794071764
 20
177.62606934099975
 10
113.6484394520827
 20
177.4877953159573
 10
113.4655454744636
 20
177.37886449899213
  0
LWPOLYLINE
  5
30D
330
17
100
AcDbEntity
  8
HIDDEN
100
AcDbPolyline
 90
5
 70
0
 10
113.46554547446358
 20
177.37886449899213
 10
113.11740992859976
 20
177.26310582273447
 10
112.73504830346012
 20
177.2402184311873
 10
112.32931481325257
 20
177.31085203560343
 10
111.91172713633314
 20
177.4730015386557
  0
LWPOLYLINE
  5
30E
330
17
100
AcDbEntity
  8
HIDDEN
100
AcDbPolyline
 90
17
 70
0
 10
116.8863730670585
 20
179.92234787748473
 10
116.50439952818103
 20
180.14673614080846
 10
116.13148788233704
 20
180.43843603202902
 10
115.77648503932956
 20
180.79052729897424
 10
115.44781304273619
 20
181.1946569719372
 10
115.15326926638805
 20
181.64123752849733
 10
114.89984143043667
 20
182.11967434671755
 10
114.69354182554446
 20
182.61861705064575
 10
114.5392646780442
 20
183.12622878523143
 10
114.4406700399182
 20
183.63046703241199
 10
114.40009695817741
 20
184.11936930632316
 10
114.41850798359918
 20
184.58133694983536
 10
114.49546633529157
 20
185.00541029966206
 10
114.62914626282924
 20
185.38152869205743
 10
114.81637636013095
 20
185.7007691407595
 10
115.05271480350548
 20
185.9555580248138
 10
115.33255472892803
 20
186.13985076422085
  0
LWPOLYLINE
  5
30F
330
17
100
AcDbEntity
  8
HIDDEN
100
AcDbPolyline
 90
21
 70
0
 10
115.33255472892805
 20
186.13985076422085
 10
115.53041282654686
 20
186.21838930979374
 10
115.74132956252508
 20
186.2657792148469
 10
115.96327369339642
 20
186.28156408868878
 10
116.19410777585355
 20
186.26559191435535
 10
116.67348935609617
 20
186.13929606059907
 10
117.16105193796452
 20
185.8917451324103
 10
117.63805876486562
 20
185.53245237313126
 10
118.0861787319502
 20
185.0752252020073
 10
118.48819084019176
 20
184.53763460280874
 10
118.82864598972157
 20
183.94033988077854
 10
119.09446068007263
 20
183.30629473711755
 10
119.27541980176537
 20
182.6598651711201
 10
119.36456919723615
 20
182.02589310848555
 10
119.35848290521263
 20
181.42874174004533
 10
119.25739481848399
 20
180.89135925800224
 10
119.0651896955324
 20
180.43439696977364
 10
118.93709657771124
 20
180.24170125849906
 10
118.789253871443
 20
180.07541567982878
 10
118.62308538280806
 20
179.93714165478633
 10
118.44019140518895
 20
179.82821083782116
  0
LWPOLYLINE
  5
310
330
17
100
AcDbEntity
  8
HIDDEN
100
AcDbPolyline
 90
5
 70
0
 10
118.44019140518895
 20
179.82821083782116
 10
118.09205585932513
 20
179.71245216156348
 10
117.70969423418548
 20
179.6895647700163
 10
117.30396074397792
 20
179.76019837443246
 10
116.88637306705851
 20
179.92234787748473
  0
LWPOLYLINE
  5
311
330
17
100
AcDbEntity
  8
HIDDEN
100
AcDbPolyline
 90
13
 70
0
 10
116.8863730670585
 20
181.37684816399408
 10
116.68586202302832
 20
181.49463727859973
 10
116.49010787822833
 20
181.6477605810777
 10
116.13122344799167
 20
182.04472695373292
 10
115.84357430767695
 20
182.53030037881445
 10
115.65429517256281
 20
183.05867541215508
 10
115.58124125137289
 20
183.5800090190274
 10
115.5909058316468
 20
183.82251171903377
 10
115.63130391652467
 20
184.0451224013575
 10
115.70147710683317
 20
184.24255987768055
 10
115.79976062247711
 20
184.41014016571313
 10
115.92382279747686
 20
184.54388761141092
 10
116.07072039612387
 20
184.64062920690017
  0
LWPOLYLINE
  5
312
330
17
100
AcDbEntity
  8
HIDDEN
100
AcDbPolyline
 90
17
 70
0
 10
116.07072039612387
 20
184.64062920690017
 10
116.28530036126668
 20
184.70673338045717
 10
116.52297921340761
 20
184.70663505998917
 10
116.77462308755072
 20
184.64033802389662
 10
117.03056145073619
 20
184.51039003009674
 10
117.28095873519872
 20
184.3217849071156
 10
117.51619231372081
 20
184.0817706440584
 10
117.72722229180036
 20
183.79957085445287
 10
117.90593890572677
 20
183.4860303179541
 10
118.04547417625226
 20
183.15319822154413
 10
118.14046584118283
 20
182.81386511603364
 10
118.18726342410713
 20
182.48107138236722
 10
118.18406852015778
 20
182.16760609709675
 10
118.1310039077018
 20
181.88551555534184
 10
118.03010883003692
 20
181.64564033842396
 10
117.8852606284152
 20
181.45719871640566
 10
117.70202573799313
 20
181.3274323951418
  0
LWPOLYLINE
  5
313
330
17
100
AcDbEntity
  8
HIDDEN
100
AcDbPolyline
 90
5
 70
0
 10
117.70202573799311
 20
181.3274323951418
 10
117.51927741995436
 20
181.2666666858202
 10
117.31856265610153
 20
181.25465230705527
 10
117.105579196675
 20
181.2917303146228
 10
116.88637306705851
 20
181.37684816399408
  0
LWPOLYLINE
  5
314
330
17
100
AcDbEntity
  8
HIDDEN
100
AcDbPolyline
 90
13
 70
0
 10
117.14750933638791
 20
181.50542277495623
 10
116.94699829235775
 20
181.62321188956187
 10
116.75124414755776
 20
181.77633519203985
 10
116.39235971732109
 20
182.17330156469507
 10
116.10471057700637
 20
182.65887498977662
 10
115.91543144189222
 20
183.18725002311723
 10
115.84237752070231
 20
183.70858362998953
 10
115.8520421009762
 20
183.95108632999592
 10
115.89244018585408
 20
184.17369701231968
 10
115.96261337616258
 20
184.3711344886427
 10
116.06089689180652
 20
184.53871477667528
 10
116.18495906680627
 20
184.67246222237307
 10
116.33185666545329
 20
184.76920381786232
  0
LWPOLYLINE
  5
315
330
17
100
AcDbEntity
  8
HIDDEN
100
AcDbPolyline
 90
17
 70
0
 10
116.3318566654533
 20
184.76920381786232
 10
116.54643663059609
 20
184.8353079914193
 10
116.78411548273702
 20
184.83520967095131
 10
117.03575935688013
 20
184.76891263485876
 10
117.29169772006561
 20
184.63896464105892
 10
117.54209500452814
 20
184.45035951807776
 10
117.77732858305022
 20
184.21034525502057
 10
117.98835856112977
 20
183.928145465415
 10
118.16707517505618
 20
183.61460492891624
 10
118.30661044558168
 20
183.28177283250628
 10
118.40160211051224
 20
182.9424397269958
 10
118.44839969343654
 20
182.60964599332937
 10
118.44520478948719
 20
182.2961807080589
 10
118.39214017703121
 20
182.01409016630402
 10
118.29124509936634
 20
181.7742149493861
 10
118.14639689774461
 20
181.5857733273678
 10
117.96316200732254
 20
181.45600700610396
  0
LWPOLYLINE
  5
316
330
17
100
AcDbEntity
  8
HIDDEN
100
AcDbPolyline
 90
5
 70
0
 10
117.96316200732254
 20
181.45600700610396
 10
117.78041368928378
 20
181.39524129678236
 10
117.57969892543095
 20
181.38322691801744
 10
117.36671546600442
 20
181.42030492558496
 10
117.14750933638793
 20
181.50542277495623
  0
LWPOLYLINE
  5
317
330
17
100
AcDbEntity
  8
HIDDEN
100
AcDbPolyline
 90
33
 70
0
 10
114.86368185777098
 20
187.75108094844487
 10
115.1544969093892
 20
187.86651818078298
 10
115.46450576017084
 20
187.93617263440444
 10
115.79072285541477
 20
187.95937349884395
 10
116.13000654616542
 20
187.93589733709405
 10
116.47908934500951
 20
187.86597023742573
 10
116.83460939376612
 20
187.7502656360349
 10
117.19314284001868
 20
187.58989783148348
 10
117.55123681068547
 20
187.38641125339527
 10
117.90544266507487
 20
187.1417655887543
 10
118.25234920718054
 20
186.85831690904809
 10
118.58861553736354
 20
186.53879498001092
 10
118.91100322704237
 20
186.18627697248792
 10
119.21640750653039
 20
185.80415782759746
 10
119.50188716566514
 20
185.3961175615924
 10
119.76469287927011
 20
184.9660858252919
 10
120.00229368465908
 20
184.5182040593958
 10
120.21240135619033
 20
184.0567856101467
 10
120.39299244213046
 20
183.58627418944792
 10
120.54232775160077
 20
183.11120107948844
 10
120.65896910393604
 20
182.63614149401857
 10
120.74179317915069
 20
182.1656705165404
 10
120.7900023361241
 20
181.70431903975256
 10
120.80313229432082
 20
181.25653013057698
 10
120.78105660506588
 20
180.8266162409953
 10
120.72398786931458
 20
180.418717676779
 10
120.63247569018917
 20
180.03676272408157
 10
120.50740138000023
 20
179.68442981789528
 10
120.3499694727275
 20
179.36511211671146
 10
120.16169612369903
 20
179.08188482454932
 10
119.94439450818665
 20
178.83747557506018
 10
119.70015735953689
 20
178.6342381629243
 10
119.43133681500487
 20
178.47412987552144
  0
LWPOLYLINE
  5
318
330
17
100
AcDbEntity
  8
HIDDEN
100
AcDbPolyline
 90
17
 70
0
 10
118.45319068303498
 20
188.5012445162425
 10
118.84780056287981
 20
188.31544648000107
 10
119.2408549296908
 20
188.07800460069052
 10
119.62777309378532
 20
187.79168604656695
 10
120.00404587731947
 20
187.45982759889418
 10
120.3652881646377
 20
187.0862967648053
 10
120.70729000679108
 20
186.67544670503915
 10
121.0260656846474
 20
186.23206550182758
 10
121.31790015880777
 20
185.7613203581697
 10
121.57939236499789
 20
185.2686973788001
 10
121.80749485036614
 20
184.75993763464825
 10
121.99954928876346
 20
184.24097025590004
 10
122.15331746110681
 20
183.7178433334003
 10
122.26700733977853
 20
183.19665343367762
 10
122.33929397307162
 20
182.683474549029
 10
122.36933492629187
 20
182.184287310687
 10
122.35678009956484
 20
181.70490929002457
  0
LWPOLYLINE
  5
319
330
17
100
AcDbEntity
  8
HIDDEN
100
AcDbPolyline
 90
17
 70
0
 10
117.89867428142978
 20
185.54065148363526
 10
118.11325424657258
 20
185.60675565719225
 10
118.3509330987135
 20
185.60665733672425
 10
118.60257697285661
 20
185.5403603006317
 10
118.85851533604209
 20
185.41041230683183
 10
119.10891262050463
 20
185.2218071838507
 10
119.34414619902671
 20
184.98179292079348
 10
119.55517617710626
 20
184.69959313118795
 10
119.73389279103267
 20
184.38605259468918
 10
119.87342806155816
 20
184.0532204982792
 10
119.96841972648873
 20
183.71388739276873
 10
120.01521730941303
 20
183.3810936591023
 10
120.01202240546367
 20
183.06762837383184
 10
119.9589577930077
 20
182.78553783207693
 10
119.85806271534281
 20
182.54566261515905
 10
119.71321451372108
 20
182.35722099314074
 10
119.52997962329903
 20
182.2274546718769
  0
LWPOLYLINE
  5
31A
330
17
100
AcDbEntity
  8
HIDDEN
100
AcDbPolyline
 90
13
 70
0
 10
121.58682591498795
 20
183.69119116131284
 10
121.38631487095779
 20
183.8089802759185
 10
121.1905607261578
 20
183.96210357839647
 10
120.83167629592113
 20
184.35906995105168
 10
120.54402715560641
 20
184.8446433761332
 10
120.35474802049228
 20
185.37301840947384
 10
120.28169409930236
 20
185.89435201634615
 10
120.29135867957625
 20
186.13685471635253
 10
120.33175676445414
 20
186.3594653986763
 10
120.40192995476262
 20
186.5569028749993
 10
120.50021347040656
 20
186.7244831630319
 10
120.62427564540633
 20
186.85823060872968
 10
120.77117324405333
 20
186.95497220421893
  0
LWPOLYLINE
  5
31B
330
17
100
AcDbEntity
  8
HIDDEN
100
AcDbPolyline
 90
17
 70
0
 10
120.77117324405334
 20
186.95497220421893
 10
120.98575320919615
 20
187.02107637777593
 10
121.22343206133706
 20
187.02097805730793
 10
121.47507593548018
 20
186.95468102121538
 10
121.73101429866566
 20
186.8247330274155
 10
121.98141158312818
 20
186.63612790443437
 10
122.21664516165028
 20
186.39611364137716
 10
122.42767513972983
 20
186.11391385177163
 10
122.60639175365624
 20
185.80037331527285
 10
122.74592702418173
 20
185.4675412188629
 10
122.8409186891123
 20
185.1282081133524
 10
122.8877162720366
 20
184.79541437968598
 10
122.88452136808723
 20
184.4819490944155
 10
122.83145675563127
 20
184.1998585526606
 10
122.73056167796638
 20
183.95998333574272
 10
122.58571347634465
 20
183.77154171372442
 10
122.4024785859226
 20
183.64177539246057
  0
LWPOLYLINE
  5
31C
330
17
100
AcDbEntity
  8
HIDDEN
100
AcDbPolyline
 90
5
 70
0
 10
122.40247858592258
 20
183.64177539246057
 10
122.21973026788382
 20
183.58100968313897
 10
122.01901550403099
 20
183.56899530437403
 10
121.80603204460446
 20
183.60607331194157
 10
121.58682591498797
 20
183.69119116131284
  0
LWPOLYLINE
  5
31D
330
17
100
AcDbEntity
  8
HIDDEN
100
AcDbPolyline
 90
11
 70
0
 10
153.02763274224952
 20
218.20061674355475
 10
153.5151032096338
 20
218.02261032831143
 10
154.08653077664326
 20
217.9219411573355
 10
154.6927044849003
 20
217.90727879203564
 10
155.28142106167397
 20
217.97988594546618
 10
155.80198063067468
 20
218.13350973832684
 10
156.20955295135735
 20
218.35492019272934
 10
156.3595304493474
 20
218.48527275667607
 10
156.4690381691351
 20
218.6250495890098
 10
156.5357055992926
 20
218.77122494342666
 10
156.558089591288
 20
218.9206345649428
  0
LWPOLYLINE
  5
31E
330
17
100
AcDbEntity
  8
HIDDEN
100
AcDbPolyline
 90
5
 70
0
 10
152.42190210970048
 20
218.9206345649428
 10
152.46163995102967
 20
218.72198209494917
 10
152.57932637206017
 20
218.53096372797182
 10
152.77043874963113
 20
218.35492019272934
 10
153.02763274224952
 20
218.20061674355475
  0
LWPOLYLINE
  5
31F
330
17
100
AcDbEntity
  8
HIDDEN
100
AcDbPolyline
 90
9
 70
0
 10
153.706587042506
 20
218.53491073205635
 10
153.96773193574757
 20
218.43955015246172
 10
154.2738538466455
 20
218.3856202394389
 10
154.59858976178322
 20
218.37776540088538
 10
154.91397364219767
 20
218.41666209022318
 10
155.1928448398766
 20
218.49896055068425
 10
155.41118715452805
 20
218.61757329411415
 10
155.55019709262328
 20
218.76228547069297
 10
155.59790321163376
 20
218.9206345649428
  0
LWPOLYLINE
  5
320
330
17
100
AcDbEntity
  8
HIDDEN
100
AcDbPolyline
 90
13
 70
0
 10
155.59790321163376
 20
218.9206345649428
 10
155.57661508235026
 20
219.0270555310108
 10
155.5135687853696
 20
219.1293867990344
 10
155.41118715452805
 20
219.22369583577142
 10
155.2734046584825
 20
219.30635839782926
 10
154.91397364219767
 20
219.42460703966242
 10
154.48999585049424
 20
219.46613044074135
 10
154.06601805879083
 20
219.42460703966242
 10
153.706587042506
 20
219.30635839782926
 10
153.56880454646043
 20
219.22369583577142
 10
153.46642291561886
 20
219.1293867990344
 10
153.40337661863822
 20
219.0270555310108
 10
153.38208848935471
 20
218.92063456494282
  0
LWPOLYLINE
  5
321
330
17
100
AcDbEntity
  8
HIDDEN
100
AcDbPolyline
 90
5
 70
0
 10
153.38208848935471
 20
218.9206345649428
 10
153.40337661863822
 20
218.8142135988748
 10
153.46642291561886
 20
218.7118823308512
 10
153.56880454646043
 20
218.61757329411415
 10
153.706587042506
 20
218.53491073205635
  0
LWPOLYLINE
  5
322
330
17
100
AcDbEntity
  8
HIDDEN
100
AcDbPolyline
 90
9
 70
0
 10
153.706587042506
 20
231.39237182827165
 10
153.96773193574757
 20
231.29701124867702
 10
154.2738538466455
 20
231.2430813356542
 10
154.59858976178322
 20
231.2352264971007
 10
154.91397364219767
 20
231.2741231864385
 10
155.1928448398766
 20
231.35642164689955
 10
155.41118715452805
 20
231.47503439032948
 10
155.55019709262328
 20
231.61974656690828
 10
155.59790321163376
 20
231.77809566115812
  0
LWPOLYLINE
  5
323
330
17
100
AcDbEntity
  8
HIDDEN
100
AcDbPolyline
 90
13
 70
0
 10
155.59790321163376
 20
231.77809566115812
 10
155.57661508235026
 20
231.88451662722613
 10
155.5135687853696
 20
231.9868478952497
 10
155.41118715452805
 20
232.08115693198675
 10
155.2734046584825
 20
232.16381949404456
 10
154.91397364219767
 20
232.28206813587772
 10
154.48999585049424
 20
232.32359153695668
 10
154.06601805879083
 20
232.28206813587772
 10
153.706587042506
 20
232.16381949404456
 10
153.56880454646043
 20
232.08115693198675
 10
153.46642291561886
 20
231.9868478952497
 10
153.40337661863822
 20
231.88451662722613
 10
153.38208848935471
 20
231.77809566115812
  0
LWPOLYLINE
  5
324
330
17
100
AcDbEntity
  8
HIDDEN
100
AcDbPolyline
 90
5
 70
0
 10
153.38208848935471
 20
231.77809566115812
 10
153.40337661863822
 20
231.6716746950901
 10
153.46642291561886
 20
231.5693434270665
 10
153.56880454646043
 20
231.47503439032948
 10
153.706587042506
 20
231.39237182827165
  0
LWPOLYLINE
  5
325
330
17
100
AcDbEntity
  8
HIDDEN
100
AcDbPolyline
 90
11
 70
0
 10
171.8294441339674
 20
207.40034942273388
 10
172.31691460135167
 20
207.22234300749057
 10
172.88834216836113
 20
207.12167383651465
 10
173.49451587661818
 20
207.10701147121478
 10
174.08323245339184
 20
207.17961862464534
 10
174.60379202239255
 20
207.33324241750597
 10
175.01136434307523
 20
207.55465287190847
 10
175.16134184106528
 20
207.6850054358552
 10
175.27084956085298
 20
207.82478226818893
 10
175.3375169910105
 20
207.9709576226058
 10
175.35990098300587
 20
208.12036724412192
  0
LWPOLYLINE
  5
326
330
17
100
AcDbEntity
  8
HIDDEN
100
AcDbPolyline
 90
17
 70
0
 10
175.35990098300587
 20
208.12036724412195
 10
175.3201631416767
 20
208.31901971411557
 10
175.2024767206462
 20
208.51003808109292
 10
175.01136434307523
 20
208.6860816163354
 10
174.75417035045683
 20
208.84038506551
 10
174.44077856369128
 20
208.96701863359928
 10
174.08323245339184
 20
209.06111586359856
 10
173.69527231606313
 20
209.11906065172923
 10
173.29180724221212
 20
209.13862621227926
 10
172.88834216836113
 20
209.11906065172923
 10
172.50038203103242
 20
209.06111586359856
 10
172.14283592073295
 20
208.96701863359928
 10
171.8294441339674
 20
208.84038506551
 10
171.572250141349
 20
208.6860816163354
 10
171.38113776377807
 20
208.51003808109292
 10
171.26345134274754
 20
208.31901971411557
 10
171.22371350141836
 20
208.12036724412195
  0
LWPOLYLINE
  5
327
330
17
100
AcDbEntity
  8
HIDDEN
100
AcDbPolyline
 90
5
 70
0
 10
171.22371350141836
 20
208.12036724412195
 10
171.26345134274754
 20
207.9217147741283
 10
171.38113776377807
 20
207.73069640715096
 10
171.572250141349
 20
207.55465287190847
 10
171.8294441339674
 20
207.40034942273388
  0
LWPOLYLINE
  5
328
330
17
100
AcDbEntity
  8
HIDDEN
100
AcDbPolyline
 90
11
 70
0
 10
171.8294441339674
 20
208.9432447542797
 10
172.31691460135167
 20
208.76523833903642
 10
172.88834216836113
 20
208.6645691680605
 10
173.49451587661818
 20
208.64990680276063
 10
174.08323245339184
 20
208.72251395619116
 10
174.60379202239255
 20
208.87613774905182
 10
175.01136434307523
 20
209.09754820345432
 10
175.16134184106528
 20
209.22790076740105
 10
175.27084956085298
 20
209.36767759973475
 10
175.3375169910105
 20
209.51385295415162
 10
175.35990098300587
 20
209.66326257566777
  0
LWPOLYLINE
  5
329
330
17
100
AcDbEntity
  8
HIDDEN
100
AcDbPolyline
 90
17
 70
0
 10
175.35990098300587
 20
209.66326257566777
 10
175.3201631416767
 20
209.8619150456614
 10
175.2024767206462
 20
210.05293341263874
 10
175.01136434307523
 20
210.22897694788122
 10
174.75417035045683
 20
210.38328039705584
 10
174.44077856369128
 20
210.50991396514513
 10
174.08323245339184
 20
210.60401119514438
 10
173.69527231606313
 20
210.66195598327505
 10
173.29180724221212
 20
210.68152154382508
 10
172.88834216836113
 20
210.66195598327505
 10
172.50038203103242
 20
210.60401119514438
 10
172.14283592073295
 20
210.50991396514513
 10
171.8294441339674
 20
210.38328039705584
 10
171.572250141349
 20
210.22897694788122
 10
171.38113776377807
 20
210.05293341263877
 10
171.26345134274754
 20
209.8619150456614
 10
171.22371350141836
 20
209.66326257566777
  0
LWPOLYLINE
  5
32A
330
17
100
AcDbEntity
  8
HIDDEN
100
AcDbPolyline
 90
5
 70
0
 10
171.22371350141836
 20
209.66326257566777
 10
171.26345134274754
 20
209.46461010567415
 10
171.38113776377807
 20
209.2735917386968
 10
171.572250141349
 20
209.09754820345432
 10
171.8294441339674
 20
208.9432447542797
  0
LWPOLYLINE
  5
32B
330
17
100
AcDbEntity
  8
HIDDEN
100
AcDbPolyline
 90
9
 70
0
 10
172.50839843422386
 20
209.2775387427813
 10
172.76954332746544
 20
209.18217816318668
 10
173.07566523836337
 20
209.12824825016386
 10
173.4004011535011
 20
209.12039341161037
 10
173.71578503391552
 20
209.15929010094817
 10
173.9946562315945
 20
209.24158856140923
 10
174.21299854624593
 20
209.36020130483914
 10
174.35200848434116
 20
209.50491348141796
 10
174.39971460335164
 20
209.66326257566777
  0
LWPOLYLINE
  5
32C
330
17
100
AcDbEntity
  8
HIDDEN
100
AcDbPolyline
 90
13
 70
0
 10
174.39971460335164
 20
209.66326257566777
 10
174.37842647406814
 20
209.7696835417358
 10
174.3153801770875
 20
209.87201480975938
 10
174.21299854624593
 20
209.9663238464964
 10
174.07521605020037
 20
210.04898640855424
 10
173.71578503391555
 20
210.16723505038738
 10
173.29180724221212
 20
210.20875845146634
 10
172.8678294505087
 20
210.16723505038738
 10
172.50839843422386
 20
210.04898640855424
 10
172.3706159381783
 20
209.9663238464964
 10
172.26823430733674
 20
209.87201480975938
 10
172.2051880103561
 20
209.7696835417358
 10
172.1838998810726
 20
209.66326257566777
  0
LWPOLYLINE
  5
32D
330
17
100
AcDbEntity
  8
HIDDEN
100
AcDbPolyline
 90
5
 70
0
 10
172.1838998810726
 20
209.66326257566777
 10
172.2051880103561
 20
209.55684160959976
 10
172.26823430733674
 20
209.45451034157617
 10
172.3706159381783
 20
209.36020130483914
 10
172.50839843422386
 20
209.2775387427813
  0
LWPOLYLINE
  5
32E
330
17
100
AcDbEntity
  8
HIDDEN
100
AcDbPolyline
 90
9
 70
0
 10
172.50839843422386
 20
222.13499983899663
 10
172.76954332746544
 20
222.039639259402
 10
173.07566523836337
 20
221.9857093463792
 10
173.4004011535011
 20
221.97785450782567
 10
173.71578503391552
 20
222.01675119716347
 10
173.9946562315945
 20
222.09904965762453
 10
174.21299854624593
 20
222.21766240105444
 10
174.35200848434116
 20
222.36237457763326
 10
174.39971460335164
 20
222.52072367188308
  0
LWPOLYLINE
  5
32F
330
17
100
AcDbEntity
  8
HIDDEN
100
AcDbPolyline
 90
13
 70
0
 10
174.39971460335164
 20
222.52072367188308
 10
174.37842647406814
 20
222.6271446379511
 10
174.3153801770875
 20
222.72947590597468
 10
174.21299854624593
 20
222.8237849427117
 10
174.07521605020037
 20
222.90644750476955
 10
173.71578503391555
 20
223.0246961466027
 10
173.29180724221212
 20
223.06621954768164
 10
172.8678294505087
 20
223.0246961466027
 10
172.50839843422386
 20
222.90644750476955
 10
172.3706159381783
 20
222.8237849427117
 10
172.26823430733674
 20
222.72947590597468
 10
172.2051880103561
 20
222.6271446379511
 10
172.1838998810726
 20
222.5207236718831
  0
LWPOLYLINE
  5
330
330
17
100
AcDbEntity
  8
HIDDEN
100
AcDbPolyline
 90
5
 70
0
 10
172.1838998810726
 20
222.52072367188308
 10
172.2051880103561
 20
222.4143027058151
 10
172.26823430733674
 20
222.3119714377915
 10
172.3706159381783
 20
222.21766240105444
 10
172.50839843422386
 20
222.13499983899663
  0
LWPOLYLINE
  5
331
330
17
100
AcDbEntity
  8
HIDDEN
100
AcDbPolyline
 90
11
 70
0
 10
113.85719234283728
 20
198.91442509923178
 10
114.34466281022155
 20
198.73641868398846
 10
114.91609037723101
 20
198.63574951301254
 10
115.52226408548808
 20
198.62108714771267
 10
116.11098066226172
 20
198.6936943011432
 10
116.63154023126243
 20
198.84731809400387
 10
117.03911255194511
 20
199.06872854840637
 10
117.18909004993517
 20
199.1990811123531
 10
117.29859776972287
 20
199.33885794468682
 10
117.36526519988038
 20
199.4850332991037
 10
117.38764919187577
 20
199.63444292061982
  0
LWPOLYLINE
  5
332
330
17
100
AcDbEntity
  8
HIDDEN
100
AcDbPolyline
 90
5
 70
0
 10
113.25146171028824
 20
199.63444292061982
 10
113.29119955161744
 20
199.4357904506262
 10
113.40888597264795
 20
199.24477208364885
 10
113.5999983502189
 20
199.06872854840637
 10
113.85719234283728
 20
198.91442509923178
  0
LWPOLYLINE
  5
333
330
17
100
AcDbEntity
  8
HIDDEN
100
AcDbPolyline
 90
9
 70
0
 10
114.53614664309376
 20
199.24871908773338
 10
114.79729153633534
 20
199.15335850813875
 10
115.10341344723325
 20
199.0994285951159
 10
115.42814936237097
 20
199.0915737565624
 10
115.74353324278542
 20
199.13047044590022
 10
116.02240444046438
 20
199.21276890636128
 10
116.24074675511582
 20
199.33138164979118
 10
116.37975669321105
 20
199.47609382637
 10
116.42746281222152
 20
199.63444292061982
  0
LWPOLYLINE
  5
334
330
17
100
AcDbEntity
  8
HIDDEN
100
AcDbPolyline
 90
13
 70
0
 10
116.42746281222152
 20
199.63444292061982
 10
116.40617468293803
 20
199.74086388668783
 10
116.3431283859574
 20
199.84319515471142
 10
116.24074675511582
 20
199.93750419144845
 10
116.10296425907025
 20
200.0201667535063
 10
115.74353324278542
 20
200.13841539533945
 10
115.31955545108201
 20
200.17993879641838
 10
114.89557765937859
 20
200.13841539533945
 10
114.53614664309376
 20
200.0201667535063
 10
114.3983641470482
 20
199.93750419144845
 10
114.29598251620662
 20
199.84319515471142
 10
114.23293621922598
 20
199.74086388668783
 10
114.21164808994249
 20
199.63444292061985
  0
LWPOLYLINE
  5
335
330
17
100
AcDbEntity
  8
HIDDEN
100
AcDbPolyline
 90
5
 70
0
 10
114.21164808994249
 20
199.63444292061982
 10
114.23293621922598
 20
199.5280219545518
 10
114.29598251620662
 20
199.42569068652824
 10
114.3983641470482
 20
199.33138164979118
 10
114.53614664309376
 20
199.24871908773338
  0
LWPOLYLINE
  5
336
330
17
100
AcDbEntity
  8
HIDDEN
100
AcDbPolyline
 90
9
 70
0
 10
114.53614664309376
 20
212.10618018394868
 10
114.79729153633534
 20
212.01081960435405
 10
115.10341344723325
 20
211.95688969133124
 10
115.42814936237097
 20
211.94903485277774
 10
115.74353324278542
 20
211.98793154211552
 10
116.02240444046438
 20
212.07023000257658
 10
116.24074675511582
 20
212.18884274600651
 10
116.37975669321105
 20
212.3335549225853
 10
116.42746281222152
 20
212.49190401683515
  0
LWPOLYLINE
  5
337
330
17
100
AcDbEntity
  8
HIDDEN
100
AcDbPolyline
 90
13
 70
0
 10
116.42746281222152
 20
212.49190401683515
 10
116.40617468293803
 20
212.59832498290316
 10
116.3431283859574
 20
212.70065625092673
 10
116.24074675511582
 20
212.79496528766379
 10
116.10296425907025
 20
212.8776278497216
 10
115.74353324278542
 20
212.99587649155475
 10
115.31955545108201
 20
213.03739989263372
 10
114.89557765937859
 20
212.99587649155475
 10
114.53614664309376
 20
212.8776278497216
 10
114.3983641470482
 20
212.79496528766379
 10
114.29598251620662
 20
212.70065625092673
 10
114.23293621922598
 20
212.59832498290316
 10
114.21164808994249
 20
212.49190401683515
  0
LWPOLYLINE
  5
338
330
17
100
AcDbEntity
  8
HIDDEN
100
AcDbPolyline
 90
5
 70
0
 10
114.21164808994249
 20
212.49190401683515
 10
114.23293621922598
 20
212.38548305076714
 10
114.29598251620662
 20
212.28315178274354
 10
114.3983641470482
 20
212.18884274600651
 10
114.53614664309376
 20
212.10618018394868
  0
LWPOLYLINE
  5
339
330
17
100
AcDbEntity
  8
HIDDEN
100
AcDbPolyline
 90
11
 70
0
 10
132.65900373455517
 20
189.65705310995676
 10
133.14647420193944
 20
189.47904669471345
 10
133.71790176894888
 20
189.37837752373753
 10
134.32407547720595
 20
189.36371515843766
 10
134.9127920539796
 20
189.4363223118682
 10
135.43335162298033
 20
189.58994610472885
 10
135.840923943663
 20
189.81135655913135
 10
135.99090144165305
 20
189.94170912307808
 10
136.10040916144075
 20
190.0814859554118
 10
136.16707659159826
 20
190.22766130982868
 10
136.18946058359364
 20
190.3770709313448
  0
LWPOLYLINE
  5
33A
330
17
100
AcDbEntity
  8
HIDDEN
100
AcDbPolyline
 90
5
 70
0
 10
132.05327310200613
 20
190.3770709313448
 10
132.09301094333532
 20
190.17841846135119
 10
132.21069736436584
 20
189.98740009437384
 10
132.40180974193677
 20
189.81135655913135
 10
132.65900373455517
 20
189.65705310995676
  0
LWPOLYLINE
  5
33B
330
17
100
AcDbEntity
  8
HIDDEN
100
AcDbPolyline
 90
9
 70
0
 10
133.33795803481163
 20
189.99134709845833
 10
133.5991029280532
 20
189.89598651886374
 10
133.90522483895114
 20
189.84205660584092
 10
134.22996075408884
 20
189.8342017672874
 10
134.5453446345033
 20
189.8730984566252
 10
134.82421583218226
 20
189.95539691708626
 10
135.0425581468337
 20
190.07400966051617
 10
135.18156808492893
 20
190.218721837095
 10
135.22927420393938
 20
190.3770709313448
  0
LWPOLYLINE
  5
33C
330
17
100
AcDbEntity
  8
HIDDEN
100
AcDbPolyline
 90
13
 70
0
 10
135.22927420393938
 20
190.3770709313448
 10
135.2079860746559
 20
190.48349189741282
 10
135.1449397776753
 20
190.5858231654364
 10
135.0425581468337
 20
190.68013220217347
 10
134.9047756507881
 20
190.76279476423127
 10
134.5453446345033
 20
190.8810434060644
 10
134.1213668427999
 20
190.92256680714337
 10
133.69738905109648
 20
190.8810434060644
 10
133.33795803481163
 20
190.76279476423127
 10
133.20017553876608
 20
190.68013220217347
 10
133.09779390792448
 20
190.5858231654364
 10
133.03474761094387
 20
190.48349189741282
 10
133.01345948166036
 20
190.3770709313448
  0
LWPOLYLINE
  5
33D
330
17
100
AcDbEntity
  8
HIDDEN
100
AcDbPolyline
 90
5
 70
0
 10
133.01345948166036
 20
190.3770709313448
 10
133.03474761094387
 20
190.2706499652768
 10
133.09779390792448
 20
190.16831869725323
 10
133.20017553876608
 20
190.07400966051617
 10
133.33795803481163
 20
189.99134709845833
  0
LWPOLYLINE
  5
33E
330
17
100
AcDbEntity
  8
HIDDEN
100
AcDbPolyline
 90
9
 70
0
 10
133.33795803481163
 20
202.84880819467367
 10
133.5991029280532
 20
202.75344761507904
 10
133.90522483895114
 20
202.69951770205623
 10
134.22996075408884
 20
202.69166286350273
 10
134.5453446345033
 20
202.7305595528405
 10
134.82421583218226
 20
202.81285801330156
 10
135.0425581468337
 20
202.93147075673147
 10
135.18156808492893
 20
203.0761829333103
 10
135.22927420393938
 20
203.23453202756014
  0
LWPOLYLINE
  5
33F
330
17
100
AcDbEntity
  8
HIDDEN
100
AcDbPolyline
 90
13
 70
0
 10
135.22927420393938
 20
203.23453202756014
 10
135.2079860746559
 20
203.34095299362815
 10
135.1449397776753
 20
203.4432842616517
 10
135.0425581468337
 20
203.53759329838877
 10
134.9047756507881
 20
203.62025586044658
 10
134.5453446345033
 20
203.73850450227974
 10
134.1213668427999
 20
203.7800279033587
 10
133.69738905109648
 20
203.73850450227974
 10
133.33795803481163
 20
203.62025586044658
 10
133.20017553876608
 20
203.53759329838877
 10
133.09779390792448
 20
203.4432842616517
 10
133.03474761094387
 20
203.34095299362815
 10
133.01345948166036
 20
203.23453202756014
  0
LWPOLYLINE
  5
340
330
17
100
AcDbEntity
  8
HIDDEN
100
AcDbPolyline
 90
5
 70
0
 10
133.01345948166036
 20
203.23453202756014
 10
133.03474761094387
 20
203.12811106149212
 10
133.09779390792448
 20
203.02577979346853
 10
133.20017553876608
 20
202.93147075673147
 10
133.33795803481163
 20
202.84880819467367
  0
LWPOLYLINE
  5
341
330
17
100
AcDbEntity
  8
HIDDEN
100
AcDbPolyline
 90
11
 70
0
 10
166.08444620872027
 20
233.43670814256987
 10
166.57191667610454
 20
233.25870172732658
 10
167.143344243114
 20
233.15803255635066
 10
167.74951795137105
 20
233.1433701910508
 10
168.3382345281447
 20
233.21597734448133
 10
168.85879409714542
 20
233.369601137342
 10
169.2663664178281
 20
233.5910115917445
 10
169.41634391581815
 20
233.72136415569122
 10
169.52585163560585
 20
233.86114098802494
 10
169.59251906576336
 20
234.00731634244178
 10
169.61490305775874
 20
234.15672596395794
  0
LWPOLYLINE
  5
342
330
17
100
AcDbEntity
  8
HIDDEN
100
AcDbPolyline
 90
5
 70
0
 10
165.47871557617123
 20
234.15672596395794
 10
165.5184534175004
 20
233.95807349396432
 10
165.63613983853094
 20
233.76705512698697
 10
165.82725221610187
 20
233.5910115917445
 10
166.08444620872027
 20
233.4367081425699
  0
LWPOLYLINE
  5
343
330
17
100
AcDbEntity
  8
HIDDEN
100
AcDbPolyline
 90
9
 70
0
 10
166.76340050897673
 20
233.77100213107147
 10
167.0245454022183
 20
233.67564155147687
 10
167.33066731311624
 20
233.62171163845403
 10
167.65540322825396
 20
233.61385679990053
 10
167.9707871086684
 20
233.65275348923834
 10
168.24965830634736
 20
233.7350519496994
 10
168.4680006209988
 20
233.8536646931293
 10
168.60701055909402
 20
233.99837686970812
 10
168.6547166781045
 20
234.15672596395794
  0
LWPOLYLINE
  5
344
330
17
100
AcDbEntity
  8
HIDDEN
100
AcDbPolyline
 90
13
 70
0
 10
168.6547166781045
 20
234.15672596395794
 10
168.633428548821
 20
234.26314693002595
 10
168.57038225184039
 20
234.36547819804954
 10
168.4680006209988
 20
234.45978723478657
 10
168.33021812495323
 20
234.5424497968444
 10
167.9707871086684
 20
234.66069843867754
 10
167.54680931696498
 20
234.7022218397565
 10
167.12283152526157
 20
234.66069843867754
 10
166.76340050897673
 20
234.5424497968444
 10
166.62561801293117
 20
234.45978723478657
 10
166.52323638208958
 20
234.36547819804954
 10
166.46019008510896
 20
234.26314693002595
 10
166.43890195582546
 20
234.15672596395794
  0
LWPOLYLINE
  5
345
330
17
100
AcDbEntity
  8
HIDDEN
100
AcDbPolyline
 90
5
 70
0
 10
166.43890195582546
 20
234.15672596395794
 10
166.46019008510896
 20
234.05030499788992
 10
166.52323638208958
 20
233.94797372986633
 10
166.62561801293117
 20
233.8536646931293
 10
166.76340050897673
 20
233.77100213107147
  0
LWPOLYLINE
  5
346
330
17
100
AcDbEntity
  8
HIDDEN
100
AcDbPolyline
 90
9
 70
0
 10
166.76340050897673
 20
241.48547878880066
 10
167.0245454022183
 20
241.39011820920604
 10
167.33066731311624
 20
241.33618829618322
 10
167.65540322825396
 20
241.32833345762972
 10
167.9707871086684
 20
241.36723014696753
 10
168.24965830634736
 20
241.4495286074286
 10
168.4680006209988
 20
241.5681413508585
 10
168.60701055909402
 20
241.7128535274373
 10
168.6547166781045
 20
241.87120262168713
  0
LWPOLYLINE
  5
347
330
17
100
AcDbEntity
  8
HIDDEN
100
AcDbPolyline
 90
13
 70
0
 10
168.6547166781045
 20
241.87120262168713
 10
168.633428548821
 20
241.97762358775515
 10
168.57038225184039
 20
242.07995485577874
 10
168.4680006209988
 20
242.17426389251577
 10
168.33021812495323
 20
242.25692645457357
 10
167.9707871086684
 20
242.37517509640674
 10
167.54680931696498
 20
242.4166984974857
 10
167.12283152526157
 20
242.37517509640674
 10
166.76340050897673
 20
242.2569264545736
 10
166.62561801293117
 20
242.17426389251577
 10
166.52323638208958
 20
242.07995485577874
 10
166.46019008510896
 20
241.97762358775515
 10
166.43890195582546
 20
241.87120262168713
  0
LWPOLYLINE
  5
348
330
17
100
AcDbEntity
  8
HIDDEN
100
AcDbPolyline
 90
5
 70
0
 10
166.43890195582546
 20
241.87120262168713
 10
166.46019008510896
 20
241.76478165561912
 10
166.52323638208958
 20
241.66245038759553
 10
166.62561801293117
 20
241.5681413508585
 10
166.76340050897673
 20
241.48547878880066
  0
LWPOLYLINE
  5
349
330
17
100
AcDbEntity
  8
HIDDEN
100
AcDbPolyline
 90
11
 70
0
 10
193.2426182189794
 20
218.52205327096013
 10
193.7300886863637
 20
218.3440468557168
 10
194.30151625337314
 20
218.2433776847409
 10
194.9076899616302
 20
218.22871531944102
 10
195.49640653840385
 20
218.30132247287156
 10
196.01696610740458
 20
218.45494626573222
 10
196.42453842808726
 20
218.67635672013472
 10
196.5745159260773
 20
218.80670928408145
 10
196.684023645865
 20
218.94648611641517
 10
196.75069107602252
 20
219.092661470832
 10
196.7730750680179
 20
219.24207109234817
  0
LWPOLYLINE
  5
34A
330
17
100
AcDbEntity
  8
HIDDEN
100
AcDbPolyline
 90
17
 70
0
 10
196.7730750680179
 20
219.24207109234817
 10
196.73333722668872
 20
219.44072356234182
 10
196.6156508056582
 20
219.63174192931916
 10
196.42453842808726
 20
219.80778546456165
 10
196.16734443546886
 20
219.96208891373624
 10
195.8539526487033
 20
220.08872248182553
 10
195.49640653840385
 20
220.18281971182478
 10
195.10844640107513
 20
220.24076449995545
 10
194.70498132722415
 20
220.2603300605055
 10
194.30151625337314
 20
220.24076449995545
 10
193.91355611604442
 20
220.18281971182478
 10
193.55601000574498
 20
220.08872248182553
 10
193.2426182189794
 20
219.96208891373624
 10
192.98542422636103
 20
219.80778546456165
 10
192.79431184879007
 20
219.63174192931916
 10
192.67662542775957
 20
219.44072356234182
 10
192.63688758643036
 20
219.2420710923482
  0
LWPOLYLINE
  5
34B
330
17
100
AcDbEntity
  8
HIDDEN
100
AcDbPolyline
 90
5
 70
0
 10
192.63688758643036
 20
219.24207109234817
 10
192.67662542775957
 20
219.04341862235455
 10
192.79431184879007
 20
218.8524002553772
 10
192.98542422636103
 20
218.67635672013472
 10
193.2426182189794
 20
218.52205327096013
  0
LWPOLYLINE
  5
34C
330
17
100
AcDbEntity
  8
HIDDEN
100
AcDbPolyline
 90
11
 70
0
 10
193.2426182189794
 20
220.06494860250595
 10
193.7300886863637
 20
219.88694218726266
 10
194.30151625337314
 20
219.78627301628674
 10
194.9076899616302
 20
219.77161065098687
 10
195.49640653840385
 20
219.8442178044174
 10
196.01696610740458
 20
219.99784159727807
 10
196.42453842808726
 20
220.21925205168054
 10
196.5745159260773
 20
220.3496046156273
 10
196.684023645865
 20
220.48938144796102
 10
196.75069107602252
 20
220.63555680237786
 10
196.7730750680179
 20
220.78496642389402
  0
LWPOLYLINE
  5
34D
330
17
100
AcDbEntity
  8
HIDDEN
100
AcDbPolyline
 90
17
 70
0
 10
196.7730750680179
 20
220.78496642389402
 10
196.73333722668872
 20
220.98361889388764
 10
196.6156508056582
 20
221.17463726086498
 10
196.42453842808726
 20
221.35068079610747
 10
196.16734443546886
 20
221.50498424528206
 10
195.8539526487033
 20
221.63161781337138
 10
195.49640653840385
 20
221.72571504337063
 10
195.10844640107513
 20
221.7836598315013
 10
194.70498132722415
 20
221.80322539205133
 10
194.30151625337314
 20
221.7836598315013
 10
193.91355611604442
 20
221.72571504337063
 10
193.55601000574498
 20
221.63161781337138
 10
193.2426182189794
 20
221.50498424528206
 10
192.98542422636103
 20
221.35068079610747
 10
192.79431184879007
 20
221.17463726086498
 10
192.67662542775957
 20
220.98361889388764
 10
192.63688758643036
 20
220.78496642389402
  0
LWPOLYLINE
  5
34E
330
17
100
AcDbEntity
  8
HIDDEN
100
AcDbPolyline
 90
5
 70
0
 10
192.63688758643036
 20
220.78496642389402
 10
192.67662542775957
 20
220.5863139539004
 10
192.79431184879007
 20
220.39529558692303
 10
192.98542422636103
 20
220.21925205168054
 10
193.2426182189794
 20
220.06494860250595
  0
LWPOLYLINE
  5
34F
330
17
100
AcDbEntity
  8
HIDDEN
100
AcDbPolyline
 90
9
 70
0
 10
193.9215725192359
 20
220.39924259100755
 10
194.18271741247747
 20
220.30388201141292
 10
194.4888393233754
 20
220.2499520983901
 10
194.8135752385131
 20
220.2420972598366
 10
195.12895911892755
 20
220.2809939491744
 10
195.40783031660652
 20
220.36329240963545
 10
195.62617263125796
 20
220.48190515306538
 10
195.76518256935316
 20
220.6266173296442
 10
195.81288868836364
 20
220.78496642389402
  0
LWPOLYLINE
  5
350
330
17
100
AcDbEntity
  8
HIDDEN
100
AcDbPolyline
 90
13
 70
0
 10
195.81288868836364
 20
220.78496642389402
 10
195.79160055908017
 20
220.89138738996203
 10
195.72855426209952
 20
220.9937186579856
 10
195.62617263125796
 20
221.08802769472265
 10
195.48839013521237
 20
221.17069025678046
 10
195.12895911892755
 20
221.28893889861362
 10
194.70498132722415
 20
221.33046229969258
 10
194.2810035355207
 20
221.28893889861362
 10
193.9215725192359
 20
221.17069025678046
 10
193.78379002319033
 20
221.08802769472265
 10
193.68140839234874
 20
220.9937186579856
 10
193.61836209536813
 20
220.89138738996203
 10
193.59707396608462
 20
220.78496642389402
  0
LWPOLYLINE
  5
351
330
17
100
AcDbEntity
  8
HIDDEN
100
AcDbPolyline
 90
5
 70
0
 10
193.59707396608462
 20
220.78496642389402
 10
193.61836209536813
 20
220.678545457826
 10
193.68140839234874
 20
220.5762141898024
 10
193.78379002319033
 20
220.48190515306538
 10
193.9215725192359
 20
220.39924259100755
  0
LWPOLYLINE
  5
352
330
17
100
AcDbEntity
  8
HIDDEN
100
AcDbPolyline
 90
9
 70
0
 10
193.9215725192359
 20
228.11371924873674
 10
194.18271741247747
 20
228.01835866914212
 10
194.4888393233754
 20
227.9644287561193
 10
194.8135752385131
 20
227.9565739175658
 10
195.12895911892755
 20
227.99547060690358
 10
195.40783031660652
 20
228.07776906736464
 10
195.62617263125796
 20
228.19638181079455
 10
195.76518256935316
 20
228.34109398737337
 10
195.81288868836364
 20
228.4994430816232
  0
LWPOLYLINE
  5
353
330
17
100
AcDbEntity
  8
HIDDEN
100
AcDbPolyline
 90
13
 70
0
 10
195.81288868836364
 20
228.4994430816232
 10
195.79160055908017
 20
228.60586404769123
 10
195.72855426209952
 20
228.7081953157148
 10
195.62617263125796
 20
228.80250435245185
 10
195.48839013521237
 20
228.88516691450965
 10
195.12895911892755
 20
229.00341555634282
 10
194.70498132722415
 20
229.04493895742178
 10
194.2810035355207
 20
229.00341555634282
 10
193.9215725192359
 20
228.88516691450965
 10
193.78379002319033
 20
228.80250435245185
 10
193.68140839234874
 20
228.7081953157148
 10
193.61836209536813
 20
228.60586404769123
 10
193.59707396608462
 20
228.4994430816232
  0
LWPOLYLINE
  5
354
330
17
100
AcDbEntity
  8
HIDDEN
100
AcDbPolyline
 90
5
 70
0
 10
193.59707396608462
 20
228.4994430816232
 10
193.61836209536813
 20
228.3930221155552
 10
193.68140839234874
 20
228.2906908475316
 10
193.78379002319033
 20
228.19638181079455
 10
193.9215725192359
 20
228.11371924873674
  0
LWPOLYLINE
  5
355
330
17
100
AcDbEntity
  8
HIDDEN
100
AcDbPolyline
 90
11
 70
0
 10
165.0399011314026
 20
217.94346752163042
 10
165.52737159878689
 20
217.76546110638714
 10
166.09879916579632
 20
217.66479193541122
 10
166.7049728740534
 20
217.65012957011135
 10
167.29368945082706
 20
217.72273672354189
 10
167.81424901982777
 20
217.87636051640254
 10
168.22182134051044
 20
218.09777097080502
 10
168.3717988385005
 20
218.22812353475177
 10
168.4813065582882
 20
218.3679003670855
 10
168.5479739884457
 20
218.51407572150234
 10
168.5703579804411
 20
218.6634853430185
  0
LWPOLYLINE
  5
356
330
17
100
AcDbEntity
  8
HIDDEN
100
AcDbPolyline
 90
17
 70
0
 10
168.5703579804411
 20
218.6634853430185
 10
168.5306201391119
 20
218.8621378130121
 10
168.41293371808138
 20
219.05315617998946
 10
168.22182134051044
 20
219.22919971523194
 10
167.96462734789205
 20
219.38350316440653
 10
167.6512355611265
 20
219.51013673249585
 10
167.29368945082706
 20
219.6042339624951
 10
166.9057293134983
 20
219.66217875062577
 10
166.50226423964733
 20
219.6817443111758
 10
166.09879916579632
 20
219.66217875062577
 10
165.7108390284676
 20
219.6042339624951
 10
165.35329291816817
 20
219.51013673249585
 10
165.03990113140262
 20
219.38350316440653
 10
164.78270713878422
 20
219.22919971523194
 10
164.59159476121326
 20
219.05315617998946
 10
164.47390834018276
 20
218.8621378130121
 10
164.43417049885358
 20
218.6634853430185
  0
LWPOLYLINE
  5
357
330
17
100
AcDbEntity
  8
HIDDEN
100
AcDbPolyline
 90
5
 70
0
 10
164.43417049885358
 20
218.6634853430185
 10
164.47390834018276
 20
218.46483287302487
 10
164.59159476121326
 20
218.2738145060475
 10
164.78270713878422
 20
218.09777097080502
 10
165.0399011314026
 20
217.94346752163042
  0
LWPOLYLINE
  5
358
330
17
100
AcDbEntity
  8
HIDDEN
100
AcDbPolyline
 90
11
 70
0
 10
165.0399011314026
 20
219.48636285317627
 10
165.52737159878689
 20
219.30835643793299
 10
166.09879916579632
 20
219.20768726695704
 10
166.7049728740534
 20
219.19302490165717
 10
167.29368945082706
 20
219.2656320550877
 10
167.81424901982777
 20
219.41925584794836
 10
168.22182134051044
 20
219.64066630235087
 10
168.3717988385005
 20
219.7710188662976
 10
168.4813065582882
 20
219.91079569863132
 10
168.5479739884457
 20
220.0569710530482
 10
168.5703579804411
 20
220.20638067456431
  0
LWPOLYLINE
  5
359
330
17
100
AcDbEntity
  8
HIDDEN
100
AcDbPolyline
 90
9
 70
0
 10
166.14891004748358
 20
221.20966649269914
 10
165.79975004519414
 20
221.164090762576
 10
165.47202199538697
 20
221.08929769099535
 10
165.17572406186582
 20
220.98756902766246
 10
164.91989555413068
 20
220.8620082598746
 10
164.71234116063437
 20
220.71644593287928
 10
164.55939284724184
 20
220.5553227895113
 10
164.46571668477517
 20
220.38355429422637
 10
164.43417049885358
 20
220.20638067456434
  0
LWPOLYLINE
  5
35A
330
17
100
AcDbEntity
  8
HIDDEN
100
AcDbPolyline
 90
5
 70
0
 10
164.43417049885358
 20
220.20638067456434
 10
164.47390834018276
 20
220.0077282045707
 10
164.59159476121326
 20
219.81670983759335
 10
164.78270713878422
 20
219.64066630235087
 10
165.0399011314026
 20
219.48636285317627
  0
LWPOLYLINE
  5
35B
330
17
100
AcDbEntity
  8
HIDDEN
100
AcDbPolyline
 90
9
 70
0
 10
165.71885543165908
 20
219.82065684167787
 10
165.98000032490066
 20
219.72529626208325
 10
166.2861222357986
 20
219.67136634906043
 10
166.61085815093628
 20
219.66351151050694
 10
166.92624203135074
 20
219.7024081998447
 10
167.2051132290297
 20
219.78470666030577
 10
167.42345554368114
 20
219.90331940373568
 10
167.56246548177637
 20
220.0480315803145
 10
167.61017160078683
 20
220.20638067456431
  0
LWPOLYLINE
  5
35C
330
17
100
AcDbEntity
  8
HIDDEN
100
AcDbPolyline
 90
13
 70
0
 10
167.61017160078683
 20
220.20638067456434
 10
167.58888347150335
 20
220.31280164063233
 10
167.5258371745227
 20
220.41513290865592
 10
167.42345554368114
 20
220.50944194539298
 10
167.28567304763558
 20
220.59210450745078
 10
166.92624203135074
 20
220.71035314928395
 10
166.50226423964733
 20
220.7518765503629
 10
166.07828644794392
 20
220.71035314928395
 10
165.71885543165908
 20
220.59210450745078
 10
165.58107293561352
 20
220.50944194539298
 10
165.47869130477193
 20
220.41513290865592
 10
165.4156450077913
 20
220.31280164063233
 10
165.3943568785078
 20
220.20638067456434
  0
LWPOLYLINE
  5
35D
330
17
100
AcDbEntity
  8
HIDDEN
100
AcDbPolyline
 90
5
 70
0
 10
165.3943568785078
 20
220.20638067456434
 10
165.4156450077913
 20
220.09995970849633
 10
165.47869130477193
 20
219.99762844047274
 10
165.58107293561352
 20
219.90331940373568
 10
165.71885543165908
 20
219.82065684167787
  0
LWPOLYLINE
  5
35E
330
17
100
AcDbEntity
  8
HIDDEN
100
AcDbPolyline
 90
9
 70
0
 10
165.71885543165908
 20
226.2493873897855
 10
165.98000032490066
 20
226.15402681019089
 10
166.2861222357986
 20
226.10009689716807
 10
166.61085815093628
 20
226.09224205861457
 10
166.92624203135074
 20
226.13113874795238
 10
167.2051132290297
 20
226.21343720841344
 10
167.42345554368114
 20
226.33204995184335
 10
167.56246548177637
 20
226.47676212842217
 10
167.61017160078683
 20
226.63511122267198
  0
LWPOLYLINE
  5
35F
330
17
100
AcDbEntity
  8
HIDDEN
100
AcDbPolyline
 90
13
 70
0
 10
167.61017160078683
 20
226.63511122267198
 10
167.58888347150335
 20
226.74153218874
 10
167.5258371745227
 20
226.8438634567636
 10
167.42345554368114
 20
226.93817249350062
 10
167.28567304763558
 20
227.02083505555845
 10
166.92624203135074
 20
227.13908369739158
 10
166.50226423964733
 20
227.18060709847055
 10
166.07828644794392
 20
227.13908369739158
 10
165.71885543165908
 20
227.02083505555845
 10
165.58107293561352
 20
226.93817249350062
 10
165.47869130477193
 20
226.8438634567636
 10
165.4156450077913
 20
226.74153218874
 10
165.3943568785078
 20
226.63511122267198
  0
LWPOLYLINE
  5
360
330
17
100
AcDbEntity
  8
HIDDEN
100
AcDbPolyline
 90
5
 70
0
 10
165.3943568785078
 20
226.63511122267198
 10
165.4156450077913
 20
226.52869025660397
 10
165.47869130477193
 20
226.42635898858038
 10
165.58107293561352
 20
226.33204995184335
 10
165.71885543165908
 20
226.2493873897855
  0
LWPOLYLINE
  5
361
330
17
100
AcDbEntity
  8
HIDDEN
100
AcDbPolyline
 90
11
 70
0
 10
173.39626174994387
 20
213.82907997084152
 10
173.88373221732814
 20
213.65107355559823
 10
174.4551597843376
 20
213.5504043846223
 10
175.06133349259466
 20
213.53574201932244
 10
175.65005006936832
 20
213.60834917275298
 10
176.17060963836903
 20
213.76197296561364
 10
176.5781819590517
 20
213.98338342001614
 10
176.72815945704178
 20
214.11373598396287
 10
176.83766717682946
 20
214.2535128162966
 10
176.904334606987
 20
214.39968817071343
 10
176.92671859898238
 20
214.5490977922296
  0
LWPOLYLINE
  5
362
330
17
100
AcDbEntity
  8
HIDDEN
100
AcDbPolyline
 90
17
 70
0
 10
176.92671859898238
 20
214.5490977922296
 10
176.8869807576532
 20
214.7477502622232
 10
176.76929433662266
 20
214.93876862920058
 10
176.5781819590517
 20
215.11481216444307
 10
176.32098796643334
 20
215.26911561361766
 10
176.0075961796678
 20
215.39574918170695
 10
175.65005006936832
 20
215.4898464117062
 10
175.2620899320396
 20
215.54779119983687
 10
174.8586248581886
 20
215.56735676038693
 10
174.4551597843376
 20
215.54779119983687
 10
174.0671996470089
 20
215.4898464117062
 10
173.70965353670942
 20
215.39574918170695
 10
173.39626174994387
 20
215.26911561361766
 10
173.1390677573255
 20
215.11481216444307
 10
172.94795537975455
 20
214.93876862920058
 10
172.83026895872402
 20
214.7477502622232
 10
172.79053111739483
 20
214.5490977922296
  0
LWPOLYLINE
  5
363
330
17
100
AcDbEntity
  8
HIDDEN
100
AcDbPolyline
 90
5
 70
0
 10
172.79053111739483
 20
214.5490977922296
 10
172.83026895872402
 20
214.35044532223597
 10
172.94795537975455
 20
214.15942695525862
 10
173.1390677573255
 20
213.98338342001614
 10
173.39626174994387
 20
213.82907997084152
  0
LWPOLYLINE
  5
364
330
17
100
AcDbEntity
  8
HIDDEN
100
AcDbPolyline
 90
11
 70
0
 10
173.39626174994387
 20
215.37197530238737
 10
173.88373221732814
 20
215.19396888714408
 10
174.4551597843376
 20
215.09329971616813
 10
175.06133349259466
 20
215.07863735086826
 10
175.65005006936832
 20
215.15124450429883
 10
176.17060963836903
 20
215.30486829715946
 10
176.5781819590517
 20
215.52627875156196
 10
176.72815945704178
 20
215.65663131550872
 10
176.83766717682946
 20
215.7964081478424
 10
176.904334606987
 20
215.94258350225928
 10
176.92671859898238
 20
216.0919931237754
  0
LWPOLYLINE
  5
365
330
17
100
AcDbEntity
  8
HIDDEN
100
AcDbPolyline
 90
17
 70
0
 10
176.92671859898238
 20
216.09199312377544
 10
176.8869807576532
 20
216.29064559376906
 10
176.76929433662266
 20
216.4816639607464
 10
176.5781819590517
 20
216.6577074959889
 10
176.32098796643334
 20
216.81201094516348
 10
176.0075961796678
 20
216.9386445132528
 10
175.65005006936832
 20
217.03274174325205
 10
175.2620899320396
 20
217.09068653138272
 10
174.8586248581886
 20
217.11025209193275
 10
174.4551597843376
 20
217.09068653138272
 10
174.0671996470089
 20
217.03274174325205
 10
173.70965353670942
 20
216.9386445132528
 10
173.39626174994387
 20
216.81201094516348
 10
173.1390677573255
 20
216.6577074959889
 10
172.94795537975455
 20
216.4816639607464
 10
172.83026895872402
 20
216.29064559376906
 10
172.79053111739483
 20
216.09199312377544
  0
LWPOLYLINE
  5
366
330
17
100
AcDbEntity
  8
HIDDEN
100
AcDbPolyline
 90
5
 70
0
 10
172.79053111739483
 20
216.09199312377544
 10
172.83026895872402
 20
215.89334065378182
 10
172.94795537975455
 20
215.70232228680445
 10
173.1390677573255
 20
215.52627875156196
 10
173.39626174994387
 20
215.37197530238737
  0
LWPOLYLINE
  5
367
330
17
100
AcDbEntity
  8
HIDDEN
100
AcDbPolyline
 90
9
 70
0
 10
174.07521605020037
 20
215.70626929088897
 10
174.33636094344195
 20
215.61090871129434
 10
174.64248285433985
 20
215.55697879827153
 10
174.96721876947757
 20
215.54912395971803
 10
175.28260264989203
 20
215.5880206490558
 10
175.561473847571
 20
215.67031910951687
 10
175.7798161622224
 20
215.7889318529468
 10
175.91882610031763
 20
215.9336440295256
 10
175.96653221932812
 20
216.09199312377544
  0
LWPOLYLINE
  5
368
330
17
100
AcDbEntity
  8
HIDDEN
100
AcDbPolyline
 90
13
 70
0
 10
175.96653221932812
 20
216.09199312377544
 10
175.94524409004464
 20
216.19841408984345
 10
175.882197793064
 20
216.30074535786702
 10
175.7798161622224
 20
216.39505439460407
 10
175.64203366617684
 20
216.47771695666188
 10
175.28260264989203
 20
216.59596559849504
 10
174.8586248581886
 20
216.637488999574
 10
174.43464706648518
 20
216.59596559849504
 10
174.07521605020037
 20
216.47771695666188
 10
173.93743355415478
 20
216.39505439460407
 10
173.83505192331322
 20
216.30074535786702
 10
173.77200562633257
 20
216.19841408984345
 10
173.7507174970491
 20
216.09199312377544
  0
LWPOLYLINE
  5
369
330
17
100
AcDbEntity
  8
HIDDEN
100
AcDbPolyline
 90
5
 70
0
 10
173.7507174970491
 20
216.09199312377544
 10
173.77200562633257
 20
215.98557215770742
 10
173.83505192331322
 20
215.88324088968383
 10
173.93743355415478
 20
215.7889318529468
 10
174.07521605020037
 20
215.70626929088897
  0
LWPOLYLINE
  5
36A
330
17
100
AcDbEntity
  8
HIDDEN
100
AcDbPolyline
 90
9
 70
0
 10
174.07521605020037
 20
222.13499983899663
 10
174.33636094344195
 20
222.039639259402
 10
174.64248285433985
 20
221.9857093463792
 10
174.96721876947757
 20
221.97785450782567
 10
175.28260264989203
 20
222.01675119716347
 10
175.561473847571
 20
222.09904965762453
 10
175.7798161622224
 20
222.21766240105444
 10
175.91882610031763
 20
222.36237457763326
 10
175.96653221932812
 20
222.52072367188308
  0
LWPOLYLINE
  5
36B
330
17
100
AcDbEntity
  8
HIDDEN
100
AcDbPolyline
 90
13
 70
0
 10
175.96653221932812
 20
222.52072367188308
 10
175.94524409004464
 20
222.6271446379511
 10
175.882197793064
 20
222.72947590597468
 10
175.7798161622224
 20
222.8237849427117
 10
175.64203366617684
 20
222.90644750476955
 10
175.28260264989203
 20
223.0246961466027
 10
174.8586248581886
 20
223.06621954768164
 10
174.43464706648518
 20
223.0246961466027
 10
174.07521605020037
 20
222.90644750476955
 10
173.93743355415478
 20
222.8237849427117
 10
173.83505192331322
 20
222.72947590597468
 10
173.77200562633257
 20
222.6271446379511
 10
173.7507174970491
 20
222.5207236718831
  0
LWPOLYLINE
  5
36C
330
17
100
AcDbEntity
  8
HIDDEN
100
AcDbPolyline
 90
5
 70
0
 10
173.7507174970491
 20
222.52072367188308
 10
173.77200562633257
 20
222.4143027058151
 10
173.83505192331322
 20
222.3119714377915
 10
173.93743355415478
 20
222.21766240105444
 10
174.07521605020037
 20
222.13499983899663
  0
LWPOLYLINE
  5
36D
330
17
100
AcDbEntity
  8
HIDDEN
100
AcDbPolyline
 90
17
 70
0
 10
177.26107853601923
 20
214.44623810345988
 10
177.03650616670544
 20
214.5781619118182
 10
176.81726152452944
 20
214.74966001059352
 10
176.60854594228883
 20
214.95666380008362
 10
176.41531096266436
 20
215.19426234796737
 10
176.24214086843344
 20
215.45681889565626
 10
176.0931439255119
 20
215.73810458405868
 10
175.9718549189611
 20
216.0314462262632
 10
175.88115129418406
 20
216.3298846214002
 10
175.82318489276614
 20
216.62633965386328
 10
175.79933090245135
 20
216.91377826109715
 10
175.8101552323581
 20
217.1853812851043
 10
175.85540108742134
 20
217.43470524930692
 10
175.93399506056684
 20
217.6558352227887
 10
176.04407259808806
 20
217.8435251453852
 10
176.1830222340878
 20
217.99332228456672
 10
176.34754754457242
 20
218.1016728715147
  0
LWPOLYLINE
  5
36E
330
17
100
AcDbEntity
  8
HIDDEN
100
AcDbPolyline
 90
17
 70
0
 10
176.34754754457245
 20
218.1016728715147
 10
176.58787710553239
 20
218.17570954589854
 10
176.85407741993023
 20
218.17559942697437
 10
177.1359185589705
 20
218.10134674655072
 10
177.42256952573825
 20
217.95580499349487
 10
177.70301448433628
 20
217.74456725575598
 10
177.966476092281
 20
217.47575128113192
 10
178.2028296677301
 20
217.15968751677372
 10
178.40299227532768
 20
216.80852211589507
 10
178.55927177831623
 20
216.4357501679159
 10
178.66566244303849
 20
216.05569708974417
 10
178.7180757359137
 20
215.68296810803778
 10
178.71449744349042
 20
215.33188698853485
 10
178.65506507753972
 20
215.01594558176936
 10
178.54206259055505
 20
214.74728533882134
 10
178.3798326047387
 20
214.53623072216084
 10
178.174609527466
 20
214.39089244234532
  0
LWPOLYLINE
  5
36F
330
17
100
AcDbEntity
  8
HIDDEN
100
AcDbPolyline
 90
5
 70
0
 10
178.174609527466
 20
214.39089244234532
 10
177.9699314112626
 20
214.3228348479051
 10
177.7451308757474
 20
214.3093787436884
 10
177.5065894011897
 20
214.35090611216404
 10
177.26107853601923
 20
214.44623810345988
  0
LWPOLYLINE
  5
370
330
17
100
AcDbEntity
  8
HIDDEN
100
AcDbPolyline
 90
17
 70
0
 10
178.51453262880042
 20
215.0633962360782
 10
178.28996025948663
 20
215.19532004443653
 10
178.07071561731064
 20
215.36681814321187
 10
177.86200003507003
 20
215.57382193270195
 10
177.66876505544556
 20
215.8114204805857
 10
177.49559496121464
 20
216.07397702827458
 10
177.3465980182931
 20
216.35526271667703
 10
177.2253090117423
 20
216.64860435888153
 10
177.13460538696523
 20
216.94704275401853
 10
177.07663898554733
 20
217.24349778648164
 10
177.05278499523254
 20
217.53093639371548
 10
177.06360932513928
 20
217.80253941772267
 10
177.10885518020254
 20
218.05186338192524
 10
177.18744915334804
 20
218.27299335540704
 10
177.29752669086926
 20
218.46068327800353
 10
177.43647632686898
 20
218.61048041718504
 10
177.60100163735362
 20
218.71883100413302
  0
LWPOLYLINE
  5
371
330
17
100
AcDbEntity
  8
HIDDEN
100
AcDbPolyline
 90
17
 70
0
 10
177.60100163735365
 20
218.71883100413305
 10
177.84133119831358
 20
218.79286767851687
 10
178.1075315127114
 20
218.7927575595927
 10
178.3893726517517
 20
218.71850487916905
 10
178.67602361851942
 20
218.5729631261132
 10
178.95646857711745
 20
218.3617253883743
 10
179.2199301850622
 20
218.09290941375025
 10
179.4562837605113
 20
217.77684564939204
 10
179.65644636810887
 20
217.4256802485134
 10
179.81272587109743
 20
217.05290830053426
 10
179.91911653581968
 20
216.6728552223625
 10
179.97152982869488
 20
216.3001262406561
 10
179.9679515362716
 20
215.9490451211532
 10
179.90851917032091
 20
215.63310371438772
 10
179.79551668333625
 20
215.36444347143967
 10
179.6332866975199
 20
215.15338885477917
 10
179.4280636202472
 20
215.00805057496368
  0
LWPOLYLINE
  5
372
330
17
100
AcDbEntity
  8
HIDDEN
100
AcDbPolyline
 90
5
 70
0
 10
179.42806362024717
 20
215.00805057496368
 10
179.2233855040438
 20
214.93999298052344
 10
178.9985849685286
 20
214.92653687630673
 10
178.7600434939709
 20
214.9680642447824
 10
178.51453262880042
 20
215.0633962360782
  0
LWPOLYLINE
  5
373
330
17
100
AcDbEntity
  8
HIDDEN
100
AcDbPolyline
 90
9
 70
0
 10
178.51453262880042
 20
215.8991312073322
 10
178.27677351550233
 20
216.06167865758238
 10
178.0614428573603
 20
216.2998584811755
 10
177.8888533731715
 20
216.59120253622442
 10
177.775285892103
 20
216.9082275562288
 10
177.73145353938904
 20
217.22102772035217
 10
177.76149113848012
 20
217.50009574975027
 10
177.86256516205157
 20
217.71910640836361
 10
178.02514102623962
 20
217.85739983307585
  0
LWPOLYLINE
  5
374
330
17
100
AcDbEntity
  8
HIDDEN
100
AcDbPolyline
 90
13
 70
0
 10
178.02514102623965
 20
217.85739983307587
 10
178.1538890053253
 20
217.89706233721006
 10
178.29649631660988
 20
217.89700334492926
 10
178.44748264109575
 20
217.85722512327374
 10
178.60104565900704
 20
217.7792563269938
 10
178.8924241767978
 20
217.5220846953708
 10
179.12627213200136
 20
217.16464049970818
 10
179.266988293275
 20
216.76134137855593
 10
179.29314990065998
 20
216.3735859671938
 10
179.26131113318638
 20
216.20433164214086
 10
179.20077408658747
 20
216.06040651199012
 10
179.1138651656144
 20
215.94734153877914
 10
179.0039242313612
 20
215.86948174602082
  0
LWPOLYLINE
  5
375
330
17
100
AcDbEntity
  8
HIDDEN
100
AcDbPolyline
 90
4
 70
0
 10
179.0039242313612
 20
215.86948174602082
 10
178.89427524053792
 20
215.83302232042786
 10
178.77384638222622
 20
215.82581369316893
 10
178.51453262880042
 20
215.8991312073322
  0
LWPOLYLINE
  5
376
330
17
100
AcDbEntity
  8
HIDDEN
100
AcDbPolyline
 90
17
 70
0
 10
177.26107853601923
 20
203.77454539360116
 10
177.03650616670544
 20
203.90646920195948
 10
176.81726152452944
 20
204.07796730073483
 10
176.60854594228883
 20
204.28497109022493
 10
176.41531096266436
 20
204.52256963810865
 10
176.24214086843344
 20
204.78512618579754
 10
176.0931439255119
 20
205.06641187419996
 10
175.9718549189611
 20
205.35975351640448
 10
175.88115129418406
 20
205.65819191154148
 10
175.82318489276614
 20
205.9546469440046
 10
175.79933090245135
 20
206.24208555123846
 10
175.8101552323581
 20
206.51368857524562
 10
175.85540108742134
 20
206.7630125394482
 10
175.93399506056684
 20
206.98414251293
 10
176.04407259808806
 20
207.17183243552648
 10
176.1830222340878
 20
207.32162957470803
 10
176.34754754457242
 20
207.42998016165598
  0
LWPOLYLINE
  5
377
330
17
100
AcDbEntity
  8
HIDDEN
100
AcDbPolyline
 90
17
 70
0
 10
176.34754754457245
 20
207.42998016165598
 10
176.58787710553239
 20
207.50401683603982
 10
176.85407741993023
 20
207.50390671711565
 10
177.1359185589705
 20
207.429654036692
 10
177.42256952573825
 20
207.28411228363615
 10
177.70301448433628
 20
207.07287454589726
 10
177.966476092281
 20
206.8040585712732
 10
178.2028296677301
 20
206.48799480691503
 10
178.40299227532768
 20
206.13682940603636
 10
178.55927177831623
 20
205.7640574580572
 10
178.66566244303849
 20
205.38400437988548
 10
178.7180757359137
 20
205.01127539817907
 10
178.71449744349042
 20
204.66019427867616
 10
178.65506507753972
 20
204.34425287191067
 10
178.54206259055505
 20
204.07559262896262
 10
178.3798326047387
 20
203.86453801230212
 10
178.174609527466
 20
203.71919973248663
  0
LWPOLYLINE
  5
378
330
17
100
AcDbEntity
  8
HIDDEN
100
AcDbPolyline
 90
5
 70
0
 10
178.174609527466
 20
203.71919973248663
 10
177.9699314112626
 20
203.6511421380464
 10
177.7451308757474
 20
203.6376860338297
 10
177.5065894011897
 20
203.67921340230532
 10
177.26107853601923
 20
203.77454539360116
  0
LWPOLYLINE
  5
379
330
17
100
AcDbEntity
  8
HIDDEN
100
AcDbPolyline
 90
17
 70
0
 10
178.51453262880042
 20
204.3917035262195
 10
178.28996025948663
 20
204.5236273345778
 10
178.07071561731064
 20
204.69512543335316
 10
177.86200003507003
 20
204.90212922284326
 10
177.66876505544556
 20
205.13972777072698
 10
177.49559496121464
 20
205.40228431841587
 10
177.3465980182931
 20
205.68357000681831
 10
177.2253090117423
 20
205.9769116490228
 10
177.13460538696523
 20
206.2753500441598
 10
177.07663898554733
 20
206.57180507662292
 10
177.05278499523254
 20
206.8592436838568
 10
177.06360932513928
 20
207.13084670786395
 10
177.10885518020254
 20
207.38017067206653
 10
177.18744915334804
 20
207.60130064554832
 10
177.29752669086926
 20
207.7889905681448
 10
177.43647632686898
 20
207.93878770732636
 10
177.60100163735362
 20
208.0471382942743
  0
LWPOLYLINE
  5
37A
330
17
100
AcDbEntity
  8
HIDDEN
100
AcDbPolyline
 90
17
 70
0
 10
177.60100163735365
 20
208.0471382942743
 10
177.84133119831358
 20
208.12117496865815
 10
178.1075315127114
 20
208.12106484973398
 10
178.3893726517517
 20
208.04681216931033
 10
178.67602361851942
 20
207.90127041625448
 10
178.95646857711745
 20
207.6900326785156
 10
179.2199301850622
 20
207.42121670389153
 10
179.4562837605113
 20
207.10515293953335
 10
179.65644636810887
 20
206.75398753865468
 10
179.81272587109743
 20
206.38121559067554
 10
179.91911653581968
 20
206.0011625125038
 10
179.97152982869488
 20
205.6284335307974
 10
179.9679515362716
 20
205.2773524112945
 10
179.90851917032091
 20
204.961411004529
 10
179.79551668333625
 20
204.69275076158095
 10
179.6332866975199
 20
204.48169614492045
 10
179.4280636202472
 20
204.33635786510496
  0
LWPOLYLINE
  5
37B
330
17
100
AcDbEntity
  8
HIDDEN
100
AcDbPolyline
 90
5
 70
0
 10
179.42806362024717
 20
204.33635786510496
 10
179.2233855040438
 20
204.26830027066472
 10
178.9985849685286
 20
204.25484416644804
 10
178.7600434939709
 20
204.29637153492368
 10
178.51453262880042
 20
204.3917035262195
  0
LWPOLYLINE
  5
37C
330
17
100
AcDbEntity
  8
HIDDEN
100
AcDbPolyline
 90
9
 70
0
 10
178.51453262880042
 20
205.22743849747349
 10
178.27677351550233
 20
205.38998594772366
 10
178.0614428573603
 20
205.6281657713168
 10
177.8888533731715
 20
205.9195098263657
 10
177.775285892103
 20
206.2365348463701
 10
177.73145353938904
 20
206.54933501049345
 10
177.76149113848012
 20
206.82840303989155
 10
177.86256516205157
 20
207.0474136985049
 10
178.02514102623962
 20
207.18570712321716
  0
LWPOLYLINE
  5
37D
330
17
100
AcDbEntity
  8
HIDDEN
100
AcDbPolyline
 90
13
 70
0
 10
178.02514102623965
 20
207.18570712321716
 10
178.1538890053253
 20
207.22536962735134
 10
178.29649631660988
 20
207.22531063507054
 10
178.44748264109575
 20
207.18553241341502
 10
178.60104565900704
 20
207.1075636171351
 10
178.8924241767978
 20
206.8503919855121
 10
179.12627213200136
 20
206.4929477898495
 10
179.266988293275
 20
206.08964866869724
 10
179.29314990065998
 20
205.7018932573351
 10
179.26131113318638
 20
205.53263893228214
 10
179.20077408658747
 20
205.3887138021314
 10
179.1138651656144
 20
205.27564882892042
 10
179.0039242313612
 20
205.19778903616213
  0
LWPOLYLINE
  5
37E
330
17
100
AcDbEntity
  8
HIDDEN
100
AcDbPolyline
 90
4
 70
0
 10
179.0039242313612
 20
205.19778903616213
 10
178.89427524053792
 20
205.16132961056917
 10
178.77384638222622
 20
205.1541209833102
 10
178.51453262880042
 20
205.22743849747349
  0
LWPOLYLINE
  5
37F
330
17
100
AcDbEntity
  8
HIDDEN
100
AcDbPolyline
 90
17
 70
0
 10
164.27652349482025
 20
215.82268789221052
 10
164.5168530557802
 20
215.89672456659437
 10
164.783053370178
 20
215.8966144476702
 10
165.0648945092183
 20
215.82236176724655
 10
165.35154547598603
 20
215.6768200141907
 10
165.63199043458405
 20
215.4655822764518
 10
165.8954520425288
 20
215.19676630182775
 10
166.1318056179779
 20
214.88070253746955
 10
166.33196822557548
 20
214.5295371365909
 10
166.48824772856403
 20
214.15676518861176
 10
166.59463839328626
 20
213.77671211044003
 10
166.6470516861615
 20
213.4039831287336
 10
166.6434733937382
 20
213.0529020092307
 10
166.58404102778752
 20
212.73696060246522
 10
166.47103854080285
 20
212.46830035951717
 10
166.3088085549865
 20
212.25724574285667
 10
166.1035854777138
 20
212.11190746304118
  0
LWPOLYLINE
  5
380
330
17
100
AcDbEntity
  8
HIDDEN
100
AcDbPolyline
 90
9
 70
0
 10
165.190054486267
 20
213.0029880954097
 10
164.95229537296893
 20
213.16553554565988
 10
164.7369647148269
 20
213.403715369253
 10
164.5643752306381
 20
213.69505942430192
 10
164.4508077495696
 20
214.0120844443063
 10
164.40697539685564
 20
214.32488460842967
 10
164.4370129959467
 20
214.60395263782777
 10
164.53808701951817
 20
214.82296329644112
 10
164.70066288370623
 20
214.96125672115335
  0
LWPOLYLINE
  5
381
330
17
100
AcDbEntity
  8
HIDDEN
100
AcDbPolyline
 90
13
 70
0
 10
164.70066288370623
 20
214.96125672115335
 10
164.82941086279192
 20
215.00091922528756
 10
164.97201817407648
 20
215.00086023300676
 10
165.12300449856235
 20
214.9610820113512
 10
165.27656751647362
 20
214.8831132150713
 10
165.5679460342644
 20
214.6259415834483
 10
165.80179398946797
 20
214.26849738778571
 10
165.9425101507416
 20
213.86519826663343
 10
165.9686717581266
 20
213.4774428552713
 10
165.936832990653
 20
213.30818853021836
 10
165.87629594405408
 20
213.16426340006763
 10
165.78938702308102
 20
213.05119842685664
 10
165.67944608882777
 20
212.97333863409833
  0
LWPOLYLINE
  5
382
330
17
100
AcDbEntity
  8
HIDDEN
100
AcDbPolyline
 90
4
 70
0
 10
165.67944608882777
 20
212.97333863409833
 10
165.56979709800453
 20
212.93687920850536
 10
165.44936823969283
 20
212.9296705812464
 10
165.19005448626703
 20
213.0029880954097
  0
LWPOLYLINE
  5
383
330
17
100
AcDbEntity
  8
HIDDEN
100
AcDbPolyline
 90
13
 70
0
 10
158.43339241980027
 20
211.87546605806168
 10
158.56214039888596
 20
211.9151285621959
 10
158.70474771017052
 20
211.9150695699151
 10
158.8557340346564
 20
211.87529134825954
 10
159.00929705256766
 20
211.79732255197962
 10
159.30067557035844
 20
211.5401509203566
 10
159.534523525562
 20
211.18270672469401
 10
159.67523968683565
 20
210.77940760354176
 10
159.70140129422063
 20
210.39165219217963
 10
159.66956252674703
 20
210.2223978671267
 10
159.60902548014812
 20
210.07847273697595
 10
159.52211655917506
 20
209.96540776376497
 10
159.41217562492182
 20
209.88754797100665
  0
LWPOLYLINE
  5
384
330
17
100
AcDbEntity
  8
HIDDEN
100
AcDbPolyline
 90
17
 70
0
 10
179.81368556871425
 20
204.96707491027513
 10
179.58911319940046
 20
205.09899871863345
 10
179.36986855722446
 20
205.2704968174088
 10
179.16115297498385
 20
205.4775006068989
 10
178.96791799535941
 20
205.71509915478262
 10
178.7947479011285
 20
205.9776557024715
 10
178.64575095820692
 20
206.25894139087393
 10
178.52446195165612
 20
206.55228303307845
 10
178.4337583268791
 20
206.85072142821545
 10
178.37579192546116
 20
207.14717646067857
 10
178.35193793514637
 20
207.43461506791243
 10
178.36276226505314
 20
207.7062180919196
 10
178.40800812011636
 20
207.95554205612217
 10
178.48660209326187
 20
208.17667202960396
 10
178.5966796307831
 20
208.36436195220045
 10
178.7356292667828
 20
208.51415909138197
 10
178.90015457726747
 20
208.62250967832995
  0
LWPOLYLINE
  5
385
330
17
100
AcDbEntity
  8
HIDDEN
100
AcDbPolyline
 90
17
 70
0
 10
178.90015457726747
 20
208.62250967832995
 10
179.1404841382274
 20
208.6965463527138
 10
179.40668445262526
 20
208.69643623378963
 10
179.68852559166552
 20
208.62218355336597
 10
179.97517655843328
 20
208.47664180031012
 10
180.2556215170313
 20
208.26540406257124
 10
180.51908312497605
 20
207.99658808794717
 10
180.75543670042515
 20
207.68052432358897
 10
180.95559930802273
 20
207.32935892271033
 10
181.11187881101128
 20
206.95658697473118
 10
181.2182694757335
 20
206.57653389655945
 10
181.2706827686087
 20
206.20380491485304
 10
181.26710447618544
 20
205.85272379535013
 10
181.20767211023474
 20
205.53678238858464
 10
181.09466962325007
 20
205.2681221456366
 10
180.93243963743373
 20
205.0570675289761
 10
180.72721656016103
 20
204.9117292491606
  0
LWPOLYLINE
  5
386
330
17
100
AcDbEntity
  8
HIDDEN
100
AcDbPolyline
 90
5
 70
0
 10
180.72721656016103
 20
204.9117292491606
 10
180.52253844395761
 20
204.84367165472037
 10
180.29773790844246
 20
204.83021555050365
 10
180.05919643388472
 20
204.8717429189793
 10
179.81368556871425
 20
204.96707491027513
  0
LWPOLYLINE
  5
387
330
17
100
AcDbEntity
  8
HIDDEN
100
AcDbPolyline
 90
17
 70
0
 10
181.06713966149545
 20
205.58423304289346
 10
180.84256729218166
 20
205.71615685125178
 10
180.62332265000566
 20
205.88765495002713
 10
180.41460706776505
 20
206.09465873951723
 10
180.22137208814058
 20
206.33225728740095
 10
180.04820199390966
 20
206.59481383508984
 10
179.89920505098812
 20
206.8760995234923
 10
179.77791604443732
 20
207.16944116569678
 10
179.68721241966026
 20
207.46787956083378
 10
179.62924601824236
 20
207.7643345932969
 10
179.60539202792756
 20
208.05177320053076
 10
179.61621635783433
 20
208.32337622453792
 10
179.66146221289756
 20
208.5727001887405
 10
179.74005618604306
 20
208.7938301622223
 10
179.85013372356428
 20
208.98152008481878
 10
179.989083359564
 20
209.13131722400033
 10
180.15360867004867
 20
209.23966781094828
  0
LWPOLYLINE
  5
388
330
17
100
AcDbEntity
  8
HIDDEN
100
AcDbPolyline
 90
17
 70
0
 10
180.15360867004867
 20
209.23966781094828
 10
180.3939382310086
 20
209.31370448533212
 10
180.66013854540645
 20
209.31359436640795
 10
180.94197968444672
 20
209.2393416859843
 10
181.22863065121447
 20
209.09379993292845
 10
181.5090756098125
 20
208.88256219518956
 10
181.77253721775722
 20
208.6137462205655
 10
182.00889079320632
 20
208.29768245620733
 10
182.2090534008039
 20
207.94651705532866
 10
182.36533290379245
 20
207.5737451073495
 10
182.4717235685147
 20
207.19369202917778
 10
182.5241368613899
 20
206.82096304747137
 10
182.52055856896663
 20
206.46988192796846
 10
182.46112620301594
 20
206.15394052120297
 10
182.34812371603127
 20
205.88528027825492
 10
182.18589373021493
 20
205.67422566159442
 10
181.98067065294222
 20
205.52888738177893
  0
LWPOLYLINE
  5
389
330
17
100
AcDbEntity
  8
HIDDEN
100
AcDbPolyline
 90
5
 70
0
 10
181.98067065294222
 20
205.52888738177893
 10
181.7759925367388
 20
205.4608297873387
 10
181.55119200122363
 20
205.447373683122
 10
181.31265052666592
 20
205.48890105159765
 10
181.06713966149545
 20
205.58423304289346
  0
LWPOLYLINE
  5
38A
330
17
100
AcDbEntity
  8
HIDDEN
100
AcDbPolyline
 90
9
 70
0
 10
179.81368556871425
 20
205.80280988152913
 10
179.57592645541615
 20
205.9653573317793
 10
179.36059579727416
 20
206.20353715537243
 10
179.18800631308534
 20
206.49488121042134
 10
179.07443883201682
 20
206.81190623042573
 10
179.0306064793029
 20
207.1247063945491
 10
179.06064407839395
 20
207.4037744239472
 10
179.16171810196542
 20
207.62278508256054
 10
179.32429396615348
 20
207.76107850727277
  0
LWPOLYLINE
  5
38B
330
17
100
AcDbEntity
  8
HIDDEN
100
AcDbPolyline
 90
13
 70
0
 10
179.32429396615348
 20
207.76107850727277
 10
179.45304194523916
 20
207.80074101140698
 10
179.5956492565237
 20
207.80068201912619
 10
179.74663558100957
 20
207.76090379747063
 10
179.90019859892087
 20
207.68293500119074
 10
180.19157711671164
 20
207.42576336956773
 10
180.4254250719152
 20
207.06831917390514
 10
180.56614123318886
 20
206.66502005275288
 10
180.5923028405738
 20
206.27726464139073
 10
180.56046407310023
 20
206.10801031633778
 10
180.4999270265013
 20
205.96408518618705
 10
180.41301810552827
 20
205.85102021297607
 10
180.30307717127502
 20
205.77316042021778
  0
LWPOLYLINE
  5
38C
330
17
100
AcDbEntity
  8
HIDDEN
100
AcDbPolyline
 90
4
 70
0
 10
180.30307717127502
 20
205.77316042021778
 10
180.19342818045178
 20
205.73670099462478
 10
180.07299932214008
 20
205.72949236736582
 10
179.81368556871425
 20
205.80280988152913
  0
LWPOLYLINE
  5
38D
330
17
100
AcDbEntity
  8
HIDDEN
100
AcDbPolyline
 90
9
 70
0
 10
173.5464151048083
 20
202.71701921843746
 10
173.3086559915102
 20
202.87956666868763
 10
173.0933253333682
 20
203.11774649228073
 10
172.92073584917938
 20
203.40909054732967
 10
172.80716836811087
 20
203.72611556733403
 10
172.76333601539693
 20
204.03891573145742
 10
172.793373614488
 20
204.3179837608555
 10
172.89444763805946
 20
204.53699441946887
 10
173.05702350224752
 20
204.6752878441811
  0
LWPOLYLINE
  5
38E
330
17
100
AcDbEntity
  8
HIDDEN
100
AcDbPolyline
 90
13
 70
0
 10
173.05702350224752
 20
204.6752878441811
 10
173.1857714813332
 20
204.7149503483153
 10
173.32837879261777
 20
204.7148913560345
 10
173.4793651171036
 20
204.67511313437896
 10
173.6329281350149
 20
204.59714433809904
 10
173.92430665280568
 20
204.33997270647603
 10
174.15815460800926
 20
203.98252851081344
 10
174.2988707692829
 20
203.57922938966118
 10
174.32503237666785
 20
203.19147397829906
 10
174.29319360919428
 20
203.0222196532461
 10
174.23265656259537
 20
202.87829452309538
 10
174.1457476416223
 20
202.7652295498844
 10
174.03580670736906
 20
202.68736975712608
  0
LWPOLYLINE
  5
38F
330
17
100
AcDbEntity
  8
HIDDEN
100
AcDbPolyline
 90
4
 70
0
 10
174.03580670736906
 20
202.68736975712608
 10
173.92615771654582
 20
202.6509103315331
 10
173.80572885823412
 20
202.64370170427418
 10
173.5464151048083
 20
202.71701921843746
  0
LWPOLYLINE
  5
390
330
17
100
AcDbEntity
  8
HIDDEN
100
AcDbPolyline
 90
2
 70
0
 10
172.24726216489447
 20
247.52848550402186
 10
175.90316993550627
 20
245.72844095055171
  0
LWPOLYLINE
  5
391
330
17
100
AcDbEntity
  8
HIDDEN
100
AcDbPolyline
 90
2
 70
0
 10
175.90316993550627
 20
247.78563472594618
 10
175.90316993550627
 20
245.72844095055171
  0
LWPOLYLINE
  5
392
330
17
100
AcDbEntity
  8
HIDDEN
100
AcDbPolyline
 90
2
 70
0
 10
175.90316993550627
 20
245.72844095055171
 10
171.72498962623564
 20
243.67124717515728
  0
LWPOLYLINE
  5
393
330
17
100
AcDbEntity
  8
HIDDEN
100
AcDbPolyline
 90
2
 70
0
 10
168.0690818556238
 20
245.47129172862742
 10
171.7249896262356
 20
243.67124717515728
  0
LWPOLYLINE
  5
394
330
17
100
AcDbEntity
  8
HIDDEN
100
AcDbPolyline
 90
9
 70
0
 10
170.7587854297168
 20
245.25271488999175
 10
171.0808641313814
 20
245.1351035084917
 10
171.4584144881555
 20
245.06858994909692
 10
171.85892211682534
 20
245.05890231488092
 10
172.2478955693365
 20
245.10687489839754
 10
172.59183671314057
 20
245.20837633296617
 10
172.8611255678773
 20
245.3546653831964
 10
173.03257115819477
 20
245.53314373431027
 10
173.09140870497436
 20
245.72844095055171
  0
LWPOLYLINE
  5
395
330
17
100
AcDbEntity
  8
HIDDEN
100
AcDbPolyline
 90
15
 70
0
 10
173.09140870497436
 20
245.72844095055171
 10
173.06515334552472
 20
245.85969347536894
 10
172.98739624591528
 20
245.9859020392647
 10
172.8611255678773
 20
246.10221651790704
 10
172.69119382275446
 20
246.20416701111168
 10
172.48413139221293
 20
246.28783561859927
 10
172.24789556933652
 20
246.35000700270592
 10
171.72498962623564
 20
246.40121919736995
 10
171.20208368313473
 20
246.35000700270592
 10
170.96584786025832
 20
246.28783561859927
 10
170.7587854297168
 20
246.20416701111168
 10
170.58885368459391
 20
246.10221651790704
 10
170.46258300655597
 20
245.9859020392647
 10
170.38482590694653
 20
245.85969347536894
 10
170.3585705474969
 20
245.72844095055171
  0
LWPOLYLINE
  5
396
330
17
100
AcDbEntity
  8
HIDDEN
100
AcDbPolyline
 90
5
 70
0
 10
170.3585705474969
 20
245.72844095055171
 10
170.38482590694653
 20
245.59718842573452
 10
170.46258300655597
 20
245.47097986183874
 10
170.58885368459391
 20
245.3546653831964
 10
170.7587854297168
 20
245.25271488999175
  0
LWPOLYLINE
  5
397
330
17
100
AcDbEntity
  8
HIDDEN
100
AcDbPolyline
 90
2
 70
0
 10
175.90316993550627
 20
248.94280622460556
 10
171.72498962623564
 20
246.8856124492111
  0
LWPOLYLINE
  5
398
330
17
100
AcDbEntity
  8
HIDDEN
100
AcDbPolyline
 90
2
 70
0
 10
171.72498962623564
 20
246.8856124492111
 10
171.72498962623564
 20
243.67124717515728
  0
LWPOLYLINE
  5
399
330
17
100
AcDbEntity
  8
HIDDEN
100
AcDbPolyline
 90
2
 70
0
 10
167.54680931696498
 20
248.94280622460553
 10
171.7249896262356
 20
246.8856124492111
  0
LWPOLYLINE
  5
39A
330
17
100
AcDbEntity
  8
HIDDEN
100
AcDbPolyline
 90
9
 70
0
 10
170.7587854297168
 20
243.32409572555946
 10
171.0808641313814
 20
243.20648434405942
 10
171.4584144881555
 20
243.13997078466463
 10
171.85892211682534
 20
243.13028315044863
 10
172.2478955693365
 20
243.17825573396524
 10
172.59183671314057
 20
243.27975716853388
 10
172.8611255678773
 20
243.4260462187641
 10
173.03257115819477
 20
243.60452456987798
 10
173.09140870497436
 20
243.79982178611942
  0
LWPOLYLINE
  5
39B
330
17
100
AcDbEntity
  8
HIDDEN
100
AcDbPolyline
 90
15
 70
0
 10
173.09140870497436
 20
243.79982178611942
 10
173.06515334552472
 20
243.93107431093665
 10
172.98739624591528
 20
244.0572828748324
 10
172.8611255678773
 20
244.17359735347475
 10
172.69119382275446
 20
244.2755478466794
 10
172.48413139221293
 20
244.35921645416695
 10
172.24789556933652
 20
244.4213878382736
 10
171.72498962623564
 20
244.47260003293766
 10
171.20208368313473
 20
244.4213878382736
 10
170.96584786025832
 20
244.35921645416695
 10
170.7587854297168
 20
244.2755478466794
 10
170.58885368459391
 20
244.17359735347475
 10
170.46258300655597
 20
244.0572828748324
 10
170.38482590694653
 20
243.93107431093665
 10
170.3585705474969
 20
243.79982178611942
  0
LWPOLYLINE
  5
39C
330
17
100
AcDbEntity
  8
HIDDEN
100
AcDbPolyline
 90
5
 70
0
 10
170.3585705474969
 20
243.79982178611942
 10
170.38482590694653
 20
243.66856926130222
 10
170.46258300655597
 20
243.54236069740645
 10
170.58885368459391
 20
243.4260462187641
 10
170.7587854297168
 20
243.32409572555946
  0
LWPOLYLINE
  5
39D
330
17
100
AcDbEntity
  8
HIDDEN
100
AcDbPolyline
 90
2
 70
0
 10
205.15043210040074
 20
233.38527829818503
 10
205.15043210040074
 20
231.32808452279056
  0
LWPOLYLINE
  5
39E
330
17
100
AcDbEntity
  8
HIDDEN
100
AcDbPolyline
 90
2
 70
0
 10
205.15043210040074
 20
231.32808452279056
 10
209.32861240967136
 20
229.27089074739612
  0
LWPOLYLINE
  5
39F
330
17
100
AcDbEntity
  8
HIDDEN
100
AcDbPolyline
 90
2
 70
0
 10
209.32861240967136
 20
231.3280845227906
 10
209.32861240967136
 20
229.27089074739612
  0
LWPOLYLINE
  5
3A0
330
17
100
AcDbEntity
  8
HIDDEN
100
AcDbPolyline
 90
2
 70
0
 10
203.97531888841837
 20
233.9638640475147
 10
200.9722517911301
 20
232.48525602144994
  0
LWPOLYLINE
  5
3A1
330
17
100
AcDbEntity
  8
HIDDEN
100
AcDbPolyline
 90
2
 70
0
 10
200.9722517911301
 20
232.48525602144994
 10
200.9722517911301
 20
229.27089074739612
  0
LWPOLYLINE
  5
3A2
330
17
100
AcDbEntity
  8
HIDDEN
100
AcDbPolyline
 90
2
 70
0
 10
205.15043210040074
 20
231.32808452279056
 10
200.9722517911301
 20
229.27089074739612
  0
LWPOLYLINE
  5
3A3
330
17
100
AcDbEntity
  8
HIDDEN
100
AcDbPolyline
 90
2
 70
0
 10
209.32861240967136
 20
229.27089074739612
 10
205.15043210040074
 20
227.21369697200169
  0
LWPOLYLINE
  5
3A4
330
17
100
AcDbEntity
  8
HIDDEN
100
AcDbPolyline
 90
2
 70
0
 10
200.9722517911301
 20
229.27089074739612
 10
205.15043210040074
 20
227.21369697200169
  0
LWPOLYLINE
  5
3A5
330
17
100
AcDbEntity
  8
HIDDEN
100
AcDbPolyline
 90
9
 70
0
 10
204.1842279038819
 20
228.79516468683616
 10
204.5063066055465
 20
228.67755330533612
 10
204.8838569623206
 20
228.6110397459413
 10
205.28436459099046
 20
228.60135211172533
 10
205.67333804350162
 20
228.64932469524194
 10
206.01727918730566
 20
228.75082612981058
 10
206.28656804204243
 20
228.8971151800408
 10
206.45801363235987
 20
229.07559353115468
 10
206.51685117913948
 20
229.27089074739612
  0
LWPOLYLINE
  5
3A6
330
17
100
AcDbEntity
  8
HIDDEN
100
AcDbPolyline
 90
15
 70
0
 10
206.51685117913948
 20
229.27089074739612
 10
206.49059581968982
 20
229.40214327221332
 10
206.41283872008037
 20
229.5283518361091
 10
206.28656804204243
 20
229.64466631475145
 10
206.11663629691958
 20
229.7466168079561
 10
205.90957386637805
 20
229.83028541544365
 10
205.67333804350162
 20
229.8924567995503
 10
205.15043210040074
 20
229.94366899421436
 10
204.62752615729985
 20
229.8924567995503
 10
204.39129033442342
 20
229.83028541544365
 10
204.1842279038819
 20
229.7466168079561
 10
204.01429615875904
 20
229.64466631475145
 10
203.8880254807211
 20
229.5283518361091
 10
203.81026838111163
 20
229.40214327221332
 10
203.784013021662
 20
229.27089074739612
  0
LWPOLYLINE
  5
3A7
330
17
100
AcDbEntity
  8
HIDDEN
100
AcDbPolyline
 90
5
 70
0
 10
203.784013021662
 20
229.27089074739612
 10
203.81026838111163
 20
229.13963822257892
 10
203.8880254807211
 20
229.01342965868315
 10
204.01429615875904
 20
228.8971151800408
 10
204.1842279038819
 20
228.79516468683616
  0
LWPOLYLINE
  5
3A8
330
17
100
AcDbEntity
  8
HIDDEN
100
AcDbPolyline
 90
2
 70
0
 10
209.32861240967136
 20
232.48525602144994
 10
205.15043210040074
 20
230.4280622460555
  0
LWPOLYLINE
  5
3A9
330
17
100
AcDbEntity
  8
HIDDEN
100
AcDbPolyline
 90
2
 70
0
 10
205.15043210040074
 20
230.4280622460555
 10
205.15043210040074
 20
227.21369697200169
  0
LWPOLYLINE
  5
3AA
330
17
100
AcDbEntity
  8
HIDDEN
100
AcDbPolyline
 90
2
 70
0
 10
200.9722517911301
 20
232.48525602144994
 10
205.15043210040074
 20
230.4280622460555
  0
LWPOLYLINE
  5
3AB
330
17
100
AcDbEntity
  8
HIDDEN
100
AcDbPolyline
 90
9
 70
0
 10
204.1842279038819
 20
226.86654552240387
 10
204.5063066055465
 20
226.74893414090383
 10
204.8838569623206
 20
226.682420581509
 10
205.28436459099046
 20
226.672732947293
 10
205.67333804350162
 20
226.72070553080962
 10
206.01727918730566
 20
226.82220696537829
 10
206.28656804204243
 20
226.9684960156085
 10
206.45801363235987
 20
227.14697436672236
 10
206.51685117913948
 20
227.34227158296383
  0
LWPOLYLINE
  5
3AC
330
17
100
AcDbEntity
  8
HIDDEN
100
AcDbPolyline
 90
15
 70
0
 10
206.51685117913948
 20
227.34227158296383
 10
206.49059581968982
 20
227.47352410778103
 10
206.41283872008037
 20
227.5997326716768
 10
206.28656804204243
 20
227.71604715031916
 10
206.11663629691958
 20
227.8179976435238
 10
205.90957386637805
 20
227.90166625101136
 10
205.67333804350162
 20
227.963837635118
 10
205.15043210040074
 20
228.01504982978204
 10
204.62752615729985
 20
227.963837635118
 10
204.39129033442342
 20
227.90166625101136
 10
204.1842279038819
 20
227.8179976435238
 10
204.01429615875904
 20
227.71604715031916
 10
203.8880254807211
 20
227.5997326716768
 10
203.81026838111163
 20
227.47352410778103
 10
203.784013021662
 20
227.34227158296383
  0
LWPOLYLINE
  5
3AD
330
17
100
AcDbEntity
  8
HIDDEN
100
AcDbPolyline
 90
5
 70
0
 10
203.784013021662
 20
227.34227158296383
 10
203.81026838111163
 20
227.2110190581466
 10
203.8880254807211
 20
227.08481049425086
 10
204.01429615875904
 20
226.9684960156085
 10
204.1842279038819
 20
226.86654552240387
  0
LWPOLYLINE
  5
3AE
330
17
100
AcDbEntity
  8
HIDDEN
100
AcDbPolyline
 90
2
 70
0
 10
82.41638551557573
 20
203.2988193330412
 10
86.07229328618752
 20
201.49877477957105
  0
LWPOLYLINE
  5
3AF
330
17
100
AcDbEntity
  8
HIDDEN
100
AcDbPolyline
 90
2
 70
0
 10
86.07229328618754
 20
204.71314005362487
 10
86.07229328618754
 20
201.49877477957105
  0
LWPOLYLINE
  5
3B0
330
17
100
AcDbEntity
  8
HIDDEN
100
AcDbPolyline
 90
2
 70
0
 10
85.68058888219339
 20
204.9060019700681
 10
86.07229328618752
 20
204.71314005362487
  0
LWPOLYLINE
  5
3B1
330
17
100
AcDbEntity
  8
HIDDEN
100
AcDbPolyline
 90
2
 70
0
 10
86.07229328618754
 20
201.49877477957105
 10
81.89411297691692
 20
199.4415810041766
  0
LWPOLYLINE
  5
3B2
330
17
100
AcDbEntity
  8
HIDDEN
100
AcDbPolyline
 90
2
 70
0
 10
78.2382052063051
 20
201.24162555764673
 10
81.89411297691689
 20
199.4415810041766
  0
LWPOLYLINE
  5
3B3
330
17
100
AcDbEntity
  8
HIDDEN
100
AcDbPolyline
 90
9
 70
0
 10
80.92790878039806
 20
201.0230487190111
 10
81.24998748206266
 20
200.90543733751105
 10
81.62753783883677
 20
200.83892377811625
 10
82.02804546750662
 20
200.82923614390026
 10
82.41701892001778
 20
200.87720872741687
 10
82.76096006382181
 20
200.9787101619855
 10
83.0302489185586
 20
201.12499921221573
 10
83.20169450887605
 20
201.3034775633296
 10
83.26053205565563
 20
201.49877477957105
  0
LWPOLYLINE
  5
3B4
330
17
100
AcDbEntity
  8
HIDDEN
100
AcDbPolyline
 90
15
 70
0
 10
83.26053205565563
 20
201.49877477957105
 10
83.234276696206
 20
201.63002730438828
 10
83.15651959659655
 20
201.75623586828402
 10
83.0302489185586
 20
201.87255034692637
 10
82.86031717343573
 20
201.97450084013101
 10
82.65325474289419
 20
202.05816944761858
 10
82.41701892001778
 20
202.12034083172523
 10
81.89411297691689
 20
202.1715530263893
 10
81.371207033816
 20
202.12034083172523
 10
81.1349712109396
 20
202.05816944761858
 10
80.92790878039806
 20
201.97450084013101
 10
80.75797703527519
 20
201.87255034692637
 10
80.63170635723723
 20
201.75623586828402
 10
80.55394925762779
 20
201.63002730438828
 10
80.52769389817816
 20
201.49877477957105
  0
LWPOLYLINE
  5
3B5
330
17
100
AcDbEntity
  8
HIDDEN
100
AcDbPolyline
 90
5
 70
0
 10
80.52769389817816
 20
201.49877477957105
 10
80.55394925762779
 20
201.36752225475385
 10
80.63170635723723
 20
201.24131369085808
 10
80.75797703527519
 20
201.12499921221573
 10
80.92790878039806
 20
201.0230487190111
  0
LWPOLYLINE
  5
3B6
330
17
100
AcDbEntity
  8
HIDDEN
100
AcDbPolyline
 90
2
 70
0
 10
86.07229328618754
 20
204.71314005362487
 10
81.89411297691692
 20
202.65594627823043
  0
LWPOLYLINE
  5
3B7
330
17
100
AcDbEntity
  8
HIDDEN
100
AcDbPolyline
 90
2
 70
0
 10
81.89411297691692
 20
202.65594627823043
 10
81.89411297691692
 20
199.4415810041766
  0
LWPOLYLINE
  5
3B8
330
17
100
AcDbEntity
  8
HIDDEN
100
AcDbPolyline
 90
2
 70
0
 10
77.71593266764626
 20
204.71314005362487
 10
81.89411297691689
 20
202.65594627823043
  0
LWPOLYLINE
  5
3B9
330
17
100
AcDbEntity
  8
HIDDEN
100
AcDbPolyline
 90
9
 70
0
 10
80.92790878039806
 20
199.0944295545788
 10
81.24998748206266
 20
198.97681817307875
 10
81.62753783883677
 20
198.91030461368393
 10
82.02804546750662
 20
198.90061697946797
 10
82.41701892001778
 20
198.94858956298458
 10
82.76096006382181
 20
199.0500909975532
 10
83.0302489185586
 20
199.19638004778344
 10
83.20169450887605
 20
199.37485839889732
 10
83.26053205565563
 20
199.57015561513876
  0
LWPOLYLINE
  5
3BA
330
17
100
AcDbEntity
  8
HIDDEN
100
AcDbPolyline
 90
15
 70
0
 10
83.26053205565563
 20
199.57015561513876
 10
83.234276696206
 20
199.70140813995596
 10
83.15651959659655
 20
199.82761670385173
 10
83.0302489185586
 20
199.94393118249408
 10
82.86031717343573
 20
200.04588167569872
 10
82.65325474289419
 20
200.1295502831863
 10
82.41701892001778
 20
200.19172166729294
 10
81.89411297691689
 20
200.242933861957
 10
81.371207033816
 20
200.19172166729294
 10
81.1349712109396
 20
200.1295502831863
 10
80.92790878039806
 20
200.04588167569872
 10
80.75797703527519
 20
199.94393118249408
 10
80.63170635723723
 20
199.82761670385173
 10
80.55394925762779
 20
199.70140813995596
 10
80.52769389817816
 20
199.57015561513876
  0
LWPOLYLINE
  5
3BB
330
17
100
AcDbEntity
  8
HIDDEN
100
AcDbPolyline
 90
5
 70
0
 10
80.52769389817816
 20
199.57015561513876
 10
80.55394925762779
 20
199.43890309032156
 10
80.63170635723723
 20
199.3126945264258
 10
80.75797703527519
 20
199.19638004778344
 10
80.92790878039806
 20
199.0944295545788
  0
LWPOLYLINE
  5
3BC
330
17
100
AcDbEntity
  8
HIDDEN
100
AcDbPolyline
 90
2
 70
0
 10
115.31955545108201
 20
190.31278362586372
 10
115.31955545108201
 20
187.0984183518099
  0
LWPOLYLINE
  5
3BD
330
17
100
AcDbEntity
  8
HIDDEN
100
AcDbPolyline
 90
2
 70
0
 10
115.31955545108201
 20
187.0984183518099
 10
119.49773576035264
 20
185.04122457641543
  0
LWPOLYLINE
  5
3BE
330
17
100
AcDbEntity
  8
HIDDEN
100
AcDbPolyline
 90
2
 70
0
 10
119.49773576035264
 20
188.25558985046928
 10
119.49773576035264
 20
185.04122457641546
  0
LWPOLYLINE
  5
3BF
330
17
100
AcDbEntity
  8
HIDDEN
100
AcDbPolyline
 90
2
 70
0
 10
115.31955545108201
 20
190.31278362586372
 10
119.49773576035264
 20
188.25558985046928
  0
LWPOLYLINE
  5
3C0
330
17
100
AcDbEntity
  8
HIDDEN
100
AcDbPolyline
 90
2
 70
0
 10
115.31955545108201
 20
190.31278362586372
 10
111.14137514181137
 20
188.25558985046928
  0
LWPOLYLINE
  5
3C1
330
17
100
AcDbEntity
  8
HIDDEN
100
AcDbPolyline
 90
2
 70
0
 10
111.14137514181138
 20
188.25558985046928
 10
111.14137514181138
 20
185.04122457641546
  0
LWPOLYLINE
  5
3C2
330
17
100
AcDbEntity
  8
HIDDEN
100
AcDbPolyline
 90
2
 70
0
 10
115.31955545108201
 20
187.0984183518099
 10
111.14137514181137
 20
185.04122457641543
  0
LWPOLYLINE
  5
3C3
330
17
100
AcDbEntity
  8
HIDDEN
100
AcDbPolyline
 90
2
 70
0
 10
119.49773576035264
 20
185.04122457641546
 10
115.31955545108201
 20
182.984030801021
  0
LWPOLYLINE
  5
3C4
330
17
100
AcDbEntity
  8
HIDDEN
100
AcDbPolyline
 90
2
 70
0
 10
111.14137514181138
 20
185.04122457641546
 10
115.31955545108201
 20
182.984030801021
  0
LWPOLYLINE
  5
3C5
330
17
100
AcDbEntity
  8
HIDDEN
100
AcDbPolyline
 90
9
 70
0
 10
114.35335125456317
 20
184.5654985158555
 10
114.67542995622779
 20
184.44788713435545
 10
115.05298031300188
 20
184.38137357496063
 10
115.45348794167174
 20
184.37168594074464
 10
115.84246139418289
 20
184.41965852426125
 10
116.18640253798694
 20
184.5211599588299
 10
116.45569139272371
 20
184.66744900906014
 10
116.62713698304114
 20
184.84592736017402
 10
116.68597452982074
 20
185.04122457641546
  0
LWPOLYLINE
  5
3C6
330
17
100
AcDbEntity
  8
HIDDEN
100
AcDbPolyline
 90
15
 70
0
 10
116.68597452982074
 20
185.04122457641546
 10
116.6597191703711
 20
185.17247710123266
 10
116.58196207076165
 20
185.2986856651284
 10
116.45569139272371
 20
185.41500014377078
 10
116.28575964760084
 20
185.51695063697542
 10
116.07869721705931
 20
185.600619244463
 10
115.84246139418289
 20
185.66279062856964
 10
115.31955545108201
 20
185.71400282323367
 10
114.79664950798113
 20
185.66279062856964
 10
114.56041368510469
 20
185.600619244463
 10
114.35335125456317
 20
185.51695063697542
 10
114.1834195094403
 20
185.41500014377078
 10
114.05714883140236
 20
185.2986856651284
 10
113.9793917317929
 20
185.17247710123266
 10
113.95313637234328
 20
185.04122457641546
  0
LWPOLYLINE
  5
3C7
330
17
100
AcDbEntity
  8
HIDDEN
100
AcDbPolyline
 90
5
 70
0
 10
113.95313637234328
 20
185.04122457641546
 10
113.9793917317929
 20
184.90997205159823
 10
114.05714883140236
 20
184.7837634877025
 10
114.1834195094403
 20
184.66744900906014
 10
114.35335125456317
 20
184.5654985158555
  0
LWPOLYLINE
  5
3C8
330
17
100
AcDbEntity
  8
HIDDEN
100
AcDbPolyline
 90
2
 70
0
 10
119.49773576035264
 20
188.25558985046928
 10
115.31955545108201
 20
186.1983960750748
  0
LWPOLYLINE
  5
3C9
330
17
100
AcDbEntity
  8
HIDDEN
100
AcDbPolyline
 90
2
 70
0
 10
115.31955545108201
 20
186.19839607507484
 10
115.31955545108201
 20
182.984030801021
  0
LWPOLYLINE
  5
3CA
330
17
100
AcDbEntity
  8
HIDDEN
100
AcDbPolyline
 90
2
 70
0
 10
111.14137514181138
 20
188.25558985046928
 10
115.31955545108201
 20
186.1983960750748
  0
LWPOLYLINE
  5
3CB
330
17
100
AcDbEntity
  8
HIDDEN
100
AcDbPolyline
 90
9
 70
0
 10
114.35335125456317
 20
182.6368793514232
 10
114.67542995622779
 20
182.51926796992313
 10
115.05298031300188
 20
182.45275441052834
 10
115.45348794167174
 20
182.44306677631235
 10
115.84246139418289
 20
182.49103935982896
 10
116.18640253798694
 20
182.59254079439762
 10
116.45569139272371
 20
182.73882984462784
 10
116.62713698304114
 20
182.9173081957417
 10
116.68597452982074
 20
183.11260541198317
  0
LWPOLYLINE
  5
3CC
330
17
100
AcDbEntity
  8
HIDDEN
100
AcDbPolyline
 90
15
 70
0
 10
116.68597452982074
 20
183.11260541198317
 10
116.6597191703711
 20
183.24385793680037
 10
116.58196207076165
 20
183.3700665006961
 10
116.45569139272371
 20
183.48638097933846
 10
116.28575964760084
 20
183.5883314725431
 10
116.07869721705931
 20
183.67200008003067
 10
115.84246139418289
 20
183.73417146413735
 10
115.31955545108201
 20
183.78538365880138
 10
114.79664950798113
 20
183.73417146413735
 10
114.56041368510469
 20
183.67200008003067
 10
114.35335125456317
 20
183.5883314725431
 10
114.1834195094403
 20
183.48638097933846
 10
114.05714883140236
 20
183.3700665006961
 10
113.9793917317929
 20
183.24385793680037
 10
113.95313637234328
 20
183.11260541198317
  0
LWPOLYLINE
  5
3CD
330
17
100
AcDbEntity
  8
HIDDEN
100
AcDbPolyline
 90
5
 70
0
 10
113.95313637234328
 20
183.11260541198317
 10
113.9793917317929
 20
182.98135288716594
 10
114.05714883140236
 20
182.8551443232702
 10
114.1834195094403
 20
182.73882984462784
 10
114.35335125456317
 20
182.6368793514232
  0
LWPOLYLINE
  5
3CE
330
17
100
AcDbEntity
  8
HIDDEN
100
AcDbPolyline
 90
2
 70
0
 10
152.8617112202551
 20
228.98347725974526
 10
152.8617112202551
 20
227.56915653916158
  0
LWPOLYLINE
  5
3CF
330
17
100
AcDbEntity
  8
HIDDEN
100
AcDbPolyline
 90
2
 70
0
 10
155.0859893897535
 20
228.69003032629936
 10
155.0859893897535
 20
227.2757096057157
  0
LWPOLYLINE
  5
3D0
330
17
100
AcDbEntity
  8
HIDDEN
100
AcDbPolyline
 90
2
 70
0
 10
152.8617112202551
 20
228.98347725974526
 10
155.0859893897535
 20
228.69003032629936
  0
LWPOLYLINE
  5
3D1
330
17
100
AcDbEntity
  8
HIDDEN
100
AcDbPolyline
 90
2
 70
0
 10
152.8617112202551
 20
227.56915653916158
 10
155.0859893897535
 20
227.2757096057157
  0
LWPOLYLINE
  5
3D2
330
17
100
AcDbEntity
  8
HIDDEN
100
AcDbPolyline
 90
2
 70
0
 10
152.26571768099583
 20
230.07863612469063
 10
152.26571768099583
 20
228.66431540410696
  0
LWPOLYLINE
  5
3D3
330
17
100
AcDbEntity
  8
HIDDEN
100
AcDbPolyline
 90
2
 70
0
 10
152.26571768099583
 20
230.07863612469063
 10
152.8617112202551
 20
228.98347725974526
  0
LWPOLYLINE
  5
3D4
330
17
100
AcDbEntity
  8
HIDDEN
100
AcDbPolyline
 90
2
 70
0
 10
152.26571768099583
 20
228.66431540410696
 10
152.8617112202551
 20
227.56915653916158
  0
LWPOLYLINE
  5
3D5
330
17
100
AcDbEntity
  8
HIDDEN
100
AcDbPolyline
 90
2
 70
0
 10
156.71427401999264
 20
229.49174225779885
 10
156.71427401999264
 20
228.07742153721514
  0
LWPOLYLINE
  5
3D6
330
17
100
AcDbEntity
  8
HIDDEN
100
AcDbPolyline
 90
2
 70
0
 10
155.0859893897535
 20
228.69003032629936
 10
156.71427401999264
 20
229.49174225779885
  0
LWPOLYLINE
  5
3D7
330
17
100
AcDbEntity
  8
HIDDEN
100
AcDbPolyline
 90
2
 70
0
 10
155.0859893897535
 20
227.2757096057157
 10
156.71427401999264
 20
228.07742153721514
  0
LWPOLYLINE
  5
3D8
330
17
100
AcDbEntity
  8
HIDDEN
100
AcDbPolyline
 90
2
 70
0
 10
153.89400231123497
 20
230.8803480561901
 10
152.26571768099583
 20
230.07863612469063
  0
LWPOLYLINE
  5
3D9
330
17
100
AcDbEntity
  8
HIDDEN
100
AcDbPolyline
 90
2
 70
0
 10
156.71427401999264
 20
229.49174225779885
 10
156.11828048073338
 20
230.5869011227442
  0
LWPOLYLINE
  5
3DA
330
17
100
AcDbEntity
  8
HIDDEN
100
AcDbPolyline
 90
2
 70
0
 10
156.11828048073338
 20
230.5869011227442
 10
153.89400231123497
 20
230.8803480561901
  0
LWPOLYLINE
  5
3DB
330
17
100
AcDbEntity
  8
HIDDEN
100
AcDbPolyline
 90
9
 70
0
 10
153.706587042506
 20
229.39946535835827
 10
153.96773193574757
 20
229.30410477876364
 10
154.2738538466455
 20
229.25017486574083
 10
154.59858976178322
 20
229.24232002718733
 10
154.91397364219767
 20
229.28121671652514
 10
155.1928448398766
 20
229.3635151769862
 10
155.41118715452805
 20
229.4821279204161
 10
155.55019709262328
 20
229.6268400969949
 10
155.59790321163376
 20
229.78518919124474
  0
LWPOLYLINE
  5
3DC
330
17
100
AcDbEntity
  8
HIDDEN
100
AcDbPolyline
 90
13
 70
0
 10
155.59790321163376
 20
229.78518919124474
 10
155.57661508235026
 20
229.89161015731275
 10
155.5135687853696
 20
229.99394142533632
 10
155.41118715452805
 20
230.08825046207338
 10
155.2734046584825
 20
230.1709130241312
 10
154.91397364219767
 20
230.28916166596434
 10
154.48999585049424
 20
230.3306850670433
 10
154.06601805879083
 20
230.28916166596434
 10
153.706587042506
 20
230.1709130241312
 10
153.56880454646043
 20
230.08825046207338
 10
153.46642291561886
 20
229.99394142533635
 10
153.40337661863822
 20
229.89161015731275
 10
153.38208848935471
 20
229.78518919124474
  0
LWPOLYLINE
  5
3DD
330
17
100
AcDbEntity
  8
HIDDEN
100
AcDbPolyline
 90
5
 70
0
 10
153.38208848935471
 20
229.78518919124474
 10
153.40337661863822
 20
229.67876822517673
 10
153.46642291561886
 20
229.57643695715313
 10
153.56880454646043
 20
229.4821279204161
 10
153.706587042506
 20
229.39946535835827
  0
LWPOLYLINE
  5
3DE
330
17
100
AcDbEntity
  8
HIDDEN
100
AcDbPolyline
 90
2
 70
0
 10
153.89400231123497
 20
229.4660273356064
 10
152.26571768099583
 20
228.66431540410696
  0
LWPOLYLINE
  5
3DF
330
17
100
AcDbEntity
  8
HIDDEN
100
AcDbPolyline
 90
2
 70
0
 10
156.71427401999264
 20
228.07742153721514
 10
156.11828048073338
 20
229.17258040216052
  0
LWPOLYLINE
  5
3E0
330
17
100
AcDbEntity
  8
HIDDEN
100
AcDbPolyline
 90
2
 70
0
 10
156.11828048073338
 20
229.17258040216052
 10
153.89400231123497
 20
229.4660273356064
  0
LWPOLYLINE
  5
3E1
330
17
100
AcDbEntity
  8
HIDDEN
100
AcDbPolyline
 90
9
 70
0
 10
153.706587042506
 20
227.9851446377746
 10
153.96773193574757
 20
227.88978405817997
 10
154.2738538466455
 20
227.83585414515716
 10
154.59858976178322
 20
227.82799930660366
 10
154.91397364219767
 20
227.86689599594143
 10
155.1928448398766
 20
227.9491944564025
 10
155.41118715452805
 20
228.0678071998324
 10
155.55019709262328
 20
228.21251937641122
 10
155.59790321163376
 20
228.37086847066104
  0
LWPOLYLINE
  5
3E2
330
17
100
AcDbEntity
  8
HIDDEN
100
AcDbPolyline
 90
13
 70
0
 10
155.59790321163376
 20
228.37086847066104
 10
155.57661508235026
 20
228.47728943672905
 10
155.5135687853696
 20
228.57962070475264
 10
155.41118715452805
 20
228.6739297414897
 10
155.2734046584825
 20
228.7565923035475
 10
154.91397364219767
 20
228.87484094538067
 10
154.48999585049424
 20
228.9163643464596
 10
154.06601805879083
 20
228.87484094538067
 10
153.706587042506
 20
228.7565923035475
 10
153.56880454646043
 20
228.6739297414897
 10
153.46642291561886
 20
228.57962070475264
 10
153.40337661863822
 20
228.47728943672905
 10
153.38208848935471
 20
228.37086847066107
  0
LWPOLYLINE
  5
3E3
330
17
100
AcDbEntity
  8
HIDDEN
100
AcDbPolyline
 90
5
 70
0
 10
153.38208848935471
 20
228.37086847066104
 10
153.40337661863822
 20
228.26444750459305
 10
153.46642291561886
 20
228.16211623656946
 10
153.56880454646043
 20
228.0678071998324
 10
153.706587042506
 20
227.9851446377746
  0
LWPOLYLINE
  5
3E4
330
17
100
AcDbEntity
  8
HIDDEN
100
AcDbPolyline
 90
2
 70
0
 10
153.89400231123497
 20
230.8803480561901
 10
153.89400231123497
 20
229.4660273356064
  0
LWPOLYLINE
  5
3E5
330
17
100
AcDbEntity
  8
HIDDEN
100
AcDbPolyline
 90
2
 70
0
 10
156.11828048073338
 20
230.5869011227442
 10
156.11828048073338
 20
229.17258040216052
  0
LWPOLYLINE
  5
3E6
330
17
100
AcDbEntity
  8
HIDDEN
100
AcDbPolyline
 90
2
 70
0
 10
171.66352261197298
 20
219.72610527047024
 10
171.66352261197298
 20
218.31178454988657
  0
LWPOLYLINE
  5
3E7
330
17
100
AcDbEntity
  8
HIDDEN
100
AcDbPolyline
 90
2
 70
0
 10
173.88780078147138
 20
219.43265833702435
 10
173.88780078147138
 20
218.01833761644068
  0
LWPOLYLINE
  5
3E8
330
17
100
AcDbEntity
  8
HIDDEN
100
AcDbPolyline
 90
2
 70
0
 10
171.66352261197298
 20
219.72610527047024
 10
173.88780078147138
 20
219.43265833702435
  0
LWPOLYLINE
  5
3E9
330
17
100
AcDbEntity
  8
HIDDEN
100
AcDbPolyline
 90
2
 70
0
 10
171.66352261197298
 20
218.31178454988657
 10
173.88780078147138
 20
218.01833761644068
  0
LWPOLYLINE
  5
3EA
330
17
100
AcDbEntity
  8
HIDDEN
100
AcDbPolyline
 90
2
 70
0
 10
171.0675290727137
 20
220.82126413541562
 10
171.0675290727137
 20
219.40694341483191
  0
LWPOLYLINE
  5
3EB
330
17
100
AcDbEntity
  8
HIDDEN
100
AcDbPolyline
 90
2
 70
0
 10
171.0675290727137
 20
220.82126413541562
 10
171.66352261197298
 20
219.72610527047024
  0
LWPOLYLINE
  5
3EC
330
17
100
AcDbEntity
  8
HIDDEN
100
AcDbPolyline
 90
2
 70
0
 10
171.0675290727137
 20
219.40694341483191
 10
171.66352261197298
 20
218.31178454988657
  0
LWPOLYLINE
  5
3ED
330
17
100
AcDbEntity
  8
HIDDEN
100
AcDbPolyline
 90
2
 70
0
 10
175.51608541171052
 20
220.2343702685238
 10
175.51608541171052
 20
218.82004954794013
  0
LWPOLYLINE
  5
3EE
330
17
100
AcDbEntity
  8
HIDDEN
100
AcDbPolyline
 90
2
 70
0
 10
173.88780078147138
 20
219.43265833702435
 10
175.51608541171052
 20
220.23437026852383
  0
LWPOLYLINE
  5
3EF
330
17
100
AcDbEntity
  8
HIDDEN
100
AcDbPolyline
 90
2
 70
0
 10
173.88780078147138
 20
218.01833761644068
 10
175.51608541171052
 20
218.82004954794013
  0
LWPOLYLINE
  5
3F0
330
17
100
AcDbEntity
  8
HIDDEN
100
AcDbPolyline
 90
2
 70
0
 10
172.69581370295285
 20
221.62297606691507
 10
171.0675290727137
 20
220.82126413541562
  0
LWPOLYLINE
  5
3F1
330
17
100
AcDbEntity
  8
HIDDEN
100
AcDbPolyline
 90
2
 70
0
 10
175.51608541171052
 20
220.2343702685238
 10
174.92009187245125
 20
221.32952913346918
  0
LWPOLYLINE
  5
3F2
330
17
100
AcDbEntity
  8
HIDDEN
100
AcDbPolyline
 90
2
 70
0
 10
174.92009187245125
 20
221.32952913346918
 10
172.69581370295285
 20
221.62297606691507
  0
LWPOLYLINE
  5
3F3
330
17
100
AcDbEntity
  8
HIDDEN
100
AcDbPolyline
 90
9
 70
0
 10
172.50839843422386
 20
220.14209336908326
 10
172.76954332746544
 20
220.04673278948863
 10
173.07566523836337
 20
219.99280287646582
 10
173.4004011535011
 20
219.98494803791232
 10
173.71578503391552
 20
220.0238447272501
 10
173.9946562315945
 20
220.10614318771115
 10
174.21299854624593
 20
220.22475593114106
 10
174.35200848434116
 20
220.36946810771988
 10
174.39971460335164
 20
220.5278172019697
  0
LWPOLYLINE
  5
3F4
330
17
100
AcDbEntity
  8
HIDDEN
100
AcDbPolyline
 90
13
 70
0
 10
174.39971460335164
 20
220.52781720196973
 10
174.37842647406814
 20
220.6342381680377
 10
174.3153801770875
 20
220.7365694360613
 10
174.21299854624593
 20
220.83087847279836
 10
174.07521605020037
 20
220.91354103485617
 10
173.71578503391555
 20
221.03178967668933
 10
173.29180724221212
 20
221.0733130777683
 10
172.8678294505087
 20
221.03178967668933
 10
172.50839843422386
 20
220.91354103485617
 10
172.3706159381783
 20
220.83087847279836
 10
172.26823430733674
 20
220.7365694360613
 10
172.2051880103561
 20
220.6342381680377
 10
172.1838998810726
 20
220.52781720196973
  0
LWPOLYLINE
  5
3F5
330
17
100
AcDbEntity
  8
HIDDEN
100
AcDbPolyline
 90
5
 70
0
 10
172.1838998810726
 20
220.52781720196973
 10
172.2051880103561
 20
220.4213962359017
 10
172.26823430733674
 20
220.31906496787812
 10
172.3706159381783
 20
220.22475593114106
 10
172.50839843422386
 20
220.14209336908326
  0
LWPOLYLINE
  5
3F6
330
17
100
AcDbEntity
  8
HIDDEN
100
AcDbPolyline
 90
2
 70
0
 10
172.69581370295285
 20
220.2086553463314
 10
171.0675290727137
 20
219.40694341483191
  0
LWPOLYLINE
  5
3F7
330
17
100
AcDbEntity
  8
HIDDEN
100
AcDbPolyline
 90
2
 70
0
 10
175.51608541171052
 20
218.82004954794013
 10
174.92009187245125
 20
219.9152084128855
  0
LWPOLYLINE
  5
3F8
330
17
100
AcDbEntity
  8
HIDDEN
100
AcDbPolyline
 90
2
 70
0
 10
174.92009187245125
 20
219.9152084128855
 10
172.69581370295285
 20
220.2086553463314
  0
LWPOLYLINE
  5
3F9
330
17
100
AcDbEntity
  8
HIDDEN
100
AcDbPolyline
 90
9
 70
0
 10
172.50839843422386
 20
218.72777264849958
 10
172.76954332746544
 20
218.63241206890496
 10
173.07566523836337
 20
218.5784821558821
 10
173.4004011535011
 20
218.57062731732861
 10
173.71578503391552
 20
218.60952400666642
 10
173.9946562315945
 20
218.69182246712748
 10
174.21299854624593
 20
218.8104352105574
 10
174.35200848434116
 20
218.9551473871362
 10
174.39971460335164
 20
219.11349648138602
  0
LWPOLYLINE
  5
3FA
330
17
100
AcDbEntity
  8
HIDDEN
100
AcDbPolyline
 90
13
 70
0
 10
174.39971460335164
 20
219.11349648138602
 10
174.37842647406814
 20
219.21991744745404
 10
174.3153801770875
 20
219.32224871547763
 10
174.21299854624593
 20
219.41655775221466
 10
174.07521605020037
 20
219.4992203142725
 10
173.71578503391555
 20
219.61746895610565
 10
173.29180724221212
 20
219.6589923571846
 10
172.8678294505087
 20
219.61746895610565
 10
172.50839843422386
 20
219.4992203142725
 10
172.3706159381783
 20
219.41655775221466
 10
172.26823430733674
 20
219.32224871547763
 10
172.2051880103561
 20
219.21991744745404
 10
172.1838998810726
 20
219.11349648138602
  0
LWPOLYLINE
  5
3FB
330
17
100
AcDbEntity
  8
HIDDEN
100
AcDbPolyline
 90
5
 70
0
 10
172.1838998810726
 20
219.11349648138602
 10
172.2051880103561
 20
219.007075515318
 10
172.26823430733674
 20
218.90474424729445
 10
172.3706159381783
 20
218.8104352105574
 10
172.50839843422386
 20
218.72777264849958
  0
LWPOLYLINE
  5
3FC
330
17
100
AcDbEntity
  8
HIDDEN
100
AcDbPolyline
 90
2
 70
0
 10
172.69581370295285
 20
221.62297606691507
 10
172.69581370295285
 20
220.2086553463314
  0
LWPOLYLINE
  5
3FD
330
17
100
AcDbEntity
  8
HIDDEN
100
AcDbPolyline
 90
2
 70
0
 10
174.92009187245125
 20
221.32952913346918
 10
174.92009187245125
 20
219.9152084128855
  0
LWPOLYLINE
  5
3FE
330
17
100
AcDbEntity
  8
HIDDEN
100
AcDbPolyline
 90
2
 70
0
 10
113.69127082084286
 20
209.6972856154223
 10
113.69127082084286
 20
208.2829648948386
  0
LWPOLYLINE
  5
3FF
330
17
100
AcDbEntity
  8
HIDDEN
100
AcDbPolyline
 90
2
 70
0
 10
115.91554899034128
 20
209.4038386819764
 10
115.91554899034128
 20
207.98951796139272
  0
LWPOLYLINE
  5
400
330
17
100
AcDbEntity
  8
HIDDEN
100
AcDbPolyline
 90
2
 70
0
 10
113.69127082084286
 20
209.6972856154223
 10
115.91554899034126
 20
209.4038386819764
  0
LWPOLYLINE
  5
401
330
17
100
AcDbEntity
  8
HIDDEN
100
AcDbPolyline
 90
2
 70
0
 10
113.69127082084286
 20
208.2829648948386
 10
115.91554899034126
 20
207.98951796139272
  0
LWPOLYLINE
  5
402
330
17
100
AcDbEntity
  8
HIDDEN
100
AcDbPolyline
 90
2
 70
0
 10
113.0952772815836
 20
210.79244448036766
 10
113.0952772815836
 20
209.378123759784
  0
LWPOLYLINE
  5
403
330
17
100
AcDbEntity
  8
HIDDEN
100
AcDbPolyline
 90
2
 70
0
 10
113.0952772815836
 20
210.79244448036766
 10
113.69127082084287
 20
209.6972856154223
  0
LWPOLYLINE
  5
404
330
17
100
AcDbEntity
  8
HIDDEN
100
AcDbPolyline
 90
2
 70
0
 10
113.0952772815836
 20
209.378123759784
 10
113.69127082084287
 20
208.2829648948386
  0
LWPOLYLINE
  5
405
330
17
100
AcDbEntity
  8
HIDDEN
100
AcDbPolyline
 90
2
 70
0
 10
117.54383362058041
 20
210.20555061347588
 10
117.54383362058041
 20
208.79122989289218
  0
LWPOLYLINE
  5
406
330
17
100
AcDbEntity
  8
HIDDEN
100
AcDbPolyline
 90
2
 70
0
 10
115.91554899034128
 20
209.4038386819764
 10
117.54383362058041
 20
210.20555061347585
  0
LWPOLYLINE
  5
407
330
17
100
AcDbEntity
  8
HIDDEN
100
AcDbPolyline
 90
2
 70
0
 10
115.91554899034128
 20
207.98951796139272
 10
117.54383362058041
 20
208.79122989289218
  0
LWPOLYLINE
  5
408
330
17
100
AcDbEntity
  8
HIDDEN
100
AcDbPolyline
 90
2
 70
0
 10
114.72356191182274
 20
211.59415641186712
 10
113.0952772815836
 20
210.79244448036766
  0
LWPOLYLINE
  5
409
330
17
100
AcDbEntity
  8
HIDDEN
100
AcDbPolyline
 90
2
 70
0
 10
117.54383362058041
 20
210.20555061347588
 10
116.94784008132115
 20
211.30070947842123
  0
LWPOLYLINE
  5
40A
330
17
100
AcDbEntity
  8
HIDDEN
100
AcDbPolyline
 90
2
 70
0
 10
116.94784008132113
 20
211.30070947842123
 10
114.72356191182273
 20
211.59415641186712
  0
LWPOLYLINE
  5
40B
330
17
100
AcDbEntity
  8
HIDDEN
100
AcDbPolyline
 90
9
 70
0
 10
114.53614664309376
 20
210.1132737140353
 10
114.79729153633534
 20
210.01791313444068
 10
115.10341344723325
 20
209.96398322141786
 10
115.42814936237097
 20
209.95612838286436
 10
115.74353324278542
 20
209.99502507220217
 10
116.02240444046438
 20
210.07732353266323
 10
116.24074675511582
 20
210.19593627609314
 10
116.37975669321105
 20
210.34064845267193
 10
116.42746281222152
 20
210.49899754692177
  0
LWPOLYLINE
  5
40C
330
17
100
AcDbEntity
  8
HIDDEN
100
AcDbPolyline
 90
13
 70
0
 10
116.42746281222152
 20
210.49899754692177
 10
116.40617468293803
 20
210.6054185129898
 10
116.3431283859574
 20
210.70774978101338
 10
116.24074675511582
 20
210.8020588177504
 10
116.10296425907025
 20
210.8847213798082
 10
115.74353324278542
 20
211.00297002164137
 10
115.31955545108201
 20
211.04449342272034
 10
114.89557765937859
 20
211.00297002164137
 10
114.53614664309376
 20
210.8847213798082
 10
114.3983641470482
 20
210.8020588177504
 10
114.29598251620662
 20
210.70774978101338
 10
114.23293621922598
 20
210.6054185129898
 10
114.21164808994249
 20
210.49899754692177
  0
LWPOLYLINE
  5
40D
330
17
100
AcDbEntity
  8
HIDDEN
100
AcDbPolyline
 90
5
 70
0
 10
114.21164808994249
 20
210.49899754692177
 10
114.23293621922598
 20
210.39257658085376
 10
114.29598251620662
 20
210.29024531283017
 10
114.3983641470482
 20
210.19593627609314
 10
114.53614664309376
 20
210.1132737140353
  0
LWPOLYLINE
  5
40E
330
17
100
AcDbEntity
  8
HIDDEN
100
AcDbPolyline
 90
2
 70
0
 10
114.72356191182274
 20
210.17983569128344
 10
113.0952772815836
 20
209.378123759784
  0
LWPOLYLINE
  5
40F
330
17
100
AcDbEntity
  8
HIDDEN
100
AcDbPolyline
 90
2
 70
0
 10
117.54383362058041
 20
208.79122989289218
 10
116.94784008132115
 20
209.88638875783755
  0
LWPOLYLINE
  5
410
330
17
100
AcDbEntity
  8
HIDDEN
100
AcDbPolyline
 90
2
 70
0
 10
116.94784008132113
 20
209.88638875783755
 10
114.72356191182273
 20
210.17983569128344
  0
LWPOLYLINE
  5
411
330
17
100
AcDbEntity
  8
HIDDEN
100
AcDbPolyline
 90
9
 70
0
 10
114.53614664309376
 20
208.69895299345163
 10
114.79729153633534
 20
208.603592413857
 10
115.10341344723325
 20
208.5496625008342
 10
115.42814936237097
 20
208.5418076622807
 10
115.74353324278542
 20
208.58070435161846
 10
116.02240444046438
 20
208.66300281207953
 10
116.24074675511582
 20
208.78161555550943
 10
116.37975669321105
 20
208.92632773208825
 10
116.42746281222152
 20
209.08467682633807
  0
LWPOLYLINE
  5
412
330
17
100
AcDbEntity
  8
HIDDEN
100
AcDbPolyline
 90
13
 70
0
 10
116.42746281222152
 20
209.08467682633807
 10
116.40617468293803
 20
209.19109779240608
 10
116.3431283859574
 20
209.29342906042967
 10
116.24074675511582
 20
209.38773809716673
 10
116.10296425907025
 20
209.47040065922454
 10
115.74353324278542
 20
209.5886493010577
 10
115.31955545108201
 20
209.63017270213663
 10
114.89557765937859
 20
209.5886493010577
 10
114.53614664309376
 20
209.47040065922454
 10
114.3983641470482
 20
209.38773809716673
 10
114.29598251620662
 20
209.29342906042967
 10
114.23293621922598
 20
209.19109779240608
 10
114.21164808994249
 20
209.0846768263381
  0
LWPOLYLINE
  5
413
330
17
100
AcDbEntity
  8
HIDDEN
100
AcDbPolyline
 90
5
 70
0
 10
114.21164808994249
 20
209.08467682633807
 10
114.23293621922598
 20
208.97825586027005
 10
114.29598251620662
 20
208.8759245922465
 10
114.3983641470482
 20
208.78161555550943
 10
114.53614664309376
 20
208.69895299345163
  0
LWPOLYLINE
  5
414
330
17
100
AcDbEntity
  8
HIDDEN
100
AcDbPolyline
 90
2
 70
0
 10
114.72356191182274
 20
211.59415641186712
 10
114.72356191182274
 20
210.17983569128344
  0
LWPOLYLINE
  5
415
330
17
100
AcDbEntity
  8
HIDDEN
100
AcDbPolyline
 90
2
 70
0
 10
116.94784008132113
 20
211.30070947842123
 10
116.94784008132113
 20
209.88638875783755
  0
LWPOLYLINE
  5
416
330
17
100
AcDbEntity
  8
HIDDEN
100
AcDbPolyline
 90
2
 70
0
 10
132.49308221256075
 20
200.43991362614727
 10
132.49308221256075
 20
199.0255929055636
  0
LWPOLYLINE
  5
417
330
17
100
AcDbEntity
  8
HIDDEN
100
AcDbPolyline
 90
2
 70
0
 10
134.71736038205916
 20
200.14646669270138
 10
134.71736038205916
 20
198.73214597211768
  0
LWPOLYLINE
  5
418
330
17
100
AcDbEntity
  8
HIDDEN
100
AcDbPolyline
 90
2
 70
0
 10
132.49308221256075
 20
200.43991362614727
 10
134.71736038205916
 20
200.14646669270138
  0
LWPOLYLINE
  5
419
330
17
100
AcDbEntity
  8
HIDDEN
100
AcDbPolyline
 90
2
 70
0
 10
132.49308221256075
 20
199.0255929055636
 10
134.71736038205916
 20
198.73214597211768
  0
LWPOLYLINE
  5
41A
330
17
100
AcDbEntity
  8
HIDDEN
100
AcDbPolyline
 90
2
 70
0
 10
131.89708867330148
 20
201.53507249109265
 10
131.89708867330148
 20
200.12075177050895
  0
LWPOLYLINE
  5
41B
330
17
100
AcDbEntity
  8
HIDDEN
100
AcDbPolyline
 90
2
 70
0
 10
131.89708867330148
 20
201.53507249109265
 10
132.49308221256075
 20
200.43991362614727
  0
LWPOLYLINE
  5
41C
330
17
100
AcDbEntity
  8
HIDDEN
100
AcDbPolyline
 90
2
 70
0
 10
131.89708867330148
 20
200.12075177050895
 10
132.49308221256075
 20
199.0255929055636
  0
LWPOLYLINE
  5
41D
330
17
100
AcDbEntity
  8
HIDDEN
100
AcDbPolyline
 90
2
 70
0
 10
136.3456450122983
 20
200.94817862420086
 10
136.3456450122983
 20
199.53385790361716
  0
LWPOLYLINE
  5
41E
330
17
100
AcDbEntity
  8
HIDDEN
100
AcDbPolyline
 90
2
 70
0
 10
134.71736038205916
 20
200.14646669270138
 10
136.3456450122983
 20
200.94817862420084
  0
LWPOLYLINE
  5
41F
330
17
100
AcDbEntity
  8
HIDDEN
100
AcDbPolyline
 90
2
 70
0
 10
134.71736038205916
 20
198.73214597211768
 10
136.3456450122983
 20
199.53385790361716
  0
LWPOLYLINE
  5
420
330
17
100
AcDbEntity
  8
HIDDEN
100
AcDbPolyline
 90
2
 70
0
 10
133.52537330354062
 20
202.3367844225921
 10
131.89708867330148
 20
201.53507249109265
  0
LWPOLYLINE
  5
421
330
17
100
AcDbEntity
  8
HIDDEN
100
AcDbPolyline
 90
2
 70
0
 10
136.3456450122983
 20
200.94817862420086
 10
135.74965147303902
 20
202.0433374891462
  0
LWPOLYLINE
  5
422
330
17
100
AcDbEntity
  8
HIDDEN
100
AcDbPolyline
 90
2
 70
0
 10
135.74965147303902
 20
202.0433374891462
 10
133.52537330354062
 20
202.3367844225921
  0
LWPOLYLINE
  5
423
330
17
100
AcDbEntity
  8
HIDDEN
100
AcDbPolyline
 90
9
 70
0
 10
133.33795803481163
 20
200.8559017247603
 10
133.5991029280532
 20
200.76054114516566
 10
133.90522483895114
 20
200.70661123214285
 10
134.22996075408884
 20
200.69875639358935
 10
134.5453446345033
 20
200.73765308292712
 10
134.82421583218226
 20
200.81995154338819
 10
135.0425581468337
 20
200.93856428681812
 10
135.18156808492893
 20
201.0832764633969
 10
135.22927420393938
 20
201.24162555764676
  0
LWPOLYLINE
  5
424
330
17
100
AcDbEntity
  8
HIDDEN
100
AcDbPolyline
 90
13
 70
0
 10
135.22927420393938
 20
201.24162555764676
 10
135.2079860746559
 20
201.34804652371474
 10
135.1449397776753
 20
201.45037779173833
 10
135.0425581468337
 20
201.5446868284754
 10
134.9047756507881
 20
201.6273493905332
 10
134.5453446345033
 20
201.74559803236636
 10
134.1213668427999
 20
201.78712143344532
 10
133.69738905109648
 20
201.74559803236636
 10
133.33795803481163
 20
201.6273493905332
 10
133.20017553876608
 20
201.5446868284754
 10
133.09779390792448
 20
201.45037779173833
 10
133.03474761094387
 20
201.34804652371474
 10
133.01345948166036
 20
201.24162555764676
  0
LWPOLYLINE
  5
425
330
17
100
AcDbEntity
  8
HIDDEN
100
AcDbPolyline
 90
5
 70
0
 10
133.01345948166036
 20
201.24162555764676
 10
133.03474761094387
 20
201.13520459157874
 10
133.09779390792448
 20
201.03287332355515
 10
133.20017553876608
 20
200.93856428681812
 10
133.33795803481163
 20
200.8559017247603
  0
LWPOLYLINE
  5
426
330
17
100
AcDbEntity
  8
HIDDEN
100
AcDbPolyline
 90
2
 70
0
 10
133.52537330354062
 20
200.92246370200843
 10
131.89708867330148
 20
200.12075177050895
  0
LWPOLYLINE
  5
427
330
17
100
AcDbEntity
  8
HIDDEN
100
AcDbPolyline
 90
2
 70
0
 10
136.3456450122983
 20
199.53385790361716
 10
135.74965147303902
 20
200.6290167685625
  0
LWPOLYLINE
  5
428
330
17
100
AcDbEntity
  8
HIDDEN
100
AcDbPolyline
 90
2
 70
0
 10
135.74965147303902
 20
200.62901676856254
 10
133.52537330354062
 20
200.92246370200843
  0
LWPOLYLINE
  5
429
330
17
100
AcDbEntity
  8
HIDDEN
100
AcDbPolyline
 90
9
 70
0
 10
133.33795803481163
 20
199.4415810041766
 10
133.5991029280532
 20
199.346220424582
 10
133.90522483895114
 20
199.29229051155914
 10
134.22996075408884
 20
199.28443567300565
 10
134.5453446345033
 20
199.32333236234345
 10
134.82421583218226
 20
199.4056308228045
 10
135.0425581468337
 20
199.52424356623442
 10
135.18156808492893
 20
199.66895574281324
 10
135.22927420393938
 20
199.82730483706305
  0
LWPOLYLINE
  5
42A
330
17
100
AcDbEntity
  8
HIDDEN
100
AcDbPolyline
 90
13
 70
0
 10
135.22927420393938
 20
199.82730483706305
 10
135.2079860746559
 20
199.93372580313107
 10
135.1449397776753
 20
200.03605707115466
 10
135.0425581468337
 20
200.1303661078917
 10
134.9047756507881
 20
200.21302866994952
 10
134.5453446345033
 20
200.33127731178269
 10
134.1213668427999
 20
200.37280071286162
 10
133.69738905109648
 20
200.33127731178269
 10
133.33795803481163
 20
200.21302866994952
 10
133.20017553876608
 20
200.1303661078917
 10
133.09779390792448
 20
200.03605707115466
 10
133.03474761094387
 20
199.93372580313107
 10
133.01345948166036
 20
199.82730483706308
  0
LWPOLYLINE
  5
42B
330
17
100
AcDbEntity
  8
HIDDEN
100
AcDbPolyline
 90
5
 70
0
 10
133.01345948166036
 20
199.82730483706305
 10
133.03474761094387
 20
199.72088387099504
 10
133.09779390792448
 20
199.61855260297148
 10
133.20017553876608
 20
199.52424356623442
 10
133.33795803481163
 20
199.4415810041766
  0
LWPOLYLINE
  5
42C
330
17
100
AcDbEntity
  8
HIDDEN
100
AcDbPolyline
 90
2
 70
0
 10
133.52537330354062
 20
202.3367844225921
 10
133.52537330354062
 20
200.92246370200843
  0
LWPOLYLINE
  5
42D
330
17
100
AcDbEntity
  8
HIDDEN
100
AcDbPolyline
 90
2
 70
0
 10
135.74965147303902
 20
202.0433374891462
 10
135.74965147303902
 20
200.62901676856254
  0
LWPOLYLINE
  5
42E
330
17
100
AcDbEntity
  8
HIDDEN
100
AcDbPolyline
 90
2
 70
0
 10
165.91852468672585
 20
239.52659535864183
 10
165.91852468672585
 20
238.11227463805815
  0
LWPOLYLINE
  5
42F
330
17
100
AcDbEntity
  8
HIDDEN
100
AcDbPolyline
 90
2
 70
0
 10
168.14280285622425
 20
239.23314842519594
 10
168.14280285622425
 20
237.81882770461226
  0
LWPOLYLINE
  5
430
330
17
100
AcDbEntity
  8
HIDDEN
100
AcDbPolyline
 90
2
 70
0
 10
165.91852468672585
 20
239.52659535864183
 10
168.14280285622425
 20
239.23314842519594
  0
LWPOLYLINE
  5
431
330
17
100
AcDbEntity
  8
HIDDEN
100
AcDbPolyline
 90
2
 70
0
 10
165.91852468672585
 20
238.11227463805815
 10
168.14280285622425
 20
237.81882770461223
  0
LWPOLYLINE
  5
432
330
17
100
AcDbEntity
  8
HIDDEN
100
AcDbPolyline
 90
2
 70
0
 10
165.32253114746658
 20
240.62175422358717
 10
165.32253114746658
 20
239.2074335030035
  0
LWPOLYLINE
  5
433
330
17
100
AcDbEntity
  8
HIDDEN
100
AcDbPolyline
 90
2
 70
0
 10
165.32253114746658
 20
240.62175422358717
 10
165.91852468672585
 20
239.52659535864183
  0
LWPOLYLINE
  5
434
330
17
100
AcDbEntity
  8
HIDDEN
100
AcDbPolyline
 90
2
 70
0
 10
165.32253114746658
 20
239.2074335030035
 10
165.91852468672585
 20
238.11227463805815
  0
LWPOLYLINE
  5
435
330
17
100
AcDbEntity
  8
HIDDEN
100
AcDbPolyline
 90
2
 70
0
 10
169.7710874864634
 20
240.0348603566954
 10
169.7710874864634
 20
238.62053963611172
  0
LWPOLYLINE
  5
436
330
17
100
AcDbEntity
  8
HIDDEN
100
AcDbPolyline
 90
2
 70
0
 10
168.14280285622425
 20
239.23314842519594
 10
169.7710874864634
 20
240.0348603566954
  0
LWPOLYLINE
  5
437
330
17
100
AcDbEntity
  8
HIDDEN
100
AcDbPolyline
 90
2
 70
0
 10
168.14280285622425
 20
237.81882770461226
 10
169.7710874864634
 20
238.62053963611172
  0
LWPOLYLINE
  5
438
330
17
100
AcDbEntity
  8
HIDDEN
100
AcDbPolyline
 90
2
 70
0
 10
166.9508157777057
 20
241.42346615508666
 10
165.32253114746658
 20
240.62175422358717
  0
LWPOLYLINE
  5
439
330
17
100
AcDbEntity
  8
HIDDEN
100
AcDbPolyline
 90
2
 70
0
 10
169.7710874864634
 20
240.0348603566954
 10
169.17509394720412
 20
241.13001922164077
  0
LWPOLYLINE
  5
43A
330
17
100
AcDbEntity
  8
HIDDEN
100
AcDbPolyline
 90
2
 70
0
 10
169.17509394720412
 20
241.13001922164077
 10
166.9508157777057
 20
241.42346615508666
  0
LWPOLYLINE
  5
43B
330
17
100
AcDbEntity
  8
HIDDEN
100
AcDbPolyline
 90
9
 70
0
 10
166.76340050897673
 20
239.94258345725484
 10
167.0245454022183
 20
239.84722287766022
 10
167.33066731311624
 20
239.7932929646374
 10
167.65540322825396
 20
239.78543812608387
 10
167.9707871086684
 20
239.82433481542168
 10
168.24965830634736
 20
239.90663327588274
 10
168.4680006209988
 20
240.02524601931265
 10
168.60701055909402
 20
240.16995819589147
 10
168.6547166781045
 20
240.32830729014128
  0
LWPOLYLINE
  5
43C
330
17
100
AcDbEntity
  8
HIDDEN
100
AcDbPolyline
 90
13
 70
0
 10
168.6547166781045
 20
240.32830729014128
 10
168.633428548821
 20
240.4347282562093
 10
168.57038225184039
 20
240.5370595242329
 10
168.4680006209988
 20
240.63136856096992
 10
168.33021812495323
 20
240.71403112302775
 10
167.9707871086684
 20
240.8322797648609
 10
167.54680931696498
 20
240.87380316593985
 10
167.12283152526157
 20
240.8322797648609
 10
166.76340050897673
 20
240.71403112302775
 10
166.62561801293117
 20
240.63136856096992
 10
166.52323638208958
 20
240.5370595242329
 10
166.46019008510896
 20
240.4347282562093
 10
166.43890195582546
 20
240.32830729014128
  0
LWPOLYLINE
  5
43D
330
17
100
AcDbEntity
  8
HIDDEN
100
AcDbPolyline
 90
5
 70
0
 10
166.43890195582546
 20
240.32830729014128
 10
166.46019008510896
 20
240.22188632407327
 10
166.52323638208958
 20
240.1195550560497
 10
166.62561801293117
 20
240.02524601931265
 10
166.76340050897673
 20
239.94258345725484
  0
LWPOLYLINE
  5
43E
330
17
100
AcDbEntity
  8
HIDDEN
100
AcDbPolyline
 90
2
 70
0
 10
166.9508157777057
 20
240.00914543450295
 10
165.32253114746658
 20
239.2074335030035
  0
LWPOLYLINE
  5
43F
330
17
100
AcDbEntity
  8
HIDDEN
100
AcDbPolyline
 90
2
 70
0
 10
169.7710874864634
 20
238.62053963611172
 10
169.17509394720412
 20
239.71569850105706
  0
LWPOLYLINE
  5
440
330
17
100
AcDbEntity
  8
HIDDEN
100
AcDbPolyline
 90
2
 70
0
 10
169.17509394720412
 20
239.71569850105706
 10
166.9508157777057
 20
240.00914543450295
  0
LWPOLYLINE
  5
441
330
17
100
AcDbEntity
  8
HIDDEN
100
AcDbPolyline
 90
9
 70
0
 10
166.76340050897673
 20
238.52826273667114
 10
167.0245454022183
 20
238.4329021570765
 10
167.33066731311624
 20
238.3789722440537
 10
167.65540322825396
 20
238.3711174055002
 10
167.9707871086684
 20
238.410014094838
 10
168.24965830634736
 20
238.49231255529907
 10
168.4680006209988
 20
238.61092529872897
 10
168.60701055909402
 20
238.7556374753078
 10
168.6547166781045
 20
238.9139865695576
  0
LWPOLYLINE
  5
442
330
17
100
AcDbEntity
  8
HIDDEN
100
AcDbPolyline
 90
13
 70
0
 10
168.6547166781045
 20
238.9139865695576
 10
168.633428548821
 20
239.02040753562562
 10
168.57038225184039
 20
239.1227388036492
 10
168.4680006209988
 20
239.21704784038624
 10
168.33021812495323
 20
239.29971040244408
 10
167.9707871086684
 20
239.4179590442772
 10
167.54680931696498
 20
239.45948244535617
 10
167.12283152526157
 20
239.4179590442772
 10
166.76340050897673
 20
239.29971040244408
 10
166.62561801293117
 20
239.21704784038624
 10
166.52323638208958
 20
239.1227388036492
 10
166.46019008510896
 20
239.02040753562562
 10
166.43890195582546
 20
238.9139865695576
  0
LWPOLYLINE
  5
443
330
17
100
AcDbEntity
  8
HIDDEN
100
AcDbPolyline
 90
5
 70
0
 10
166.43890195582546
 20
238.9139865695576
 10
166.46019008510896
 20
238.8075656034896
 10
166.52323638208958
 20
238.705234335466
 10
166.62561801293117
 20
238.61092529872897
 10
166.76340050897673
 20
238.52826273667114
  0
LWPOLYLINE
  5
444
330
17
100
AcDbEntity
  8
HIDDEN
100
AcDbPolyline
 90
2
 70
0
 10
166.9508157777057
 20
241.42346615508666
 10
166.9508157777057
 20
240.00914543450295
  0
LWPOLYLINE
  5
445
330
17
100
AcDbEntity
  8
HIDDEN
100
AcDbPolyline
 90
2
 70
0
 10
169.17509394720412
 20
241.13001922164077
 10
169.17509394720412
 20
239.71569850105706
  0
LWPOLYLINE
  5
446
330
17
100
AcDbEntity
  8
HIDDEN
100
AcDbPolyline
 90
2
 70
0
 10
193.076696696985
 20
226.1548358185779
 10
193.076696696985
 20
224.7405150979942
  0
LWPOLYLINE
  5
447
330
17
100
AcDbEntity
  8
HIDDEN
100
AcDbPolyline
 90
2
 70
0
 10
195.30097486648341
 20
225.86138888513202
 10
195.30097486648341
 20
224.4470681645483
  0
LWPOLYLINE
  5
448
330
17
100
AcDbEntity
  8
HIDDEN
100
AcDbPolyline
 90
2
 70
0
 10
193.076696696985
 20
226.1548358185779
 10
195.30097486648341
 20
225.86138888513202
  0
LWPOLYLINE
  5
449
330
17
100
AcDbEntity
  8
HIDDEN
100
AcDbPolyline
 90
2
 70
0
 10
193.076696696985
 20
224.7405150979942
 10
195.30097486648341
 20
224.4470681645483
  0
LWPOLYLINE
  5
44A
330
17
100
AcDbEntity
  8
HIDDEN
100
AcDbPolyline
 90
2
 70
0
 10
192.48070315772574
 20
227.24999468352325
 10
192.48070315772574
 20
225.83567396293958
  0
LWPOLYLINE
  5
44B
330
17
100
AcDbEntity
  8
HIDDEN
100
AcDbPolyline
 90
2
 70
0
 10
192.48070315772574
 20
227.24999468352325
 10
193.076696696985
 20
226.1548358185779
  0
LWPOLYLINE
  5
44C
330
17
100
AcDbEntity
  8
HIDDEN
100
AcDbPolyline
 90
2
 70
0
 10
192.48070315772574
 20
225.83567396293958
 10
193.076696696985
 20
224.7405150979942
  0
LWPOLYLINE
  5
44D
330
17
100
AcDbEntity
  8
HIDDEN
100
AcDbPolyline
 90
2
 70
0
 10
196.92925949672255
 20
226.66310081663147
 10
196.92925949672255
 20
225.2487800960478
  0
LWPOLYLINE
  5
44E
330
17
100
AcDbEntity
  8
HIDDEN
100
AcDbPolyline
 90
2
 70
0
 10
195.30097486648341
 20
225.86138888513202
 10
196.92925949672255
 20
226.66310081663147
  0
LWPOLYLINE
  5
44F
330
17
100
AcDbEntity
  8
HIDDEN
100
AcDbPolyline
 90
2
 70
0
 10
195.30097486648341
 20
224.4470681645483
 10
196.92925949672255
 20
225.2487800960478
  0
LWPOLYLINE
  5
450
330
17
100
AcDbEntity
  8
HIDDEN
100
AcDbPolyline
 90
2
 70
0
 10
194.10898778796488
 20
228.05170661502274
 10
192.48070315772574
 20
227.24999468352325
  0
LWPOLYLINE
  5
451
330
17
100
AcDbEntity
  8
HIDDEN
100
AcDbPolyline
 90
2
 70
0
 10
196.92925949672255
 20
226.66310081663147
 10
196.33326595746328
 20
227.75825968157685
  0
LWPOLYLINE
  5
452
330
17
100
AcDbEntity
  8
HIDDEN
100
AcDbPolyline
 90
2
 70
0
 10
196.33326595746328
 20
227.75825968157682
 10
194.10898778796488
 20
228.05170661502274
  0
LWPOLYLINE
  5
453
330
17
100
AcDbEntity
  8
HIDDEN
100
AcDbPolyline
 90
9
 70
0
 10
193.9215725192359
 20
226.57082391719092
 10
194.18271741247747
 20
226.4754633375963
 10
194.4888393233754
 20
226.42153342457345
 10
194.8135752385131
 20
226.41367858601996
 10
195.12895911892755
 20
226.45257527535776
 10
195.40783031660652
 20
226.53487373581882
 10
195.62617263125796
 20
226.65348647924873
 10
195.76518256935316
 20
226.79819865582755
 10
195.81288868836364
 20
226.95654775007736
  0
LWPOLYLINE
  5
454
330
17
100
AcDbEntity
  8
HIDDEN
100
AcDbPolyline
 90
13
 70
0
 10
195.81288868836364
 20
226.95654775007736
 10
195.79160055908017
 20
227.06296871614538
 10
195.72855426209952
 20
227.16529998416897
 10
195.62617263125796
 20
227.259609020906
 10
195.48839013521237
 20
227.34227158296383
 10
195.12895911892755
 20
227.46052022479697
 10
194.70498132722415
 20
227.50204362587593
 10
194.2810035355207
 20
227.46052022479697
 10
193.9215725192359
 20
227.34227158296383
 10
193.78379002319033
 20
227.259609020906
 10
193.68140839234874
 20
227.16529998416897
 10
193.61836209536813
 20
227.06296871614538
 10
193.59707396608462
 20
226.95654775007736
  0
LWPOLYLINE
  5
455
330
17
100
AcDbEntity
  8
HIDDEN
100
AcDbPolyline
 90
5
 70
0
 10
193.59707396608462
 20
226.95654775007736
 10
193.61836209536813
 20
226.85012678400935
 10
193.68140839234874
 20
226.74779551598576
 10
193.78379002319033
 20
226.65348647924873
 10
193.9215725192359
 20
226.57082391719092
  0
LWPOLYLINE
  5
456
330
17
100
AcDbEntity
  8
HIDDEN
100
AcDbPolyline
 90
2
 70
0
 10
194.10898778796488
 20
226.63738589443903
 10
192.48070315772574
 20
225.83567396293958
  0
LWPOLYLINE
  5
457
330
17
100
AcDbEntity
  8
HIDDEN
100
AcDbPolyline
 90
2
 70
0
 10
196.92925949672255
 20
225.2487800960478
 10
196.33326595746328
 20
226.34393896099314
  0
LWPOLYLINE
  5
458
330
17
100
AcDbEntity
  8
HIDDEN
100
AcDbPolyline
 90
2
 70
0
 10
196.33326595746328
 20
226.34393896099314
 10
194.10898778796488
 20
226.63738589443903
  0
LWPOLYLINE
  5
459
330
17
100
AcDbEntity
  8
HIDDEN
100
AcDbPolyline
 90
9
 70
0
 10
193.9215725192359
 20
225.15650319660722
 10
194.18271741247747
 20
225.0611426170126
 10
194.4888393233754
 20
225.00721270398978
 10
194.8135752385131
 20
224.99935786543628
 10
195.12895911892755
 20
225.03825455477406
 10
195.40783031660652
 20
225.12055301523512
 10
195.62617263125796
 20
225.23916575866505
 10
195.76518256935316
 20
225.38387793524385
 10
195.81288868836364
 20
225.5422270294937
  0
LWPOLYLINE
  5
45A
330
17
100
AcDbEntity
  8
HIDDEN
100
AcDbPolyline
 90
13
 70
0
 10
195.81288868836364
 20
225.5422270294937
 10
195.79160055908017
 20
225.6486479955617
 10
195.72855426209952
 20
225.75097926358526
 10
195.62617263125796
 20
225.84528830032232
 10
195.48839013521237
 20
225.92795086238013
 10
195.12895911892755
 20
226.0461995042133
 10
194.70498132722415
 20
226.08772290529225
 10
194.2810035355207
 20
226.0461995042133
 10
193.9215725192359
 20
225.92795086238013
 10
193.78379002319033
 20
225.84528830032232
 10
193.68140839234874
 20
225.75097926358526
 10
193.61836209536813
 20
225.6486479955617
 10
193.59707396608462
 20
225.5422270294937
  0
LWPOLYLINE
  5
45B
330
17
100
AcDbEntity
  8
HIDDEN
100
AcDbPolyline
 90
5
 70
0
 10
193.59707396608462
 20
225.5422270294937
 10
193.61836209536813
 20
225.43580606342567
 10
193.68140839234874
 20
225.33347479540208
 10
193.78379002319033
 20
225.23916575866505
 10
193.9215725192359
 20
225.15650319660722
  0
LWPOLYLINE
  5
45C
330
17
100
AcDbEntity
  8
HIDDEN
100
AcDbPolyline
 90
2
 70
0
 10
194.10898778796488
 20
228.05170661502274
 10
194.10898778796488
 20
226.63738589443903
  0
LWPOLYLINE
  5
45D
330
17
100
AcDbEntity
  8
HIDDEN
100
AcDbPolyline
 90
2
 70
0
 10
196.33326595746328
 20
227.75825968157682
 10
196.33326595746328
 20
226.34393896099314
  0
LWPOLYLINE
  5
45E
330
17
100
AcDbEntity
  8
HIDDEN
100
AcDbPolyline
 90
2
 70
0
 10
164.8739796094082
 20
225.89768659665359
 10
164.8739796094082
 20
224.4833658760699
  0
LWPOLYLINE
  5
45F
330
17
100
AcDbEntity
  8
HIDDEN
100
AcDbPolyline
 90
2
 70
0
 10
167.0982577789066
 20
225.6042396632077
 10
167.0982577789066
 20
224.18991894262402
  0
LWPOLYLINE
  5
460
330
17
100
AcDbEntity
  8
HIDDEN
100
AcDbPolyline
 90
2
 70
0
 10
164.8739796094082
 20
225.89768659665359
 10
167.0982577789066
 20
225.6042396632077
  0
LWPOLYLINE
  5
461
330
17
100
AcDbEntity
  8
HIDDEN
100
AcDbPolyline
 90
2
 70
0
 10
164.8739796094082
 20
224.4833658760699
 10
167.0982577789066
 20
224.18991894262402
  0
LWPOLYLINE
  5
462
330
17
100
AcDbEntity
  8
HIDDEN
100
AcDbPolyline
 90
2
 70
0
 10
164.27798607014893
 20
226.99284546159896
 10
164.27798607014893
 20
225.57852474101526
  0
LWPOLYLINE
  5
463
330
17
100
AcDbEntity
  8
HIDDEN
100
AcDbPolyline
 90
2
 70
0
 10
164.27798607014893
 20
226.99284546159896
 10
164.8739796094082
 20
225.89768659665359
  0
LWPOLYLINE
  5
464
330
17
100
AcDbEntity
  8
HIDDEN
100
AcDbPolyline
 90
2
 70
0
 10
164.27798607014893
 20
225.57852474101526
 10
164.8739796094082
 20
224.4833658760699
  0
LWPOLYLINE
  5
465
330
17
100
AcDbEntity
  8
HIDDEN
100
AcDbPolyline
 90
2
 70
0
 10
168.72654240914574
 20
226.40595159470718
 10
168.72654240914574
 20
224.99163087412347
  0
LWPOLYLINE
  5
466
330
17
100
AcDbEntity
  8
HIDDEN
100
AcDbPolyline
 90
2
 70
0
 10
167.0982577789066
 20
225.6042396632077
 10
168.72654240914574
 20
226.40595159470718
  0
LWPOLYLINE
  5
467
330
17
100
AcDbEntity
  8
HIDDEN
100
AcDbPolyline
 90
2
 70
0
 10
167.0982577789066
 20
224.18991894262402
 10
168.72654240914574
 20
224.99163087412347
  0
LWPOLYLINE
  5
468
330
17
100
AcDbEntity
  8
HIDDEN
100
AcDbPolyline
 90
2
 70
0
 10
165.90627070038806
 20
227.79455739309842
 10
164.27798607014893
 20
226.99284546159896
  0
LWPOLYLINE
  5
469
330
17
100
AcDbEntity
  8
HIDDEN
100
AcDbPolyline
 90
2
 70
0
 10
168.72654240914574
 20
226.40595159470718
 10
168.13054886988647
 20
227.50111045965252
  0
LWPOLYLINE
  5
46A
330
17
100
AcDbEntity
  8
HIDDEN
100
AcDbPolyline
 90
2
 70
0
 10
168.13054886988647
 20
227.50111045965252
 10
165.90627070038806
 20
227.79455739309842
  0
LWPOLYLINE
  5
46B
330
17
100
AcDbEntity
  8
HIDDEN
100
AcDbPolyline
 90
9
 70
0
 10
165.71885543165908
 20
226.3136746952666
 10
165.98000032490066
 20
226.21831411567197
 10
166.2861222357986
 20
226.16438420264916
 10
166.61085815093628
 20
226.15652936409566
 10
166.92624203135074
 20
226.19542605343344
 10
167.2051132290297
 20
226.2777245138945
 10
167.42345554368114
 20
226.3963372573244
 10
167.56246548177637
 20
226.54104943390323
 10
167.61017160078683
 20
226.69939852815307
  0
LWPOLYLINE
  5
46C
330
17
100
AcDbEntity
  8
HIDDEN
100
AcDbPolyline
 90
13
 70
0
 10
167.61017160078683
 20
226.69939852815307
 10
167.58888347150335
 20
226.80581949422105
 10
167.5258371745227
 20
226.90815076224465
 10
167.42345554368114
 20
227.0024597989817
 10
167.28567304763558
 20
227.0851223610395
 10
166.92624203135074
 20
227.20337100287267
 10
166.50226423964733
 20
227.24489440395163
 10
166.07828644794392
 20
227.20337100287267
 10
165.71885543165908
 20
227.0851223610395
 10
165.58107293561352
 20
227.0024597989817
 10
165.47869130477193
 20
226.90815076224465
 10
165.4156450077913
 20
226.80581949422105
 10
165.3943568785078
 20
226.69939852815307
  0
LWPOLYLINE
  5
46D
330
17
100
AcDbEntity
  8
HIDDEN
100
AcDbPolyline
 90
5
 70
0
 10
165.3943568785078
 20
226.69939852815307
 10
165.4156450077913
 20
226.59297756208505
 10
165.47869130477193
 20
226.49064629406146
 10
165.58107293561352
 20
226.3963372573244
 10
165.71885543165908
 20
226.3136746952666
  0
LWPOLYLINE
  5
46E
330
17
100
AcDbEntity
  8
HIDDEN
100
AcDbPolyline
 90
2
 70
0
 10
165.90627070038806
 20
226.38023667251474
 10
164.27798607014893
 20
225.57852474101526
  0
LWPOLYLINE
  5
46F
330
17
100
AcDbEntity
  8
HIDDEN
100
AcDbPolyline
 90
2
 70
0
 10
168.72654240914574
 20
224.99163087412347
 10
168.13054886988647
 20
226.08678973906885
  0
LWPOLYLINE
  5
470
330
17
100
AcDbEntity
  8
HIDDEN
100
AcDbPolyline
 90
2
 70
0
 10
168.13054886988647
 20
226.08678973906885
 10
165.90627070038806
 20
226.38023667251474
  0
LWPOLYLINE
  5
471
330
17
100
AcDbEntity
  8
HIDDEN
100
AcDbPolyline
 90
9
 70
0
 10
165.71885543165908
 20
224.89935397468292
 10
165.98000032490066
 20
224.8039933950883
 10
166.2861222357986
 20
224.75006348206549
 10
166.61085815093628
 20
224.74220864351196
 10
166.92624203135074
 20
224.78110533284976
 10
167.2051132290297
 20
224.86340379331082
 10
167.42345554368114
 20
224.98201653674073
 10
167.56246548177637
 20
225.12672871331955
 10
167.61017160078683
 20
225.28507780756937
  0
LWPOLYLINE
  5
472
330
17
100
AcDbEntity
  8
HIDDEN
100
AcDbPolyline
 90
13
 70
0
 10
167.61017160078683
 20
225.28507780756937
 10
167.58888347150335
 20
225.39149877363738
 10
167.5258371745227
 20
225.49383004166097
 10
167.42345554368114
 20
225.588139078398
 10
167.28567304763558
 20
225.67080164045584
 10
166.92624203135074
 20
225.789050282289
 10
166.50226423964733
 20
225.83057368336793
 10
166.07828644794392
 20
225.789050282289
 10
165.71885543165908
 20
225.67080164045584
 10
165.58107293561352
 20
225.588139078398
 10
165.47869130477193
 20
225.49383004166097
 10
165.4156450077913
 20
225.39149877363738
 10
165.3943568785078
 20
225.2850778075694
  0
LWPOLYLINE
  5
473
330
17
100
AcDbEntity
  8
HIDDEN
100
AcDbPolyline
 90
5
 70
0
 10
165.3943568785078
 20
225.28507780756937
 10
165.4156450077913
 20
225.17865684150135
 10
165.47869130477193
 20
225.0763255734778
 10
165.58107293561352
 20
224.98201653674073
 10
165.71885543165908
 20
224.89935397468292
  0
LWPOLYLINE
  5
474
330
17
100
AcDbEntity
  8
HIDDEN
100
AcDbPolyline
 90
2
 70
0
 10
165.90627070038806
 20
227.79455739309842
 10
165.90627070038806
 20
226.38023667251474
  0
LWPOLYLINE
  5
475
330
17
100
AcDbEntity
  8
HIDDEN
100
AcDbPolyline
 90
2
 70
0
 10
168.13054886988647
 20
227.50111045965252
 10
168.13054886988647
 20
226.08678973906885
  0
LWPOLYLINE
  5
476
330
17
100
AcDbEntity
  8
HIDDEN
100
AcDbPolyline
 90
2
 70
0
 10
173.23034022794948
 20
221.78329904586468
 10
173.23034022794948
 20
220.368978325281
  0
LWPOLYLINE
  5
477
330
17
100
AcDbEntity
  8
HIDDEN
100
AcDbPolyline
 90
2
 70
0
 10
175.4546183974479
 20
221.4898521124188
 10
175.4546183974479
 20
220.0755313918351
  0
LWPOLYLINE
  5
478
330
17
100
AcDbEntity
  8
HIDDEN
100
AcDbPolyline
 90
2
 70
0
 10
173.23034022794948
 20
221.78329904586468
 10
175.4546183974479
 20
221.48985211241882
  0
LWPOLYLINE
  5
479
330
17
100
AcDbEntity
  8
HIDDEN
100
AcDbPolyline
 90
2
 70
0
 10
173.23034022794948
 20
220.368978325281
 10
175.4546183974479
 20
220.0755313918351
  0
LWPOLYLINE
  5
47A
330
17
100
AcDbEntity
  8
HIDDEN
100
AcDbPolyline
 90
2
 70
0
 10
172.6343466886902
 20
222.87845791081006
 10
172.6343466886902
 20
221.46413719022638
  0
LWPOLYLINE
  5
47B
330
17
100
AcDbEntity
  8
HIDDEN
100
AcDbPolyline
 90
2
 70
0
 10
172.6343466886902
 20
222.87845791081006
 10
173.23034022794948
 20
221.78329904586468
  0
LWPOLYLINE
  5
47C
330
17
100
AcDbEntity
  8
HIDDEN
100
AcDbPolyline
 90
2
 70
0
 10
172.6343466886902
 20
221.46413719022638
 10
173.23034022794948
 20
220.368978325281
  0
LWPOLYLINE
  5
47D
330
17
100
AcDbEntity
  8
HIDDEN
100
AcDbPolyline
 90
2
 70
0
 10
177.082903027687
 20
222.29156404391827
 10
177.082903027687
 20
220.8772433233346
  0
LWPOLYLINE
  5
47E
330
17
100
AcDbEntity
  8
HIDDEN
100
AcDbPolyline
 90
2
 70
0
 10
175.4546183974479
 20
221.4898521124188
 10
177.08290302768702
 20
222.29156404391827
  0
LWPOLYLINE
  5
47F
330
17
100
AcDbEntity
  8
HIDDEN
100
AcDbPolyline
 90
2
 70
0
 10
175.4546183974479
 20
220.0755313918351
 10
177.08290302768702
 20
220.8772433233346
  0
LWPOLYLINE
  5
480
330
17
100
AcDbEntity
  8
HIDDEN
100
AcDbPolyline
 90
2
 70
0
 10
174.26263131892932
 20
223.6801698423095
 10
172.6343466886902
 20
222.87845791081006
  0
LWPOLYLINE
  5
481
330
17
100
AcDbEntity
  8
HIDDEN
100
AcDbPolyline
 90
2
 70
0
 10
177.082903027687
 20
222.29156404391827
 10
176.48690948842773
 20
223.38672290886362
  0
LWPOLYLINE
  5
482
330
17
100
AcDbEntity
  8
HIDDEN
100
AcDbPolyline
 90
2
 70
0
 10
176.48690948842773
 20
223.38672290886362
 10
174.26263131892932
 20
223.6801698423095
  0
LWPOLYLINE
  5
483
330
17
100
AcDbEntity
  8
HIDDEN
100
AcDbPolyline
 90
9
 70
0
 10
174.07521605020037
 20
222.1992871444777
 10
174.33636094344195
 20
222.10392656488307
 10
174.64248285433985
 20
222.04999665186025
 10
174.96721876947757
 20
222.04214181330676
 10
175.28260264989203
 20
222.08103850264456
 10
175.561473847571
 20
222.16333696310562
 10
175.7798161622224
 20
222.28194970653553
 10
175.91882610031763
 20
222.42666188311432
 10
175.96653221932812
 20
222.58501097736416
  0
LWPOLYLINE
  5
484
330
17
100
AcDbEntity
  8
HIDDEN
100
AcDbPolyline
 90
13
 70
0
 10
175.96653221932812
 20
222.58501097736416
 10
175.94524409004464
 20
222.69143194343218
 10
175.882197793064
 20
222.79376321145577
 10
175.7798161622224
 20
222.8880722481928
 10
175.64203366617684
 20
222.97073481025063
 10
175.28260264989203
 20
223.08898345208377
 10
174.8586248581886
 20
223.13050685316273
 10
174.43464706648518
 20
223.08898345208377
 10
174.07521605020037
 20
222.97073481025063
 10
173.93743355415478
 20
222.8880722481928
 10
173.83505192331322
 20
222.79376321145577
 10
173.77200562633257
 20
222.69143194343218
 10
173.7507174970491
 20
222.58501097736416
  0
LWPOLYLINE
  5
485
330
17
100
AcDbEntity
  8
HIDDEN
100
AcDbPolyline
 90
5
 70
0
 10
173.7507174970491
 20
222.58501097736416
 10
173.77200562633257
 20
222.47859001129615
 10
173.83505192331322
 20
222.37625874327256
 10
173.93743355415478
 20
222.28194970653553
 10
174.07521605020037
 20
222.1992871444777
  0
LWPOLYLINE
  5
486
330
17
100
AcDbEntity
  8
HIDDEN
100
AcDbPolyline
 90
2
 70
0
 10
174.26263131892932
 20
222.26584912172584
 10
172.6343466886902
 20
221.46413719022638
  0
LWPOLYLINE
  5
487
330
17
100
AcDbEntity
  8
HIDDEN
100
AcDbPolyline
 90
2
 70
0
 10
177.082903027687
 20
220.8772433233346
 10
176.48690948842773
 20
221.97240218827994
  0
LWPOLYLINE
  5
488
330
17
100
AcDbEntity
  8
HIDDEN
100
AcDbPolyline
 90
2
 70
0
 10
176.48690948842773
 20
221.97240218827994
 10
174.26263131892932
 20
222.26584912172584
  0
LWPOLYLINE
  5
489
330
17
100
AcDbEntity
  8
HIDDEN
100
AcDbPolyline
 90
9
 70
0
 10
174.07521605020037
 20
220.78496642389402
 10
174.33636094344195
 20
220.6896058442994
 10
174.64248285433985
 20
220.63567593127658
 10
174.96721876947757
 20
220.62782109272308
 10
175.28260264989203
 20
220.66671778206086
 10
175.561473847571
 20
220.74901624252192
 10
175.7798161622224
 20
220.86762898595182
 10
175.91882610031763
 20
221.01234116253065
 10
175.96653221932812
 20
221.17069025678046
  0
LWPOLYLINE
  5
48A
330
17
100
AcDbEntity
  8
HIDDEN
100
AcDbPolyline
 90
13
 70
0
 10
175.96653221932812
 20
221.17069025678046
 10
175.94524409004464
 20
221.27711122284848
 10
175.882197793064
 20
221.37944249087207
 10
175.7798161622224
 20
221.47375152760912
 10
175.64203366617684
 20
221.55641408966693
 10
175.28260264989203
 20
221.6746627315001
 10
174.8586248581886
 20
221.71618613257903
 10
174.43464706648518
 20
221.6746627315001
 10
174.07521605020037
 20
221.55641408966693
 10
173.93743355415478
 20
221.47375152760912
 10
173.83505192331322
 20
221.37944249087207
 10
173.77200562633257
 20
221.27711122284848
 10
173.7507174970491
 20
221.1706902567805
  0
LWPOLYLINE
  5
48B
330
17
100
AcDbEntity
  8
HIDDEN
100
AcDbPolyline
 90
5
 70
0
 10
173.7507174970491
 20
221.17069025678046
 10
173.77200562633257
 20
221.06426929071247
 10
173.83505192331322
 20
220.96193802268888
 10
173.93743355415478
 20
220.86762898595182
 10
174.07521605020037
 20
220.78496642389402
  0
LWPOLYLINE
  5
48C
330
17
100
AcDbEntity
  8
HIDDEN
100
AcDbPolyline
 90
2
 70
0
 10
174.26263131892932
 20
223.6801698423095
 10
174.26263131892932
 20
222.26584912172584
  0
LWPOLYLINE
  5
48D
330
17
100
AcDbEntity
  8
HIDDEN
100
AcDbPolyline
 90
2
 70
0
 10
176.48690948842773
 20
223.38672290886362
 10
176.48690948842773
 20
221.97240218827994
  0
LWPOLYLINE
  5
48E
330
17
100
AcDbEntity
  8
HIDDEN
100
AcDbPolyline
 90
2
 70
0
 10
184.62512133110872
 20
221.8763665148114
 10
183.4761217460593
 20
221.3106382265779
  0
LWPOLYLINE
  5
48F
330
17
100
AcDbEntity
  8
HIDDEN
100
AcDbPolyline
 90
2
 70
0
 10
186.03525718548755
 20
220.17992370124142
 10
184.88625760043814
 20
219.61419541300796
  0
LWPOLYLINE
  5
490
330
17
100
AcDbEntity
  8
HIDDEN
100
AcDbPolyline
 90
2
 70
0
 10
183.4761217460593
 20
221.3106382265779
 10
184.88625760043814
 20
219.61419541300796
  0
LWPOLYLINE
  5
491
330
17
100
AcDbEntity
  8
HIDDEN
100
AcDbPolyline
 90
2
 70
0
 10
182.06598589168044
 20
221.0028012113992
 10
183.4761217460593
 20
221.3106382265779
  0
LWPOLYLINE
  5
492
330
17
100
AcDbEntity
  8
HIDDEN
100
AcDbPolyline
 90
2
 70
0
 10
184.88625760043814
 20
219.61419541300796
 10
184.88625760043814
 20
217.60991558425928
  0
LWPOLYLINE
  5
493
330
17
100
AcDbEntity
  8
HIDDEN
100
AcDbPolyline
 90
9
 70
0
 10
184.62512133110872
 20
220.83639626827886
 10
184.8628804444068
 20
220.67384881802872
 10
185.0782111025488
 20
220.4356689944356
 10
185.25080058673765
 20
220.14432493938665
 10
185.36436806780614
 20
219.82729991938228
 10
185.40820042052007
 20
219.5144997552589
 10
185.37816282142902
 20
219.23543172586082
 10
185.27708879785754
 20
219.01642106724745
 10
185.1145129336695
 20
218.87812764253522
  0
LWPOLYLINE
  5
494
330
17
100
AcDbEntity
  8
HIDDEN
100
AcDbPolyline
 90
4
 70
0
 10
184.13572972854794
 20
220.86604572959024
 10
184.2453787193712
 20
220.9025051551832
 10
184.36580757768292
 20
220.90971378244217
 10
184.62512133110872
 20
220.83639626827886
  0
LWPOLYLINE
  5
495
330
17
100
AcDbEntity
  8
HIDDEN
100
AcDbPolyline
 90
3
 70
0
 10
183.4761217460593
 20
220.2706679800454
 10
183.68709417278941
 20
220.13116706081067
 10
183.88247834595938
 20
219.93072298053613
  0
LWPOLYLINE
  5
496
330
17
100
AcDbEntity
  8
HIDDEN
100
AcDbPolyline
 90
5
 70
0
 10
184.21876473120864
 20
219.24772210335587
 10
184.25938914789427
 20
218.93902529971876
 10
184.22770447064698
 20
218.66423967818082
 10
184.12663574179328
 20
218.44873269214634
 10
183.96551334862008
 20
218.31239935430173
  0
LWPOLYLINE
  5
497
330
17
100
AcDbEntity
  8
HIDDEN
100
AcDbPolyline
 90
13
 70
0
 10
183.96551334862008
 20
218.31239935430173
 10
183.8367653695344
 20
218.27273685016755
 10
183.69415805824983
 20
218.27279584244835
 10
183.54317173376396
 20
218.31257406410387
 10
183.3896087158527
 20
218.3905428603838
 10
183.0982301980619
 20
218.6477144920068
 10
182.86438224285834
 20
219.0051586876694
 10
182.7236660815847
 20
219.40845780882165
 10
182.69750447419972
 20
219.7962132201838
 10
182.72934324167332
 20
219.96546754523675
 10
182.78988028827223
 20
220.10939267538748
 10
182.8767892092453
 20
220.22245764859846
 10
182.9867301434985
 20
220.30031744135675
  0
LWPOLYLINE
  5
498
330
17
100
AcDbEntity
  8
HIDDEN
100
AcDbPolyline
 90
4
 70
0
 10
182.98673014349853
 20
220.30031744135675
 10
183.09637913432178
 20
220.33677686694972
 10
183.21680799263348
 20
220.34398549420868
 10
183.4761217460593
 20
220.2706679800454
  0
LWPOLYLINE
  5
499
330
17
100
AcDbEntity
  8
HIDDEN
100
AcDbPolyline
 90
2
 70
0
 10
182.53603117647341
 20
210.17607691725547
 10
181.38703159142398
 20
209.61034862902198
  0
LWPOLYLINE
  5
49A
330
17
100
AcDbEntity
  8
HIDDEN
100
AcDbPolyline
 90
2
 70
0
 10
183.94616703085225
 20
208.4796341036855
 10
182.7971674458028
 20
207.91390581545204
  0
LWPOLYLINE
  5
49B
330
17
100
AcDbEntity
  8
HIDDEN
100
AcDbPolyline
 90
2
 70
0
 10
182.98982412876092
 20
209.63014810453413
 10
183.94616703085225
 20
208.4796341036855
  0
LWPOLYLINE
  5
49C
330
17
100
AcDbEntity
  8
HIDDEN
100
AcDbPolyline
 90
2
 70
0
 10
181.38703159142398
 20
209.61034862902198
 10
182.7971674458028
 20
207.91390581545204
  0
LWPOLYLINE
  5
49D
330
17
100
AcDbEntity
  8
HIDDEN
100
AcDbPolyline
 90
2
 70
0
 10
179.97689573704514
 20
209.30251161384328
 10
181.38703159142398
 20
209.61034862902198
  0
LWPOLYLINE
  5
49E
330
17
100
AcDbEntity
  8
HIDDEN
100
AcDbPolyline
 90
2
 70
0
 10
183.94616703085225
 20
208.4796341036855
 10
183.94616703085225
 20
207.63118117604705
  0
LWPOLYLINE
  5
49F
330
17
100
AcDbEntity
  8
HIDDEN
100
AcDbPolyline
 90
2
 70
0
 10
182.7971674458028
 20
207.91390581545204
 10
182.7971674458028
 20
205.90962598670336
  0
LWPOLYLINE
  5
4A0
330
17
100
AcDbEntity
  8
HIDDEN
100
AcDbPolyline
 90
3
 70
0
 10
181.38703159142398
 20
208.57037838248948
 10
181.5980040181541
 20
208.43087746325475
 10
181.79338819132408
 20
208.23043338298018
  0
LWPOLYLINE
  5
4A1
330
17
100
AcDbEntity
  8
HIDDEN
100
AcDbPolyline
 90
5
 70
0
 10
182.1296745765733
 20
207.54743250579992
 10
182.17029899325894
 20
207.23873570216284
 10
182.13861431601165
 20
206.96395008062487
 10
182.03754558715795
 20
206.74844309459039
 10
181.87642319398475
 20
206.6121097567458
  0
LWPOLYLINE
  5
4A2
330
17
100
AcDbEntity
  8
HIDDEN
100
AcDbPolyline
 90
13
 70
0
 10
181.87642319398475
 20
206.6121097567458
 10
181.74767521489906
 20
206.5724472526116
 10
181.6050679036145
 20
206.5725062448924
 10
181.45408157912865
 20
206.61228446654795
 10
181.30051856121736
 20
206.69025326282787
 10
181.00914004342658
 20
206.94742489445088
 10
180.775292088223
 20
207.30486909011347
 10
180.63457592694937
 20
207.70816821126573
 10
180.60841431956442
 20
208.09592362262788
 10
180.640253087038
 20
208.2651779476808
 10
180.70079013363693
 20
208.40910307783153
 10
180.78769905460996
 20
208.5221680510425
 10
180.8976399888632
 20
208.60002784380083
  0
LWPOLYLINE
  5
4A3
330
17
100
AcDbEntity
  8
HIDDEN
100
AcDbPolyline
 90
4
 70
0
 10
180.8976399888632
 20
208.60002784380083
 10
181.00728897968645
 20
208.6364872693938
 10
181.12771783799815
 20
208.64369589665276
 10
181.38703159142398
 20
208.57037838248948
  0
LWPOLYLINE
  5
4A4
330
17
100
AcDbEntity
  8
HIDDEN
100
AcDbPolyline
 90
2
 70
0
 10
161.54720352912167
 20
214.17796168345248
 10
160.39820394407224
 20
213.612233395219
  0
LWPOLYLINE
  5
4A5
330
17
100
AcDbEntity
  8
HIDDEN
100
AcDbPolyline
 90
2
 70
0
 10
162.9573393835005
 20
212.4815188698825
 10
161.8083397984511
 20
211.91579058164905
  0
LWPOLYLINE
  5
4A6
330
17
100
AcDbEntity
  8
HIDDEN
100
AcDbPolyline
 90
2
 70
0
 10
161.54720352912167
 20
214.17796168345248
 10
162.9573393835005
 20
212.4815188698825
  0
LWPOLYLINE
  5
4A7
330
17
100
AcDbEntity
  8
HIDDEN
100
AcDbPolyline
 90
2
 70
0
 10
160.39820394407224
 20
213.612233395219
 10
161.8083397984511
 20
211.91579058164905
  0
LWPOLYLINE
  5
4A8
330
17
100
AcDbEntity
  8
HIDDEN
100
AcDbPolyline
 90
2
 70
0
 10
160.13706767474284
 20
213.87012466827377
 10
159.9803859131452
 20
213.79297990169647
  0
LWPOLYLINE
  5
4A9
330
17
100
AcDbEntity
  8
HIDDEN
100
AcDbPolyline
 90
2
 70
0
 10
160.13706767474284
 20
213.87012466827377
 10
161.54720352912167
 20
214.17796168345248
  0
LWPOLYLINE
  5
4AA
330
17
100
AcDbEntity
  8
HIDDEN
100
AcDbPolyline
 90
2
 70
0
 10
158.9880680896934
 20
213.3043963800403
 10
160.39820394407224
 20
213.612233395219
  0
LWPOLYLINE
  5
4AB
330
17
100
AcDbEntity
  8
HIDDEN
100
AcDbPolyline
 90
2
 70
0
 10
162.9573393835005
 20
210.47723904113386
 10
161.8083397984511
 20
209.91151075290037
  0
LWPOLYLINE
  5
4AC
330
17
100
AcDbEntity
  8
HIDDEN
100
AcDbPolyline
 90
2
 70
0
 10
162.9573393835005
 20
212.4815188698825
 10
162.9573393835005
 20
210.47723904113386
  0
LWPOLYLINE
  5
4AD
330
17
100
AcDbEntity
  8
HIDDEN
100
AcDbPolyline
 90
2
 70
0
 10
161.8083397984511
 20
211.91579058164905
 10
161.8083397984511
 20
209.91151075290037
  0
LWPOLYLINE
  5
4AE
330
17
100
AcDbEntity
  8
HIDDEN
100
AcDbPolyline
 90
2
 70
0
 10
160.13706767474284
 20
211.8658448395251
 10
160.13706767474284
 20
213.87012466827377
  0
LWPOLYLINE
  5
4AF
330
17
100
AcDbEntity
  8
HIDDEN
100
AcDbPolyline
 90
2
 70
0
 10
162.9573393835005
 20
210.47723904113386
 10
161.54720352912167
 20
210.16940202595515
  0
LWPOLYLINE
  5
4B0
330
17
100
AcDbEntity
  8
HIDDEN
100
AcDbPolyline
 90
2
 70
0
 10
161.54720352912167
 20
210.16940202595515
 10
160.13706767474284
 20
211.8658448395251
  0
LWPOLYLINE
  5
4B1
330
17
100
AcDbEntity
  8
HIDDEN
100
AcDbPolyline
 90
9
 70
0
 10
161.54720352912167
 20
213.13799143691995
 10
161.78496264241977
 20
212.9754439866698
 10
162.0002933005618
 20
212.73726416307667
 10
162.1728827847506
 20
212.44592010802774
 10
162.2864502658191
 20
212.12889508802337
 10
162.33028261853303
 20
211.81609492389998
 10
162.30024501944197
 20
211.5370268945019
 10
162.19917099587053
 20
211.31801623588854
 10
162.03659513168245
 20
211.1797228111763
  0
LWPOLYLINE
  5
4B2
330
17
100
AcDbEntity
  8
HIDDEN
100
AcDbPolyline
 90
13
 70
0
 10
162.03659513168245
 20
211.1797228111763
 10
161.90784715259676
 20
211.1400603070421
 10
161.76523984131222
 20
211.14011929932292
 10
161.61425351682635
 20
211.17989752097844
 10
161.46069049891506
 20
211.25786631725836
 10
161.16931198112428
 20
211.51503794888137
 10
160.9354640259207
 20
211.87248214454397
 10
160.7947478646471
 20
212.27578126569622
 10
160.76858625726211
 20
212.66353667705835
 10
160.8004250247357
 20
212.8327910021113
 10
160.86096207133463
 20
212.97671613226203
 10
160.94787099230766
 20
213.089781105473
 10
161.0578119265609
 20
213.16764089823133
  0
LWPOLYLINE
  5
4B3
330
17
100
AcDbEntity
  8
HIDDEN
100
AcDbPolyline
 90
4
 70
0
 10
161.0578119265609
 20
213.16764089823133
 10
161.16746091738418
 20
213.2041003238243
 10
161.28788977569587
 20
213.21130895108325
 10
161.54720352912167
 20
213.13799143691995
  0
LWPOLYLINE
  5
4B4
330
17
100
AcDbEntity
  8
HIDDEN
100
AcDbPolyline
 90
2
 70
0
 10
161.8083397984511
 20
209.91151075290037
 10
160.39820394407224
 20
209.60367373772166
  0
LWPOLYLINE
  5
4B5
330
17
100
AcDbEntity
  8
HIDDEN
100
AcDbPolyline
 90
2
 70
0
 10
160.39820394407224
 20
209.60367373772166
 10
159.9803859131452
 20
210.1063234602609
  0
LWPOLYLINE
  5
4B6
330
17
100
AcDbEntity
  8
HIDDEN
100
AcDbPolyline
 90
9
 70
0
 10
160.39820394407224
 20
212.5722631486865
 10
160.63596305737033
 20
212.40971569843632
 10
160.85129371551236
 20
212.1715358748432
 10
161.02388319970117
 20
211.88019181979428
 10
161.13745068076966
 20
211.56316679978988
 10
161.18128303348362
 20
211.2503666356665
 10
161.15124543439254
 20
210.97129860626842
 10
161.0501714108211
 20
210.75228794765508
 10
160.88759554663304
 20
210.61399452294282
  0
LWPOLYLINE
  5
4B7
330
17
100
AcDbEntity
  8
HIDDEN
100
AcDbPolyline
 90
13
 70
0
 10
160.88759554663304
 20
210.61399452294282
 10
160.75884756754735
 20
210.57433201880863
 10
160.61624025626278
 20
210.57439101108943
 10
160.4652539317769
 20
210.61416923274496
 10
160.31169091386562
 20
210.69213802902487
 10
160.02031239607487
 20
210.94930966064788
 10
159.78646444087127
 20
211.30675385631048
 10
159.64574827959765
 20
211.71005297746274
 10
159.61958667221268
 20
212.0978083888249
 10
159.65142543968628
 20
212.2670627138778
 10
159.7119624862852
 20
212.41098784402857
 10
159.79887140725825
 20
212.52405281723955
 10
159.90881234151146
 20
212.60191260999784
  0
LWPOLYLINE
  5
4B8
330
17
100
AcDbEntity
  8
HIDDEN
100
AcDbPolyline
 90
4
 70
0
 10
159.90881234151146
 20
212.60191260999784
 10
160.01846133233474
 20
212.6383720355908
 10
160.13889019064644
 20
212.64558066284977
 10
160.39820394407224
 20
212.5722631486865
  0
LWPOLYLINE
  5
4B9
330
17
100
AcDbEntity
  8
HIDDEN
100
AcDbPolyline
 90
2
 70
0
 10
160.13706767474284
 20
211.8658448395251
 10
159.9803859131452
 20
211.78870007294782
  0
LWPOLYLINE
  5
4BA
330
17
100
AcDbEntity
  8
HIDDEN
100
AcDbPolyline
 90
2
 70
0
 10
161.54720352912167
 20
210.16940202595515
 10
160.39820394407224
 20
209.6036737377217
  0
LWPOLYLINE
  5
4BB
330
17
100
AcDbEntity
  8
HIDDEN
100
AcDbPolyline
 90
2
 70
0
 10
176.17083461156892
 20
206.9777834695719
 10
175.02183502651948
 20
206.41205518133842
  0
LWPOLYLINE
  5
4BC
330
17
100
AcDbEntity
  8
HIDDEN
100
AcDbPolyline
 90
2
 70
0
 10
177.58097046594776
 20
205.28134065600193
 10
176.43197088089832
 20
204.71561236776847
  0
LWPOLYLINE
  5
4BD
330
17
100
AcDbEntity
  8
HIDDEN
100
AcDbPolyline
 90
2
 70
0
 10
176.17083461156892
 20
206.9777834695719
 10
177.58097046594776
 20
205.28134065600193
  0
LWPOLYLINE
  5
4BE
330
17
100
AcDbEntity
  8
HIDDEN
100
AcDbPolyline
 90
2
 70
0
 10
175.02183502651948
 20
206.41205518133842
 10
176.43197088089832
 20
204.71561236776847
  0
LWPOLYLINE
  5
4BF
330
17
100
AcDbEntity
  8
HIDDEN
100
AcDbPolyline
 90
2
 70
0
 10
174.76069875719008
 20
206.6699464543932
 10
173.61169917214065
 20
206.10421816615974
  0
LWPOLYLINE
  5
4C0
330
17
100
AcDbEntity
  8
HIDDEN
100
AcDbPolyline
 90
2
 70
0
 10
174.76069875719008
 20
206.6699464543932
 10
176.17083461156892
 20
206.9777834695719
  0
LWPOLYLINE
  5
4C1
330
17
100
AcDbEntity
  8
HIDDEN
100
AcDbPolyline
 90
2
 70
0
 10
173.61169917214065
 20
206.1042181661597
 10
175.02183502651948
 20
206.41205518133842
  0
LWPOLYLINE
  5
4C2
330
17
100
AcDbEntity
  8
HIDDEN
100
AcDbPolyline
 90
2
 70
0
 10
177.58097046594776
 20
203.27706082725328
 10
176.43197088089832
 20
202.7113325390198
  0
LWPOLYLINE
  5
4C3
330
17
100
AcDbEntity
  8
HIDDEN
100
AcDbPolyline
 90
2
 70
0
 10
177.58097046594776
 20
205.28134065600193
 10
177.58097046594776
 20
203.27706082725328
  0
LWPOLYLINE
  5
4C4
330
17
100
AcDbEntity
  8
HIDDEN
100
AcDbPolyline
 90
2
 70
0
 10
176.43197088089832
 20
204.71561236776847
 10
176.43197088089832
 20
202.7113325390198
  0
LWPOLYLINE
  5
4C5
330
17
100
AcDbEntity
  8
HIDDEN
100
AcDbPolyline
 90
2
 70
0
 10
174.76069875719008
 20
204.66566662564452
 10
174.76069875719008
 20
206.6699464543932
  0
LWPOLYLINE
  5
4C6
330
17
100
AcDbEntity
  8
HIDDEN
100
AcDbPolyline
 90
2
 70
0
 10
177.58097046594776
 20
203.27706082725328
 10
176.17083461156892
 20
202.96922381207457
  0
LWPOLYLINE
  5
4C7
330
17
100
AcDbEntity
  8
HIDDEN
100
AcDbPolyline
 90
2
 70
0
 10
176.17083461156892
 20
202.96922381207457
 10
174.76069875719008
 20
204.66566662564452
  0
LWPOLYLINE
  5
4C8
330
17
100
AcDbEntity
  8
HIDDEN
100
AcDbPolyline
 90
9
 70
0
 10
176.17083461156892
 20
205.93781322303937
 10
176.40859372486702
 20
205.77526577278923
 10
176.623924383009
 20
205.5370859491961
 10
176.79651386719783
 20
205.24574189414716
 10
176.91008134826632
 20
204.9287168741428
 10
176.95391370098028
 20
204.6159167100194
 10
176.92387610188922
 20
204.33684868062133
 10
176.82280207831775
 20
204.11783802200796
 10
176.6602262141297
 20
203.97954459729573
  0
LWPOLYLINE
  5
4C9
330
17
100
AcDbEntity
  8
HIDDEN
100
AcDbPolyline
 90
13
 70
0
 10
176.6602262141297
 20
203.97954459729573
 10
176.531478235044
 20
203.93988209316154
 10
176.38887092375944
 20
203.93994108544234
 10
176.2378845992736
 20
203.97971930709787
 10
176.0843215813623
 20
204.05768810337779
 10
175.79294306357153
 20
204.3148597350008
 10
175.55909510836796
 20
204.6723039306634
 10
175.4183789470943
 20
205.07560305181565
 10
175.39221733970936
 20
205.46335846317777
 10
175.42405610718293
 20
205.63261278823072
 10
175.48459315378187
 20
205.77653791838145
 10
175.5715020747549
 20
205.88960289159246
 10
175.68144300900815
 20
205.96746268435075
  0
LWPOLYLINE
  5
4CA
330
17
100
AcDbEntity
  8
HIDDEN
100
AcDbPolyline
 90
4
 70
0
 10
175.68144300900815
 20
205.96746268435075
 10
175.7910919998314
 20
206.00392210994372
 10
175.9115208581431
 20
206.01113073720268
 10
176.17083461156892
 20
205.93781322303937
  0
LWPOLYLINE
  5
4CB
330
17
100
AcDbEntity
  8
HIDDEN
100
AcDbPolyline
 90
2
 70
0
 10
173.61169917214065
 20
204.09993833741106
 10
173.61169917214065
 20
206.1042181661597
  0
LWPOLYLINE
  5
4CC
330
17
100
AcDbEntity
  8
HIDDEN
100
AcDbPolyline
 90
2
 70
0
 10
176.43197088089832
 20
202.7113325390198
 10
175.02183502651948
 20
202.40349552384112
  0
LWPOLYLINE
  5
4CD
330
17
100
AcDbEntity
  8
HIDDEN
100
AcDbPolyline
 90
2
 70
0
 10
175.02183502651948
 20
202.40349552384112
 10
173.61169917214065
 20
204.09993833741106
  0
LWPOLYLINE
  5
4CE
330
17
100
AcDbEntity
  8
HIDDEN
100
AcDbPolyline
 90
9
 70
0
 10
175.02183502651948
 20
205.3720849348059
 10
175.25959413981758
 20
205.20953748455574
 10
175.4749247979596
 20
204.9713576609626
 10
175.64751428214842
 20
204.6800136059137
 10
175.7610817632169
 20
204.3629885859093
 10
175.80491411593084
 20
204.05018842178595
 10
175.77487651683978
 20
203.77112039238784
 10
175.67380249326834
 20
203.5521097337745
 10
175.51122662908026
 20
203.41381630906224
  0
LWPOLYLINE
  5
4CF
330
17
100
AcDbEntity
  8
HIDDEN
100
AcDbPolyline
 90
13
 70
0
 10
175.51122662908026
 20
203.41381630906224
 10
175.38247864999457
 20
203.37415380492806
 10
175.23987133871003
 20
203.37421279720886
 10
175.08888501422416
 20
203.41399101886438
 10
174.93532199631287
 20
203.4919598151443
 10
174.6439434785221
 20
203.7491314467673
 10
174.41009552331852
 20
204.1065756424299
 10
174.2693793620449
 20
204.50987476358216
 10
174.24321775465992
 20
204.8976301749443
 10
174.2750565221335
 20
205.06688449999723
 10
174.33559356873243
 20
205.210809630148
 10
174.42250248970547
 20
205.32387460335897
 10
174.5324434239587
 20
205.40173439611726
  0
LWPOLYLINE
  5
4D0
330
17
100
AcDbEntity
  8
HIDDEN
100
AcDbPolyline
 90
4
 70
0
 10
174.5324434239587
 20
205.40173439611726
 10
174.64209241478198
 20
205.43819382171023
 10
174.76252127309368
 20
205.4454024489692
 10
175.02183502651948
 20
205.3720849348059
  0
LWPOLYLINE
  5
4D1
330
17
100
AcDbEntity
  8
HIDDEN
100
AcDbPolyline
 90
2
 70
0
 10
174.76069875719008
 20
204.66566662564452
 10
173.61169917214065
 20
204.09993833741106
  0
LWPOLYLINE
  5
4D2
330
17
100
AcDbEntity
  8
HIDDEN
100
AcDbPolyline
 90
2
 70
0
 10
176.17083461156892
 20
202.96922381207457
 10
175.02183502651948
 20
202.40349552384112
  0
LWPOLYLINE
  5
4D3
330
17
100
AcDbEntity
  8
HIDDEN
100
AcDbPolyline
 90
2
 70
0
 10
111.01465057416766
 20
188.12701523950713
 10
111.01465057416766
 20
187.48414218469637
  0
LWPOLYLINE
  5
4D4
330
17
100
AcDbEntity
  8
HIDDEN
100
AcDbPolyline
 90
2
 70
0
 10
115.44628001872572
 20
188.1270152395071
 10
115.44628001872572
 20
187.48414218469634
  0
LWPOLYLINE
  5
4D5
330
17
100
AcDbEntity
  8
HIDDEN
100
AcDbPolyline
 90
2
 70
0
 10
111.753255481594
 20
191.9842535683717
 10
111.753255481594
 20
188.12701523950713
  0
LWPOLYLINE
  5
4D6
330
17
100
AcDbEntity
  8
HIDDEN
100
AcDbPolyline
 90
2
 70
0
 10
114.70767511129938
 20
191.98425356837174
 10
114.70767511129938
 20
188.12701523950713
  0
LWPOLYLINE
  5
4D7
330
17
100
AcDbEntity
  8
HIDDEN
100
AcDbPolyline
 90
2
 70
0
 10
132.8657385001751
 20
199.82730483706305
 10
132.8657385001751
 20
194.42717117665262
  0
LWPOLYLINE
  5
4D8
330
17
100
AcDbEntity
  8
HIDDEN
100
AcDbPolyline
 90
2
 70
0
 10
135.37699518542468
 20
199.82730483706305
 10
135.37699518542468
 20
194.42717117665262
  0
LWPOLYLINE
  5
4D9
330
17
100
AcDbEntity
  8
HIDDEN
100
AcDbPolyline
 90
2
 70
0
 10
113.91620612697196
 20
185.04122457641546
 10
113.91620612697196
 20
182.7268815790967
  0
LWPOLYLINE
  5
4DA
330
17
100
AcDbEntity
  8
HIDDEN
100
AcDbPolyline
 90
2
 70
0
 10
116.72290477519205
 20
185.04122457641546
 10
116.72290477519205
 20
182.7268815790967
  0
LWPOLYLINE
  5
4DB
330
17
100
AcDbEntity
  8
HIDDEN
100
AcDbPolyline
 90
2
 70
0
 10
203.74708277629068
 20
229.27089074739612
 10
203.74708277629068
 20
226.95654775007736
  0
LWPOLYLINE
  5
4DC
330
17
100
AcDbEntity
  8
HIDDEN
100
AcDbPolyline
 90
2
 70
0
 10
206.5537814245108
 20
229.27089074739612
 10
206.5537814245108
 20
226.95654775007736
  0
LWPOLYLINE
  5
4DD
330
17
100
AcDbEntity
  8
HIDDEN
100
AcDbPolyline
 90
2
 70
0
 10
80.49076365280686
 20
201.49877477957105
 10
80.49076365280686
 20
199.1844317822523
  0
LWPOLYLINE
  5
4DE
330
17
100
AcDbEntity
  8
HIDDEN
100
AcDbPolyline
 90
2
 70
0
 10
83.29746230102695
 20
201.49877477957105
 10
83.29746230102695
 20
199.1844317822523
  0
LWPOLYLINE
  5
4DF
330
17
100
AcDbEntity
  8
HIDDEN
100
AcDbPolyline
 90
2
 70
0
 10
114.06392710845724
 20
209.08467682633807
 10
114.06392710845724
 20
203.68454316592766
  0
LWPOLYLINE
  5
4E0
330
17
100
AcDbEntity
  8
HIDDEN
100
AcDbPolyline
 90
2
 70
0
 10
116.57518379370678
 20
209.08467682633807
 10
116.57518379370678
 20
203.68454316592766
  0
LWPOLYLINE
  5
4E1
330
17
100
AcDbEntity
  8
HIDDEN
100
AcDbPolyline
 90
2
 70
0
 10
153.23436750786945
 20
228.37086847066104
 10
153.23436750786945
 20
222.97073481025063
  0
LWPOLYLINE
  5
4E2
330
17
100
AcDbEntity
  8
HIDDEN
100
AcDbPolyline
 90
2
 70
0
 10
155.74562419311903
 20
228.37086847066104
 10
155.74562419311903
 20
222.97073481025063
  0
LWPOLYLINE
  5
4E3
330
17
100
AcDbEntity
  8
HIDDEN
100
AcDbPolyline
 90
2
 70
0
 10
170.32164030212556
 20
245.72844095055171
 10
170.32164030212556
 20
243.41409795323295
  0
LWPOLYLINE
  5
4E4
330
17
100
AcDbEntity
  8
HIDDEN
100
AcDbPolyline
 90
2
 70
0
 10
173.12833895034566
 20
245.72844095055171
 10
173.12833895034566
 20
243.41409795323295
  0
LWPOLYLINE
  5
4E5
330
17
100
AcDbEntity
  8
HIDDEN
100
AcDbPolyline
 90
2
 70
0
 10
172.03617889958733
 20
219.11349648138602
 10
172.03617889958733
 20
213.7133628209756
  0
LWPOLYLINE
  5
4E6
330
17
100
AcDbEntity
  8
HIDDEN
100
AcDbPolyline
 90
2
 70
0
 10
174.5474355848369
 20
219.11349648138602
 10
174.5474355848369
 20
213.7133628209756
  0
LWPOLYLINE
  5
4E7
330
17
100
AcDbEntity
  8
HIDDEN
100
AcDbPolyline
 90
2
 70
0
 10
115.30400688544533
 20
186.19783170842663
 10
113.21491673081002
 20
185.1692348207294
  0
LWPOLYLINE
  5
4E8
330
17
100
AcDbEntity
  8
HIDDEN
100
AcDbPolyline
 90
2
 70
0
 10
118.46873924867164
 20
179.77022989361538
 10
116.37964909403632
 20
178.74163300591817
  0
LWPOLYLINE
  5
4E9
330
17
100
AcDbEntity
  8
HIDDEN
100
AcDbPolyline
 90
2
 70
0
 10
193.44935298459936
 20
225.5422270294937
 10
193.44935298459936
 20
223.35645864313707
  0
LWPOLYLINE
  5
4EA
330
17
100
AcDbEntity
  8
HIDDEN
100
AcDbPolyline
 90
2
 70
0
 10
195.96060966984894
 20
225.5422270294937
 10
195.96060966984894
 20
223.35645864313707
  0
LWPOLYLINE
  5
4EB
330
17
100
AcDbEntity
  8
HIDDEN
100
AcDbPolyline
 90
2
 70
0
 10
199.71662344850532
 20
228.62801769258536
 10
199.71662344850532
 20
226.44224930622875
  0
LWPOLYLINE
  5
4EC
330
17
100
AcDbEntity
  8
HIDDEN
100
AcDbPolyline
 90
2
 70
0
 10
202.22788013375487
 20
228.62801769258536
 10
202.22788013375487
 20
226.44224930622875
  0
LWPOLYLINE
  5
4ED
330
17
100
AcDbEntity
  8
HIDDEN
100
AcDbPolyline
 90
2
 70
0
 10
166.2911809743402
 20
238.9139865695576
 10
166.2911809743402
 20
236.728218183201
  0
LWPOLYLINE
  5
4EE
330
17
100
AcDbEntity
  8
HIDDEN
100
AcDbPolyline
 90
2
 70
0
 10
168.80243765958977
 20
238.9139865695576
 10
168.80243765958977
 20
236.728218183201
  0
LWPOLYLINE
  5
4EF
330
17
100
AcDbEntity
  8
HIDDEN
100
AcDbPolyline
 90
2
 70
0
 10
172.55845143824615
 20
241.99977723264928
 10
172.55845143824615
 20
239.81400884629267
  0
LWPOLYLINE
  5
4F0
330
17
100
AcDbEntity
  8
HIDDEN
100
AcDbPolyline
 90
2
 70
0
 10
175.06970812349573
 20
241.99977723264928
 10
175.06970812349573
 20
239.81400884629267
  0
LWPOLYLINE
  5
4F1
330
17
100
AcDbEntity
  8
HIDDEN
100
AcDbPolyline
 90
2
 70
0
 10
137.34460987587664
 20
197.68326602475446
 10
137.34460987587664
 20
196.87008878493356
  0
LWPOLYLINE
  5
4F2
330
17
100
AcDbEntity
  8
HIDDEN
100
AcDbPolyline
 90
2
 70
0
 10
140.299029505582
 20
197.68326602475446
 10
140.299029505582
 20
196.87008878493356
  0
LWPOLYLINE
  5
4F3
330
17
100
AcDbEntity
  8
HIDDEN
100
AcDbPolyline
 90
2
 70
0
 10
165.24663589702254
 20
225.28507780756937
 10
165.24663589702254
 20
221.81356331159125
  0
LWPOLYLINE
  5
4F4
330
17
100
AcDbEntity
  8
HIDDEN
100
AcDbPolyline
 90
2
 70
0
 10
167.75789258227212
 20
225.28507780756937
 10
167.75789258227212
 20
221.81356331159125
  0
LWPOLYLINE
  5
4F5
330
17
100
AcDbEntity
  8
HIDDEN
100
AcDbPolyline
 90
2
 70
0
 10
173.6029965155638
 20
221.1706902567805
 10
173.6029965155638
 20
217.69917576080235
  0
LWPOLYLINE
  5
4F6
330
17
100
AcDbEntity
  8
HIDDEN
100
AcDbPolyline
 90
2
 70
0
 10
176.11425320081338
 20
221.1706902567805
 10
176.11425320081338
 20
217.69917576080235
  0
LWPOLYLINE
  5
4F7
330
17
100
AcDbEntity
  8
HIDDEN
100
AcDbPolyline
 90
2
 70
0
 10
132.8657385001751
 20
194.42717117665262
 10
132.8657385001751
 20
190.3770709313448
  0
LWPOLYLINE
  5
4F8
330
17
100
AcDbEntity
  8
HIDDEN
100
AcDbPolyline
 90
2
 70
0
 10
135.37699518542468
 20
194.42717117665262
 10
135.37699518542468
 20
190.3770709313448
  0
LWPOLYLINE
  5
4F9
330
17
100
AcDbEntity
  8
HIDDEN
100
AcDbPolyline
 90
2
 70
0
 10
172.03617889958733
 20
213.7133628209756
 10
172.03617889958733
 20
209.66326257566777
  0
LWPOLYLINE
  5
4FA
330
17
100
AcDbEntity
  8
HIDDEN
100
AcDbPolyline
 90
2
 70
0
 10
174.5474355848369
 20
213.7133628209756
 10
174.5474355848369
 20
209.66326257566777
  0
LWPOLYLINE
  5
4FB
330
17
100
AcDbEntity
  8
HIDDEN
100
AcDbPolyline
 90
2
 70
0
 10
153.23436750786948
 20
222.97073481025063
 10
153.23436750786948
 20
218.9206345649428
  0
LWPOLYLINE
  5
4FC
330
17
100
AcDbEntity
  8
HIDDEN
100
AcDbPolyline
 90
2
 70
0
 10
155.74562419311903
 20
222.97073481025063
 10
155.74562419311903
 20
218.9206345649428
  0
LWPOLYLINE
  5
4FD
330
17
100
AcDbEntity
  8
HIDDEN
100
AcDbPolyline
 90
2
 70
0
 10
114.06392710845724
 20
203.68454316592766
 10
114.06392710845724
 20
199.63444292061982
  0
LWPOLYLINE
  5
4FE
330
17
100
AcDbEntity
  8
HIDDEN
100
AcDbPolyline
 90
2
 70
0
 10
116.57518379370678
 20
203.68454316592766
 10
116.57518379370678
 20
199.63444292061982
  0
LWPOLYLINE
  5
4FF
330
17
100
AcDbEntity
  8
HIDDEN
100
AcDbPolyline
 90
2
 70
0
 10
193.44935298459936
 20
223.35645864313707
 10
193.44935298459936
 20
220.78496642389402
  0
LWPOLYLINE
  5
500
330
17
100
AcDbEntity
  8
HIDDEN
100
AcDbPolyline
 90
2
 70
0
 10
195.96060966984894
 20
223.35645864313707
 10
195.96060966984894
 20
220.78496642389402
  0
LWPOLYLINE
  5
501
330
17
100
AcDbEntity
  8
HIDDEN
100
AcDbPolyline
 90
2
 70
0
 10
166.2911809743402
 20
236.728218183201
 10
166.2911809743402
 20
234.15672596395794
  0
LWPOLYLINE
  5
502
330
17
100
AcDbEntity
  8
HIDDEN
100
AcDbPolyline
 90
2
 70
0
 10
168.80243765958977
 20
236.728218183201
 10
168.80243765958977
 20
234.15672596395794
  0
LWPOLYLINE
  5
503
330
17
100
AcDbEntity
  8
HIDDEN
100
AcDbPolyline
 90
2
 70
0
 10
182.92147792982377
 20
220.4328453138271
 10
178.7432976205531
 20
218.37565153843266
  0
LWPOLYLINE
  5
504
330
17
100
AcDbEntity
  8
HIDDEN
100
AcDbPolyline
 90
2
 70
0
 10
181.94167540765952
 20
217.15127459413418
 10
179.8525852530242
 20
216.12267770643695
  0
LWPOLYLINE
  5
505
330
17
100
AcDbEntity
  8
HIDDEN
100
AcDbPolyline
 90
2
 70
0
 10
180.83238777518844
 20
208.73255571627118
 10
178.7432976205531
 20
207.70395882857395
  0
LWPOLYLINE
  5
506
330
17
100
AcDbEntity
  8
HIDDEN
100
AcDbPolyline
 90
2
 70
0
 10
181.94167540765952
 20
206.4795818842755
 10
179.8525852530242
 20
205.45098499657826
  0
LWPOLYLINE
  5
507
330
17
100
AcDbEntity
  8
HIDDEN
100
AcDbPolyline
 90
2
 70
0
 10
178.22102508189428
 20
207.38252230116856
 10
176.6542074659178
 20
206.61107463539565
  0
LWPOLYLINE
  5
508
330
17
100
AcDbEntity
  8
HIDDEN
100
AcDbPolyline
 90
2
 70
0
 10
179.33031271436536
 20
205.12954846917287
 10
177.7634950983889
 20
204.35810080339994
  0
LWPOLYLINE
  5
509
330
17
100
AcDbEntity
  8
HIDDEN
100
AcDbPolyline
 90
2
 70
0
 10
163.59739399944706
 20
214.58270051504914
 10
162.03057638347056
 20
213.81125284927623
  0
LWPOLYLINE
  5
50A
330
17
100
AcDbEntity
  8
HIDDEN
100
AcDbPolyline
 90
2
 70
0
 10
164.70668163191814
 20
212.32972668305345
 10
163.13986401594164
 20
211.5582790172805
  0
LWPOLYLINE
  5
50B
330
17
100
AcDbEntity
  8
HIDDEN
100
AcDbPolyline
 90
2
 70
0
 10
173.6029965155638
 20
217.69917576080235
 10
173.6029965155638
 20
215.77055659637006
  0
LWPOLYLINE
  5
50C
330
17
100
AcDbEntity
  8
HIDDEN
100
AcDbPolyline
 90
2
 70
0
 10
176.11425320081338
 20
217.69917576080235
 10
176.11425320081338
 20
215.77055659637006
  0
LWPOLYLINE
  5
50D
330
17
100
AcDbEntity
  8
HIDDEN
100
AcDbPolyline
 90
2
 70
0
 10
165.24663589702254
 20
221.81356331159125
 10
165.24663589702254
 20
219.88494414715893
  0
LWPOLYLINE
  5
50E
330
17
100
AcDbEntity
  8
HIDDEN
100
AcDbPolyline
 90
2
 70
0
 10
167.75789258227212
 20
221.81356331159125
 10
167.75789258227212
 20
219.88494414715893
  0
LWPOLYLINE
  5
50F
330
17
100
AcDbEntity
  8
HIDDEN
100
AcDbPolyline
 90
2
 70
0
 10
170.67993489039662
 20
213.97154716425007
 10
171.71795156098105
 20
214.48263124282462
  0
LWPOLYLINE
  5
510
330
17
100
AcDbEntity
  8
HIDDEN
100
AcDbPolyline
 90
2
 70
0
 10
168.591864052804
 20
218.21243908330078
 10
169.62988072338842
 20
218.72352316187533
  0
LWPOLYLINE
  5
511
330
17
100
AcDbEntity
  8
HIDDEN
100
AcDbPolyline
 90
2
 70
0
 10
164.70668163191814
 20
212.32972668305345
 10
165.74469830250257
 20
212.840810761628
  0
LWPOLYLINE
  5
512
330
17
100
AcDbEntity
  8
HIDDEN
100
AcDbPolyline
 90
2
 70
0
 10
163.59739399944704
 20
214.58270051504914
 10
164.63541067003146
 20
215.0937845936237
  0
LWPOLYLINE
  5
513
330
17
100
AcDbEntity
  8
HIDDEN
100
AcDbPolyline
 90
2
 70
0
 10
170.67993489039662
 20
203.29985445439138
 10
171.71795156098105
 20
203.8109385329659
  0
LWPOLYLINE
  5
514
330
17
100
AcDbEntity
  8
HIDDEN
100
AcDbPolyline
 90
2
 70
0
 10
168.591864052804
 20
207.5407463734421
 10
169.62988072338842
 20
208.05183045201665
  0
LWPOLYLINE
  5
515
330
17
100
AcDbEntity
  8
HIDDEN
100
AcDbPolyline
 90
2
 70
0
 10
174.33584266100843
 20
212.17150261077992
 10
175.37385933159285
 20
212.68258668935448
  0
LWPOLYLINE
  5
516
330
17
100
AcDbEntity
  8
HIDDEN
100
AcDbPolyline
 90
2
 70
0
 10
172.2477718234158
 20
216.41239452983064
 10
173.28578849400023
 20
216.9234786084052
  0
LWPOLYLINE
  5
517
330
17
100
AcDbEntity
  8
HIDDEN
100
AcDbPolyline
 90
2
 70
0
 10
172.54867140924924
 20
207.65284861229168
 10
173.37777906437015
 20
208.06107300209652
  0
LWPOLYLINE
  5
518
330
17
100
AcDbEntity
  8
HIDDEN
100
AcDbPolyline
 90
2
 70
0
 10
170.37903530456316
 20
212.05940037193034
 10
171.20814295968407
 20
212.46762476173515
  0
LWPOLYLINE
  5
519
330
17
100
AcDbEntity
  8
HIDDEN
100
AcDbPolyline
 90
2
 70
0
 10
174.33584266100843
 20
201.4998099009212
 10
175.37385933159285
 20
202.01089397949576
  0
LWPOLYLINE
  5
51A
330
17
100
AcDbEntity
  8
HIDDEN
100
AcDbPolyline
 90
2
 70
0
 10
172.2477718234158
 20
205.74070181997195
 10
173.28578849400023
 20
206.2517858985465
  0
LWPOLYLINE
  5
51B
330
17
100
AcDbEntity
  8
HIDDEN
100
AcDbPolyline
 90
2
 70
0
 10
179.33031271436536
 20
205.12954846917287
 10
180.3683293849498
 20
205.64063254774743
  0
LWPOLYLINE
  5
51C
330
17
100
AcDbEntity
  8
HIDDEN
100
AcDbPolyline
 90
2
 70
0
 10
178.22102508189428
 20
207.38252230116856
 10
179.2590417524787
 20
207.89360637974312
  0
LWPOLYLINE
  5
51D
330
17
100
AcDbEntity
  8
HIDDEN
100
AcDbPolyline
 90
2
 70
0
 10
173.23911811031127
 20
208.34269473109597
 10
173.4480271257748
 20
208.44555441986572
  0
LWPOLYLINE
  5
51E
330
17
100
AcDbEntity
  8
HIDDEN
100
AcDbPolyline
 90
2
 70
0
 10
171.34680391374295
 20
212.1860030327357
 10
171.55571292920646
 20
212.2888627215054
  0
LWPOLYLINE
  5
51F
330
17
100
AcDbEntity
  8
HIDDEN
100
AcDbPolyline
 90
2
 70
0
 10
170.6809542074393
 20
215.64094686405772
 10
169.6429375368549
 20
215.12986278548317
  0
LWPOLYLINE
  5
520
330
17
100
AcDbEntity
  8
HIDDEN
100
AcDbPolyline
 90
2
 70
0
 10
172.76902504503192
 20
211.400054945007
 10
171.73100837444753
 20
210.88897086643246
  0
LWPOLYLINE
  5
521
330
17
100
AcDbEntity
  8
HIDDEN
100
AcDbPolyline
 90
2
 70
0
 10
176.6542074659178
 20
206.61107463539565
 10
175.61619079533338
 20
206.09999055682107
  0
LWPOLYLINE
  5
522
330
17
100
AcDbEntity
  8
HIDDEN
100
AcDbPolyline
 90
2
 70
0
 10
177.7634950983889
 20
204.35810080339996
 10
176.72547842780446
 20
203.84701672482538
  0
LWPOLYLINE
  5
523
330
17
100
AcDbEntity
  8
HIDDEN
100
AcDbPolyline
 90
2
 70
0
 10
170.6809542074393
 20
204.969254154199
 10
169.6429375368549
 20
204.45817007562445
  0
LWPOLYLINE
  5
524
330
17
100
AcDbEntity
  8
HIDDEN
100
AcDbPolyline
 90
2
 70
0
 10
172.76902504503192
 20
200.7283622351483
 10
171.73100837444753
 20
200.21727815657374
  0
LWPOLYLINE
  5
525
330
17
100
AcDbEntity
  8
HIDDEN
100
AcDbPolyline
 90
2
 70
0
 10
167.0250464368275
 20
217.44099141752787
 10
165.9870297662431
 20
216.9299073389533
  0
LWPOLYLINE
  5
526
330
17
100
AcDbEntity
  8
HIDDEN
100
AcDbPolyline
 90
2
 70
0
 10
169.11311727442012
 20
213.20009949847716
 10
168.0751006038357
 20
212.6890154199026
  0
LWPOLYLINE
  5
527
330
17
100
AcDbEntity
  8
HIDDEN
100
AcDbPolyline
 90
2
 70
0
 10
168.81221768858668
 20
211.2879527061574
 10
167.98311003346578
 20
210.87972831635255
  0
LWPOLYLINE
  5
528
330
17
100
AcDbEntity
  8
HIDDEN
100
AcDbPolyline
 90
2
 70
0
 10
170.98185379327276
 20
206.88140094651877
 10
170.15274613815188
 20
206.47317655671392
  0
LWPOLYLINE
  5
529
330
17
100
AcDbEntity
  8
HIDDEN
100
AcDbPolyline
 90
2
 70
0
 10
167.0250464368275
 20
206.76929870766915
 10
165.9870297662431
 20
206.2582146290946
  0
LWPOLYLINE
  5
52A
330
17
100
AcDbEntity
  8
HIDDEN
100
AcDbPolyline
 90
2
 70
0
 10
169.11311727442012
 20
202.52840678861844
 10
168.0751006038357
 20
202.01732271004389
  0
LWPOLYLINE
  5
52B
330
17
100
AcDbEntity
  8
HIDDEN
100
AcDbPolyline
 90
2
 70
0
 10
162.03057638347056
 20
213.8112528492762
 10
160.99255971288613
 20
213.30016877070165
  0
LWPOLYLINE
  5
52C
330
17
100
AcDbEntity
  8
HIDDEN
100
AcDbPolyline
 90
2
 70
0
 10
163.13986401594164
 20
211.55827901728054
 10
162.1018473453572
 20
211.04719493870596
  0
LWPOLYLINE
  5
52D
330
17
100
AcDbEntity
  8
HIDDEN
100
AcDbPolyline
 90
2
 70
0
 10
168.12177098752468
 20
210.5981065873531
 10
167.91286197206114
 20
210.4952468985834
  0
LWPOLYLINE
  5
52E
330
17
100
AcDbEntity
  8
HIDDEN
100
AcDbPolyline
 90
2
 70
0
 10
170.01408518409298
 20
206.75479828571338
 10
169.80517616862946
 20
206.65193859694367
  0
LWPOLYLINE
  5
52F
330
17
100
AcDbEntity
  8
HIDDEN
100
AcDbPolyline
 90
2
 70
0
 10
171.25708211994015
 20
212.3682288573824
 10
170.42797446481924
 20
211.96000446757756
  0
LWPOLYLINE
  5
530
330
17
100
AcDbEntity
  8
HIDDEN
100
AcDbPolyline
 90
2
 70
0
 10
173.32883990411406
 20
208.16046890644927
 10
172.49973224899318
 20
207.75224451664445
  0
LWPOLYLINE
  5
531
330
17
100
AcDbEntity
  8
HIDDEN
100
AcDbPolyline
 90
2
 70
0
 10
168.86115684884277
 20
211.18855680180465
 10
168.03204919372186
 20
210.7803324119998
  0
LWPOLYLINE
  5
532
330
17
100
AcDbEntity
  8
HIDDEN
100
AcDbPolyline
 90
2
 70
0
 10
170.93291463301668
 20
206.9807968508715
 10
170.1038069778958
 20
206.57257246106667
  0
LWPOLYLINE
  5
533
330
17
100
AcDbEntity
  8
HIDDEN
100
AcDbPolyline
 90
2
 70
0
 10
176.72009675274424
 20
219.83294057493126
 10
177.5035055607325
 20
220.2186644078177
  0
LWPOLYLINE
  5
534
330
17
100
AcDbEntity
  8
HIDDEN
100
AcDbPolyline
 90
2
 70
0
 10
180.30896850485658
 20
203.22224829430672
 10
181.09237731284483
 20
203.6079721271932
  0
LWPOLYLINE
  5
535
330
17
100
AcDbEntity
  8
HIDDEN
100
AcDbPolyline
 90
2
 70
0
 10
179.05286339161725
 20
204.80910025714454
 10
179.8362721996055
 20
205.19482409003098
  0
LWPOLYLINE
  5
536
330
17
100
AcDbEntity
  8
HIDDEN
100
AcDbPolyline
 90
2
 70
0
 10
177.97620186598357
 20
207.57439590223476
 10
178.75961067397182
 20
207.9601197351212
  0
LWPOLYLINE
  5
537
330
17
100
AcDbEntity
  8
HIDDEN
100
AcDbPolyline
 90
2
 70
0
 10
177.97620186598357
 20
218.24608861209344
 10
178.75961067397182
 20
218.63181244497991
  0
LWPOLYLINE
  5
538
330
17
100
AcDbEntity
  8
HIDDEN
100
AcDbPolyline
 90
2
 70
0
 10
179.05286339161725
 20
215.48079296700325
 10
179.8362721996055
 20
215.8665167998897
  0
LWPOLYLINE
  5
539
330
17
100
AcDbEntity
  8
HIDDEN
100
AcDbPolyline
 90
2
 70
0
 10
109.30163858934236
 20
185.83579936100537
 10
105.91864975522307
 20
184.17013080277266
  0
LWPOLYLINE
  5
53A
330
17
100
AcDbEntity
  8
HIDDEN
100
AcDbPolyline
 90
2
 70
0
 10
114.52181568332392
 20
175.23356956337858
 10
114.30438740752814
 20
175.1265152807835
  0
LWPOLYLINE
  5
53B
330
17
100
AcDbEntity
  8
HIDDEN
100
AcDbPolyline
 90
2
 70
0
 10
115.33255472892805
 20
186.13985076422085
 10
110.35790879820269
 20
183.69050442539185
  0
LWPOLYLINE
  5
53C
330
17
100
AcDbEntity
  8
HIDDEN
100
AcDbPolyline
 90
2
 70
0
 10
118.44019140518895
 20
179.82821083782116
 10
113.46554547446358
 20
177.37886449899213
  0
LWPOLYLINE
  5
53D
330
17
100
AcDbEntity
  8
HIDDEN
100
AcDbPolyline
 90
2
 70
0
 10
116.33185666545329
 20
184.76920381786235
 10
116.07072039612387
 20
184.6406292069002
  0
LWPOLYLINE
  5
53E
330
17
100
AcDbEntity
  8
HIDDEN
100
AcDbPolyline
 90
2
 70
0
 10
117.96316200732252
 20
181.45600700610396
 10
117.70202573799311
 20
181.3274323951418
  0
LWPOLYLINE
  5
53F
330
17
100
AcDbEntity
  8
HIDDEN
100
AcDbPolyline
 90
2
 70
0
 10
120.77117324405334
 20
186.95497220421893
 10
118.45319068303498
 20
185.81367648621958
  0
LWPOLYLINE
  5
540
330
17
100
AcDbEntity
  8
HIDDEN
100
AcDbPolyline
 90
2
 70
0
 10
122.40247858592258
 20
183.64177539246057
 10
120.41273251764022
 20
182.6620921516
  0
LWPOLYLINE
  5
541
330
17
100
AcDbEntity
  8
HIDDEN
100
AcDbPolyline
 90
2
 70
0
 10
153.38208848935471
 20
231.77809566115812
 10
153.38208848935471
 20
218.9206345649428
  0
LWPOLYLINE
  5
542
330
17
100
AcDbEntity
  8
HIDDEN
100
AcDbPolyline
 90
2
 70
0
 10
155.59790321163376
 20
231.77809566115812
 10
155.59790321163376
 20
218.9206345649428
  0
LWPOLYLINE
  5
543
330
17
100
AcDbEntity
  8
HIDDEN
100
AcDbPolyline
 90
2
 70
0
 10
171.22371350141836
 20
209.66326257566777
 10
171.22371350141836
 20
208.12036724412192
  0
LWPOLYLINE
  5
544
330
17
100
AcDbEntity
  8
HIDDEN
100
AcDbPolyline
 90
2
 70
0
 10
175.35990098300587
 20
209.66326257566777
 10
175.35990098300587
 20
208.12036724412192
  0
LWPOLYLINE
  5
545
330
17
100
AcDbEntity
  8
HIDDEN
100
AcDbPolyline
 90
2
 70
0
 10
172.1838998810726
 20
222.52072367188308
 10
172.1838998810726
 20
209.66326257566777
  0
LWPOLYLINE
  5
546
330
17
100
AcDbEntity
  8
HIDDEN
100
AcDbPolyline
 90
2
 70
0
 10
174.39971460335164
 20
222.52072367188308
 10
174.39971460335164
 20
209.66326257566777
  0
LWPOLYLINE
  5
547
330
17
100
AcDbEntity
  8
HIDDEN
100
AcDbPolyline
 90
2
 70
0
 10
114.21164808994249
 20
212.49190401683515
 10
114.21164808994249
 20
199.63444292061985
  0
LWPOLYLINE
  5
548
330
17
100
AcDbEntity
  8
HIDDEN
100
AcDbPolyline
 90
2
 70
0
 10
116.42746281222152
 20
212.49190401683515
 10
116.42746281222152
 20
199.63444292061985
  0
LWPOLYLINE
  5
549
330
17
100
AcDbEntity
  8
HIDDEN
100
AcDbPolyline
 90
2
 70
0
 10
133.01345948166036
 20
203.2345320275601
 10
133.01345948166036
 20
190.3770709313448
  0
LWPOLYLINE
  5
54A
330
17
100
AcDbEntity
  8
HIDDEN
100
AcDbPolyline
 90
2
 70
0
 10
135.22927420393938
 20
203.23453202756014
 10
135.22927420393938
 20
190.3770709313448
  0
LWPOLYLINE
  5
54B
330
17
100
AcDbEntity
  8
HIDDEN
100
AcDbPolyline
 90
2
 70
0
 10
166.43890195582546
 20
241.87120262168713
 10
166.43890195582546
 20
234.15672596395794
  0
LWPOLYLINE
  5
54C
330
17
100
AcDbEntity
  8
HIDDEN
100
AcDbPolyline
 90
2
 70
0
 10
168.6547166781045
 20
241.87120262168713
 10
168.6547166781045
 20
234.15672596395794
  0
LWPOLYLINE
  5
54D
330
17
100
AcDbEntity
  8
HIDDEN
100
AcDbPolyline
 90
2
 70
0
 10
192.63688758643036
 20
220.78496642389402
 10
192.63688758643036
 20
219.24207109234817
  0
LWPOLYLINE
  5
54E
330
17
100
AcDbEntity
  8
HIDDEN
100
AcDbPolyline
 90
2
 70
0
 10
196.7730750680179
 20
220.78496642389402
 10
196.7730750680179
 20
219.24207109234817
  0
LWPOLYLINE
  5
54F
330
17
100
AcDbEntity
  8
HIDDEN
100
AcDbPolyline
 90
2
 70
0
 10
193.59707396608462
 20
228.4994430816232
 10
193.59707396608462
 20
220.78496642389402
  0
LWPOLYLINE
  5
550
330
17
100
AcDbEntity
  8
HIDDEN
100
AcDbPolyline
 90
2
 70
0
 10
195.81288868836364
 20
228.4994430816232
 10
195.81288868836364
 20
220.78496642389402
  0
LWPOLYLINE
  5
551
330
17
100
AcDbEntity
  8
HIDDEN
100
AcDbPolyline
 90
2
 70
0
 10
164.43417049885358
 20
220.20638067456434
 10
164.43417049885358
 20
218.6634853430185
  0
LWPOLYLINE
  5
552
330
17
100
AcDbEntity
  8
HIDDEN
100
AcDbPolyline
 90
2
 70
0
 10
168.5703579804411
 20
220.01742794711288
 10
168.5703579804411
 20
218.6634853430185
  0
LWPOLYLINE
  5
553
330
17
100
AcDbEntity
  8
HIDDEN
100
AcDbPolyline
 90
2
 70
0
 10
165.3943568785078
 20
226.63511122267198
 10
165.3943568785078
 20
220.20638067456434
  0
LWPOLYLINE
  5
554
330
17
100
AcDbEntity
  8
HIDDEN
100
AcDbPolyline
 90
2
 70
0
 10
167.61017160078683
 20
226.63511122267198
 10
167.61017160078683
 20
220.20638067456434
  0
LWPOLYLINE
  5
555
330
17
100
AcDbEntity
  8
HIDDEN
100
AcDbPolyline
 90
2
 70
0
 10
172.79053111739483
 20
216.09199312377544
 10
172.79053111739483
 20
214.5490977922296
  0
LWPOLYLINE
  5
556
330
17
100
AcDbEntity
  8
HIDDEN
100
AcDbPolyline
 90
2
 70
0
 10
176.92671859898238
 20
216.09199312377544
 10
176.92671859898238
 20
214.5490977922296
  0
LWPOLYLINE
  5
557
330
17
100
AcDbEntity
  8
HIDDEN
100
AcDbPolyline
 90
2
 70
0
 10
173.7507174970491
 20
222.52072367188308
 10
173.7507174970491
 20
216.09199312377544
  0
LWPOLYLINE
  5
558
330
17
100
AcDbEntity
  8
HIDDEN
100
AcDbPolyline
 90
2
 70
0
 10
175.96653221932812
 20
222.52072367188308
 10
175.96653221932812
 20
216.09199312377544
  0
LWPOLYLINE
  5
559
330
17
100
AcDbEntity
  8
HIDDEN
100
AcDbPolyline
 90
2
 70
0
 10
177.60100163735365
 20
218.71883100413302
 10
176.34754754457245
 20
218.1016728715147
  0
LWPOLYLINE
  5
55A
330
17
100
AcDbEntity
  8
HIDDEN
100
AcDbPolyline
 90
2
 70
0
 10
179.42806362024717
 20
215.00805057496365
 10
178.174609527466
 20
214.39089244234532
  0
LWPOLYLINE
  5
55B
330
17
100
AcDbEntity
  8
HIDDEN
100
AcDbPolyline
 90
2
 70
0
 10
184.13572972854794
 20
220.86604572959024
 10
178.02514102623965
 20
217.85739983307585
  0
LWPOLYLINE
  5
55C
330
17
100
AcDbEntity
  8
HIDDEN
100
AcDbPolyline
 90
2
 70
0
 10
185.1145129336695
 20
218.87812764253522
 10
183.02232879377178
 20
217.84800738180192
  0
LWPOLYLINE
  5
55D
330
17
100
AcDbEntity
  8
HIDDEN
100
AcDbPolyline
 90
2
 70
0
 10
181.5501621256109
 20
217.12316262118594
 10
179.00392423136117
 20
215.86948174602082
  0
LWPOLYLINE
  5
55E
330
17
100
AcDbEntity
  8
HIDDEN
100
AcDbPolyline
 90
2
 70
0
 10
177.60100163735365
 20
208.04713829427433
 10
176.34754754457245
 20
207.42998016165598
  0
LWPOLYLINE
  5
55F
330
17
100
AcDbEntity
  8
HIDDEN
100
AcDbPolyline
 90
2
 70
0
 10
179.42806362024717
 20
204.33635786510496
 10
178.174609527466
 20
203.71919973248663
  0
LWPOLYLINE
  5
560
330
17
100
AcDbEntity
  8
HIDDEN
100
AcDbPolyline
 90
2
 70
0
 10
182.04663957391264
 20
209.16575613203432
 10
178.02514102623965
 20
207.18570712321716
  0
LWPOLYLINE
  5
561
330
17
100
AcDbEntity
  8
HIDDEN
100
AcDbPolyline
 90
2
 70
0
 10
183.0254226947454
 20
207.17783800347837
 10
179.00392423136117
 20
205.19778903616213
  0
LWPOLYLINE
  5
562
330
17
100
AcDbEntity
  8
HIDDEN
100
AcDbPolyline
 90
2
 70
0
 10
164.70066288370623
 20
214.96125672115335
 10
158.9880680896934
 20
212.1485694789301
  0
LWPOLYLINE
  5
563
330
17
100
AcDbEntity
  8
HIDDEN
100
AcDbPolyline
 90
2
 70
0
 10
165.67944608882777
 20
212.97333863409833
 10
159.94441099178474
 20
210.149602550443
  0
LWPOLYLINE
  5
564
330
17
100
AcDbEntity
  8
HIDDEN
100
AcDbPolyline
 90
2
 70
0
 10
180.15360867004867
 20
209.2396678109483
 10
178.90015457726747
 20
208.62250967832995
  0
LWPOLYLINE
  5
565
330
17
100
AcDbEntity
  8
HIDDEN
100
AcDbPolyline
 90
2
 70
0
 10
181.98067065294222
 20
205.52888738177893
 10
180.72721656016103
 20
204.9117292491606
  0
LWPOLYLINE
  5
566
330
17
100
AcDbEntity
  8
HIDDEN
100
AcDbPolyline
 90
2
 70
0
 10
179.32429396615348
 20
207.76107850727277
 10
173.05702350224752
 20
204.6752878441811
  0
LWPOLYLINE
  5
567
330
17
100
AcDbEntity
  8
HIDDEN
100
AcDbPolyline
 90
2
 70
0
 10
180.30307717127502
 20
205.77316042021778
 10
174.03580670736906
 20
202.68736975712608
  0
LWPOLYLINE
  5
568
330
17
100
AcDbEntity
  8
HIDDEN
100
AcDbPolyline
 90
2
 70
0
 10
170.3585705474969
 20
245.72844095055171
 10
170.3585705474969
 20
243.79982178611942
  0
LWPOLYLINE
  5
569
330
17
100
AcDbEntity
  8
HIDDEN
100
AcDbPolyline
 90
2
 70
0
 10
173.09140870497436
 20
245.72844095055171
 10
173.09140870497436
 20
243.79982178611942
  0
LWPOLYLINE
  5
56A
330
17
100
AcDbEntity
  8
HIDDEN
100
AcDbPolyline
 90
2
 70
0
 10
203.784013021662
 20
229.27089074739612
 10
203.784013021662
 20
227.34227158296383
  0
LWPOLYLINE
  5
56B
330
17
100
AcDbEntity
  8
HIDDEN
100
AcDbPolyline
 90
2
 70
0
 10
206.51685117913948
 20
229.27089074739612
 10
206.51685117913948
 20
227.34227158296383
  0
LWPOLYLINE
  5
56C
330
17
100
AcDbEntity
  8
HIDDEN
100
AcDbPolyline
 90
2
 70
0
 10
80.52769389817816
 20
201.49877477957105
 10
80.52769389817816
 20
199.57015561513876
  0
LWPOLYLINE
  5
56D
330
17
100
AcDbEntity
  8
HIDDEN
100
AcDbPolyline
 90
2
 70
0
 10
83.26053205565564
 20
201.49877477957105
 10
83.26053205565564
 20
199.57015561513876
  0
LWPOLYLINE
  5
56E
330
17
100
AcDbEntity
  8
HIDDEN
100
AcDbPolyline
 90
2
 70
0
 10
113.95313637234327
 20
185.04122457641546
 10
113.95313637234327
 20
183.11260541198317
  0
LWPOLYLINE
  5
56F
330
17
100
AcDbEntity
  8
HIDDEN
100
AcDbPolyline
 90
2
 70
0
 10
116.68597452982075
 20
185.04122457641546
 10
116.68597452982075
 20
183.11260541198317
  0
LWPOLYLINE
  5
570
330
17
100
AcDbEntity
  8
HIDDEN
100
AcDbPolyline
 90
2
 70
0
 10
153.38208848935471
 20
229.78518919124474
 10
153.38208848935471
 20
228.37086847066104
  0
LWPOLYLINE
  5
571
330
17
100
AcDbEntity
  8
HIDDEN
100
AcDbPolyline
 90
2
 70
0
 10
155.59790321163376
 20
229.78518919124474
 10
155.59790321163376
 20
228.37086847066104
  0
LWPOLYLINE
  5
572
330
17
100
AcDbEntity
  8
HIDDEN
100
AcDbPolyline
 90
2
 70
0
 10
172.1838998810726
 20
220.52781720196973
 10
172.1838998810726
 20
219.11349648138602
  0
LWPOLYLINE
  5
573
330
17
100
AcDbEntity
  8
HIDDEN
100
AcDbPolyline
 90
2
 70
0
 10
174.39971460335164
 20
220.5278172019697
 10
174.39971460335164
 20
219.11349648138602
  0
LWPOLYLINE
  5
574
330
17
100
AcDbEntity
  8
HIDDEN
100
AcDbPolyline
 90
2
 70
0
 10
114.21164808994249
 20
210.49899754692177
 10
114.21164808994249
 20
209.08467682633807
  0
LWPOLYLINE
  5
575
330
17
100
AcDbEntity
  8
HIDDEN
100
AcDbPolyline
 90
2
 70
0
 10
116.42746281222152
 20
210.49899754692177
 10
116.42746281222152
 20
209.0846768263381
  0
LWPOLYLINE
  5
576
330
17
100
AcDbEntity
  8
HIDDEN
100
AcDbPolyline
 90
2
 70
0
 10
133.01345948166036
 20
201.24162555764673
 10
133.01345948166036
 20
199.82730483706305
  0
LWPOLYLINE
  5
577
330
17
100
AcDbEntity
  8
HIDDEN
100
AcDbPolyline
 90
2
 70
0
 10
135.22927420393938
 20
201.24162555764676
 10
135.22927420393938
 20
199.82730483706305
  0
LWPOLYLINE
  5
578
330
17
100
AcDbEntity
  8
HIDDEN
100
AcDbPolyline
 90
2
 70
0
 10
166.43890195582546
 20
240.32830729014128
 10
166.43890195582546
 20
238.9139865695576
  0
LWPOLYLINE
  5
579
330
17
100
AcDbEntity
  8
HIDDEN
100
AcDbPolyline
 90
2
 70
0
 10
168.6547166781045
 20
240.32830729014128
 10
168.6547166781045
 20
238.9139865695576
  0
LWPOLYLINE
  5
57A
330
17
100
AcDbEntity
  8
HIDDEN
100
AcDbPolyline
 90
2
 70
0
 10
193.59707396608462
 20
226.95654775007736
 10
193.59707396608462
 20
225.5422270294937
  0
LWPOLYLINE
  5
57B
330
17
100
AcDbEntity
  8
HIDDEN
100
AcDbPolyline
 90
2
 70
0
 10
195.81288868836364
 20
226.95654775007736
 10
195.81288868836364
 20
225.5422270294937
  0
LWPOLYLINE
  5
57C
330
17
100
AcDbEntity
  8
HIDDEN
100
AcDbPolyline
 90
2
 70
0
 10
165.3943568785078
 20
226.69939852815307
 10
165.3943568785078
 20
225.28507780756937
  0
LWPOLYLINE
  5
57D
330
17
100
AcDbEntity
  8
HIDDEN
100
AcDbPolyline
 90
2
 70
0
 10
167.61017160078683
 20
226.69939852815307
 10
167.61017160078683
 20
225.28507780756937
  0
LWPOLYLINE
  5
57E
330
17
100
AcDbEntity
  8
HIDDEN
100
AcDbPolyline
 90
2
 70
0
 10
173.7507174970491
 20
222.58501097736416
 10
173.7507174970491
 20
221.17069025678046
  0
LWPOLYLINE
  5
57F
330
17
100
AcDbEntity
  8
HIDDEN
100
AcDbPolyline
 90
2
 70
0
 10
175.96653221932812
 20
222.58501097736416
 10
175.96653221932812
 20
221.17069025678046
  0
LWPOLYLINE
  5
580
330
17
100
AcDbEntity
  8
HIDDEN
100
AcDbPolyline
 90
2
 70
0
 10
184.13572972854794
 20
220.86604572959024
 10
182.98673014349853
 20
220.30031744135675
  0
LWPOLYLINE
  5
581
330
17
100
AcDbEntity
  8
HIDDEN
100
AcDbPolyline
 90
2
 70
0
 10
185.1145129336695
 20
218.87812764253522
 10
183.96551334862008
 20
218.31239935430173
  0
LWPOLYLINE
  5
582
330
17
100
AcDbEntity
  8
HIDDEN
100
AcDbPolyline
 90
2
 70
0
 10
182.04663957391264
 20
209.1657561320343
 10
180.8976399888632
 20
208.60002784380083
  0
LWPOLYLINE
  5
583
330
17
100
AcDbEntity
  8
HIDDEN
100
AcDbPolyline
 90
2
 70
0
 10
183.02542277903416
 20
207.1778380449793
 10
181.87642319398475
 20
206.6121097567458
  0
LWPOLYLINE
  5
584
330
17
100
AcDbEntity
  8
HIDDEN
100
AcDbPolyline
 90
2
 70
0
 10
161.0578119265609
 20
213.16764089823133
 10
159.90881234151146
 20
212.60191260999784
  0
LWPOLYLINE
  5
585
330
17
100
AcDbEntity
  8
HIDDEN
100
AcDbPolyline
 90
2
 70
0
 10
162.03659513168245
 20
211.1797228111763
 10
160.88759554663304
 20
210.61399452294282
  0
LWPOLYLINE
  5
586
330
17
100
AcDbEntity
  8
HIDDEN
100
AcDbPolyline
 90
2
 70
0
 10
175.68144300900815
 20
205.96746268435075
 10
174.5324434239587
 20
205.40173439611726
  0
LWPOLYLINE
  5
587
330
17
100
AcDbEntity
  8
HIDDEN
100
AcDbPolyline
 90
2
 70
0
 10
176.6602262141297
 20
203.97954459729573
 10
175.51122662908026
 20
203.41381630906227
  0
LWPOLYLINE
  5
588
330
17
100
AcDbEntity
  8
OUTLINE
100
AcDbPolyline
 90
2
 70
0
 10
174.33635231952977
 20
244.6998440628545
 10
210.89543002564787
 20
226.69939852815307
  0
LWPOLYLINE
  5
589
330
17
100
AcDbEntity
  8
OUTLINE
100
AcDbPolyline
 90
2
 70
0
 10
174.33635231952977
 20
244.6998440628545
 10
75.10456997435212
 20
195.84149189723632
  0
LWPOLYLINE
  5
58A
330
17
100
AcDbEntity
  8
OUTLINE
100
AcDbPolyline
 90
2
 70
0
 10
75.10456997435212
 20
195.84149189723632
 10
102.36393308551217
 20
182.41990930323746
  0
LWPOLYLINE
  5
58B
330
17
100
AcDbEntity
  8
OUTLINE
100
AcDbPolyline
 90
2
 70
0
 10
210.89543002564787
 20
226.69939852815307
 10
202.01679686844776
 20
222.32786175543987
  0
LWPOLYLINE
  5
58C
330
17
100
AcDbEntity
  8
OUTLINE
100
AcDbPolyline
 90
2
 70
0
 10
163.636293683757
 20
203.4306083092774
 10
136.18946058359364
 20
189.91672187343735
  0
LWPOLYLINE
  5
58D
330
17
100
AcDbEntity
  8
OUTLINE
100
AcDbPolyline
 90
2
 70
0
 10
132.59517762765412
 20
188.14701928124458
 10
126.80955130157626
 20
185.29837379833975
  0
LWPOLYLINE
  5
58E
330
17
100
AcDbEntity
  8
OUTLINE
100
AcDbPolyline
 90
9
 70
0
 10
172.92621646515093
 20
239.37685516902135
 10
173.2221806774914
 20
239.2687798454808
 10
173.5691188431757
 20
239.20765927738825
 10
173.93715288033178
 20
239.19875712702762
 10
174.2945879448015
 20
239.24284004161046
 10
174.61064196883763
 20
239.336111630133
 10
174.85809659210926
 20
239.4705394060202
 10
175.01564118861717
 20
239.63454653947622
 10
175.06970812349573
 20
239.81400884629267
  0
LWPOLYLINE
  5
58F
330
17
100
AcDbEntity
  8
OUTLINE
100
AcDbPolyline
 90
13
 70
0
 10
175.06970812349573
 20
239.81400884629267
 10
175.04558157697443
 20
239.9346192745031
 10
174.97412910706305
 20
240.0505947115965
 10
174.85809659210926
 20
240.15747828656512
 10
174.70194309659095
 20
240.251162523564
 10
174.2945879448015
 20
240.3851776509749
 10
173.81407978087094
 20
240.43223750553105
 10
173.3335716169404
 20
240.3851776509749
 10
172.92621646515093
 20
240.251162523564
 10
172.77006296963262
 20
240.15747828656515
 10
172.65403045467883
 20
240.0505947115965
 10
172.58257798476745
 20
239.9346192745031
 10
172.55845143824615
 20
239.8140088462927
  0
LWPOLYLINE
  5
590
330
17
100
AcDbEntity
  8
OUTLINE
100
AcDbPolyline
 90
5
 70
0
 10
172.55845143824615
 20
239.81400884629267
 10
172.58257798476745
 20
239.69339841808227
 10
172.65403045467883
 20
239.57742298098887
 10
172.77006296963262
 20
239.4705394060202
 10
172.92621646515093
 20
239.37685516902135
  0
LWPOLYLINE
  5
591
330
17
100
AcDbEntity
  8
OUTLINE
100
AcDbPolyline
 90
2
 70
0
 10
161.12285709146138
 20
230.63378162359496
 10
163.73421978475554
 20
229.3480355139734
  0
LWPOLYLINE
  5
592
330
17
100
AcDbEntity
  8
OUTLINE
100
AcDbPolyline
 90
2
 70
0
 10
161.12285709146138
 20
230.63378162359496
 10
106.80651307094308
 20
203.8902625434671
  0
LWPOLYLINE
  5
593
330
17
100
AcDbEntity
  8
OUTLINE
100
AcDbPolyline
 90
9
 70
0
 10
200.0843884754101
 20
226.00509562895743
 10
200.38035268775053
 20
225.89702030541687
 10
200.72729085343485
 20
225.83589973732433
 10
201.09532489059092
 20
225.8269975869637
 10
201.45275995506063
 20
225.87108050154652
 10
201.7688139790968
 20
225.96435209006907
 10
202.01626860236843
 20
226.0987798659563
 10
202.17381319887633
 20
226.2627869994123
 10
202.22788013375487
 20
226.44224930622875
  0
LWPOLYLINE
  5
594
330
17
100
AcDbEntity
  8
OUTLINE
100
AcDbPolyline
 90
13
 70
0
 10
202.22788013375487
 20
226.44224930622875
 10
202.2037535872336
 20
226.56285973443917
 10
202.1323011173222
 20
226.67883517153257
 10
202.01626860236843
 20
226.7857187465012
 10
201.86011510685012
 20
226.87940298350009
 10
201.45275995506063
 20
227.01341811091098
 10
200.9722517911301
 20
227.06047796546713
 10
200.49174362719955
 20
227.01341811091098
 10
200.0843884754101
 20
226.87940298350009
 10
199.92823497989178
 20
226.7857187465012
 10
199.812202464938
 20
226.67883517153257
 10
199.7407499950266
 20
226.56285973443917
 10
199.71662344850532
 20
226.44224930622875
  0
LWPOLYLINE
  5
595
330
17
100
AcDbEntity
  8
OUTLINE
100
AcDbPolyline
 90
5
 70
0
 10
199.71662344850532
 20
226.44224930622875
 10
199.7407499950266
 20
226.32163887801835
 10
199.812202464938
 20
226.20566344092495
 10
199.92823497989178
 20
226.0987798659563
 10
200.0843884754101
 20
226.00509562895743
  0
LWPOLYLINE
  5
596
330
17
100
AcDbEntity
  8
OUTLINE
100
AcDbPolyline
 90
2
 70
0
 10
95.99547152070531
 20
196.87008878493353
 10
106.80651307094308
 20
202.19307767876666
  0
LWPOLYLINE
  5
597
330
17
100
AcDbEntity
  8
OUTLINE
100
AcDbPolyline
 90
2
 70
0
 10
127.61907373649744
 20
192.61426916208626
 10
126.80955130157626
 20
192.2156878681036
  0
LWPOLYLINE
  5
598
330
17
100
AcDbEntity
  8
OUTLINE
100
AcDbPolyline
 90
2
 70
0
 10
174.33635231952977
 20
248.5570823917191
 10
210.89543002564787
 20
230.55663685701765
  0
LWPOLYLINE
  5
599
330
17
100
AcDbEntity
  8
OUTLINE
100
AcDbPolyline
 90
2
 70
0
 10
174.33635231952977
 20
248.5570823917191
 10
75.10456997435212
 20
199.6987302261009
  0
LWPOLYLINE
  5
59A
330
17
100
AcDbEntity
  8
OUTLINE
100
AcDbPolyline
 90
2
 70
0
 10
161.12285709146138
 20
227.4194163495411
 10
163.73421978475554
 20
226.13367023991958
  0
LWPOLYLINE
  5
59B
330
17
100
AcDbEntity
  8
OUTLINE
100
AcDbPolyline
 90
2
 70
0
 10
163.73421978475554
 20
226.13367023991958
 10
161.01840258372962
 20
224.7964942859132
  0
LWPOLYLINE
  5
59C
330
17
100
AcDbEntity
  8
OUTLINE
100
AcDbPolyline
 90
2
 70
0
 10
161.12285709146138
 20
227.4194163495411
 10
106.80651307094308
 20
200.67589726941327
  0
LWPOLYLINE
  5
59D
330
17
100
AcDbEntity
  8
OUTLINE
100
AcDbPolyline
 90
2
 70
0
 10
106.80651307094308
 20
200.67589726941327
 10
108.8956032255784
 20
199.64730038171604
  0
LWPOLYLINE
  5
59E
330
17
100
AcDbEntity
  8
OUTLINE
100
AcDbPolyline
 90
2
 70
0
 10
108.00773990985839
 20
200.08445405898738
 10
108.00773990985839
 20
180.2839639708158
  0
LWPOLYLINE
  5
59F
330
17
100
AcDbEntity
  8
OUTLINE
100
AcDbPolyline
 90
2
 70
0
 10
108.00773990985839
 20
180.2839639708158
 10
105.91864975522307
 20
179.25536708311859
  0
LWPOLYLINE
  5
5A0
330
17
100
AcDbEntity
  8
OUTLINE
100
AcDbPolyline
 90
2
 70
0
 10
105.91864975522307
 20
189.5413359600908
 10
105.91864975522307
 20
179.25536708311856
  0
LWPOLYLINE
  5
5A1
330
17
100
AcDbEntity
  8
OUTLINE
100
AcDbPolyline
 90
2
 70
0
 10
95.99547152070531
 20
196.87008878493353
 10
105.91864975522307
 20
189.5413359600908
  0
LWPOLYLINE
  5
5A2
330
17
100
AcDbEntity
  8
OUTLINE
100
AcDbPolyline
 90
2
 70
0
 10
108.00773990985839
 20
180.2839639708158
 10
125.76500622425861
 20
171.54089042538936
  0
LWPOLYLINE
  5
5A3
330
17
100
AcDbEntity
  8
OUTLINE
100
AcDbPolyline
 90
2
 70
0
 10
125.7650062242586
 20
171.54089042538936
 10
123.67591606962328
 20
170.51229353769216
  0
LWPOLYLINE
  5
5A4
330
17
100
AcDbEntity
  8
OUTLINE
100
AcDbPolyline
 90
2
 70
0
 10
105.91864975522307
 20
179.25536708311856
 10
123.67591606962327
 20
170.51229353769213
  0
LWPOLYLINE
  5
5A5
330
17
100
AcDbEntity
  8
OUTLINE
100
AcDbPolyline
 90
2
 70
0
 10
125.7650062242586
 20
181.0554116365887
 10
125.7650062242586
 20
171.54089042538936
  0
LWPOLYLINE
  5
5A6
330
17
100
AcDbEntity
  8
OUTLINE
100
AcDbPolyline
 90
2
 70
0
 10
106.80651307094308
 20
203.8902625434671
 10
106.80651307094308
 20
200.67589726941327
  0
LWPOLYLINE
  5
5A7
330
17
100
AcDbEntity
  8
OUTLINE
100
AcDbPolyline
 90
2
 70
0
 10
161.12285709146138
 20
230.63378162359496
 10
161.12285709146138
 20
227.4194163495411
  0
LWPOLYLINE
  5
5A8
330
17
100
AcDbEntity
  8
OUTLINE
100
AcDbPolyline
 90
2
 70
0
 10
163.73421978475554
 20
229.34803551397343
 10
163.73421978475554
 20
226.13367023991958
  0
LWPOLYLINE
  5
5A9
330
17
100
AcDbEntity
  8
OUTLINE
100
AcDbPolyline
 90
2
 70
0
 10
210.89543002564787
 20
230.55663685701765
 10
210.89543002564787
 20
226.69939852815307
  0
LWPOLYLINE
  5
5AA
330
17
100
AcDbEntity
  8
OUTLINE
100
AcDbPolyline
 90
2
 70
0
 10
75.10456997435212
 20
199.6987302261009
 10
75.10456997435212
 20
195.84149189723632
  0
LWPOLYLINE
  5
5AB
330
17
100
AcDbEntity
  8
OUTLINE
100
AcDbPolyline
 90
2
 70
0
 10
174.33635231952977
 20
248.5570823917191
 10
174.33635231952977
 20
244.6998440628545
  0
LWPOLYLINE
  5
5AC
330
17
100
AcDbEntity
  8
OUTLINE
100
AcDbPolyline
 90
12
 70
0
 10
137.25500207475284
 20
195.45576806434985
 10
137.777291861236
 20
195.2650469051606
 10
138.38953568303185
 20
195.15718707911498
 10
139.03900751330727
 20
195.14147740200798
 10
139.66977527413619
 20
195.21927078068353
 10
140.2275176694941
 20
195.38386770160565
 10
140.4636301027801
 20
195.49455044967348
 10
140.66420229879697
 20
195.6210931884655
 10
140.82489247521488
 20
195.760756649837
 10
140.94222217498742
 20
195.9105175416231
 10
141.0136515644419
 20
196.06713399278402
 10
141.0376344130084
 20
196.22721573012277
  0
LWPOLYLINE
  5
5AD
330
17
100
AcDbEntity
  8
OUTLINE
100
AcDbPolyline
 90
17
 70
0
 10
141.0376344130084
 20
196.22721573012277
 10
140.99505815444138
 20
196.4400576622588
 10
140.86896556048012
 20
196.64472019830595
 10
140.66420229879697
 20
196.83333827178006
 10
140.38863730670585
 20
196.99866339589568
 10
140.0528603923142
 20
197.1343422188485
 10
139.66977527413619
 20
197.235160679562
 10
139.25410369842683
 20
197.29724438113055
 10
138.82181969072934
 20
197.3182074817199
 10
138.38953568303185
 20
197.29724438113055
 10
137.97386410732253
 20
197.235160679562
 10
137.59077898914452
 20
197.1343422188485
 10
137.25500207475284
 20
196.99866339589568
 10
136.97943708266172
 20
196.83333827178006
 10
136.77467382097856
 20
196.64472019830595
 10
136.6485812270173
 20
196.4400576622588
 10
136.60600496845032
 20
196.2272157301228
  0
LWPOLYLINE
  5
5AE
330
17
100
AcDbEntity
  8
OUTLINE
100
AcDbPolyline
 90
5
 70
0
 10
136.60600496845032
 20
196.22721573012277
 10
136.6485812270173
 20
196.01437379798676
 10
136.77467382097856
 20
195.80971126193958
 10
136.97943708266172
 20
195.6210931884655
 10
137.25500207475284
 20
195.45576806434985
  0
LWPOLYLINE
  5
5AF
330
17
100
AcDbEntity
  8
OUTLINE
100
AcDbPolyline
 90
17
 70
0
 10
141.0376344130084
 20
196.87008878493353
 10
140.99505815444138
 20
197.08293071706956
 10
140.86896556048012
 20
197.2875932531167
 10
140.66420229879697
 20
197.47621132659083
 10
140.38863730670585
 20
197.64153645070644
 10
140.0528603923142
 20
197.77721527365927
 10
139.66977527413619
 20
197.87803373437276
 10
139.25410369842683
 20
197.94011743594132
 10
138.82181969072934
 20
197.96108053653066
 10
138.38953568303185
 20
197.94011743594132
 10
137.97386410732253
 20
197.87803373437276
 10
137.59077898914452
 20
197.77721527365927
 10
137.25500207475284
 20
197.64153645070644
 10
136.97943708266172
 20
197.47621132659083
 10
136.77467382097856
 20
197.2875932531167
 10
136.6485812270173
 20
197.08293071706956
 10
136.60600496845032
 20
196.87008878493356
  0
LWPOLYLINE
  5
5B0
330
17
100
AcDbEntity
  8
OUTLINE
100
AcDbPolyline
 90
15
 70
0
 10
140.29902950558204
 20
199.4415810041766
 10
140.27064533320404
 20
199.5834756256006
 10
140.18658360389654
 20
199.71991731629873
 10
140.05007476277444
 20
199.84566269861477
 10
139.866364768047
 20
199.9558794480252
 10
139.6425134917859
 20
200.04633199666043
 10
139.38712341300058
 20
200.11354430380274
 10
138.82181969072934
 20
200.16890883857468
 10
138.25651596845813
 20
200.11354430380274
 10
138.0011258896728
 20
200.04633199666043
 10
137.7772746134117
 20
199.9558794480252
 10
137.59356461868427
 20
199.84566269861477
 10
137.45705577756218
 20
199.71991731629873
 10
137.37299404825464
 20
199.5834756256006
 10
137.34460987587664
 20
199.4415810041766
  0
LWPOLYLINE
  5
5B1
330
17
100
AcDbEntity
  8
OUTLINE
100
AcDbPolyline
 90
2
 70
0
 10
126.80955130157626
 20
193.01285045606895
 10
128.83335738887922
 20
192.01639722111227
  0
LWPOLYLINE
  5
5B2
330
17
100
AcDbEntity
  8
OUTLINE
100
AcDbPolyline
 90
2
 70
0
 10
167.02453677830616
 20
225.67080164045584
 10
167.54680931696498
 20
225.41365241853154
  0
LWPOLYLINE
  5
5B3
330
17
100
AcDbEntity
  8
OUTLINE
100
AcDbPolyline
 90
2
 70
0
 10
167.02453677830616
 20
225.67080164045584
 10
161.08368665106195
 20
222.74572924106684
  0
LWPOLYLINE
  5
5B4
330
17
100
AcDbEntity
  8
OUTLINE
100
AcDbPolyline
 90
2
 70
0
 10
120.5422808376703
 20
198.15583489455508
 10
126.80955130157626
 20
195.07004423146338
  0
LWPOLYLINE
  5
5B5
330
17
100
AcDbEntity
  8
OUTLINE
100
AcDbPolyline
 90
2
 70
0
 10
117.24624726126703
 20
197.7214958681103
 10
118.45319068303498
 20
197.12723800685785
  0
LWPOLYLINE
  5
5B6
330
17
100
AcDbEntity
  8
OUTLINE
100
AcDbPolyline
 90
2
 70
0
 10
120.5422808376703
 20
198.15583489455508
 10
118.45319068303499
 20
197.12723800685785
  0
LWPOLYLINE
  5
5B7
330
17
100
AcDbEntity
  8
OUTLINE
100
AcDbPolyline
 90
2
 70
0
 10
182.69271293807105
 20
223.09930942121278
 10
182.69271293807105
 20
222.7135855883263
  0
LWPOLYLINE
  5
5B8
330
17
100
AcDbEntity
  8
OUTLINE
100
AcDbPolyline
 90
2
 70
0
 10
118.45319068303498
 20
183.62690385583176
 10
124.72046114694093
 20
180.54111319274008
  0
LWPOLYLINE
  5
5B9
330
17
100
AcDbEntity
  8
OUTLINE
100
AcDbPolyline
 90
2
 70
0
 10
118.45319068303498
 20
197.12723800685785
 10
118.45319068303498
 20
183.62690385583176
  0
LWPOLYLINE
  5
5BA
330
17
100
AcDbEntity
  8
OUTLINE
100
AcDbPolyline
 90
2
 70
0
 10
167.02453677830616
 20
228.7565923035475
 10
167.02453677830616
 20
225.67080164045584
  0
LWPOLYLINE
  5
5BB
330
17
100
AcDbEntity
  8
OUTLINE
100
AcDbPolyline
 90
2
 70
0
 10
175.77260180084156
 20
226.50653661170983
 10
182.69271293807105
 20
223.09930942121278
  0
LWPOLYLINE
  5
5BC
330
17
100
AcDbEntity
  8
OUTLINE
100
AcDbPolyline
 90
2
 70
0
 10
126.80955130157626
 20
181.56971008043732
 10
124.72046114694095
 20
180.54111319274008
  0
LWPOLYLINE
  5
5BD
330
17
100
AcDbEntity
  8
OUTLINE
100
AcDbPolyline
 90
2
 70
0
 10
126.80955130157626
 20
195.07004423146338
 10
126.80955130157626
 20
181.56971008043732
  0
LWPOLYLINE
  5
5BE
330
17
100
AcDbEntity
  8
OUTLINE
100
AcDbPolyline
 90
2
 70
0
 10
164.93544662367083
 20
229.78518919124474
 10
163.73421978475554
 20
229.19374598081882
  0
LWPOLYLINE
  5
5BF
330
17
100
AcDbEntity
  8
OUTLINE
100
AcDbPolyline
 90
2
 70
0
 10
120.5422808376703
 20
198.15583489455508
 10
120.5422808376703
 20
184.655500743529
  0
LWPOLYLINE
  5
5C0
330
17
100
AcDbEntity
  8
OUTLINE
100
AcDbPolyline
 90
2
 70
0
 10
120.5422808376703
 20
184.655500743529
 10
126.80955130157626
 20
181.56971008043732
  0
LWPOLYLINE
  5
5C1
330
17
100
AcDbEntity
  8
OUTLINE
100
AcDbPolyline
 90
2
 70
0
 10
120.5422808376703
 20
184.655500743529
 10
118.45319068303499
 20
183.62690385583176
  0
LWPOLYLINE
  5
5C2
330
17
100
AcDbEntity
  8
OUTLINE
100
AcDbPolyline
 90
2
 70
0
 10
159.9803859131452
 20
207.35213394362307
 10
140.32199256380983
 20
197.67301015311153
  0
LWPOLYLINE
  5
5C3
330
17
100
AcDbEntity
  8
OUTLINE
100
AcDbPolyline
 90
2
 70
0
 10
136.71113820128647
 20
195.89514836434262
 10
126.80955130157626
 20
191.01994398615557
  0
LWPOLYLINE
  5
5C4
330
17
100
AcDbEntity
  8
OUTLINE
100
AcDbPolyline
 90
2
 70
0
 10
127.59296010956452
 20
192.49855201222033
 10
127.59296010956452
 20
191.40566781904204
  0
LWPOLYLINE
  5
5C5
330
17
100
AcDbEntity
  8
OUTLINE
100
AcDbPolyline
 90
2
 70
0
 10
126.80955130157626
 20
188.83417559979895
 10
130.0998682951269
 20
187.21413550167583
  0
LWPOLYLINE
  5
5C6
330
17
100
AcDbEntity
  8
OUTLINE
100
AcDbPolyline
 90
2
 70
0
 10
159.9803859131452
 20
205.42351477919078
 10
141.01946930417697
 20
196.08780479626
  0
LWPOLYLINE
  5
5C7
330
17
100
AcDbEntity
  8
OUTLINE
100
AcDbPolyline
 90
2
 70
0
 10
139.10496463591116
 20
195.1451678598451
 10
126.80955130157626
 20
189.09132482172328
  0
LWPOLYLINE
  5
5C8
330
17
100
AcDbEntity
  8
OUTLINE
100
AcDbPolyline
 90
2
 70
0
 10
163.33598697402817
 20
203.57846911188386
 10
136.18946058359364
 20
190.21244347865033
  0
LWPOLYLINE
  5
5C9
330
17
100
AcDbEntity
  8
OUTLINE
100
AcDbPolyline
 90
2
 70
0
 10
132.33984907465373
 20
188.31702579734386
 10
130.0998682951269
 20
187.21413550167583
  0
LWPOLYLINE
  5
5CA
330
17
100
AcDbEntity
  8
OUTLINE
100
AcDbPolyline
 90
2
 70
0
 10
127.72352824422921
 20
192.5628393177014
 10
127.59296010956452
 20
192.49855201222033
  0
LWPOLYLINE
  5
5CB
330
17
100
AcDbEntity
  8
OUTLINE
100
AcDbPolyline
 90
2
 70
0
 10
108.8956032255784
 20
201.7044941571105
 10
108.8956032255784
 20
197.65439391180269
  0
LWPOLYLINE
  5
5CC
330
17
100
AcDbEntity
  8
OUTLINE
100
AcDbPolyline
 90
2
 70
0
 10
112.44705648845844
 20
195.90577920271738
 10
108.8956032255784
 20
197.65439391180266
  0
LWPOLYLINE
  5
5CD
330
17
100
AcDbEntity
  8
OUTLINE
100
AcDbPolyline
 90
2
 70
0
 10
162.06294766104728
 20
222.26357444995878
 10
161.01840258372962
 20
222.7778728938074
  0
LWPOLYLINE
  5
5CE
330
17
100
AcDbEntity
  8
OUTLINE
100
AcDbPolyline
 90
2
 70
0
 10
161.01840258372962
 20
224.89935397468292
 10
161.01840258372962
 20
222.7778728938074
  0
LWPOLYLINE
  5
5CF
330
17
100
AcDbEntity
  8
OUTLINE
100
AcDbPolyline
 90
2
 70
0
 10
161.01840258372962
 20
224.89935397468292
 10
158.51149439816723
 20
226.13367023991958
  0
LWPOLYLINE
  5
5D0
330
17
100
AcDbEntity
  8
OUTLINE
100
AcDbPolyline
 90
2
 70
0
 10
158.51149439816723
 20
226.13367023991958
 10
158.51149439816723
 20
222.08356999461176
  0
LWPOLYLINE
  5
5D1
330
17
100
AcDbEntity
  8
OUTLINE
100
AcDbPolyline
 90
2
 70
0
 10
160.69198224706784
 20
221.00997199307778
 10
158.51149439816723
 20
222.08356999461176
  0
LWPOLYLINE
  5
5D2
330
17
100
AcDbEntity
  8
OUTLINE
100
AcDbPolyline
 90
2
 70
0
 10
162.06294766104728
 20
222.26357444995878
 10
162.06294766104728
 20
221.6849887006291
  0
LWPOLYLINE
  5
5D3
330
17
100
AcDbEntity
  8
OUTLINE
100
AcDbPolyline
 90
2
 70
0
 10
112.44705648845844
 20
195.90577920271738
 10
114.86814585139989
 20
197.09784120063205
  0
LWPOLYLINE
  5
5D4
330
17
100
AcDbEntity
  8
OUTLINE
100
AcDbPolyline
 90
2
 70
0
 10
117.38764919187578
 20
198.3383588914584
 10
154.03858625081213
 20
216.38403284495502
  0
LWPOLYLINE
  5
5D5
330
17
100
AcDbEntity
  8
OUTLINE
100
AcDbPolyline
 90
2
 70
0
 10
156.558089591288
 20
217.62455053578134
 10
159.9803859131452
 20
219.3095727631033
  0
LWPOLYLINE
  5
5D6
330
17
100
AcDbEntity
  8
OUTLINE
100
AcDbPolyline
 90
2
 70
0
 10
108.8956032255784
 20
197.65439391180269
 10
113.28432624896578
 20
199.815251753579
  0
LWPOLYLINE
  5
5D7
330
17
100
AcDbEntity
  8
OUTLINE
100
AcDbPolyline
 90
2
 70
0
 10
114.95233097536762
 20
200.6365205085125
 10
152.454766648378
 20
219.10144339790193
  0
LWPOLYLINE
  5
5D8
330
17
100
AcDbEntity
  8
OUTLINE
100
AcDbPolyline
 90
2
 70
0
 10
154.12277137477986
 20
219.92271215283546
 10
158.51149439816723
 20
222.08356999461176
  0
LWPOLYLINE
  5
5D9
330
17
100
AcDbEntity
  8
OUTLINE
100
AcDbPolyline
 90
2
 70
0
 10
108.8956032255784
 20
201.7044941571105
 10
158.51149439816723
 20
226.13367023991958
  0
LWPOLYLINE
  5
5DA
330
17
100
AcDbEntity
  8
OUTLINE
100
AcDbPolyline
 90
2
 70
0
 10
169.6358994716003
 20
240.32830729014128
 10
169.6358994716003
 20
237.75681507089823
  0
LWPOLYLINE
  5
5DB
330
17
100
AcDbEntity
  8
OUTLINE
100
AcDbPolyline
 90
2
 70
0
 10
169.6358994716003
 20
237.75681507089823
 10
202.01679686844776
 20
221.81356331159125
  0
LWPOLYLINE
  5
5DC
330
17
100
AcDbEntity
  8
OUTLINE
100
AcDbPolyline
 90
2
 70
0
 10
202.01679686844776
 20
224.3850555308343
 10
202.01679686844776
 20
221.81356331159125
  0
LWPOLYLINE
  5
5DD
330
17
100
AcDbEntity
  8
OUTLINE
100
AcDbPolyline
 90
2
 70
0
 10
169.6358994716003
 20
240.32830729014128
 10
202.01679686844776
 20
224.3850555308343
  0
LWPOLYLINE
  5
5DE
330
17
100
AcDbEntity
  8
OUTLINE
100
AcDbPolyline
 90
2
 70
0
 10
183.4761217460593
 20
223.22788403217493
 10
185.04293936203578
 20
223.99933169794784
  0
LWPOLYLINE
  5
5DF
330
17
100
AcDbEntity
  8
OUTLINE
100
AcDbPolyline
 90
2
 70
0
 10
169.6358994716003
 20
240.32830729014128
 10
159.19044869842372
 20
235.18532285165517
  0
LWPOLYLINE
  5
5E0
330
17
100
AcDbEntity
  8
OUTLINE
100
AcDbPolyline
 90
2
 70
0
 10
167.28567304763556
 20
228.62801769258536
 10
167.54680931696498
 20
228.7565923035475
  0
LWPOLYLINE
  5
5E1
330
17
100
AcDbEntity
  8
OUTLINE
100
AcDbPolyline
 90
2
 70
0
 10
159.19044869842372
 20
232.6138306324121
 10
167.28567304763558
 20
228.62801769258536
  0
LWPOLYLINE
  5
5E2
330
17
100
AcDbEntity
  8
OUTLINE
100
AcDbPolyline
 90
2
 70
0
 10
159.19044869842372
 20
235.18532285165517
 10
159.19044869842372
 20
232.6138306324121
  0
LWPOLYLINE
  5
5E3
330
17
100
AcDbEntity
  8
OUTLINE
100
AcDbPolyline
 90
2
 70
0
 10
175.90316993550627
 20
228.4994430816232
 10
187.65430205532994
 20
222.7135855883263
  0
LWPOLYLINE
  5
5E4
330
17
100
AcDbEntity
  8
OUTLINE
100
AcDbPolyline
 90
2
 70
0
 10
183.4761217460593
 20
223.22788403217493
 10
183.4761217460593
 20
222.32786175543987
  0
LWPOLYLINE
  5
5E5
330
17
100
AcDbEntity
  8
OUTLINE
100
AcDbPolyline
 90
2
 70
0
 10
185.1735074967005
 20
221.49212678418587
 10
187.65430205532994
 20
222.7135855883263
  0
LWPOLYLINE
  5
5E6
330
17
100
AcDbEntity
  8
OUTLINE
100
AcDbPolyline
 90
2
 70
0
 10
202.01679686844776
 20
221.81356331159125
 10
196.79407148185945
 20
219.24207109234817
  0
LWPOLYLINE
  5
5E7
330
17
100
AcDbEntity
  8
OUTLINE
100
AcDbPolyline
 90
2
 70
0
 10
169.6358994716003
 20
237.75681507089823
 10
159.19044869842372
 20
232.6138306324121
  0
LWPOLYLINE
  5
5E8
330
17
100
AcDbEntity
  8
OUTLINE
100
AcDbPolyline
 90
2
 70
0
 10
172.7695347035533
 20
235.18532285165517
 10
175.90316993550627
 20
233.64242752010932
  0
LWPOLYLINE
  5
5E9
330
17
100
AcDbEntity
  8
OUTLINE
100
AcDbPolyline
 90
2
 70
0
 10
172.7695347035533
 20
235.18532285165517
 10
169.61490305775874
 20
233.63208960056943
  0
LWPOLYLINE
  5
5EA
330
17
100
AcDbEntity
  8
OUTLINE
100
AcDbPolyline
 90
2
 70
0
 10
193.66043624990647
 20
224.89935397468292
 10
196.79407148185945
 20
223.35645864313707
  0
LWPOLYLINE
  5
5EB
330
17
100
AcDbEntity
  8
OUTLINE
100
AcDbPolyline
 90
2
 70
0
 10
193.66043624990647
 20
224.89935397468292
 10
188.4377108633182
 20
222.32786175543987
  0
LWPOLYLINE
  5
5EC
330
17
100
AcDbEntity
  8
OUTLINE
100
AcDbPolyline
 90
2
 70
0
 10
196.79407148185945
 20
223.35645864313707
 10
196.79407148185945
 20
216.28485504021864
  0
LWPOLYLINE
  5
5ED
330
17
100
AcDbEntity
  8
OUTLINE
100
AcDbPolyline
 90
2
 70
0
 10
196.79407148185945
 20
216.28485504021864
 10
193.66043624990647
 20
214.74195970867282
  0
LWPOLYLINE
  5
5EE
330
17
100
AcDbEntity
  8
OUTLINE
100
AcDbPolyline
 90
2
 70
0
 10
193.66043624990647
 20
214.74195970867282
 10
193.66043624990647
 20
214.09908665386206
  0
LWPOLYLINE
  5
5EF
330
17
100
AcDbEntity
  8
OUTLINE
100
AcDbPolyline
 90
2
 70
0
 10
193.66043624990647
 20
214.09908665386206
 10
191.57134609527117
 20
213.07048976616483
  0
LWPOLYLINE
  5
5F0
330
17
100
AcDbEntity
  8
OUTLINE
100
AcDbPolyline
 90
2
 70
0
 10
185.70808329234055
 20
218.01455458322485
 10
193.66043624990647
 20
214.09908665386206
  0
LWPOLYLINE
  5
5F1
330
17
100
AcDbEntity
  8
OUTLINE
100
AcDbPolyline
 90
2
 70
0
 10
187.65430205532994
 20
214.99910893059712
 10
191.57134609527117
 20
213.07048976616483
  0
LWPOLYLINE
  5
5F2
330
17
100
AcDbEntity
  8
OUTLINE
100
AcDbPolyline
 90
2
 70
0
 10
182.44524537098889
 20
217.5638711460827
 10
187.65430205532994
 20
214.99910893059712
  0
LWPOLYLINE
  5
5F3
330
17
100
AcDbEntity
  8
OUTLINE
100
AcDbPolyline
 90
3
 70
0
 10
182.2026842623586
 20
217.4444423120231
 10
182.0932662358009
 20
217.26770055835783
 10
181.94167540765952
 20
217.15127459413418
  0
LWPOLYLINE
  5
5F4
330
17
100
AcDbEntity
  8
OUTLINE
100
AcDbPolyline
 90
5
 70
0
 10
181.94167540765952
 20
217.15127459413418
 10
181.81740655139316
 20
217.1099539117955
 10
181.68092051197323
 20
217.10178413423534
 10
181.5360917595632
 20
217.12699717938128
 10
181.38703159142398
 20
217.18487731695373
  0
LWPOLYLINE
  5
5F5
330
17
100
AcDbEntity
  8
OUTLINE
100
AcDbPolyline
 90
2
 70
0
 10
182.06598589168044
 20
219.27977948154404
 10
180.51310247931934
 20
218.51519254336563
  0
LWPOLYLINE
  5
5F6
330
17
100
AcDbEntity
  8
OUTLINE
100
AcDbPolyline
 90
5
 70
0
 10
181.38703159142398
 20
217.18487731695373
 10
181.0839624618178
 20
217.39973960345142
 10
180.81729951446306
 20
217.72007428034703
 10
180.619075638601
 20
218.10740114134683
 10
180.51310247931934
 20
218.5151925433656
  0
LWPOLYLINE
  5
5F7
330
17
100
AcDbEntity
  8
OUTLINE
100
AcDbPolyline
 90
2
 70
0
 10
169.6358994716003
 20
225.92795086238013
 10
182.06598589168044
 20
219.80779938058166
  0
LWPOLYLINE
  5
5F8
330
17
100
AcDbEntity
  8
OUTLINE
100
AcDbPolyline
 90
2
 70
0
 10
175.11976112751802
 20
221.17069025678046
 10
180.51310247931934
 20
218.5151925433656
  0
LWPOLYLINE
  5
5F9
330
17
100
AcDbEntity
  8
OUTLINE
100
AcDbPolyline
 90
2
 70
0
 10
167.54680931696498
 20
224.89935397468292
 10
175.11976112751802
 20
221.17069025678046
  0
LWPOLYLINE
  5
5FA
330
17
100
AcDbEntity
  8
OUTLINE
100
AcDbPolyline
 90
2
 70
0
 10
169.6358994716003
 20
225.92795086238013
 10
167.54680931696498
 20
224.89935397468292
  0
LWPOLYLINE
  5
5FB
330
17
100
AcDbEntity
  8
OUTLINE
100
AcDbPolyline
 90
2
 70
0
 10
173.0306709728827
 20
222.1992871444777
 10
173.0306709728827
 20
204.71314005362487
  0
LWPOLYLINE
  5
5FC
330
17
100
AcDbEntity
  8
OUTLINE
100
AcDbPolyline
 90
2
 70
0
 10
173.0306709728827
 20
204.71314005362487
 10
185.5652119006946
 20
198.54155872744153
  0
LWPOLYLINE
  5
5FD
330
17
100
AcDbEntity
  8
OUTLINE
100
AcDbPolyline
 90
2
 70
0
 10
187.65430205532994
 20
199.57015561513876
 10
185.5652119006946
 20
198.54155872744153
  0
LWPOLYLINE
  5
5FE
330
17
100
AcDbEntity
  8
OUTLINE
100
AcDbPolyline
 90
2
 70
0
 10
187.65430205532994
 20
214.99910893059712
 10
187.65430205532994
 20
199.57015561513876
  0
LWPOLYLINE
  5
5FF
330
17
100
AcDbEntity
  8
OUTLINE
100
AcDbPolyline
 90
2
 70
0
 10
175.38089739684744
 20
226.3136746952666
 10
184.46438118507496
 20
221.84127644414852
  0
LWPOLYLINE
  5
600
330
17
100
AcDbEntity
  8
OUTLINE
100
AcDbPolyline
 90
2
 70
0
 10
184.78586147714248
 20
221.68299049026425
 10
190.5268010179535
 20
218.85634725946173
  0
LWPOLYLINE
  5
601
330
17
100
AcDbEntity
  8
OUTLINE
100
AcDbPolyline
 90
2
 70
0
 10
175.11976112751802
 20
205.7417369413221
 10
187.65430205532994
 20
199.57015561513876
  0
LWPOLYLINE
  5
602
330
17
100
AcDbEntity
  8
OUTLINE
100
AcDbPolyline
 90
2
 70
0
 10
175.11976112751802
 20
205.7417369413221
 10
173.0306709728827
 20
204.71314005362487
  0
LWPOLYLINE
  5
603
330
17
100
AcDbEntity
  8
OUTLINE
100
AcDbPolyline
 90
2
 70
0
 10
175.11976112751802
 20
221.17069025678046
 10
175.11976112751802
 20
205.7417369413221
  0
LWPOLYLINE
  5
604
330
17
100
AcDbEntity
  8
OUTLINE
100
AcDbPolyline
 90
2
 70
0
 10
169.6358994716003
 20
226.57082391719092
 10
169.6358994716003
 20
225.92795086238013
  0
LWPOLYLINE
  5
605
330
17
100
AcDbEntity
  8
OUTLINE
100
AcDbPolyline
 90
2
 70
0
 10
190.5268010179535
 20
216.28485504021864
 10
193.66043624990647
 20
214.74195970867282
  0
LWPOLYLINE
  5
606
330
17
100
AcDbEntity
  8
OUTLINE
100
AcDbPolyline
 90
2
 70
0
 10
190.5268010179535
 20
216.28485504021864
 10
190.5268010179535
 20
218.85634725946173
  0
LWPOLYLINE
  5
607
330
17
100
AcDbEntity
  8
OUTLINE
100
AcDbPolyline
 90
2
 70
0
 10
169.6358994716003
 20
226.57082391719092
 10
172.7695347035533
 20
225.02792858564507
  0
LWPOLYLINE
  5
608
330
17
100
AcDbEntity
  8
OUTLINE
100
AcDbPolyline
 90
2
 70
0
 10
175.90316993550627
 20
226.57082391719092
 10
172.7695347035533
 20
225.02792858564507
  0
LWPOLYLINE
  5
609
330
17
100
AcDbEntity
  8
OUTLINE
100
AcDbPolyline
 90
2
 70
0
 10
172.7695347035533
 20
228.11371924873674
 10
169.6358994716003
 20
226.5708239171909
  0
LWPOLYLINE
  5
60A
330
17
100
AcDbEntity
  8
OUTLINE
100
AcDbPolyline
 90
2
 70
0
 10
172.7695347035533
 20
228.11371924873674
 10
175.90316993550627
 20
226.5708239171909
  0
LWPOLYLINE
  5
60B
330
17
100
AcDbEntity
  8
OUTLINE
100
AcDbPolyline
 90
2
 70
0
 10
193.66043624990647
 20
217.8277503717645
 10
190.5268010179535
 20
216.28485504021864
  0
LWPOLYLINE
  5
60C
330
17
100
AcDbEntity
  8
OUTLINE
100
AcDbPolyline
 90
2
 70
0
 10
193.66043624990647
 20
217.8277503717645
 10
196.79407148185945
 20
216.28485504021864
  0
LWPOLYLINE
  5
60D
330
17
100
AcDbEntity
  8
OUTLINE
100
AcDbPolyline
 90
2
 70
0
 10
188.4377108633182
 20
222.32786175543987
 10
188.4377108633182
 20
219.88494414715893
  0
LWPOLYLINE
  5
60E
330
17
100
AcDbEntity
  8
OUTLINE
100
AcDbPolyline
 90
2
 70
0
 10
193.66043624990647
 20
224.89935397468292
 10
193.66043624990647
 20
217.8277503717645
  0
LWPOLYLINE
  5
60F
330
17
100
AcDbEntity
  8
OUTLINE
100
AcDbPolyline
 90
2
 70
0
 10
167.54680931696498
 20
231.59557166425478
 10
167.54680931696498
 20
224.89935397468292
  0
LWPOLYLINE
  5
610
330
17
100
AcDbEntity
  8
OUTLINE
100
AcDbPolyline
 90
2
 70
0
 10
172.7695347035533
 20
235.18532285165517
 10
172.7695347035533
 20
228.11371924873674
  0
LWPOLYLINE
  5
611
330
17
100
AcDbEntity
  8
OUTLINE
100
AcDbPolyline
 90
2
 70
0
 10
175.90316993550627
 20
233.64242752010932
 10
175.90316993550627
 20
226.57082391719092
  0
LWPOLYLINE
  5
612
330
17
100
AcDbEntity
  8
OUTLINE
100
AcDbPolyline
 90
2
 70
0
 10
162.5852201997061
 20
221.9421379225534
 10
162.5852201997061
 20
206.513184607095
  0
LWPOLYLINE
  5
613
330
17
100
AcDbEntity
  8
OUTLINE
100
AcDbPolyline
 90
2
 70
0
 10
162.5852201997061
 20
206.513184607095
 10
180.34248651410633
 20
197.77011106166862
  0
LWPOLYLINE
  5
614
330
17
100
AcDbEntity
  8
OUTLINE
100
AcDbPolyline
 90
2
 70
0
 10
162.5852201997061
 20
221.9421379225534
 10
161.01840258372962
 20
221.17069025678046
  0
LWPOLYLINE
  5
615
330
17
100
AcDbEntity
  8
OUTLINE
100
AcDbPolyline
 90
2
 70
0
 10
161.01840258372962
 20
221.17069025678046
 10
161.01840258372962
 20
205.7417369413221
  0
LWPOLYLINE
  5
616
330
17
100
AcDbEntity
  8
OUTLINE
100
AcDbPolyline
 90
2
 70
0
 10
162.5852201997061
 20
206.513184607095
 10
161.01840258372962
 20
205.7417369413221
  0
LWPOLYLINE
  5
617
330
17
100
AcDbEntity
  8
OUTLINE
100
AcDbPolyline
 90
2
 70
0
 10
180.34248651410633
 20
197.77011106166862
 10
178.77566889812982
 20
196.99866339589568
  0
LWPOLYLINE
  5
618
330
17
100
AcDbEntity
  8
OUTLINE
100
AcDbPolyline
 90
2
 70
0
 10
161.01840258372962
 20
205.7417369413221
 10
178.77566889812982
 20
196.99866339589568
  0
LWPOLYLINE
  5
619
330
17
100
AcDbEntity
  8
OUTLINE
100
AcDbPolyline
 90
2
 70
0
 10
168.0690818556238
 20
224.6422047527586
 10
163.62323687029053
 20
222.45322200112795
  0
LWPOLYLINE
  5
61A
330
17
100
AcDbEntity
  8
OUTLINE
100
AcDbPolyline
 90
2
 70
0
 10
168.59135439428263
 20
224.3850555308343
 10
168.59135439428263
 20
223.29217133765601
  0
LWPOLYLINE
  5
61B
330
17
100
AcDbEntity
  8
OUTLINE
100
AcDbPolyline
 90
2
 70
0
 10
168.59135439428263
 20
223.29217133765601
 10
165.25533855359936
 20
221.6496306826145
  0
LWPOLYLINE
  5
61C
330
17
100
AcDbEntity
  8
OUTLINE
100
AcDbPolyline
 90
2
 70
0
 10
168.59135439428263
 20
223.29217133765601
 10
173.0306709728827
 20
221.1064029512994
  0
LWPOLYLINE
  5
61D
330
17
100
AcDbEntity
  8
OUTLINE
100
AcDbPolyline
 90
2
 70
0
 10
180.34248651410633
 20
197.77011106166862
 10
162.5852201997061
 20
206.513184607095
  0
LWPOLYLINE
  5
61E
330
17
100
AcDbEntity
  8
OUTLINE
100
AcDbPolyline
 90
2
 70
0
 10
162.5852201997061
 20
221.9421379225534
 10
162.5852201997061
 20
206.513184607095
  0
LWPOLYLINE
  5
61F
330
17
100
AcDbEntity
  8
OUTLINE
100
AcDbPolyline
 90
17
 70
0
 10
171.11282919111744
 20
214.40198763454637
 10
171.21047709496355
 20
214.6271312487246
 10
171.27497534249065
 20
214.88311466844323
 10
171.3049660490781
 20
215.16454866279923
 10
171.29981781897803
 20
215.46550818875187
 10
171.2596390381194
 20
215.77965713133088
 10
171.18527559225407
 20
216.1003816981611
 10
171.0782930584845
 20
216.4209296599426
 10
170.9409437450957
 20
216.73455250544978
 10
170.77611927360383
 20
217.03464751825376
 10
170.58728970131304
 20
217.31489678402
 10
170.37843046603686
 20
217.5694002018541
 10
170.15393869102016
 20
217.79279969940197
 10
169.91854061209773
 20
217.98039203659738
 10
169.67719207603045
 20
218.1282278231951
 10
169.43497420483158
 20
218.23319466546823
 10
169.1969864226676
 20
218.29308269157906
  0
LWPOLYLINE
  5
620
330
17
100
AcDbEntity
  8
OUTLINE
100
AcDbPolyline
 90
17
 70
0
 10
171.11282919111744
 20
203.73029492468766
 10
171.21047709496355
 20
203.9554385388659
 10
171.27497534249065
 20
204.21142195858454
 10
171.3049660490781
 20
204.49285595294054
 10
171.29981781897803
 20
204.79381547889318
 10
171.2596390381194
 20
205.1079644214722
 10
171.18527559225407
 20
205.42868898830238
 10
171.07829305848446
 20
205.74923695008388
 10
170.9409437450957
 20
206.06285979559107
 10
170.77611927360383
 20
206.36295480839505
 10
170.587289701313
 20
206.64320407416128
 10
170.37843046603686
 20
206.8977074919954
 10
170.15393869102016
 20
207.12110698954328
 10
169.91854061209773
 20
207.3086993267387
 10
169.67719207603042
 20
207.45653511333637
 10
169.43497420483155
 20
207.56150195560951
 10
169.19698642266758
 20
207.62138998172034
  0
LWPOLYLINE
  5
621
330
17
100
AcDbEntity
  8
OUTLINE
100
AcDbPolyline
 90
2
 70
0
 10
173.0306709728827
 20
216.4524495550249
 10
172.8528941932794
 20
216.4930381381089
  0
LWPOLYLINE
  5
622
330
17
100
AcDbEntity
  8
OUTLINE
100
AcDbPolyline
 90
5
 70
0
 10
174.76873696172925
 20
201.9302503712175
 10
174.91384901797352
 20
202.32598374649652
 10
174.96307922476993
 20
202.79822390836313
 10
174.9135174947539
 20
203.31905587905294
 10
174.76809351223253
 20
203.8576923303062
  0
LWPOLYLINE
  5
623
330
17
100
AcDbEntity
  8
OUTLINE
100
AcDbPolyline
 90
2
 70
0
 10
173.03067097288272
 20
205.7807568451662
 10
172.8528941932794
 20
205.8213454282502
  0
LWPOLYLINE
  5
624
330
17
100
AcDbEntity
  8
OUTLINE
100
AcDbPolyline
 90
2
 70
0
 10
181.38050318469072
 20
200.60196686811003
 10
181.38050318469072
 20
198.28119514024317
  0
LWPOLYLINE
  5
625
330
17
100
AcDbEntity
  8
OUTLINE
100
AcDbPolyline
 90
2
 70
0
 10
180.34248651410633
 20
197.77011106166862
 10
181.38050318469075
 20
198.28119514024317
  0
LWPOLYLINE
  5
626
330
17
100
AcDbEntity
  8
OUTLINE
100
AcDbPolyline
 90
2
 70
0
 10
162.5852201997061
 20
206.513184607095
 10
163.62323687029053
 20
207.0242686856696
  0
LWPOLYLINE
  5
627
330
17
100
AcDbEntity
  8
OUTLINE
100
AcDbPolyline
 90
2
 70
0
 10
181.38050318469072
 20
198.28119514024317
 10
163.62323687029053
 20
207.02426868566957
  0
LWPOLYLINE
  5
628
330
17
100
AcDbEntity
  8
OUTLINE
100
AcDbPolyline
 90
2
 70
0
 10
162.5852201997061
 20
221.9421379225534
 10
163.62323687029053
 20
222.45322200112795
  0
LWPOLYLINE
  5
629
330
17
100
AcDbEntity
  8
OUTLINE
100
AcDbPolyline
 90
2
 70
0
 10
173.0306709728827
 20
217.8213216412164
 10
163.62323687029053
 20
222.45322200112795
  0
LWPOLYLINE
  5
62A
330
17
100
AcDbEntity
  8
OUTLINE
100
AcDbPolyline
 90
2
 70
0
 10
163.62323687029053
 20
222.45322200112795
 10
163.62323687029053
 20
207.0242686856696
  0
LWPOLYLINE
  5
62B
330
17
100
AcDbEntity
  8
OUTLINE
100
AcDbPolyline
 90
5
 70
0
 10
170.67391614218474
 20
214.54588342695553
 10
170.95449998809386
 20
214.4369325797603
 10
171.22711881615982
 20
214.38947273007386
 10
171.48403371389145
 20
214.40485113489297
 10
171.71795156098102
 20
214.48263124282462
  0
LWPOLYLINE
  5
62C
330
17
100
AcDbEntity
  8
OUTLINE
100
AcDbPolyline
 90
17
 70
0
 10
171.71795156098105
 20
214.48263124282462
 10
171.9524922207213
 20
214.64873213404235
 10
172.1378979187971
 20
214.8899374102258
 10
172.26704361820816
 20
215.1969776878807
 10
172.3349663221518
 20
215.55805358132696
 10
172.339055799207
 20
215.95928914647314
 10
172.2791548930639
 20
216.38526512556618
 10
172.15756556195277
 20
216.8196115006196
 10
171.97896041568012
 20
217.24563658402434
 10
171.75020314985431
 20
217.6469684707428
 10
171.48008477791248
 20
218.00818420143787
 10
171.1789857974042
 20
218.31540245815108
 10
170.85847727329218
 20
218.55681701556693
 10
170.53087616841475
 20
218.7231504476308
 10
170.2087720095116
 20
218.80801065382926
 10
169.9045430787712
 20
218.80813650402828
 10
169.62988072338842
 20
218.72352316187533
  0
LWPOLYLINE
  5
62D
330
17
100
AcDbEntity
  8
OUTLINE
100
AcDbPolyline
 90
17
 70
0
 10
169.62988072338842
 20
218.72352316187533
 10
169.44185179712025
 20
218.59969391964907
 10
169.28305221312053
 20
218.4284971891559
 10
169.1572493130963
 20
218.2139944204742
 10
169.06742762950142
 20
217.96127445078073
 10
169.01571808085774
 20
217.67633277740634
 10
169.00334741810715
 20
217.36592932139814
 10
169.03060912132406
 20
217.03742805598802
 10
169.09685643723026
 20
216.6986223046016
 10
169.20051772268974
 20
216.35754985301648
 10
169.33913373017634
 20
216.0223022619256
 10
169.50941595065814
 20
215.7008329037514
 10
169.70732462977918
 20
215.40076827782124
 10
169.92816460649286
 20
215.12922708023984
 10
170.16669670048213
 20
214.89265132082258
 10
170.4172620058261
 20
214.69665349365076
 10
170.6739161421847
 20
214.54588342695553
  0
LWPOLYLINE
  5
62E
330
17
100
AcDbEntity
  8
OUTLINE
100
AcDbPolyline
 90
5
 70
0
 10
170.67391614218474
 20
203.87419071709684
 10
170.95449998809386
 20
203.7652398699016
 10
171.22711881615982
 20
203.71778002021514
 10
171.48403371389145
 20
203.73315842503425
 10
171.71795156098102
 20
203.8109385329659
  0
LWPOLYLINE
  5
62F
330
17
100
AcDbEntity
  8
OUTLINE
100
AcDbPolyline
 90
17
 70
0
 10
171.71795156098105
 20
203.8109385329659
 10
171.9524922207213
 20
203.97703942418363
 10
172.1378979187971
 20
204.21824470036708
 10
172.26704361820816
 20
204.52528497802197
 10
172.3349663221518
 20
204.88636087146824
 10
172.339055799207
 20
205.28759643661442
 10
172.2791548930639
 20
205.71357241570746
 10
172.15756556195277
 20
206.14791879076088
 10
171.97896041568012
 20
206.57394387416562
 10
171.75020314985431
 20
206.97527576088407
 10
171.48008477791248
 20
207.33649149157918
 10
171.1789857974042
 20
207.6437097482924
 10
170.85847727329218
 20
207.88512430570825
 10
170.53087616841475
 20
208.05145773777207
 10
170.2087720095116
 20
208.13631794397054
 10
169.9045430787712
 20
208.1364437941696
 10
169.62988072338842
 20
208.05183045201665
  0
LWPOLYLINE
  5
630
330
17
100
AcDbEntity
  8
OUTLINE
100
AcDbPolyline
 90
17
 70
0
 10
169.62988072338842
 20
208.05183045201665
 10
169.44185179712025
 20
207.92800120979038
 10
169.28305221312053
 20
207.7568044792972
 10
169.1572493130963
 20
207.5423017106155
 10
169.06742762950142
 20
207.28958174092202
 10
169.01571808085774
 20
207.00464006754763
 10
169.00334741810715
 20
206.69423661153945
 10
169.03060912132406
 20
206.36573534612933
 10
169.09685643723026
 20
206.0269295947429
 10
169.20051772268974
 20
205.68585714315776
 10
169.33913373017634
 20
205.35060955206689
 10
169.50941595065814
 20
205.0291401938927
 10
169.70732462977918
 20
204.72907556796252
 10
169.92816460649286
 20
204.45753437038113
 10
170.16669670048213
 20
204.22095861096386
 10
170.4172620058261
 20
204.02496078379204
 10
170.6739161421847
 20
203.87419071709684
  0
LWPOLYLINE
  5
631
330
17
100
AcDbEntity
  8
OUTLINE
100
AcDbPolyline
 90
9
 70
0
 10
173.03067097288272
 20
216.73682270158946
 10
172.87145317042888
 20
216.52585014508264
 10
172.75432580038955
 20
216.26515488687875
 10
172.68266930746876
 20
215.96226092333035
 10
172.65855178908828
 20
215.62591015903763
 10
172.68266930746876
 20
215.26581010437553
 10
172.75432580038955
 20
214.89235370441133
 10
172.87145317042888
 20
214.51631938530642
 10
173.0306709728827
 20
214.14855997524364
  0
LWPOLYLINE
  5
632
330
17
100
AcDbEntity
  8
OUTLINE
100
AcDbPolyline
 90
5
 70
0
 10
174.32982391279654
 20
202.07414616362666
 10
174.61040775870566
 20
201.96519531643145
 10
174.88302658677162
 20
201.917735466745
 10
175.13994148450325
 20
201.9331138715641
 10
175.37385933159283
 20
202.01089397949576
  0
LWPOLYLINE
  5
633
330
17
100
AcDbEntity
  8
OUTLINE
100
AcDbPolyline
 90
5
 70
0
 10
175.37385933159285
 20
202.01089397949576
 10
175.63033238171215
 20
202.19894699360705
 10
175.82581598616977
 20
202.4776226967344
 10
175.95114262552485
 20
202.83385214157042
 10
176.00043490455576
 20
203.25092937279973
  0
LWPOLYLINE
  5
634
330
17
100
AcDbEntity
  8
OUTLINE
100
AcDbPolyline
 90
15
 70
0
 10
173.0306709728827
 20
206.06512999173077
 10
172.89607284877783
 20
205.8943590750386
 10
172.78981017448453
 20
205.6887453313738
 10
172.7139830360985
 20
205.4523523377829
 10
172.67009001738936
 20
205.1898519665133
 10
172.65899858305147
 20
204.90643205406067
 10
172.68092793486193
 20
204.60769387313297
 10
172.73544467956071
 20
204.29954143380903
 10
172.82147139407067
 20
203.98806480165035
 10
173.08066495806986
 20
203.37970604652406
 10
173.43811992915937
 20
202.8304723559975
 10
173.64515342163867
 20
202.59180695030403
 10
173.86571816569054
 20
202.3835675793873
 10
174.09545510527508
 20
202.20986971098193
 10
174.3298239127965
 20
202.0741461636267
  0
LWPOLYLINE
  5
635
330
17
100
AcDbEntity
  8
OUTLINE
100
AcDbPolyline
 90
3
 70
0
 10
172.50187002749064
 20
208.50287671173433
 10
172.7705308974826
 20
208.4001616322945
 10
173.0306709728827
 20
208.35983302139792
  0
LWPOLYLINE
  5
636
330
17
100
AcDbEntity
  8
OUTLINE
100
AcDbPolyline
 90
7
 70
0
 10
173.03067097288272
 20
211.85385694557647
 10
172.65127274761142
 20
212.14888718069938
 10
172.26199630790484
 20
212.32611632525106
 10
172.07171816442337
 20
212.3665643700257
 10
171.8885798474379
 20
212.37382633626245
 10
171.71562115735446
 20
212.3477816870454
 10
171.5557129292065
 20
212.2888627215054
  0
LWPOLYLINE
  5
637
330
17
100
AcDbEntity
  8
OUTLINE
100
AcDbPolyline
 90
17
 70
0
 10
171.55571292920646
 20
212.2888627215054
 10
171.38531171477592
 20
212.17664247073787
 10
171.2413995917762
 20
212.02149543372843
 10
171.12739071362924
 20
211.82710229961063
 10
171.0459898128714
 20
211.59807482707592
 10
170.99912803441305
 20
211.33984643558037
 10
170.98791712129534
 20
211.05854330357295
 10
171.01262303983566
 20
210.76083903179503
 10
171.07265966987563
 20
210.45379631960108
 10
171.16660270982328
 20
210.14469941035208
 10
171.29222346660805
 20
209.84088128092597
 10
171.44654172891964
 20
209.54954967508058
 10
171.62589646937312
 20
209.27761610783136
 10
171.82603269826987
 20
209.03153189752322
 10
172.04220240844765
 20
208.81713511555134
 10
172.26927721641565
 20
208.63951208467688
 10
172.5018700274906
 20
208.50287671173433
  0
LWPOLYLINE
  5
638
330
17
100
AcDbEntity
  8
OUTLINE
100
AcDbPolyline
 90
8
 70
0
 10
173.03067097288272
 20
211.5293650244668
 10
172.64558038571266
 20
211.9038330594343
 10
172.44129141904781
 20
212.0466858269848
 10
172.23422766391562
 20
212.15619675924043
 10
172.0282626222587
 20
212.23031725620086
 10
171.8272492425975
 20
212.26766075994928
 10
171.63494784366148
 20
212.26752869272528
 10
171.45495577082804
 20
212.22992352508513
  0
LWPOLYLINE
  5
639
330
17
100
AcDbEntity
  8
OUTLINE
100
AcDbPolyline
 90
2
 70
0
 10
161.01840258372962
 20
221.17069025678046
 10
161.01840258372962
 20
205.7417369413221
  0
LWPOLYLINE
  5
63A
330
17
100
AcDbEntity
  8
OUTLINE
100
AcDbPolyline
 90
2
 70
0
 10
161.01840258372962
 20
205.7417369413221
 10
178.77566889812982
 20
196.99866339589568
  0
LWPOLYLINE
  5
63B
330
17
100
AcDbEntity
  8
OUTLINE
100
AcDbPolyline
 90
2
 70
0
 10
161.01840258372962
 20
221.17069025678046
 10
159.9803859131452
 20
220.6596061782059
  0
LWPOLYLINE
  5
63C
330
17
100
AcDbEntity
  8
OUTLINE
100
AcDbPolyline
 90
2
 70
0
 10
159.9803859131452
 20
220.6596061782059
 10
159.9803859131452
 20
205.23065286274755
  0
LWPOLYLINE
  5
63D
330
17
100
AcDbEntity
  8
OUTLINE
100
AcDbPolyline
 90
2
 70
0
 10
161.01840258372962
 20
205.7417369413221
 10
159.9803859131452
 20
205.23065286274755
  0
LWPOLYLINE
  5
63E
330
17
100
AcDbEntity
  8
OUTLINE
100
AcDbPolyline
 90
2
 70
0
 10
178.77566889812982
 20
196.99866339589568
 10
177.7376522275454
 20
196.48757931732112
  0
LWPOLYLINE
  5
63F
330
17
100
AcDbEntity
  8
OUTLINE
100
AcDbPolyline
 90
2
 70
0
 10
159.9803859131452
 20
205.23065286274755
 10
177.7376522275454
 20
196.48757931732112
  0
LWPOLYLINE
  5
640
330
17
100
AcDbEntity
  8
OUTLINE
100
AcDbPolyline
 90
20
 70
0
 10
93.6321882832741
 20
166.39147725635513
 10
92.99055294237758
 20
166.7684024230932
 10
92.3641396790176
 20
167.25839699102272
 10
91.76780944404442
 20
167.84983638956584
 10
91.21570950226024
 20
168.52868938351938
 10
90.72093780445762
 20
169.27885094834483
 10
90.29523225325316
 20
170.0825243437803
 10
89.94869223453661
 20
170.9206433215075
 10
89.6895390208879
 20
171.77332445047034
 10
89.52392073112244
 20
172.62033882893635
 10
89.45576647308016
 20
173.44159199246167
 10
89.48669312995662
 20
174.21760063248215
 10
89.61596700156588
 20
174.92995481591814
 10
89.84052121055302
 20
175.5617547401518
 10
89.98694885837075
 20
175.84267815017893
 10
90.15502846061365
 20
176.09801166185605
 10
90.34376165984517
 20
176.3262386479021
 10
90.55202742061287
 20
176.52600348808897
 10
90.77858868816259
 20
176.69611962134042
 10
91.0220997362833
 20
176.83557659365465
  0
LWPOLYLINE
  5
641
330
17
100
AcDbEntity
  8
OUTLINE
100
AcDbPolyline
 90
9
 70
0
 10
96.2422768302649
 20
166.23334679602786
 10
95.9581476803762
 20
166.1168635594056
 10
95.65748221254087
 20
166.0388965261987
 10
95.34241799621857
 20
166.0
 10
95.01519496821182
 20
166.00045051415094
 10
94.6781395079223
 20
166.0402448657387
 10
94.33364789804692
 20
166.11910013836706
 10
93.9841692882991
 20
166.2364557135396
 10
93.63218828327413
 20
166.39147725635513
  0
LWPOLYLINE
  5
642
330
17
100
AcDbEntity
  8
OUTLINE
100
AcDbPolyline
 90
5
 70
0
 10
111.91172713633314
 20
175.39170002370588
 10
111.28218027474774
 20
175.76038302703705
 10
110.66700802169765
 20
176.2380789066887
 10
110.08025676651302
 20
176.813880307406
 10
109.53532395442875
 20
177.47463980485168
  0
LWPOLYLINE
  5
643
330
17
100
AcDbEntity
  8
OUTLINE
100
AcDbPolyline
 90
7
 70
0
 10
114.28813031823756
 20
175.13451971822255
 10
114.02169471128833
 20
175.05678918545053
 10
113.74319750615325
 20
175.010372959361
 10
113.45423072795352
 20
174.9955363776184
 10
113.15644625096863
 20
175.01236425332107
 10
112.54127399791855
 20
175.1404481323658
 10
111.91172713633316
 20
175.39170002370585
  0
LWPOLYLINE
  5
644
330
17
100
AcDbEntity
  8
OUTLINE
100
AcDbPolyline
 90
18
 70
0
 10
117.14750933638791
 20
178.6124940283078
 10
116.58607841310344
 20
178.9423035492036
 10
116.03796680766348
 20
179.37104879614193
 10
115.51617785206193
 20
179.8885582698672
 10
115.03309040300078
 20
180.4825546395765
 10
114.60016516742348
 20
181.13894600879877
 10
114.2276728101196
 20
181.84216022980482
 10
113.92445029374261
 20
182.57551433531611
 10
113.69769123179998
 20
183.32161032315858
 10
113.55277522825521
 20
184.06274790431635
 10
113.49314025246822
 20
184.78134442240102
 10
113.52020107723511
 20
185.46035198241893
 10
113.6333157148932
 20
186.08366189292542
 10
113.82980064775697
 20
186.63648682662986
 10
114.10499449156
 20
187.1057116331211
 10
114.45236858155933
 20
187.4802044810749
 10
114.65060969066533
 20
187.62905609766992
 10
114.86368185777096
 20
187.75108094844487
  0
LWPOLYLINE
  5
645
330
17
100
AcDbEntity
  8
OUTLINE
100
AcDbPolyline
 90
9
 70
0
 10
119.43133681500484
 20
178.47412987552144
 10
119.18272380885224
 20
178.37220704347695
 10
118.91964152449633
 20
178.30398588942091
 10
118.64396033521432
 20
178.26995142899705
 10
118.3576401857084
 20
178.2703456288791
 10
118.06271665795508
 20
178.30516568651842
 10
117.76128649931412
 20
178.37416405006826
 10
117.4554927157848
 20
178.47685017834422
 10
117.14750933638794
 20
178.61249402830776
  0
LWPOLYLINE
  5
646
330
17
100
AcDbEntity
  8
OUTLINE
100
AcDbPolyline
 90
18
 70
0
 10
118.71432695236439
 20
179.3839416940807
 10
118.15289602907993
 20
179.71375121497653
 10
117.60478442363996
 20
180.14249646191485
 10
117.0829954680384
 20
180.6600059356401
 10
116.59990801897726
 20
181.25400230534945
 10
116.16698278339996
 20
181.91039367457168
 10
115.79449042609608
 20
182.61360789557776
 10
115.4912679097191
 20
183.34696200108905
 10
115.26450884777645
 20
184.09305798893152
 10
115.11959284423169
 20
184.8341955700893
 10
115.0599578684447
 20
185.55279208817393
 10
115.08701869321159
 20
186.23179964819184
 10
115.20013333086969
 20
186.85510955869833
 10
115.39661826373346
 20
187.4079344924028
 10
115.67181210753648
 20
187.87715929889401
 10
116.01918619753582
 20
188.25165214684785
 10
116.21742730664182
 20
188.40050376344283
 10
116.43049947374743
 20
188.52252861421778
  0
LWPOLYLINE
  5
647
330
17
100
AcDbEntity
  8
OUTLINE
100
AcDbPolyline
 90
5
 70
0
 10
116.43049947374746
 20
188.52252861421778
 10
116.88533058693966
 20
188.68105827425433
 10
117.38168256220119
 20
188.73068898026622
 10
117.90828749201059
 20
188.67029404346516
 10
118.45319068303498
 20
188.5012445162425
  0
LWPOLYLINE
  5
648
330
17
100
AcDbEntity
  8
OUTLINE
100
AcDbPolyline
 90
9
 70
0
 10
122.35678009956484
 20
181.70490929002455
 10
122.30643171009359
 20
181.27836005652176
 10
122.21926867655532
 20
180.87851596320684
 10
122.09618431255633
 20
180.50947491895792
 10
121.93844008104287
 20
180.17501913938568
 10
121.74765266586147
 20
179.87857638378776
 10
121.52577740274312
 20
179.62318482484272
 10
121.27508823952341
 20
179.41146191108683
 10
120.99815443098134
 20
179.24557754129438
  0
LWPOLYLINE
  5
649
330
17
100
AcDbEntity
  8
OUTLINE
100
AcDbPolyline
 90
9
 70
0
 10
120.99815443098133
 20
179.24557754129435
 10
120.74954142482872
 20
179.14365470924986
 10
120.48645914047282
 20
179.07543355519385
 10
120.2107779511908
 20
179.04139909476996
 10
119.9244578016849
 20
179.04179329465205
 10
119.62953427393155
 20
179.07661335229133
 10
119.3281041152906
 20
179.14561171584117
 10
119.02231033176128
 20
179.24829784411716
 10
118.71432695236442
 20
179.3839416940807
  0
LWPOLYLINE
  5
64A
330
17
100
AcDbEntity
  8
OUTLINE
100
AcDbPolyline
 90
13
 70
0
 10
118.71432695236439
 20
182.27687044072917
 10
118.51381590833422
 20
182.39465955533478
 10
118.31806176353423
 20
182.5477828578128
 10
117.95917733329757
 20
182.944749230468
 10
117.67152819298285
 20
183.43032265554953
 10
117.48224905786871
 20
183.95869768889017
 10
117.40919513667879
 20
184.48003129576244
 10
117.41885971695268
 20
184.72253399576886
 10
117.45925780183057
 20
184.9451446780926
 10
117.52943099213905
 20
185.1425821544156
 10
117.627714507783
 20
185.3101624424482
 10
117.75177668278276
 20
185.44390988814598
 10
117.89867428142976
 20
185.54065148363526
  0
LWPOLYLINE
  5
64B
330
17
100
AcDbEntity
  8
OUTLINE
100
AcDbPolyline
 90
5
 70
0
 10
119.52997962329901
 20
182.2274546718769
 10
119.34723130526025
 20
182.16668896255527
 10
119.14651654140742
 20
182.15467458379035
 10
118.9335330819809
 20
182.1917525913579
 10
118.7143269523644
 20
182.27687044072917
  0
LWPOLYLINE
  5
64C
330
17
100
AcDbEntity
  8
OUTLINE
100
AcDbPolyline
 90
11
 70
0
 10
153.02763274224952
 20
216.6577214120089
 10
153.5151032096338
 20
216.4797149967656
 10
154.08653077664326
 20
216.3790458257897
 10
154.6927044849003
 20
216.36438346048982
 10
155.28142106167397
 20
216.43699061392036
 10
155.80198063067468
 20
216.590614406781
 10
156.20955295135735
 20
216.8120248611835
 10
156.3595304493474
 20
216.94237742513025
 10
156.4690381691351
 20
217.08215425746394
 10
156.5357055992926
 20
217.2283296118808
 10
156.558089591288
 20
217.37773923339697
  0
LWPOLYLINE
  5
64D
330
17
100
AcDbEntity
  8
OUTLINE
100
AcDbPolyline
 90
17
 70
0
 10
156.558089591288
 20
217.37773923339697
 10
156.5183517499588
 20
217.57639170339058
 10
156.4006653289283
 20
217.76741007036793
 10
156.20955295135735
 20
217.94345360561042
 10
155.95235895873896
 20
218.097757054785
 10
155.6389671719734
 20
218.22439062287432
 10
155.28142106167397
 20
218.31848785287357
 10
154.89346092434522
 20
218.37643264100424
 10
154.48999585049424
 20
218.39599820155428
 10
154.08653077664326
 20
218.37643264100424
 10
153.69857063931454
 20
218.31848785287357
 10
153.34102452901507
 20
218.22439062287432
 10
153.02763274224952
 20
218.097757054785
 10
152.77043874963113
 20
217.94345360561042
 10
152.57932637206017
 20
217.76741007036793
 10
152.46163995102967
 20
217.57639170339058
 10
152.42190210970048
 20
217.37773923339697
  0
LWPOLYLINE
  5
64E
330
17
100
AcDbEntity
  8
OUTLINE
100
AcDbPolyline
 90
5
 70
0
 10
152.42190210970048
 20
217.37773923339697
 10
152.46163995102967
 20
217.17908676340335
 10
152.57932637206017
 20
216.98806839642597
 10
152.77043874963113
 20
216.8120248611835
 10
153.02763274224952
 20
216.6577214120089
  0
LWPOLYLINE
  5
64F
330
17
100
AcDbEntity
  8
OUTLINE
100
AcDbPolyline
 90
17
 70
0
 10
156.558089591288
 20
218.9206345649428
 10
156.5183517499588
 20
219.1192870349364
 10
156.4006653289283
 20
219.31030540191378
 10
156.20955295135735
 20
219.48634893715627
 10
155.95235895873896
 20
219.64065238633086
 10
155.6389671719734
 20
219.76728595442015
 10
155.28142106167397
 20
219.8613831844194
 10
154.89346092434522
 20
219.9193279725501
 10
154.48999585049424
 20
219.93889353310013
 10
154.08653077664326
 20
219.9193279725501
 10
153.69857063931454
 20
219.8613831844194
 10
153.34102452901507
 20
219.76728595442015
 10
153.02763274224952
 20
219.64065238633086
 10
152.77043874963113
 20
219.48634893715627
 10
152.57932637206017
 20
219.31030540191378
 10
152.46163995102967
 20
219.1192870349364
 10
152.42190210970048
 20
218.92063456494282
  0
LWPOLYLINE
  5
650
330
17
100
AcDbEntity
  8
OUTLINE
100
AcDbPolyline
 90
11
 70
0
 10
113.85719234283728
 20
197.37152976768593
 10
114.34466281022155
 20
197.19352335244264
 10
114.91609037723101
 20
197.09285418146672
 10
115.52226408548808
 20
197.07819181616685
 10
116.11098066226172
 20
197.1507989695974
 10
116.63154023126243
 20
197.30442276245805
 10
117.03911255194511
 20
197.52583321686052
 10
117.18909004993517
 20
197.65618578080728
 10
117.29859776972287
 20
197.79596261314097
 10
117.36526519988038
 20
197.94213796755784
 10
117.38764919187577
 20
198.091547589074
  0
LWPOLYLINE
  5
651
330
17
100
AcDbEntity
  8
OUTLINE
100
AcDbPolyline
 90
17
 70
0
 10
117.38764919187577
 20
198.091547589074
 10
117.34791135054658
 20
198.29020005906762
 10
117.23022492951605
 20
198.48121842604496
 10
117.03911255194511
 20
198.65726196128745
 10
116.78191855932673
 20
198.81156541046204
 10
116.46852677256118
 20
198.93819897855136
 10
116.11098066226172
 20
199.0322962085506
 10
115.723020524933
 20
199.09024099668127
 10
115.31955545108201
 20
199.1098065572313
 10
114.91609037723101
 20
199.09024099668127
 10
114.5281302399023
 20
199.0322962085506
 10
114.17058412960284
 20
198.93819897855136
 10
113.85719234283728
 20
198.81156541046204
 10
113.5999983502189
 20
198.65726196128745
 10
113.40888597264795
 20
198.48121842604496
 10
113.29119955161744
 20
198.29020005906762
 10
113.25146171028824
 20
198.091547589074
  0
LWPOLYLINE
  5
652
330
17
100
AcDbEntity
  8
OUTLINE
100
AcDbPolyline
 90
5
 70
0
 10
113.25146171028824
 20
198.091547589074
 10
113.29119955161744
 20
197.89289511908038
 10
113.40888597264795
 20
197.70187675210303
 10
113.5999983502189
 20
197.52583321686052
 10
113.85719234283728
 20
197.37152976768593
  0
LWPOLYLINE
  5
653
330
17
100
AcDbEntity
  8
OUTLINE
100
AcDbPolyline
 90
17
 70
0
 10
117.38764919187577
 20
199.63444292061982
 10
117.34791135054658
 20
199.83309539061344
 10
117.23022492951605
 20
200.0241137575908
 10
117.03911255194511
 20
200.2001572928333
 10
116.78191855932673
 20
200.3544607420079
 10
116.46852677256118
 20
200.48109431009718
 10
116.11098066226172
 20
200.57519154009643
 10
115.723020524933
 20
200.63313632822712
 10
115.31955545108201
 20
200.65270188877713
 10
114.91609037723101
 20
200.63313632822712
 10
114.5281302399023
 20
200.57519154009643
 10
114.17058412960284
 20
200.48109431009718
 10
113.85719234283728
 20
200.3544607420079
 10
113.5999983502189
 20
200.2001572928333
 10
113.40888597264795
 20
200.0241137575908
 10
113.29119955161744
 20
199.83309539061344
 10
113.25146171028824
 20
199.63444292061985
  0
LWPOLYLINE
  5
654
330
17
100
AcDbEntity
  8
OUTLINE
100
AcDbPolyline
 90
11
 70
0
 10
132.65900373455517
 20
188.1141577784109
 10
133.14647420193944
 20
187.93615136316762
 10
133.71790176894888
 20
187.8354821921917
 10
134.32407547720595
 20
187.8208198268918
 10
134.9127920539796
 20
187.89342698032237
 10
135.43335162298033
 20
188.047050773183
 10
135.840923943663
 20
188.26846122758553
 10
135.99090144165305
 20
188.39881379153223
 10
136.10040916144075
 20
188.53859062386596
 10
136.16707659159826
 20
188.68476597828283
 10
136.18946058359364
 20
188.83417559979898
  0
LWPOLYLINE
  5
655
330
17
100
AcDbEntity
  8
OUTLINE
100
AcDbPolyline
 90
17
 70
0
 10
136.18946058359364
 20
188.83417559979898
 10
136.14972274226446
 20
189.0328280697926
 10
136.03203632123393
 20
189.22384643676995
 10
135.840923943663
 20
189.39988997201243
 10
135.5837299510446
 20
189.55419342118702
 10
135.27033816427905
 20
189.68082698927634
 10
134.9127920539796
 20
189.7749242192756
 10
134.52483191665087
 20
189.83286900740626
 10
134.1213668427999
 20
189.8524345679563
 10
133.71790176894888
 20
189.83286900740626
 10
133.32994163162016
 20
189.7749242192756
 10
132.97239552132072
 20
189.68082698927634
 10
132.65900373455517
 20
189.55419342118702
 10
132.40180974193677
 20
189.39988997201243
 10
132.21069736436584
 20
189.22384643676995
 10
132.09301094333532
 20
189.0328280697926
 10
132.05327310200613
 20
188.83417559979898
  0
LWPOLYLINE
  5
656
330
17
100
AcDbEntity
  8
OUTLINE
100
AcDbPolyline
 90
5
 70
0
 10
132.05327310200613
 20
188.83417559979898
 10
132.09301094333532
 20
188.63552312980534
 10
132.21069736436584
 20
188.444504762828
 10
132.40180974193677
 20
188.26846122758553
 10
132.65900373455517
 20
188.1141577784109
  0
LWPOLYLINE
  5
657
330
17
100
AcDbEntity
  8
OUTLINE
100
AcDbPolyline
 90
17
 70
0
 10
136.18946058359364
 20
190.3770709313448
 10
136.14972274226446
 20
190.57572340133845
 10
136.03203632123393
 20
190.7667417683158
 10
135.840923943663
 20
190.94278530355825
 10
135.5837299510446
 20
191.09708875273287
 10
135.27033816427905
 20
191.22372232082216
 10
134.9127920539796
 20
191.3178195508214
 10
134.52483191665087
 20
191.37576433895208
 10
134.1213668427999
 20
191.39532989950214
 10
133.71790176894888
 20
191.37576433895208
 10
133.32994163162016
 20
191.3178195508214
 10
132.97239552132072
 20
191.22372232082216
 10
132.65900373455517
 20
191.09708875273287
 10
132.40180974193677
 20
190.94278530355825
 10
132.21069736436584
 20
190.7667417683158
 10
132.09301094333532
 20
190.57572340133845
 10
132.05327310200613
 20
190.37707093134483
  0
LWPOLYLINE
  5
658
330
17
100
AcDbEntity
  8
OUTLINE
100
AcDbPolyline
 90
11
 70
0
 10
166.08444620872027
 20
231.89381281102405
 10
166.57191667610454
 20
231.71580639578076
 10
167.143344243114
 20
231.6151372248048
 10
167.74951795137105
 20
231.60047485950494
 10
168.3382345281447
 20
231.67308201293548
 10
168.85879409714542
 20
231.82670580579614
 10
169.2663664178281
 20
232.04811626019864
 10
169.41634391581815
 20
232.17846882414537
 10
169.52585163560585
 20
232.3182456564791
 10
169.59251906576336
 20
232.46442101089596
 10
169.61490305775874
 20
232.6138306324121
  0
LWPOLYLINE
  5
659
330
17
100
AcDbEntity
  8
OUTLINE
100
AcDbPolyline
 90
17
 70
0
 10
169.61490305775874
 20
232.6138306324121
 10
169.57516521642955
 20
232.81248310240574
 10
169.45747879539906
 20
233.00350146938308
 10
169.2663664178281
 20
233.17954500462557
 10
169.0091724252097
 20
233.33384845380016
 10
168.69578063844415
 20
233.46048202188945
 10
168.3382345281447
 20
233.5545792518887
 10
167.950274390816
 20
233.6125240400194
 10
167.54680931696498
 20
233.63208960056943
 10
167.143344243114
 20
233.6125240400194
 10
166.75538410578525
 20
233.55457925188873
 10
166.39783799548582
 20
233.46048202188945
 10
166.08444620872027
 20
233.33384845380016
 10
165.82725221610187
 20
233.17954500462557
 10
165.63613983853094
 20
233.00350146938308
 10
165.5184534175004
 20
232.81248310240574
 10
165.47871557617123
 20
232.61383063241212
  0
LWPOLYLINE
  5
65A
330
17
100
AcDbEntity
  8
OUTLINE
100
AcDbPolyline
 90
5
 70
0
 10
165.47871557617123
 20
232.6138306324121
 10
165.5184534175004
 20
232.41517816241847
 10
165.63613983853094
 20
232.22415979544112
 10
165.82725221610187
 20
232.04811626019864
 10
166.08444620872027
 20
231.89381281102405
  0
LWPOLYLINE
  5
65B
330
17
100
AcDbEntity
  8
OUTLINE
100
AcDbPolyline
 90
17
 70
0
 10
169.61490305775874
 20
234.15672596395794
 10
169.57516521642955
 20
234.35537843395156
 10
169.45747879539906
 20
234.54639680092893
 10
169.2663664178281
 20
234.72244033617142
 10
169.0091724252097
 20
234.876743785346
 10
168.69578063844415
 20
235.0033773534353
 10
168.3382345281447
 20
235.09747458343455
 10
167.950274390816
 20
235.15541937156522
 10
167.54680931696498
 20
235.17498493211525
 10
167.143344243114
 20
235.15541937156522
 10
166.75538410578525
 20
235.09747458343455
 10
166.39783799548582
 20
235.0033773534353
 10
166.08444620872027
 20
234.876743785346
 10
165.82725221610187
 20
234.72244033617142
 10
165.63613983853094
 20
234.54639680092893
 10
165.5184534175004
 20
234.35537843395156
 10
165.47871557617123
 20
234.15672596395794
  0
LWPOLYLINE
  5
65C
330
17
100
AcDbEntity
  8
OUTLINE
100
AcDbPolyline
 90
9
 70
0
 10
168.5703579804411
 20
220.20638067456434
 10
168.52149415502114
 20
220.4264204889064
 10
168.3772117360227
 20
220.6360623344704
 10
168.14432878086166
 20
220.82539959789517
 10
167.8338501601972
 20
220.98548515768135
 10
167.4604475234014
 20
221.10875417990349
 10
167.0417659906116
 20
221.18938159400244
 10
166.59759033359245
 20
221.22355735615974
 10
166.14891004748358
 20
221.20966649269914
  0
LWPOLYLINE
  5
65D
330
17
100
AcDbEntity
  8
OUTLINE
100
AcDbPolyline
 90
9
 70
0
 10
184.78180309270638
 20
218.98492187042388
 10
184.5440439794083
 20
219.14746932067405
 10
184.32871332126626
 20
219.38564914426718
 10
184.15612383707744
 20
219.6769931993161
 10
184.04255635600896
 20
219.99401821932048
 10
183.998724003295
 20
220.30681838344384
 10
184.02876160238608
 20
220.58588641284194
 10
184.12983562595753
 20
220.8048970714553
 10
184.29241149014558
 20
220.94319049616752
  0
LWPOLYLINE
  5
65E
330
17
100
AcDbEntity
  8
OUTLINE
100
AcDbPolyline
 90
13
 70
0
 10
184.2924114901456
 20
220.94319049616752
 10
184.42115946923127
 20
220.98285300030173
 10
184.56376678051583
 20
220.98279400802093
 10
184.7147531050017
 20
220.9430157863654
 10
184.868316122913
 20
220.8650469900855
 10
185.15969464070375
 20
220.60787535846248
 10
185.39354259590735
 20
220.25043116279988
 10
185.53425875718096
 20
219.84713204164763
 10
185.56042036456594
 20
219.45937663028548
 10
185.52858159709234
 20
219.29012230523253
 10
185.46804455049343
 20
219.1461971750818
 10
185.38113562952037
 20
219.0331322018708
 10
185.27119469526716
 20
218.95527240911252
  0
LWPOLYLINE
  5
65F
330
17
100
AcDbEntity
  8
OUTLINE
100
AcDbPolyline
 90
4
 70
0
 10
185.27119469526716
 20
218.95527240911252
 10
185.16154570444388
 20
218.91881298351953
 10
185.04111684613218
 20
218.9116043562606
 10
184.78180309270638
 20
218.98492187042388
  0
LWPOLYLINE
  5
660
330
17
100
AcDbEntity
  8
OUTLINE
100
AcDbPolyline
 90
9
 70
0
 10
184.78180309270638
 20
208.31322916056516
 10
184.5440439794083
 20
208.47577661081533
 10
184.32871332126626
 20
208.71395643440846
 10
184.15612383707744
 20
209.0053004894574
 10
184.04255635600896
 20
209.32232550946176
 10
183.998724003295
 20
209.63512567358515
 10
184.02876160238608
 20
209.91419370298323
 10
184.12983562595753
 20
210.1332043615966
 10
184.29241149014558
 20
210.27149778630883
  0
LWPOLYLINE
  5
661
330
17
100
AcDbEntity
  8
OUTLINE
100
AcDbPolyline
 90
13
 70
0
 10
184.2924114901456
 20
210.27149778630883
 10
184.42115946923127
 20
210.311160290443
 10
184.56376678051583
 20
210.3111012981622
 10
184.7147531050017
 20
210.2713230765067
 10
184.868316122913
 20
210.19335428022677
 10
185.15969464070375
 20
209.93618264860376
 10
185.39354259590735
 20
209.57873845294117
 10
185.53425875718096
 20
209.1754393317889
 10
185.56042036456594
 20
208.78768392042676
 10
185.52858159709234
 20
208.6184295953738
 10
185.46804455049343
 20
208.4745044652231
 10
185.38113562952037
 20
208.3614394920121
 10
185.27119469526716
 20
208.2835796992538
  0
LWPOLYLINE
  5
662
330
17
100
AcDbEntity
  8
OUTLINE
100
AcDbPolyline
 90
4
 70
0
 10
185.27119469526716
 20
208.2835796992538
 10
185.16154570444388
 20
208.24712027366084
 10
185.04111684613218
 20
208.23991164640188
 10
184.78180309270638
 20
208.31322916056516
  0
LWPOLYLINE
  5
663
330
17
100
AcDbEntity
  8
OUTLINE
100
AcDbPolyline
 90
17
 70
0
 10
165.190054486267
 20
212.1672531241557
 10
164.96548211695324
 20
212.29917693251403
 10
164.74623747477725
 20
212.47067503128937
 10
164.53752189253663
 20
212.67767882077948
 10
164.34428691291217
 20
212.9152773686632
 10
164.17111681868124
 20
213.17783391635209
 10
164.0221198757597
 20
213.4591196047545
 10
163.9008308692089
 20
213.75246124695903
 10
163.81012724443184
 20
214.05089964209603
 10
163.75216084301394
 20
214.34735467455914
 10
163.72830685269912
 20
214.634793281793
 10
163.7391311826059
 20
214.90639630580017
 10
163.78437703766912
 20
215.15572027000275
 10
163.86297101081465
 20
215.37685024348454
 10
163.97304854833584
 20
215.56454016608103
 10
164.1119981843356
 20
215.71433730526255
 10
164.27652349482022
 20
215.82268789221052
  0
LWPOLYLINE
  5
664
330
17
100
AcDbEntity
  8
OUTLINE
100
AcDbPolyline
 90
5
 70
0
 10
166.10358547771378
 20
212.11190746304118
 10
165.8989073615104
 20
212.04384986860094
 10
165.6741068259952
 20
212.03039376438423
 10
165.4355653514375
 20
212.07192113285987
 10
165.19005448626703
 20
212.1672531241557
  0
LWPOLYLINE
  5
665
330
17
100
AcDbEntity
  8
OUTLINE
100
AcDbPolyline
 90
17
 70
0
 10
166.4435085790482
 20
212.78441125677404
 10
166.2189362097344
 20
212.91633506513236
 10
165.99969156755844
 20
213.0878331639077
 10
165.7909759853178
 20
213.29483695339778
 10
165.59774100569336
 20
213.53243550128153
 10
165.42457091146244
 20
213.7949920489704
 10
165.27557396854087
 20
214.07627773737286
 10
165.15428496199007
 20
214.36961937957736
 10
165.06358133721304
 20
214.66805777471436
 10
165.00561493579514
 20
214.96451280717747
 10
164.98176094548032
 20
215.25195141441134
 10
164.99258527538709
 20
215.5235544384185
 10
165.03783113045031
 20
215.77287840262107
 10
165.11642510359584
 20
215.99400837610287
 10
165.22650264111704
 20
216.18169829869936
 10
165.3654522771168
 20
216.33149543788087
 10
165.52997758760142
 20
216.43984602482885
  0
LWPOLYLINE
  5
666
330
17
100
AcDbEntity
  8
OUTLINE
100
AcDbPolyline
 90
17
 70
0
 10
165.52997758760142
 20
216.43984602482885
 10
165.7703071485614
 20
216.5138826992127
 10
166.0365074629592
 20
216.51377258028853
 10
166.3183486019995
 20
216.43951989986488
 10
166.60499956876723
 20
216.29397814680902
 10
166.88544452736525
 20
216.08274040907014
 10
167.14890613531
 20
215.81392443444608
 10
167.3852597107591
 20
215.49786067008787
 10
167.58542231835668
 20
215.14669526920923
 10
167.74170182134523
 20
214.7739233212301
 10
167.84809248606746
 20
214.39387024305836
 10
167.9005057789427
 20
214.02114126135194
 10
167.8969274865194
 20
213.67006014184904
 10
167.83749512056872
 20
213.35411873508355
 10
167.72449263358405
 20
213.0854584921355
 10
167.5622626477677
 20
212.874403875475
 10
167.35703957049498
 20
212.7290655956595
  0
LWPOLYLINE
  5
667
330
17
100
AcDbEntity
  8
OUTLINE
100
AcDbPolyline
 90
5
 70
0
 10
167.35703957049498
 20
212.7290655956595
 10
167.15236145429157
 20
212.66100800121927
 10
166.9275609187764
 20
212.64755189700256
 10
166.6890194442187
 20
212.68907926547823
 10
166.44350857904823
 20
212.78441125677404
  0
LWPOLYLINE
  5
668
330
17
100
AcDbEntity
  8
OUTLINE
100
AcDbPolyline
 90
9
 70
0
 10
158.92278402236104
 20
209.91719743231803
 10
158.68502490906297
 20
210.0797448825682
 10
158.46969425092095
 20
210.3179247061613
 10
158.29710476673213
 20
210.60926876121025
 10
158.18353728566365
 20
210.9262937812146
 10
158.1397049329497
 20
211.239093945338
 10
158.16974253204077
 20
211.51816197473607
 10
158.2708165556122
 20
211.73717263334945
 10
158.43339241980027
 20
211.87546605806168
  0
LWPOLYLINE
  5
669
330
17
100
AcDbEntity
  8
OUTLINE
100
AcDbPolyline
 90
4
 70
0
 10
159.41217562492182
 20
209.88754797100665
 10
159.30252663409857
 20
209.8510885454137
 10
159.18209777578687
 20
209.84387991815473
 10
158.92278402236107
 20
209.91719743231803
  0
LWPOLYLINE
  5
66A
330
17
100
AcDbEntity
  8
OUTLINE
100
AcDbPolyline
 90
2
 70
0
 10
171.7249896262356
 20
251.0
 10
171.7249896262356
 20
247.78563472594618
  0
LWPOLYLINE
  5
66B
330
17
100
AcDbEntity
  8
OUTLINE
100
AcDbPolyline
 90
2
 70
0
 10
171.7249896262356
 20
247.78563472594618
 10
172.24726216489447
 20
247.52848550402186
  0
LWPOLYLINE
  5
66C
330
17
100
AcDbEntity
  8
OUTLINE
100
AcDbPolyline
 90
2
 70
0
 10
175.90316993550627
 20
248.94280622460556
 10
175.90316993550627
 20
247.78563472594618
  0
LWPOLYLINE
  5
66D
330
17
100
AcDbEntity
  8
OUTLINE
100
AcDbPolyline
 90
2
 70
0
 10
171.7249896262356
 20
251.0
 10
175.90316993550627
 20
248.94280622460556
  0
LWPOLYLINE
  5
66E
330
17
100
AcDbEntity
  8
OUTLINE
100
AcDbPolyline
 90
2
 70
0
 10
171.7249896262356
 20
251.0
 10
167.54680931696498
 20
248.94280622460556
  0
LWPOLYLINE
  5
66F
330
17
100
AcDbEntity
  8
OUTLINE
100
AcDbPolyline
 90
2
 70
0
 10
167.54680931696498
 20
248.94280622460553
 10
167.54680931696498
 20
245.72844095055171
  0
LWPOLYLINE
  5
670
330
17
100
AcDbEntity
  8
OUTLINE
100
AcDbPolyline
 90
2
 70
0
 10
171.7249896262356
 20
247.78563472594618
 10
167.54680931696498
 20
245.72844095055171
  0
LWPOLYLINE
  5
671
330
17
100
AcDbEntity
  8
OUTLINE
100
AcDbPolyline
 90
2
 70
0
 10
167.54680931696498
 20
245.72844095055171
 10
168.0690818556238
 20
245.47129172862742
  0
LWPOLYLINE
  5
672
330
17
100
AcDbEntity
  8
OUTLINE
100
AcDbPolyline
 90
2
 70
0
 10
205.15043210040074
 20
234.5424497968444
 10
205.15043210040074
 20
233.38527829818503
  0
LWPOLYLINE
  5
673
330
17
100
AcDbEntity
  8
OUTLINE
100
AcDbPolyline
 90
2
 70
0
 10
209.32861240967136
 20
232.48525602144994
 10
209.32861240967136
 20
231.3280845227906
  0
LWPOLYLINE
  5
674
330
17
100
AcDbEntity
  8
OUTLINE
100
AcDbPolyline
 90
2
 70
0
 10
205.15043210040074
 20
234.5424497968444
 10
209.32861240967136
 20
232.48525602144994
  0
LWPOLYLINE
  5
675
330
17
100
AcDbEntity
  8
OUTLINE
100
AcDbPolyline
 90
2
 70
0
 10
205.15043210040074
 20
234.5424497968444
 10
203.97531888841837
 20
233.9638640475147
  0
LWPOLYLINE
  5
676
330
17
100
AcDbEntity
  8
OUTLINE
100
AcDbPolyline
 90
2
 70
0
 10
81.89411297691689
 20
206.77033382901934
 10
81.89411297691689
 20
203.5559685549655
  0
LWPOLYLINE
  5
677
330
17
100
AcDbEntity
  8
OUTLINE
100
AcDbPolyline
 90
2
 70
0
 10
81.89411297691689
 20
203.5559685549655
 10
82.41638551557573
 20
203.2988193330412
  0
LWPOLYLINE
  5
678
330
17
100
AcDbEntity
  8
OUTLINE
100
AcDbPolyline
 90
2
 70
0
 10
81.89411297691689
 20
206.77033382901934
 10
85.68058888219339
 20
204.9060019700681
  0
LWPOLYLINE
  5
679
330
17
100
AcDbEntity
  8
OUTLINE
100
AcDbPolyline
 90
2
 70
0
 10
81.89411297691689
 20
206.77033382901934
 10
77.71593266764626
 20
204.71314005362487
  0
LWPOLYLINE
  5
67A
330
17
100
AcDbEntity
  8
OUTLINE
100
AcDbPolyline
 90
2
 70
0
 10
77.71593266764626
 20
204.71314005362487
 10
77.71593266764626
 20
201.49877477957105
  0
LWPOLYLINE
  5
67B
330
17
100
AcDbEntity
  8
OUTLINE
100
AcDbPolyline
 90
2
 70
0
 10
81.89411297691689
 20
203.5559685549655
 10
77.71593266764626
 20
201.49877477957105
  0
LWPOLYLINE
  5
67C
330
17
100
AcDbEntity
  8
OUTLINE
100
AcDbPolyline
 90
2
 70
0
 10
77.71593266764626
 20
201.49877477957105
 10
78.2382052063051
 20
201.24162555764673
  0
LWPOLYLINE
  5
67D
330
17
100
AcDbEntity
  8
OUTLINE
100
AcDbPolyline
 90
2
 70
0
 10
184.62512133110872
 20
221.8763665148114
 10
186.03525718548755
 20
220.17992370124142
  0
LWPOLYLINE
  5
67E
330
17
100
AcDbEntity
  8
OUTLINE
100
AcDbPolyline
 90
2
 70
0
 10
183.21498547672988
 20
221.5685294996327
 10
182.06598589168044
 20
221.0028012113992
  0
LWPOLYLINE
  5
67F
330
17
100
AcDbEntity
  8
OUTLINE
100
AcDbPolyline
 90
2
 70
0
 10
183.21498547672988
 20
221.5685294996327
 10
184.62512133110872
 20
221.8763665148114
  0
LWPOLYLINE
  5
680
330
17
100
AcDbEntity
  8
OUTLINE
100
AcDbPolyline
 90
2
 70
0
 10
186.03525718548755
 20
218.17564387249277
 10
184.88625760043814
 20
217.60991558425928
  0
LWPOLYLINE
  5
681
330
17
100
AcDbEntity
  8
OUTLINE
100
AcDbPolyline
 90
2
 70
0
 10
186.03525718548755
 20
220.17992370124142
 10
186.03525718548755
 20
218.17564387249277
  0
LWPOLYLINE
  5
682
330
17
100
AcDbEntity
  8
OUTLINE
100
AcDbPolyline
 90
2
 70
0
 10
183.21498547672988
 20
219.564249670884
 10
183.21498547672988
 20
221.5685294996327
  0
LWPOLYLINE
  5
683
330
17
100
AcDbEntity
  8
OUTLINE
100
AcDbPolyline
 90
2
 70
0
 10
186.03525718548755
 20
218.17564387249277
 10
184.62512133110872
 20
217.86780685731406
  0
LWPOLYLINE
  5
684
330
17
100
AcDbEntity
  8
OUTLINE
100
AcDbPolyline
 90
2
 70
0
 10
184.62512133110872
 20
217.86780685731406
 10
183.21498547672988
 20
219.564249670884
  0
LWPOLYLINE
  5
685
330
17
100
AcDbEntity
  8
OUTLINE
100
AcDbPolyline
 90
13
 70
0
 10
185.1145129336695
 20
218.87812764253522
 10
184.9857649545838
 20
218.83846513840103
 10
184.84315764329926
 20
218.83852413068183
 10
184.6921713188134
 20
218.87830235233736
 10
184.5386083009021
 20
218.95627114861728
 10
184.24722978311132
 20
219.21344278024029
 10
184.01338182790775
 20
219.57088697590288
 10
183.87266566663413
 20
219.97418609705514
 10
183.84650405924916
 20
220.36194150841726
 10
183.87834282672273
 20
220.5311958334702
 10
183.93887987332167
 20
220.67512096362094
 10
184.0257887942947
 20
220.78818593683195
 10
184.13572972854794
 20
220.86604572959024
  0
LWPOLYLINE
  5
686
330
17
100
AcDbEntity
  8
OUTLINE
100
AcDbPolyline
 90
2
 70
0
 10
182.06598589168044
 20
218.99852138265055
 10
182.06598589168044
 20
221.0028012113992
  0
LWPOLYLINE
  5
687
330
17
100
AcDbEntity
  8
OUTLINE
100
AcDbPolyline
 90
2
 70
0
 10
184.88625760043814
 20
217.60991558425928
 10
183.4761217460593
 20
217.3020785690806
  0
LWPOLYLINE
  5
688
330
17
100
AcDbEntity
  8
OUTLINE
100
AcDbPolyline
 90
2
 70
0
 10
183.4761217460593
 20
217.30207856908058
 10
182.06598589168044
 20
218.99852138265055
  0
LWPOLYLINE
  5
689
330
17
100
AcDbEntity
  8
OUTLINE
100
AcDbPolyline
 90
3
 70
0
 10
183.88247834595938
 20
219.93072298053613
 10
184.08786124926027
 20
219.60755810798912
 10
184.21876473120864
 20
219.24772210335587
  0
LWPOLYLINE
  5
68A
330
17
100
AcDbEntity
  8
OUTLINE
100
AcDbPolyline
 90
2
 70
0
 10
183.21498547672988
 20
219.564249670884
 10
182.06598589168044
 20
218.99852138265055
  0
LWPOLYLINE
  5
68B
330
17
100
AcDbEntity
  8
OUTLINE
100
AcDbPolyline
 90
2
 70
0
 10
184.62512133110872
 20
217.86780685731406
 10
183.4761217460593
 20
217.30207856908058
  0
LWPOLYLINE
  5
68C
330
17
100
AcDbEntity
  8
OUTLINE
100
AcDbPolyline
 90
2
 70
0
 10
182.53603117647341
 20
210.17607691725547
 10
182.98982412876092
 20
209.63014810453413
  0
LWPOLYLINE
  5
68D
330
17
100
AcDbEntity
  8
OUTLINE
100
AcDbPolyline
 90
2
 70
0
 10
181.12589532209455
 20
209.86823990207677
 10
179.97689573704514
 20
209.30251161384328
  0
LWPOLYLINE
  5
68E
330
17
100
AcDbEntity
  8
OUTLINE
100
AcDbPolyline
 90
2
 70
0
 10
181.12589532209455
 20
209.86823990207677
 10
182.53603117647341
 20
210.17607691725544
  0
LWPOLYLINE
  5
68F
330
17
100
AcDbEntity
  8
OUTLINE
100
AcDbPolyline
 90
2
 70
0
 10
183.94616703085225
 20
206.47535427493685
 10
182.7971674458028
 20
205.90962598670336
  0
LWPOLYLINE
  5
690
330
17
100
AcDbEntity
  8
OUTLINE
100
AcDbPolyline
 90
2
 70
0
 10
183.94616703085225
 20
207.63118117604705
 10
183.94616703085225
 20
206.47535427493682
  0
LWPOLYLINE
  5
691
330
17
100
AcDbEntity
  8
OUTLINE
100
AcDbPolyline
 90
2
 70
0
 10
181.12589532209455
 20
207.8639600733281
 10
181.12589532209455
 20
209.86823990207677
  0
LWPOLYLINE
  5
692
330
17
100
AcDbEntity
  8
OUTLINE
100
AcDbPolyline
 90
2
 70
0
 10
183.94616703085225
 20
206.47535427493685
 10
182.53603117647341
 20
206.16751725975814
  0
LWPOLYLINE
  5
693
330
17
100
AcDbEntity
  8
OUTLINE
100
AcDbPolyline
 90
2
 70
0
 10
182.53603117647341
 20
206.16751725975814
 10
181.12589532209455
 20
207.8639600733281
  0
LWPOLYLINE
  5
694
330
17
100
AcDbEntity
  8
OUTLINE
100
AcDbPolyline
 90
9
 70
0
 10
182.53603117647341
 20
209.13610667072294
 10
182.7737902897715
 20
208.97355922047277
 10
182.9891209479135
 20
208.73537939687964
 10
183.16171043210232
 20
208.44403534183073
 10
183.2752779131708
 20
208.12701032182633
 10
183.31911026588477
 20
207.81421015770297
 10
183.2890726667937
 20
207.53514212830487
 10
183.18799864322224
 20
207.31613146969153
 10
183.0254227790342
 20
207.1778380449793
  0
LWPOLYLINE
  5
695
330
17
100
AcDbEntity
  8
OUTLINE
100
AcDbPolyline
 90
13
 70
0
 10
183.0254227790342
 20
207.1778380449793
 10
182.8966747999485
 20
207.13817554084508
 10
182.75406748866394
 20
207.13823453312588
 10
182.60308116417806
 20
207.17801275478143
 10
182.4495181462668
 20
207.25598155106132
 10
182.15813962847602
 20
207.51315318268433
 10
181.92429167327245
 20
207.87059737834693
 10
181.7835755119988
 20
208.2738964994992
 10
181.75741390461383
 20
208.66165191086134
 10
181.78925267208743
 20
208.83090623591428
 10
181.84978971868634
 20
208.97483136606502
 10
181.9366986396594
 20
209.087896339276
 10
182.0466395739126
 20
209.1657561320343
  0
LWPOLYLINE
  5
696
330
17
100
AcDbEntity
  8
OUTLINE
100
AcDbPolyline
 90
4
 70
0
 10
182.04663957391264
 20
209.1657561320343
 10
182.1562885647359
 20
209.20221555762726
 10
182.2767174230476
 20
209.20942418488622
 10
182.53603117647341
 20
209.13610667072294
  0
LWPOLYLINE
  5
697
330
17
100
AcDbEntity
  8
OUTLINE
100
AcDbPolyline
 90
2
 70
0
 10
179.97689573704514
 20
207.29823178509463
 10
179.97689573704514
 20
209.30251161384328
  0
LWPOLYLINE
  5
698
330
17
100
AcDbEntity
  8
OUTLINE
100
AcDbPolyline
 90
2
 70
0
 10
182.7971674458028
 20
205.90962598670336
 10
181.38703159142398
 20
205.60178897152466
  0
LWPOLYLINE
  5
699
330
17
100
AcDbEntity
  8
OUTLINE
100
AcDbPolyline
 90
2
 70
0
 10
181.38703159142398
 20
205.60178897152466
 10
179.97689573704514
 20
207.29823178509463
  0
LWPOLYLINE
  5
69A
330
17
100
AcDbEntity
  8
OUTLINE
100
AcDbPolyline
 90
3
 70
0
 10
181.79338819132408
 20
208.23043338298018
 10
181.99877109462494
 20
207.90726851043317
 10
182.1296745765733
 20
207.54743250579992
  0
LWPOLYLINE
  5
69B
330
17
100
AcDbEntity
  8
OUTLINE
100
AcDbPolyline
 90
2
 70
0
 10
181.12589532209455
 20
207.8639600733281
 10
179.97689573704514
 20
207.29823178509463
  0
LWPOLYLINE
  5
69C
330
17
100
AcDbEntity
  8
OUTLINE
100
AcDbPolyline
 90
2
 70
0
 10
182.53603117647341
 20
206.16751725975814
 10
181.38703159142398
 20
205.60178897152466
  0
LWPOLYLINE
  5
69D
330
17
100
AcDbEntity
  8
OUTLINE
100
AcDbPolyline
 90
2
 70
0
 10
159.9803859131452
 20
213.79297990169647
 10
158.98806808969343
 20
213.30439638004032
  0
LWPOLYLINE
  5
69E
330
17
100
AcDbEntity
  8
OUTLINE
100
AcDbPolyline
 90
2
 70
0
 10
158.9880680896934
 20
211.30011655129164
 10
158.9880680896934
 20
213.3043963800403
  0
LWPOLYLINE
  5
69F
330
17
100
AcDbEntity
  8
OUTLINE
100
AcDbPolyline
 90
2
 70
0
 10
159.9803859131452
 20
210.1063234602609
 10
158.9880680896934
 20
211.30011655129164
  0
LWPOLYLINE
  5
6A0
330
17
100
AcDbEntity
  8
OUTLINE
100
AcDbPolyline
 90
2
 70
0
 10
159.9803859131452
 20
211.78870007294782
 10
158.98806808969343
 20
211.30011655129164
  0
LWPOLYLINE
  5
6A1
330
17
100
AcDbEntity
  8
OUTLINE
100
AcDbPolyline
 90
2
 70
0
 10
136.6060049684503
 20
196.87008878493353
 10
136.6060049684503
 20
196.22721573012277
  0
LWPOLYLINE
  5
6A2
330
17
100
AcDbEntity
  8
OUTLINE
100
AcDbPolyline
 90
2
 70
0
 10
141.0376344130084
 20
196.87008878493353
 10
141.0376344130084
 20
196.22721573012277
  0
LWPOLYLINE
  5
6A3
330
17
100
AcDbEntity
  8
OUTLINE
100
AcDbPolyline
 90
2
 70
0
 10
137.34460987587664
 20
199.4415810041766
 10
137.34460987587664
 20
197.68326602475446
  0
LWPOLYLINE
  5
6A4
330
17
100
AcDbEntity
  8
OUTLINE
100
AcDbPolyline
 90
2
 70
0
 10
140.299029505582
 20
199.4415810041766
 10
140.299029505582
 20
197.68326602475446
  0
LWPOLYLINE
  5
6A5
330
17
100
AcDbEntity
  8
OUTLINE
100
AcDbPolyline
 90
2
 70
0
 10
105.91864975522307
 20
184.17013080277266
 10
91.02209973628331
 20
176.83557659365465
  0
LWPOLYLINE
  5
6A6
330
17
100
AcDbEntity
  8
OUTLINE
100
AcDbPolyline
 90
2
 70
0
 10
114.30438740752814
 20
175.1265152807835
 10
96.24227683026487
 20
166.23334679602786
  0
LWPOLYLINE
  5
6A7
330
17
100
AcDbEntity
  8
OUTLINE
100
AcDbPolyline
 90
2
 70
0
 10
116.43049947374746
 20
188.52252861421778
 10
114.86368185777097
 20
187.7510809484449
  0
LWPOLYLINE
  5
6A8
330
17
100
AcDbEntity
  8
OUTLINE
100
AcDbPolyline
 90
2
 70
0
 10
120.99815443098133
 20
179.24557754129435
 10
119.43133681500483
 20
178.47412987552144
  0
LWPOLYLINE
  5
6A9
330
17
100
AcDbEntity
  8
OUTLINE
100
AcDbPolyline
 90
2
 70
0
 10
118.45319068303498
 20
185.81367648621958
 10
117.89867428142978
 20
185.54065148363526
  0
LWPOLYLINE
  5
6AA
330
17
100
AcDbEntity
  8
OUTLINE
100
AcDbPolyline
 90
2
 70
0
 10
120.41273251764022
 20
182.6620921516
 10
119.52997962329901
 20
182.2274546718769
  0
LWPOLYLINE
  5
6AB
330
17
100
AcDbEntity
  8
OUTLINE
100
AcDbPolyline
 90
2
 70
0
 10
152.42190210970048
 20
218.9206345649428
 10
152.42190210970048
 20
217.37773923339697
  0
LWPOLYLINE
  5
6AC
330
17
100
AcDbEntity
  8
OUTLINE
100
AcDbPolyline
 90
2
 70
0
 10
156.558089591288
 20
218.9206345649428
 10
156.558089591288
 20
217.37773923339697
  0
LWPOLYLINE
  5
6AD
330
17
100
AcDbEntity
  8
OUTLINE
100
AcDbPolyline
 90
2
 70
0
 10
113.25146171028824
 20
199.63444292061982
 10
113.25146171028824
 20
198.091547589074
  0
LWPOLYLINE
  5
6AE
330
17
100
AcDbEntity
  8
OUTLINE
100
AcDbPolyline
 90
2
 70
0
 10
117.38764919187578
 20
199.63444292061985
 10
117.38764919187578
 20
198.091547589074
  0
LWPOLYLINE
  5
6AF
330
17
100
AcDbEntity
  8
OUTLINE
100
AcDbPolyline
 90
2
 70
0
 10
132.0532731020061
 20
190.3770709313448
 10
132.0532731020061
 20
188.83417559979895
  0
LWPOLYLINE
  5
6B0
330
17
100
AcDbEntity
  8
OUTLINE
100
AcDbPolyline
 90
2
 70
0
 10
136.18946058359364
 20
190.3770709313448
 10
136.18946058359364
 20
188.83417559979898
  0
LWPOLYLINE
  5
6B1
330
17
100
AcDbEntity
  8
OUTLINE
100
AcDbPolyline
 90
2
 70
0
 10
165.47871557617123
 20
234.15672596395794
 10
165.47871557617123
 20
232.6138306324121
  0
LWPOLYLINE
  5
6B2
330
17
100
AcDbEntity
  8
OUTLINE
100
AcDbPolyline
 90
2
 70
0
 10
169.61490305775874
 20
234.15672596395794
 10
169.61490305775874
 20
232.6138306324121
  0
LWPOLYLINE
  5
6B3
330
17
100
AcDbEntity
  8
OUTLINE
100
AcDbPolyline
 90
2
 70
0
 10
168.5703579804411
 20
220.20638067456434
 10
168.5703579804411
 20
220.01742794711288
  0
LWPOLYLINE
  5
6B4
330
17
100
AcDbEntity
  8
OUTLINE
100
AcDbPolyline
 90
2
 70
0
 10
184.2924114901456
 20
220.94319049616752
 10
184.13572972854794
 20
220.86604572959024
  0
LWPOLYLINE
  5
6B5
330
17
100
AcDbEntity
  8
OUTLINE
100
AcDbPolyline
 90
2
 70
0
 10
185.27119469526713
 20
218.95527240911252
 10
185.1145129336695
 20
218.87812764253522
  0
LWPOLYLINE
  5
6B6
330
17
100
AcDbEntity
  8
OUTLINE
100
AcDbPolyline
 90
2
 70
0
 10
183.02232879377178
 20
217.84800738180192
 10
181.5501621256109
 20
217.12316262118594
  0
LWPOLYLINE
  5
6B7
330
17
100
AcDbEntity
  8
OUTLINE
100
AcDbPolyline
 90
2
 70
0
 10
184.2924114901456
 20
210.27149778630883
 10
182.04663957391264
 20
209.16575613203432
  0
LWPOLYLINE
  5
6B8
330
17
100
AcDbEntity
  8
OUTLINE
100
AcDbPolyline
 90
2
 70
0
 10
185.27119469526713
 20
208.2835796992538
 10
183.0254226947454
 20
207.17783800347837
  0
LWPOLYLINE
  5
6B9
330
17
100
AcDbEntity
  8
OUTLINE
100
AcDbPolyline
 90
2
 70
0
 10
165.52997758760142
 20
216.43984602482885
 10
164.27652349482025
 20
215.82268789221052
  0
LWPOLYLINE
  5
6BA
330
17
100
AcDbEntity
  8
OUTLINE
100
AcDbPolyline
 90
2
 70
0
 10
167.35703957049498
 20
212.7290655956595
 10
166.1035854777138
 20
212.11190746304118
  0
LWPOLYLINE
  5
6BB
330
17
100
AcDbEntity
  8
OUTLINE
100
AcDbPolyline
 90
2
 70
0
 10
158.9880680896934
 20
212.1485694789301
 10
158.43339241980027
 20
211.87546605806168
  0
LWPOLYLINE
  5
6BC
330
17
100
AcDbEntity
  8
OUTLINE
100
AcDbPolyline
 90
2
 70
0
 10
159.94441099178474
 20
210.149602550443
 10
159.41217562492182
 20
209.88754797100665
  0
TEXT
  5
6BD
330
17
100
AcDbEntity
  8
TEXT
100
AcDbText
 10
18.0
 20
159.0
 30
0.0
 40
2.6
  1
ISOMETRIC / hardware envelopes simplified  (view scale 0.74:1)
100
AcDbText
  0
LWPOLYLINE
  5
6BE
330
17
100
AcDbEntity
  8
HIDDEN
100
AcDbPolyline
 90
15
 70
0
 10
221.6764705882353
 20
85.17647058823529
 10
221.5879808665241
 20
85.17647058823529
 10
221.32694894553794
 20
85.17647058823529
 10
220.9064640557695
 20
85.17647058823529
 10
220.34761106538377
 20
85.17647058823529
 10
219.67841319688551
 20
85.17647058823529
 10
218.93242682572816
 20
85.17647058823529
 10
218.1470588235294
 20
85.17647058823529
 10
217.36169082133068
 20
85.17647058823529
 10
216.61570445017333
 20
85.17647058823529
 10
215.94650658167507
 20
85.17647058823529
 10
215.38765359128934
 20
85.17647058823529
 10
214.9671687015209
 20
85.17647058823529
 10
214.70613678053473
 20
85.17647058823529
 10
214.61764705882354
 20
85.17647058823529
  0
LWPOLYLINE
  5
6BF
330
17
100
AcDbEntity
  8
HIDDEN
100
AcDbPolyline
 90
15
 70
0
 10
214.61764705882354
 20
85.17647058823529
 10
214.63983925920036
 20
85.17647058823529
 10
214.70613678053473
 20
85.17647058823529
 10
214.8157058930293
 20
85.17647058823529
 10
214.9671687015209
 20
85.17647058823529
 10
215.15862047331194
 20
85.17647058823529
 10
215.38765359128934
 20
85.17647058823529
 10
215.65138783110632
 20
85.17647058823529
 10
215.94650658167507
 20
85.17647058823529
 10
216.26929855347527
 20
85.17647058823529
 10
216.61570445017333
 20
85.17647058823529
 10
216.98136801662883
 20
85.17647058823529
 10
217.36169082133068
 20
85.17647058823529
 10
217.75189008434126
 20
85.17647058823529
 10
218.1470588235294
 20
85.17647058823529
  0
LWPOLYLINE
  5
6C0
330
17
100
AcDbEntity
  8
HIDDEN
100
AcDbPolyline
 90
15
 70
0
 10
221.6764705882353
 20
84.0
 10
221.5879808665241
 20
84.0
 10
221.32694894553794
 20
84.0
 10
220.9064640557695
 20
84.0
 10
220.34761106538377
 20
84.0
 10
219.67841319688551
 20
84.0
 10
218.93242682572816
 20
84.0
 10
218.1470588235294
 20
84.0
 10
217.36169082133068
 20
84.0
 10
216.61570445017333
 20
84.0
 10
215.94650658167507
 20
84.0
 10
215.38765359128934
 20
84.0
 10
214.9671687015209
 20
84.0
 10
214.70613678053473
 20
84.0
 10
214.61764705882354
 20
84.0
  0
LWPOLYLINE
  5
6C1
330
17
100
AcDbEntity
  8
HIDDEN
100
AcDbPolyline
 90
15
 70
0
 10
214.61764705882354
 20
84.0
 10
214.65046389801557
 20
84.0
 10
214.74830414679548
 20
84.0
 10
214.90934834746054
 20
84.0
 10
215.1306016884169
 20
84.0
 10
215.4079496963218
 20
84.0
 10
215.736234749689
 20
84.0
 10
216.10935199109548
 20
84.0
 10
216.52036285438487
 20
84.0
 10
216.96162409569342
 20
84.0
 10
217.4249299288091
 20
84.0
 10
217.90166462168594
 20
84.0
 10
218.38296271639717
 20
84.0
 10
218.85987389304205
 20
84.0
 10
219.3235294117647
 20
84.0
  0
LWPOLYLINE
  5
6C2
330
17
100
AcDbEntity
  8
HIDDEN
100
AcDbPolyline
 90
15
 70
0
 10
220.5
 20
84.0
 10
220.44100685219252
 20
84.0
 10
220.2669855715351
 20
84.0
 10
219.98666231168949
 20
84.0
 10
219.6140936514323
 20
84.0
 10
219.16796173910018
 20
84.0
 10
218.67063749166192
 20
84.0
 10
218.1470588235294
 20
84.0
 10
217.62348015539692
 20
84.0
 10
217.12615590795866
 20
84.0
 10
216.68002399562653
 20
84.0
 10
216.30745533536935
 20
84.0
 10
216.0271320755237
 20
84.0
 10
215.85311079486632
 20
84.0
 10
215.79411764705884
 20
84.0
  0
LWPOLYLINE
  5
6C3
330
17
100
AcDbEntity
  8
HIDDEN
100
AcDbPolyline
 90
15
 70
0
 10
215.79411764705884
 20
84.0
 10
215.85311079486632
 20
84.0
 10
216.0271320755237
 20
84.0
 10
216.30745533536935
 20
84.0
 10
216.68002399562653
 20
84.0
 10
217.12615590795866
 20
84.0
 10
217.62348015539692
 20
84.0
 10
218.1470588235294
 20
84.0
 10
218.67063749166192
 20
84.0
 10
219.16796173910018
 20
84.0
 10
219.6140936514323
 20
84.0
 10
219.98666231168949
 20
84.0
 10
220.2669855715351
 20
84.0
 10
220.44100685219252
 20
84.0
 10
220.5
 20
84.0
  0
LWPOLYLINE
  5
6C4
330
17
100
AcDbEntity
  8
HIDDEN
100
AcDbPolyline
 90
2
 70
0
 10
220.5
 20
76.94117647058823
 10
220.5
 20
82.8235294117647
  0
LWPOLYLINE
  5
6C5
330
17
100
AcDbEntity
  8
HIDDEN
100
AcDbPolyline
 90
15
 70
0
 10
220.5
 20
76.94117647058823
 10
220.44100685219252
 20
76.94117647058823
 10
220.2669855715351
 20
76.94117647058823
 10
219.98666231168949
 20
76.94117647058823
 10
219.6140936514323
 20
76.94117647058823
 10
219.16796173910018
 20
76.94117647058823
 10
218.67063749166192
 20
76.94117647058823
 10
218.1470588235294
 20
76.94117647058823
 10
217.62348015539692
 20
76.94117647058823
 10
217.12615590795866
 20
76.94117647058823
 10
216.68002399562653
 20
76.94117647058823
 10
216.30745533536935
 20
76.94117647058823
 10
216.0271320755237
 20
76.94117647058823
 10
215.85311079486632
 20
76.94117647058823
 10
215.79411764705884
 20
76.94117647058823
  0
LWPOLYLINE
  5
6C6
330
17
100
AcDbEntity
  8
HIDDEN
100
AcDbPolyline
 90
15
 70
0
 10
215.79411764705884
 20
76.94117647058823
 10
215.85311079486632
 20
76.94117647058823
 10
216.0271320755237
 20
76.94117647058823
 10
216.30745533536935
 20
76.94117647058823
 10
216.68002399562653
 20
76.94117647058823
 10
217.12615590795866
 20
76.94117647058823
 10
217.62348015539692
 20
76.94117647058823
 10
218.1470588235294
 20
76.94117647058823
 10
218.67063749166192
 20
76.94117647058823
 10
219.16796173910018
 20
76.94117647058823
 10
219.6140936514323
 20
76.94117647058823
 10
219.98666231168949
 20
76.94117647058823
 10
220.2669855715351
 20
76.94117647058823
 10
220.44100685219252
 20
76.94117647058823
 10
220.5
 20
76.94117647058823
  0
LWPOLYLINE
  5
6C7
330
17
100
AcDbEntity
  8
HIDDEN
100
AcDbPolyline
 90
2
 70
0
 10
28.735294117647058
 20
76.94117647058823
 10
252.26470588235293
 20
76.94117647058823
  0
LWPOLYLINE
  5
6C8
330
17
100
AcDbEntity
  8
HIDDEN
100
AcDbPolyline
 90
15
 70
0
 10
42.5
 20
76.94117647058823
 10
42.449855824363645
 20
76.94117647058823
 10
42.301937735804835
 20
76.94117647058823
 10
42.06366296493606
 20
76.94117647058823
 10
41.74697960371746
 20
76.94117647058823
 10
41.367767478235116
 20
76.94117647058823
 10
40.94504186791263
 20
76.94117647058823
 10
40.5
 20
76.94117647058823
 10
40.05495813208737
 20
76.94117647058823
 10
39.632232521764884
 20
76.94117647058823
 10
39.25302039628254
 20
76.94117647058823
 10
38.93633703506394
 20
76.94117647058823
 10
38.69806226419516
 20
76.94117647058823
 10
38.55014417563635
 20
76.94117647058823
 10
38.5
 20
76.94117647058823
  0
LWPOLYLINE
  5
6C9
330
17
100
AcDbEntity
  8
HIDDEN
100
AcDbPolyline
 90
15
 70
0
 10
38.5
 20
76.94117647058823
 10
38.55014417563635
 20
76.94117647058823
 10
38.69806226419516
 20
76.94117647058823
 10
38.93633703506394
 20
76.94117647058823
 10
39.25302039628254
 20
76.94117647058823
 10
39.632232521764884
 20
76.94117647058823
 10
40.05495813208737
 20
76.94117647058823
 10
40.5
 20
76.94117647058823
 10
40.94504186791263
 20
76.94117647058823
 10
41.367767478235116
 20
76.94117647058823
 10
41.74697960371746
 20
76.94117647058823
 10
42.06366296493606
 20
76.94117647058823
 10
42.301937735804835
 20
76.94117647058823
 10
42.449855824363645
 20
76.94117647058823
 10
42.5
 20
76.94117647058823
  0
LWPOLYLINE
  5
6CA
330
17
100
AcDbEntity
  8
HIDDEN
100
AcDbPolyline
 90
15
 70
0
 10
56.61764705882353
 20
76.94117647058823
 10
56.567502883187174
 20
76.94117647058823
 10
56.41958479462836
 20
76.94117647058823
 10
56.18131002375959
 20
76.94117647058823
 10
55.864626662541
 20
76.94117647058823
 10
55.485414537058645
 20
76.94117647058823
 10
55.06268892673616
 20
76.94117647058823
 10
54.61764705882353
 20
76.94117647058823
 10
54.1726051909109
 20
76.94117647058823
 10
53.74987958058841
 20
76.94117647058823
 10
53.37066745510606
 20
76.94117647058823
 10
53.053984093887465
 20
76.94117647058823
 10
52.815709323018694
 20
76.94117647058823
 10
52.667791234459884
 20
76.94117647058823
 10
52.61764705882353
 20
76.94117647058823
  0
LWPOLYLINE
  5
6CB
330
17
100
AcDbEntity
  8
HIDDEN
100
AcDbPolyline
 90
15
 70
0
 10
52.61764705882353
 20
76.94117647058823
 10
52.667791234459884
 20
76.94117647058823
 10
52.815709323018694
 20
76.94117647058823
 10
53.053984093887465
 20
76.94117647058823
 10
53.37066745510606
 20
76.94117647058823
 10
53.74987958058841
 20
76.94117647058823
 10
54.1726051909109
 20
76.94117647058823
 10
54.61764705882353
 20
76.94117647058823
 10
55.06268892673616
 20
76.94117647058823
 10
55.485414537058645
 20
76.94117647058823
 10
55.864626662541
 20
76.94117647058823
 10
56.18131002375959
 20
76.94117647058823
 10
56.41958479462836
 20
76.94117647058823
 10
56.567502883187174
 20
76.94117647058823
 10
56.61764705882353
 20
76.94117647058823
  0
LWPOLYLINE
  5
6CC
330
17
100
AcDbEntity
  8
HIDDEN
100
AcDbPolyline
 90
2
 70
0
 10
75.79411764705883
 20
76.94117647058823
 10
198.1470588235294
 20
76.94117647058823
  0
LWPOLYLINE
  5
6CD
330
17
100
AcDbEntity
  8
HIDDEN
100
AcDbPolyline
 90
2
 70
0
 10
75.79411764705883
 20
76.94117647058823
 10
198.1470588235294
 20
76.94117647058823
  0
LWPOLYLINE
  5
6CE
330
17
100
AcDbEntity
  8
HIDDEN
100
AcDbPolyline
 90
15
 70
0
 10
42.5
 20
76.94117647058823
 10
42.449855824363645
 20
76.94117647058823
 10
42.301937735804835
 20
76.94117647058823
 10
42.06366296493606
 20
76.94117647058823
 10
41.74697960371746
 20
76.94117647058823
 10
41.367767478235116
 20
76.94117647058823
 10
40.94504186791263
 20
76.94117647058823
 10
40.5
 20
76.94117647058823
 10
40.05495813208737
 20
76.94117647058823
 10
39.632232521764884
 20
76.94117647058823
 10
39.25302039628254
 20
76.94117647058823
 10
38.93633703506394
 20
76.94117647058823
 10
38.69806226419516
 20
76.94117647058823
 10
38.55014417563635
 20
76.94117647058823
 10
38.5
 20
76.94117647058823
  0
LWPOLYLINE
  5
6CF
330
17
100
AcDbEntity
  8
HIDDEN
100
AcDbPolyline
 90
15
 70
0
 10
38.5
 20
76.94117647058823
 10
38.55014417563635
 20
76.94117647058823
 10
38.69806226419516
 20
76.94117647058823
 10
38.93633703506394
 20
76.94117647058823
 10
39.25302039628254
 20
76.94117647058823
 10
39.632232521764884
 20
76.94117647058823
 10
40.05495813208737
 20
76.94117647058823
 10
40.5
 20
76.94117647058823
 10
40.94504186791263
 20
76.94117647058823
 10
41.367767478235116
 20
76.94117647058823
 10
41.74697960371746
 20
76.94117647058823
 10
42.06366296493606
 20
76.94117647058823
 10
42.301937735804835
 20
76.94117647058823
 10
42.449855824363645
 20
76.94117647058823
 10
42.5
 20
76.94117647058823
  0
LWPOLYLINE
  5
6D0
330
17
100
AcDbEntity
  8
HIDDEN
100
AcDbPolyline
 90
15
 70
0
 10
56.61764705882353
 20
76.94117647058823
 10
56.567502883187174
 20
76.94117647058823
 10
56.41958479462836
 20
76.94117647058823
 10
56.18131002375959
 20
76.94117647058823
 10
55.864626662541
 20
76.94117647058823
 10
55.485414537058645
 20
76.94117647058823
 10
55.06268892673616
 20
76.94117647058823
 10
54.61764705882353
 20
76.94117647058823
 10
54.1726051909109
 20
76.94117647058823
 10
53.74987958058841
 20
76.94117647058823
 10
53.37066745510606
 20
76.94117647058823
 10
53.053984093887465
 20
76.94117647058823
 10
52.815709323018694
 20
76.94117647058823
 10
52.667791234459884
 20
76.94117647058823
 10
52.61764705882353
 20
76.94117647058823
  0
LWPOLYLINE
  5
6D1
330
17
100
AcDbEntity
  8
HIDDEN
100
AcDbPolyline
 90
15
 70
0
 10
52.61764705882353
 20
76.94117647058823
 10
52.667791234459884
 20
76.94117647058823
 10
52.815709323018694
 20
76.94117647058823
 10
53.053984093887465
 20
76.94117647058823
 10
53.37066745510606
 20
76.94117647058823
 10
53.74987958058841
 20
76.94117647058823
 10
54.1726051909109
 20
76.94117647058823
 10
54.61764705882353
 20
76.94117647058823
 10
55.06268892673616
 20
76.94117647058823
 10
55.485414537058645
 20
76.94117647058823
 10
55.864626662541
 20
76.94117647058823
 10
56.18131002375959
 20
76.94117647058823
 10
56.41958479462836
 20
76.94117647058823
 10
56.567502883187174
 20
76.94117647058823
 10
56.61764705882353
 20
76.94117647058823
  0
LWPOLYLINE
  5
6D2
330
17
100
AcDbEntity
  8
HIDDEN
100
AcDbPolyline
 90
2
 70
0
 10
199.3235294117647
 20
76.94117647058823
 10
226.38235294117646
 20
76.94117647058823
  0
LWPOLYLINE
  5
6D3
330
17
100
AcDbEntity
  8
HIDDEN
100
AcDbPolyline
 90
2
 70
0
 10
204.0294117647059
 20
76.94117647058823
 10
226.38235294117646
 20
76.94117647058823
  0
LWPOLYLINE
  5
6D4
330
17
100
AcDbEntity
  8
HIDDEN
100
AcDbPolyline
 90
2
 70
0
 10
204.0294117647059
 20
76.94117647058823
 10
226.38235294117646
 20
76.94117647058823
  0
LWPOLYLINE
  5
6D5
330
17
100
AcDbEntity
  8
HIDDEN
100
AcDbPolyline
 90
2
 70
0
 10
226.38235294117646
 20
76.94117647058823
 10
199.3235294117647
 20
76.94117647058823
  0
LWPOLYLINE
  5
6D6
330
17
100
AcDbEntity
  8
HIDDEN
100
AcDbPolyline
 90
2
 70
0
 10
75.79411764705883
 20
76.94117647058823
 10
198.1470588235294
 20
76.94117647058823
  0
LWPOLYLINE
  5
6D7
330
17
100
AcDbEntity
  8
HIDDEN
100
AcDbPolyline
 90
2
 70
0
 10
75.79411764705883
 20
76.94117647058823
 10
198.1470588235294
 20
76.94117647058823
  0
LWPOLYLINE
  5
6D8
330
17
100
AcDbEntity
  8
HIDDEN
100
AcDbPolyline
 90
2
 70
0
 10
198.1470588235294
 20
76.94117647058823
 10
198.1470588235294
 20
82.8235294117647
  0
LWPOLYLINE
  5
6D9
330
17
100
AcDbEntity
  8
HIDDEN
100
AcDbPolyline
 90
2
 70
0
 10
75.79411764705883
 20
82.8235294117647
 10
198.1470588235294
 20
82.8235294117647
  0
LWPOLYLINE
  5
6DA
330
17
100
AcDbEntity
  8
HIDDEN
100
AcDbPolyline
 90
2
 70
0
 10
75.79411764705883
 20
76.94117647058823
 10
75.79411764705883
 20
82.8235294117647
  0
LWPOLYLINE
  5
6DB
330
17
100
AcDbEntity
  8
HIDDEN
100
AcDbPolyline
 90
2
 70
0
 10
75.79411764705883
 20
82.8235294117647
 10
198.1470588235294
 20
82.8235294117647
  0
LWPOLYLINE
  5
6DC
330
17
100
AcDbEntity
  8
HIDDEN
100
AcDbPolyline
 90
15
 70
0
 10
95.44117647058825
 20
82.8235294117647
 10
95.39103229495188
 20
82.8235294117647
 10
95.24311420639307
 20
82.8235294117647
 10
95.00483943552429
 20
82.8235294117647
 10
94.68815607430571
 20
82.8235294117647
 10
94.30894394882336
 20
82.8235294117647
 10
93.88621833850087
 20
82.8235294117647
 10
93.44117647058823
 20
82.8235294117647
 10
92.99613460267561
 20
82.8235294117647
 10
92.57340899235312
 20
82.8235294117647
 10
92.19419686687077
 20
82.8235294117647
 10
91.87751350565219
 20
82.8235294117647
 10
91.63923873478339
 20
82.8235294117647
 10
91.4913206462246
 20
82.8235294117647
 10
91.44117647058823
 20
82.8235294117647
  0
LWPOLYLINE
  5
6DD
330
17
100
AcDbEntity
  8
HIDDEN
100
AcDbPolyline
 90
15
 70
0
 10
91.44117647058823
 20
82.8235294117647
 10
91.4913206462246
 20
82.8235294117647
 10
91.63923873478339
 20
82.8235294117647
 10
91.87751350565219
 20
82.8235294117647
 10
92.19419686687077
 20
82.8235294117647
 10
92.57340899235312
 20
82.8235294117647
 10
92.99613460267561
 20
82.8235294117647
 10
93.44117647058823
 20
82.8235294117647
 10
93.88621833850087
 20
82.8235294117647
 10
94.30894394882336
 20
82.8235294117647
 10
94.68815607430571
 20
82.8235294117647
 10
95.00483943552429
 20
82.8235294117647
 10
95.24311420639307
 20
82.8235294117647
 10
95.39103229495188
 20
82.8235294117647
 10
95.44117647058825
 20
82.8235294117647
  0
LWPOLYLINE
  5
6DE
330
17
100
AcDbEntity
  8
HIDDEN
100
AcDbPolyline
 90
15
 70
0
 10
183.6764705882353
 20
82.8235294117647
 10
183.62632641259893
 20
82.8235294117647
 10
183.47840832404012
 20
82.8235294117647
 10
183.24013355317135
 20
82.8235294117647
 10
182.92345019195278
 20
82.8235294117647
 10
182.54423806647043
 20
82.8235294117647
 10
182.1215124561479
 20
82.8235294117647
 10
181.6764705882353
 20
82.8235294117647
 10
181.23142872032264
 20
82.8235294117647
 10
180.80870311000018
 20
82.8235294117647
 10
180.42949098451783
 20
82.8235294117647
 10
180.11280762329926
 20
82.8235294117647
 10
179.8745328524305
 20
82.8235294117647
 10
179.72661476387162
 20
82.8235294117647
 10
179.6764705882353
 20
82.8235294117647
  0
LWPOLYLINE
  5
6DF
330
17
100
AcDbEntity
  8
HIDDEN
100
AcDbPolyline
 90
15
 70
0
 10
179.6764705882353
 20
82.8235294117647
 10
179.72661476387162
 20
82.8235294117647
 10
179.8745328524305
 20
82.8235294117647
 10
180.11280762329926
 20
82.8235294117647
 10
180.42949098451783
 20
82.8235294117647
 10
180.80870311000018
 20
82.8235294117647
 10
181.23142872032264
 20
82.8235294117647
 10
181.6764705882353
 20
82.8235294117647
 10
182.1215124561479
 20
82.8235294117647
 10
182.54423806647043
 20
82.8235294117647
 10
182.92345019195278
 20
82.8235294117647
 10
183.24013355317135
 20
82.8235294117647
 10
183.47840832404012
 20
82.8235294117647
 10
183.62632641259893
 20
82.8235294117647
 10
183.6764705882353
 20
82.8235294117647
  0
LWPOLYLINE
  5
6E0
330
17
100
AcDbEntity
  8
HIDDEN
100
AcDbPolyline
 90
2
 70
0
 10
183.6764705882353
 20
72.94117647058823
 10
183.6764705882353
 20
82.8235294117647
  0
LWPOLYLINE
  5
6E1
330
17
100
AcDbEntity
  8
HIDDEN
100
AcDbPolyline
 90
15
 70
0
 10
183.6764705882353
 20
72.94117647058823
 10
183.62632641259893
 20
72.94117647058823
 10
183.47840832404012
 20
72.94117647058823
 10
183.24013355317135
 20
72.94117647058823
 10
182.92345019195278
 20
72.94117647058823
 10
182.54423806647043
 20
72.94117647058823
 10
182.1215124561479
 20
72.94117647058823
 10
181.6764705882353
 20
72.94117647058823
 10
181.23142872032264
 20
72.94117647058823
 10
180.80870311000018
 20
72.94117647058823
 10
180.42949098451783
 20
72.94117647058823
 10
180.11280762329926
 20
72.94117647058823
 10
179.8745328524305
 20
72.94117647058823
 10
179.72661476387162
 20
72.94117647058823
 10
179.6764705882353
 20
72.94117647058823
  0
LWPOLYLINE
  5
6E2
330
17
100
AcDbEntity
  8
HIDDEN
100
AcDbPolyline
 90
15
 70
0
 10
179.6764705882353
 20
72.94117647058823
 10
179.72661476387162
 20
72.94117647058823
 10
179.8745328524305
 20
72.94117647058823
 10
180.11280762329926
 20
72.94117647058823
 10
180.42949098451783
 20
72.94117647058823
 10
180.80870311000018
 20
72.94117647058823
 10
181.23142872032264
 20
72.94117647058823
 10
181.6764705882353
 20
72.94117647058823
 10
182.1215124561479
 20
72.94117647058823
 10
182.54423806647043
 20
72.94117647058823
 10
182.92345019195278
 20
72.94117647058823
 10
183.24013355317135
 20
72.94117647058823
 10
183.47840832404012
 20
72.94117647058823
 10
183.62632641259893
 20
72.94117647058823
 10
183.6764705882353
 20
72.94117647058823
  0
LWPOLYLINE
  5
6E3
330
17
100
AcDbEntity
  8
HIDDEN
100
AcDbPolyline
 90
2
 70
0
 10
185.61603713094098
 20
72.94117647058823
 10
183.64625385958817
 20
72.94117647058823
  0
LWPOLYLINE
  5
6E4
330
17
100
AcDbEntity
  8
HIDDEN
100
AcDbPolyline
 90
2
 70
0
 10
183.64625385958817
 20
72.94117647058823
 10
185.61603713094098
 20
72.94117647058823
  0
LWPOLYLINE
  5
6E5
330
17
100
AcDbEntity
  8
HIDDEN
100
AcDbPolyline
 90
2
 70
0
 10
183.64625385958817
 20
72.94117647058823
 10
179.70668731688244
 20
72.94117647058823
  0
LWPOLYLINE
  5
6E6
330
17
100
AcDbEntity
  8
HIDDEN
100
AcDbPolyline
 90
2
 70
0
 10
179.70668731688244
 20
72.94117647058823
 10
183.64625385958817
 20
72.94117647058823
  0
LWPOLYLINE
  5
6E7
330
17
100
AcDbEntity
  8
HIDDEN
100
AcDbPolyline
 90
2
 70
0
 10
179.70668731688244
 20
72.94117647058823
 10
177.73690404552963
 20
72.94117647058823
  0
LWPOLYLINE
  5
6E8
330
17
100
AcDbEntity
  8
HIDDEN
100
AcDbPolyline
 90
2
 70
0
 10
177.73690404552963
 20
72.94117647058823
 10
179.70668731688244
 20
72.94117647058823
  0
LWPOLYLINE
  5
6E9
330
17
100
AcDbEntity
  8
HIDDEN
100
AcDbPolyline
 90
2
 70
0
 10
179.70668731688244
 20
69.88235294117646
 10
177.73690404552963
 20
69.88235294117646
  0
LWPOLYLINE
  5
6EA
330
17
100
AcDbEntity
  8
HIDDEN
100
AcDbPolyline
 90
2
 70
0
 10
179.70668731688244
 20
69.88235294117646
 10
179.70668731688244
 20
72.94117647058823
  0
LWPOLYLINE
  5
6EB
330
17
100
AcDbEntity
  8
HIDDEN
100
AcDbPolyline
 90
2
 70
0
 10
177.73690404552963
 20
69.88235294117646
 10
177.73690404552963
 20
72.94117647058823
  0
LWPOLYLINE
  5
6EC
330
17
100
AcDbEntity
  8
HIDDEN
100
AcDbPolyline
 90
2
 70
0
 10
28.735294117647058
 20
69.88235294117646
 10
252.26470588235293
 20
69.88235294117646
  0
LWPOLYLINE
  5
6ED
330
17
100
AcDbEntity
  8
HIDDEN
100
AcDbPolyline
 90
2
 70
0
 10
33.44117647058823
 20
69.88235294117646
 10
42.85294117647059
 20
69.88235294117646
  0
LWPOLYLINE
  5
6EE
330
17
100
AcDbEntity
  8
HIDDEN
100
AcDbPolyline
 90
2
 70
0
 10
235.79411764705884
 20
69.88235294117646
 10
245.20588235294116
 20
69.88235294117646
  0
LWPOLYLINE
  5
6EF
330
17
100
AcDbEntity
  8
HIDDEN
100
AcDbPolyline
 90
15
 70
0
 10
40.38235294117647
 20
69.88235294117646
 10
40.32630945075937
 20
69.88235294117646
 10
40.16098923413482
 20
69.88235294117646
 10
39.89468213728148
 20
69.88235294117646
 10
39.54074191003717
 20
69.88235294117646
 10
39.116916593321605
 20
69.88235294117646
 10
38.644458558255295
 20
69.88235294117646
 10
38.14705882352941
 20
69.88235294117646
 10
37.64965908880353
 20
69.88235294117646
 10
37.17720105373722
 20
69.88235294117646
 10
36.753375737021656
 20
69.88235294117646
 10
36.39943550977735
 20
69.88235294117646
 10
36.133128412924
 20
69.88235294117646
 10
35.96780819629945
 20
69.88235294117646
 10
35.911764705882355
 20
69.88235294117646
  0
LWPOLYLINE
  5
6F0
330
17
100
AcDbEntity
  8
HIDDEN
100
AcDbPolyline
 90
15
 70
0
 10
35.911764705882355
 20
69.88235294117646
 10
35.96780819629945
 20
69.88235294117646
 10
36.133128412924
 20
69.88235294117646
 10
36.39943550977735
 20
69.88235294117646
 10
36.753375737021656
 20
69.88235294117646
 10
37.17720105373722
 20
69.88235294117646
 10
37.64965908880353
 20
69.88235294117646
 10
38.14705882352941
 20
69.88235294117646
 10
38.64445855825529
 20
69.88235294117646
 10
39.1169165933216
 20
69.88235294117646
 10
39.54074191003717
 20
69.88235294117646
 10
39.89468213728148
 20
69.88235294117646
 10
40.16098923413482
 20
69.88235294117646
 10
40.32630945075937
 20
69.88235294117646
 10
40.38235294117647
 20
69.88235294117646
  0
LWPOLYLINE
  5
6F1
330
17
100
AcDbEntity
  8
HIDDEN
100
AcDbPolyline
 90
2
 70
0
 10
38.53021672864716
 20
69.88235294117646
 10
42.46978327135284
 20
69.88235294117646
  0
LWPOLYLINE
  5
6F2
330
17
100
AcDbEntity
  8
HIDDEN
100
AcDbPolyline
 90
2
 70
0
 10
36.560433457294316
 20
69.88235294117646
 10
38.53021672864716
 20
69.88235294117646
  0
LWPOLYLINE
  5
6F3
330
17
100
AcDbEntity
  8
HIDDEN
100
AcDbPolyline
 90
2
 70
0
 10
42.46978327135284
 20
69.88235294117646
 10
44.439566542705684
 20
69.88235294117646
  0
LWPOLYLINE
  5
6F4
330
17
100
AcDbEntity
  8
HIDDEN
100
AcDbPolyline
 90
2
 70
0
 10
38.530216728647154
 20
69.88235294117646
 10
36.560433457294316
 20
69.88235294117646
  0
LWPOLYLINE
  5
6F5
330
17
100
AcDbEntity
  8
HIDDEN
100
AcDbPolyline
 90
2
 70
0
 10
44.43956654270568
 20
69.88235294117646
 10
42.46978327135284
 20
69.88235294117646
  0
LWPOLYLINE
  5
6F6
330
17
100
AcDbEntity
  8
HIDDEN
100
AcDbPolyline
 90
2
 70
0
 10
42.46978327135284
 20
69.88235294117646
 10
38.530216728647154
 20
69.88235294117646
  0
LWPOLYLINE
  5
6F7
330
17
100
AcDbEntity
  8
HIDDEN
100
AcDbPolyline
 90
2
 70
0
 10
52.64786378747069
 20
69.88235294117646
 10
56.587430330176375
 20
69.88235294117646
  0
LWPOLYLINE
  5
6F8
330
17
100
AcDbEntity
  8
HIDDEN
100
AcDbPolyline
 90
2
 70
0
 10
50.67808051611785
 20
69.88235294117646
 10
52.6478637874707
 20
69.88235294117646
  0
LWPOLYLINE
  5
6F9
330
17
100
AcDbEntity
  8
HIDDEN
100
AcDbPolyline
 90
2
 70
0
 10
56.587430330176375
 20
69.88235294117646
 10
58.55721360152921
 20
69.88235294117646
  0
LWPOLYLINE
  5
6FA
330
17
100
AcDbEntity
  8
HIDDEN
100
AcDbPolyline
 90
2
 70
0
 10
52.64786378747069
 20
69.88235294117646
 10
50.67808051611785
 20
69.88235294117646
  0
LWPOLYLINE
  5
6FB
330
17
100
AcDbEntity
  8
HIDDEN
100
AcDbPolyline
 90
2
 70
0
 10
58.557213601529206
 20
69.88235294117646
 10
56.58743033017636
 20
69.88235294117646
  0
LWPOLYLINE
  5
6FC
330
17
100
AcDbEntity
  8
HIDDEN
100
AcDbPolyline
 90
2
 70
0
 10
56.58743033017637
 20
69.88235294117646
 10
52.64786378747068
 20
69.88235294117646
  0
LWPOLYLINE
  5
6FD
330
17
100
AcDbEntity
  8
HIDDEN
100
AcDbPolyline
 90
2
 70
0
 10
91.4713931992354
 20
69.88235294117646
 10
95.41095974194107
 20
69.88235294117646
  0
LWPOLYLINE
  5
6FE
330
17
100
AcDbEntity
  8
HIDDEN
100
AcDbPolyline
 90
2
 70
0
 10
89.50160992788255
 20
69.88235294117646
 10
91.47139319923541
 20
69.88235294117646
  0
LWPOLYLINE
  5
6FF
330
17
100
AcDbEntity
  8
HIDDEN
100
AcDbPolyline
 90
2
 70
0
 10
95.41095974194107
 20
69.88235294117646
 10
97.38074301329391
 20
69.88235294117646
  0
LWPOLYLINE
  5
700
330
17
100
AcDbEntity
  8
HIDDEN
100
AcDbPolyline
 90
2
 70
0
 10
91.4713931992354
 20
69.88235294117646
 10
89.50160992788255
 20
69.88235294117646
  0
LWPOLYLINE
  5
701
330
17
100
AcDbEntity
  8
HIDDEN
100
AcDbPolyline
 90
2
 70
0
 10
97.38074301329392
 20
69.88235294117646
 10
95.41095974194107
 20
69.88235294117646
  0
LWPOLYLINE
  5
702
330
17
100
AcDbEntity
  8
HIDDEN
100
AcDbPolyline
 90
2
 70
0
 10
95.41095974194108
 20
69.88235294117646
 10
91.4713931992354
 20
69.88235294117646
  0
LWPOLYLINE
  5
703
330
17
100
AcDbEntity
  8
HIDDEN
100
AcDbPolyline
 90
2
 70
0
 10
179.70668731688244
 20
69.88235294117646
 10
183.64625385958817
 20
69.88235294117646
  0
LWPOLYLINE
  5
704
330
17
100
AcDbEntity
  8
HIDDEN
100
AcDbPolyline
 90
2
 70
0
 10
177.73690404552963
 20
69.88235294117646
 10
179.70668731688244
 20
69.88235294117646
  0
LWPOLYLINE
  5
705
330
17
100
AcDbEntity
  8
HIDDEN
100
AcDbPolyline
 90
2
 70
0
 10
183.64625385958817
 20
69.88235294117646
 10
185.61603713094098
 20
69.88235294117646
  0
LWPOLYLINE
  5
706
330
17
100
AcDbEntity
  8
HIDDEN
100
AcDbPolyline
 90
2
 70
0
 10
179.70668731688244
 20
69.88235294117646
 10
177.73690404552963
 20
69.88235294117646
  0
LWPOLYLINE
  5
707
330
17
100
AcDbEntity
  8
HIDDEN
100
AcDbPolyline
 90
2
 70
0
 10
185.61603713094098
 20
69.88235294117646
 10
183.64625385958817
 20
69.88235294117646
  0
LWPOLYLINE
  5
708
330
17
100
AcDbEntity
  8
HIDDEN
100
AcDbPolyline
 90
2
 70
0
 10
183.64625385958817
 20
69.88235294117646
 10
179.70668731688244
 20
69.88235294117646
  0
LWPOLYLINE
  5
709
330
17
100
AcDbEntity
  8
HIDDEN
100
AcDbPolyline
 90
15
 70
0
 10
242.73529411764707
 20
69.88235294117646
 10
242.67925062722998
 20
69.88235294117646
 10
242.51393041060544
 20
69.88235294117646
 10
242.24762331375206
 20
69.88235294117646
 10
241.8936830865078
 20
69.88235294117646
 10
241.4698577697922
 20
69.88235294117646
 10
240.9973997347259
 20
69.88235294117646
 10
240.5
 20
69.88235294117646
 10
240.00260026527417
 20
69.88235294117646
 10
239.53014223020784
 20
69.88235294117646
 10
239.10631691349226
 20
69.88235294117646
 10
238.75237668624794
 20
69.88235294117646
 10
238.48606958939456
 20
69.88235294117646
 10
238.32074937277008
 20
69.88235294117646
 10
238.26470588235293
 20
69.88235294117646
  0
LWPOLYLINE
  5
70A
330
17
100
AcDbEntity
  8
HIDDEN
100
AcDbPolyline
 90
15
 70
0
 10
238.26470588235293
 20
69.88235294117646
 10
238.32074937277008
 20
69.88235294117646
 10
238.48606958939456
 20
69.88235294117646
 10
238.75237668624794
 20
69.88235294117646
 10
239.10631691349226
 20
69.88235294117646
 10
239.53014223020784
 20
69.88235294117646
 10
240.00260026527417
 20
69.88235294117646
 10
240.5
 20
69.88235294117646
 10
240.9973997347259
 20
69.88235294117646
 10
241.4698577697922
 20
69.88235294117646
 10
241.8936830865078
 20
69.88235294117646
 10
242.24762331375206
 20
69.88235294117646
 10
242.51393041060544
 20
69.88235294117646
 10
242.67925062722998
 20
69.88235294117646
 10
242.73529411764707
 20
69.88235294117646
  0
LWPOLYLINE
  5
70B
330
17
100
AcDbEntity
  8
HIDDEN
100
AcDbPolyline
 90
2
 70
0
 10
38.53021672864716
 20
69.88235294117646
 10
42.46978327135284
 20
69.88235294117646
  0
LWPOLYLINE
  5
70C
330
17
100
AcDbEntity
  8
HIDDEN
100
AcDbPolyline
 90
2
 70
0
 10
36.560433457294316
 20
69.88235294117646
 10
38.53021672864716
 20
69.88235294117646
  0
LWPOLYLINE
  5
70D
330
17
100
AcDbEntity
  8
HIDDEN
100
AcDbPolyline
 90
2
 70
0
 10
42.469783271352846
 20
69.88235294117646
 10
44.439566542705684
 20
69.88235294117646
  0
LWPOLYLINE
  5
70E
330
17
100
AcDbEntity
  8
HIDDEN
100
AcDbPolyline
 90
2
 70
0
 10
38.530216728647154
 20
69.88235294117646
 10
36.560433457294316
 20
69.88235294117646
  0
LWPOLYLINE
  5
70F
330
17
100
AcDbEntity
  8
HIDDEN
100
AcDbPolyline
 90
2
 70
0
 10
44.439566542705684
 20
69.88235294117646
 10
42.46978327135284
 20
69.88235294117646
  0
LWPOLYLINE
  5
710
330
17
100
AcDbEntity
  8
HIDDEN
100
AcDbPolyline
 90
2
 70
0
 10
42.46978327135284
 20
69.88235294117646
 10
38.530216728647154
 20
69.88235294117646
  0
LWPOLYLINE
  5
711
330
17
100
AcDbEntity
  8
HIDDEN
100
AcDbPolyline
 90
2
 70
0
 10
52.64786378747069
 20
69.88235294117646
 10
56.587430330176375
 20
69.88235294117646
  0
LWPOLYLINE
  5
712
330
17
100
AcDbEntity
  8
HIDDEN
100
AcDbPolyline
 90
2
 70
0
 10
50.67808051611785
 20
69.88235294117646
 10
52.64786378747069
 20
69.88235294117646
  0
LWPOLYLINE
  5
713
330
17
100
AcDbEntity
  8
HIDDEN
100
AcDbPolyline
 90
2
 70
0
 10
56.587430330176375
 20
69.88235294117646
 10
58.55721360152921
 20
69.88235294117646
  0
LWPOLYLINE
  5
714
330
17
100
AcDbEntity
  8
HIDDEN
100
AcDbPolyline
 90
2
 70
0
 10
52.64786378747069
 20
69.88235294117646
 10
50.67808051611785
 20
69.88235294117646
  0
LWPOLYLINE
  5
715
330
17
100
AcDbEntity
  8
HIDDEN
100
AcDbPolyline
 90
2
 70
0
 10
58.55721360152921
 20
69.88235294117646
 10
56.587430330176375
 20
69.88235294117646
  0
LWPOLYLINE
  5
716
330
17
100
AcDbEntity
  8
HIDDEN
100
AcDbPolyline
 90
2
 70
0
 10
56.58743033017637
 20
69.88235294117646
 10
52.64786378747068
 20
69.88235294117646
  0
LWPOLYLINE
  5
717
330
17
100
AcDbEntity
  8
HIDDEN
100
AcDbPolyline
 90
15
 70
0
 10
40.38235294117647
 20
69.88235294117646
 10
40.32630945075937
 20
69.88235294117646
 10
40.16098923413482
 20
69.88235294117646
 10
39.89468213728148
 20
69.88235294117646
 10
39.54074191003717
 20
69.88235294117646
 10
39.116916593321605
 20
69.88235294117646
 10
38.644458558255295
 20
69.88235294117646
 10
38.14705882352941
 20
69.88235294117646
 10
37.64965908880353
 20
69.88235294117646
 10
37.17720105373722
 20
69.88235294117646
 10
36.753375737021656
 20
69.88235294117646
 10
36.39943550977735
 20
69.88235294117646
 10
36.133128412924
 20
69.88235294117646
 10
35.96780819629945
 20
69.88235294117646
 10
35.911764705882355
 20
69.88235294117646
  0
LWPOLYLINE
  5
718
330
17
100
AcDbEntity
  8
HIDDEN
100
AcDbPolyline
 90
15
 70
0
 10
35.911764705882355
 20
69.88235294117646
 10
35.96780819629945
 20
69.88235294117646
 10
36.133128412924
 20
69.88235294117646
 10
36.39943550977735
 20
69.88235294117646
 10
36.753375737021656
 20
69.88235294117646
 10
37.17720105373722
 20
69.88235294117646
 10
37.64965908880353
 20
69.88235294117646
 10
38.14705882352941
 20
69.88235294117646
 10
38.64445855825529
 20
69.88235294117646
 10
39.1169165933216
 20
69.88235294117646
 10
39.54074191003717
 20
69.88235294117646
 10
39.89468213728148
 20
69.88235294117646
 10
40.16098923413482
 20
69.88235294117646
 10
40.32630945075937
 20
69.88235294117646
 10
40.38235294117647
 20
69.88235294117646
  0
LWPOLYLINE
  5
719
330
17
100
AcDbEntity
  8
HIDDEN
100
AcDbPolyline
 90
2
 70
0
 10
91.4713931992354
 20
69.88235294117646
 10
95.41095974194107
 20
69.88235294117646
  0
LWPOLYLINE
  5
71A
330
17
100
AcDbEntity
  8
HIDDEN
100
AcDbPolyline
 90
2
 70
0
 10
89.50160992788257
 20
69.88235294117646
 10
91.47139319923541
 20
69.88235294117646
  0
LWPOLYLINE
  5
71B
330
17
100
AcDbEntity
  8
HIDDEN
100
AcDbPolyline
 90
2
 70
0
 10
95.41095974194107
 20
69.88235294117646
 10
97.38074301329391
 20
69.88235294117646
  0
LWPOLYLINE
  5
71C
330
17
100
AcDbEntity
  8
HIDDEN
100
AcDbPolyline
 90
2
 70
0
 10
91.4713931992354
 20
69.88235294117646
 10
89.50160992788255
 20
69.88235294117646
  0
LWPOLYLINE
  5
71D
330
17
100
AcDbEntity
  8
HIDDEN
100
AcDbPolyline
 90
2
 70
0
 10
97.38074301329392
 20
69.88235294117646
 10
95.41095974194107
 20
69.88235294117646
  0
LWPOLYLINE
  5
71E
330
17
100
AcDbEntity
  8
HIDDEN
100
AcDbPolyline
 90
2
 70
0
 10
95.41095974194108
 20
69.88235294117646
 10
91.4713931992354
 20
69.88235294117646
  0
LWPOLYLINE
  5
71F
330
17
100
AcDbEntity
  8
HIDDEN
100
AcDbPolyline
 90
2
 70
0
 10
179.70668731688244
 20
69.88235294117646
 10
183.64625385958817
 20
69.88235294117646
  0
LWPOLYLINE
  5
720
330
17
100
AcDbEntity
  8
HIDDEN
100
AcDbPolyline
 90
2
 70
0
 10
177.73690404552963
 20
69.88235294117646
 10
179.70668731688244
 20
69.88235294117646
  0
LWPOLYLINE
  5
721
330
17
100
AcDbEntity
  8
HIDDEN
100
AcDbPolyline
 90
2
 70
0
 10
183.64625385958817
 20
69.88235294117646
 10
185.61603713094098
 20
69.88235294117646
  0
LWPOLYLINE
  5
722
330
17
100
AcDbEntity
  8
HIDDEN
100
AcDbPolyline
 90
2
 70
0
 10
185.61603713094098
 20
69.88235294117646
 10
183.64625385958817
 20
69.88235294117646
  0
LWPOLYLINE
  5
723
330
17
100
AcDbEntity
  8
HIDDEN
100
AcDbPolyline
 90
2
 70
0
 10
183.64625385958817
 20
69.88235294117646
 10
179.70668731688244
 20
69.88235294117646
  0
LWPOLYLINE
  5
724
330
17
100
AcDbEntity
  8
HIDDEN
100
AcDbPolyline
 90
15
 70
0
 10
242.73529411764707
 20
69.88235294117646
 10
242.67925062722998
 20
69.88235294117646
 10
242.51393041060544
 20
69.88235294117646
 10
242.24762331375206
 20
69.88235294117646
 10
241.8936830865078
 20
69.88235294117646
 10
241.4698577697922
 20
69.88235294117646
 10
240.9973997347259
 20
69.88235294117646
 10
240.5
 20
69.88235294117646
 10
240.00260026527417
 20
69.88235294117646
 10
239.53014223020784
 20
69.88235294117646
 10
239.10631691349226
 20
69.88235294117646
 10
238.75237668624794
 20
69.88235294117646
 10
238.48606958939456
 20
69.88235294117646
 10
238.32074937277008
 20
69.88235294117646
 10
238.26470588235293
 20
69.88235294117646
  0
LWPOLYLINE
  5
725
330
17
100
AcDbEntity
  8
HIDDEN
100
AcDbPolyline
 90
15
 70
0
 10
238.26470588235293
 20
69.88235294117646
 10
238.32074937277008
 20
69.88235294117646
 10
238.48606958939456
 20
69.88235294117646
 10
238.75237668624794
 20
69.88235294117646
 10
239.10631691349226
 20
69.88235294117646
 10
239.53014223020784
 20
69.88235294117646
 10
240.00260026527417
 20
69.88235294117646
 10
240.5
 20
69.88235294117646
 10
240.9973997347259
 20
69.88235294117646
 10
241.4698577697922
 20
69.88235294117646
 10
241.8936830865078
 20
69.88235294117646
 10
242.24762331375206
 20
69.88235294117646
 10
242.51393041060544
 20
69.88235294117646
 10
242.67925062722998
 20
69.88235294117646
 10
242.73529411764707
 20
69.88235294117646
  0
LWPOLYLINE
  5
726
330
17
100
AcDbEntity
  8
HIDDEN
100
AcDbPolyline
 90
2
 70
0
 10
242.73529411764707
 20
69.88235294117646
 10
242.73529411764707
 20
74.11764705882352
  0
LWPOLYLINE
  5
727
330
17
100
AcDbEntity
  8
HIDDEN
100
AcDbPolyline
 90
15
 70
0
 10
242.73529411764707
 20
74.11764705882352
 10
242.67925062722998
 20
74.11764705882352
 10
242.51393041060544
 20
74.11764705882352
 10
242.24762331375206
 20
74.11764705882352
 10
241.8936830865078
 20
74.11764705882352
 10
241.4698577697922
 20
74.11764705882352
 10
240.9973997347259
 20
74.11764705882352
 10
240.5
 20
74.11764705882352
 10
240.00260026527417
 20
74.11764705882352
 10
239.53014223020784
 20
74.11764705882352
 10
239.10631691349226
 20
74.11764705882352
 10
238.75237668624794
 20
74.11764705882352
 10
238.48606958939456
 20
74.11764705882352
 10
238.32074937277008
 20
74.11764705882352
 10
238.26470588235293
 20
74.11764705882352
  0
LWPOLYLINE
  5
728
330
17
100
AcDbEntity
  8
HIDDEN
100
AcDbPolyline
 90
15
 70
0
 10
238.26470588235293
 20
74.11764705882352
 10
238.32074937277008
 20
74.11764705882352
 10
238.48606958939456
 20
74.11764705882352
 10
238.75237668624794
 20
74.11764705882352
 10
239.10631691349226
 20
74.11764705882352
 10
239.53014223020784
 20
74.11764705882352
 10
240.00260026527417
 20
74.11764705882352
 10
240.5
 20
74.11764705882352
 10
240.9973997347259
 20
74.11764705882352
 10
241.4698577697922
 20
74.11764705882352
 10
241.8936830865078
 20
74.11764705882352
 10
242.24762331375206
 20
74.11764705882352
 10
242.51393041060544
 20
74.11764705882352
 10
242.67925062722998
 20
74.11764705882352
 10
242.73529411764707
 20
74.11764705882352
  0
LWPOLYLINE
  5
729
330
17
100
AcDbEntity
  8
HIDDEN
100
AcDbPolyline
 90
2
 70
0
 10
95.41095974194107
 20
69.88235294117646
 10
95.41095974194107
 20
72.94117647058823
  0
LWPOLYLINE
  5
72A
330
17
100
AcDbEntity
  8
HIDDEN
100
AcDbPolyline
 90
2
 70
0
 10
91.4713931992354
 20
72.94117647058823
 10
95.41095974194107
 20
72.94117647058823
  0
LWPOLYLINE
  5
72B
330
17
100
AcDbEntity
  8
HIDDEN
100
AcDbPolyline
 90
2
 70
0
 10
91.4713931992354
 20
69.88235294117646
 10
91.4713931992354
 20
72.94117647058823
  0
LWPOLYLINE
  5
72C
330
17
100
AcDbEntity
  8
HIDDEN
100
AcDbPolyline
 90
2
 70
0
 10
97.38074301329391
 20
72.94117647058823
 10
95.41095974194107
 20
72.94117647058823
  0
LWPOLYLINE
  5
72D
330
17
100
AcDbEntity
  8
HIDDEN
100
AcDbPolyline
 90
2
 70
0
 10
95.41095974194107
 20
72.94117647058823
 10
97.38074301329392
 20
72.94117647058823
  0
LWPOLYLINE
  5
72E
330
17
100
AcDbEntity
  8
HIDDEN
100
AcDbPolyline
 90
2
 70
0
 10
95.41095974194107
 20
72.94117647058823
 10
91.4713931992354
 20
72.94117647058823
  0
LWPOLYLINE
  5
72F
330
17
100
AcDbEntity
  8
HIDDEN
100
AcDbPolyline
 90
2
 70
0
 10
91.4713931992354
 20
72.94117647058823
 10
89.50160992788255
 20
72.94117647058823
  0
LWPOLYLINE
  5
730
330
17
100
AcDbEntity
  8
HIDDEN
100
AcDbPolyline
 90
2
 70
0
 10
89.50160992788255
 20
72.94117647058823
 10
91.4713931992354
 20
72.94117647058823
  0
LWPOLYLINE
  5
731
330
17
100
AcDbEntity
  8
HIDDEN
100
AcDbPolyline
 90
15
 70
0
 10
95.44117647058825
 20
72.94117647058823
 10
95.39103229495188
 20
72.94117647058823
 10
95.24311420639307
 20
72.94117647058823
 10
95.00483943552429
 20
72.94117647058823
 10
94.68815607430571
 20
72.94117647058823
 10
94.30894394882336
 20
72.94117647058823
 10
93.88621833850087
 20
72.94117647058823
 10
93.44117647058823
 20
72.94117647058823
 10
92.99613460267561
 20
72.94117647058823
 10
92.57340899235312
 20
72.94117647058823
 10
92.19419686687077
 20
72.94117647058823
 10
91.87751350565219
 20
72.94117647058823
 10
91.63923873478339
 20
72.94117647058823
 10
91.4913206462246
 20
72.94117647058823
 10
91.44117647058823
 20
72.94117647058823
  0
LWPOLYLINE
  5
732
330
17
100
AcDbEntity
  8
HIDDEN
100
AcDbPolyline
 90
15
 70
0
 10
91.44117647058823
 20
72.94117647058823
 10
91.4913206462246
 20
72.94117647058823
 10
91.63923873478339
 20
72.94117647058823
 10
91.87751350565219
 20
72.94117647058823
 10
92.19419686687077
 20
72.94117647058823
 10
92.57340899235312
 20
72.94117647058823
 10
92.99613460267561
 20
72.94117647058823
 10
93.44117647058823
 20
72.94117647058823
 10
93.88621833850087
 20
72.94117647058823
 10
94.30894394882336
 20
72.94117647058823
 10
94.68815607430571
 20
72.94117647058823
 10
95.00483943552429
 20
72.94117647058823
 10
95.24311420639307
 20
72.94117647058823
 10
95.39103229495188
 20
72.94117647058823
 10
95.44117647058825
 20
72.94117647058823
  0
LWPOLYLINE
  5
733
330
17
100
AcDbEntity
  8
HIDDEN
100
AcDbPolyline
 90
2
 70
0
 10
97.38074301329391
 20
69.88235294117646
 10
97.38074301329391
 20
72.94117647058823
  0
LWPOLYLINE
  5
734
330
17
100
AcDbEntity
  8
HIDDEN
100
AcDbPolyline
 90
2
 70
0
 10
89.50160992788255
 20
69.88235294117646
 10
89.50160992788255
 20
72.94117647058823
  0
LWPOLYLINE
  5
735
330
17
100
AcDbEntity
  8
HIDDEN
100
AcDbPolyline
 90
2
 70
0
 10
95.41095974194107
 20
69.88235294117646
 10
95.41095974194107
 20
72.94117647058823
  0
LWPOLYLINE
  5
736
330
17
100
AcDbEntity
  8
HIDDEN
100
AcDbPolyline
 90
2
 70
0
 10
91.4713931992354
 20
69.88235294117646
 10
91.4713931992354
 20
72.94117647058823
  0
LWPOLYLINE
  5
737
330
17
100
AcDbEntity
  8
HIDDEN
100
AcDbPolyline
 90
2
 70
0
 10
40.38235294117647
 20
69.88235294117646
 10
40.38235294117647
 20
74.11764705882352
  0
LWPOLYLINE
  5
738
330
17
100
AcDbEntity
  8
HIDDEN
100
AcDbPolyline
 90
15
 70
0
 10
40.38235294117647
 20
74.11764705882352
 10
40.32630945075937
 20
74.11764705882352
 10
40.16098923413482
 20
74.11764705882352
 10
39.89468213728148
 20
74.11764705882352
 10
39.54074191003717
 20
74.11764705882352
 10
39.116916593321605
 20
74.11764705882352
 10
38.644458558255295
 20
74.11764705882352
 10
38.14705882352941
 20
74.11764705882352
 10
37.64965908880353
 20
74.11764705882352
 10
37.17720105373722
 20
74.11764705882352
 10
36.753375737021656
 20
74.11764705882352
 10
36.39943550977735
 20
74.11764705882352
 10
36.133128412924
 20
74.11764705882352
 10
35.96780819629945
 20
74.11764705882352
 10
35.911764705882355
 20
74.11764705882352
  0
LWPOLYLINE
  5
739
330
17
100
AcDbEntity
  8
HIDDEN
100
AcDbPolyline
 90
15
 70
0
 10
35.911764705882355
 20
74.11764705882352
 10
35.96780819629945
 20
74.11764705882352
 10
36.133128412924
 20
74.11764705882352
 10
36.39943550977735
 20
74.11764705882352
 10
36.753375737021656
 20
74.11764705882352
 10
37.17720105373722
 20
74.11764705882352
 10
37.64965908880353
 20
74.11764705882352
 10
38.14705882352941
 20
74.11764705882352
 10
38.64445855825529
 20
74.11764705882352
 10
39.1169165933216
 20
74.11764705882352
 10
39.54074191003717
 20
74.11764705882352
 10
39.89468213728148
 20
74.11764705882352
 10
40.16098923413482
 20
74.11764705882352
 10
40.32630945075937
 20
74.11764705882352
 10
40.38235294117647
 20
74.11764705882352
  0
LWPOLYLINE
  5
73A
330
17
100
AcDbEntity
  8
HIDDEN
100
AcDbPolyline
 90
2
 70
0
 10
56.58743033017637
 20
69.88235294117646
 10
56.58743033017637
 20
72.94117647058823
  0
LWPOLYLINE
  5
73B
330
17
100
AcDbEntity
  8
HIDDEN
100
AcDbPolyline
 90
2
 70
0
 10
52.64786378747068
 20
72.94117647058823
 10
56.58743033017637
 20
72.94117647058823
  0
LWPOLYLINE
  5
73C
330
17
100
AcDbEntity
  8
HIDDEN
100
AcDbPolyline
 90
2
 70
0
 10
52.64786378747068
 20
69.88235294117646
 10
52.64786378747068
 20
72.94117647058823
  0
LWPOLYLINE
  5
73D
330
17
100
AcDbEntity
  8
HIDDEN
100
AcDbPolyline
 90
2
 70
0
 10
58.55721360152921
 20
72.94117647058823
 10
56.587430330176375
 20
72.94117647058823
  0
LWPOLYLINE
  5
73E
330
17
100
AcDbEntity
  8
HIDDEN
100
AcDbPolyline
 90
2
 70
0
 10
56.58743033017637
 20
72.94117647058823
 10
58.55721360152921
 20
72.94117647058823
  0
LWPOLYLINE
  5
73F
330
17
100
AcDbEntity
  8
HIDDEN
100
AcDbPolyline
 90
2
 70
0
 10
56.587430330176375
 20
72.94117647058823
 10
52.64786378747069
 20
72.94117647058823
  0
LWPOLYLINE
  5
740
330
17
100
AcDbEntity
  8
HIDDEN
100
AcDbPolyline
 90
2
 70
0
 10
52.64786378747069
 20
72.94117647058823
 10
50.678080516117845
 20
72.94117647058823
  0
LWPOLYLINE
  5
741
330
17
100
AcDbEntity
  8
HIDDEN
100
AcDbPolyline
 90
2
 70
0
 10
50.678080516117845
 20
72.94117647058823
 10
52.64786378747068
 20
72.94117647058823
  0
LWPOLYLINE
  5
742
330
17
100
AcDbEntity
  8
HIDDEN
100
AcDbPolyline
 90
15
 70
0
 10
56.61764705882353
 20
72.94117647058823
 10
56.567502883187174
 20
72.94117647058823
 10
56.41958479462836
 20
72.94117647058823
 10
56.18131002375959
 20
72.94117647058823
 10
55.864626662541
 20
72.94117647058823
 10
55.485414537058645
 20
72.94117647058823
 10
55.06268892673616
 20
72.94117647058823
 10
54.61764705882353
 20
72.94117647058823
 10
54.1726051909109
 20
72.94117647058823
 10
53.74987958058841
 20
72.94117647058823
 10
53.37066745510606
 20
72.94117647058823
 10
53.053984093887465
 20
72.94117647058823
 10
52.815709323018694
 20
72.94117647058823
 10
52.667791234459884
 20
72.94117647058823
 10
52.61764705882353
 20
72.94117647058823
  0
LWPOLYLINE
  5
743
330
17
100
AcDbEntity
  8
HIDDEN
100
AcDbPolyline
 90
15
 70
0
 10
52.61764705882353
 20
72.94117647058823
 10
52.667791234459884
 20
72.94117647058823
 10
52.815709323018694
 20
72.94117647058823
 10
53.053984093887465
 20
72.94117647058823
 10
53.37066745510606
 20
72.94117647058823
 10
53.74987958058841
 20
72.94117647058823
 10
54.1726051909109
 20
72.94117647058823
 10
54.61764705882353
 20
72.94117647058823
 10
55.06268892673616
 20
72.94117647058823
 10
55.485414537058645
 20
72.94117647058823
 10
55.864626662541
 20
72.94117647058823
 10
56.18131002375959
 20
72.94117647058823
 10
56.41958479462836
 20
72.94117647058823
 10
56.567502883187174
 20
72.94117647058823
 10
56.61764705882353
 20
72.94117647058823
  0
LWPOLYLINE
  5
744
330
17
100
AcDbEntity
  8
HIDDEN
100
AcDbPolyline
 90
2
 70
0
 10
58.55721360152921
 20
69.88235294117646
 10
58.55721360152921
 20
72.94117647058823
  0
LWPOLYLINE
  5
745
330
17
100
AcDbEntity
  8
HIDDEN
100
AcDbPolyline
 90
2
 70
0
 10
50.678080516117845
 20
69.88235294117646
 10
50.678080516117845
 20
72.94117647058823
  0
LWPOLYLINE
  5
746
330
17
100
AcDbEntity
  8
HIDDEN
100
AcDbPolyline
 90
2
 70
0
 10
56.587430330176375
 20
69.88235294117646
 10
56.587430330176375
 20
72.94117647058823
  0
LWPOLYLINE
  5
747
330
17
100
AcDbEntity
  8
HIDDEN
100
AcDbPolyline
 90
2
 70
0
 10
52.64786378747069
 20
69.88235294117646
 10
52.64786378747069
 20
72.94117647058823
  0
LWPOLYLINE
  5
748
330
17
100
AcDbEntity
  8
HIDDEN
100
AcDbPolyline
 90
2
 70
0
 10
42.46978327135284
 20
69.88235294117646
 10
42.46978327135284
 20
72.94117647058823
  0
LWPOLYLINE
  5
749
330
17
100
AcDbEntity
  8
HIDDEN
100
AcDbPolyline
 90
2
 70
0
 10
38.530216728647154
 20
72.94117647058823
 10
42.46978327135284
 20
72.94117647058823
  0
LWPOLYLINE
  5
74A
330
17
100
AcDbEntity
  8
HIDDEN
100
AcDbPolyline
 90
2
 70
0
 10
38.530216728647154
 20
69.88235294117646
 10
38.530216728647154
 20
72.94117647058823
  0
LWPOLYLINE
  5
74B
330
17
100
AcDbEntity
  8
HIDDEN
100
AcDbPolyline
 90
2
 70
0
 10
44.43956654270568
 20
72.94117647058823
 10
42.46978327135284
 20
72.94117647058823
  0
LWPOLYLINE
  5
74C
330
17
100
AcDbEntity
  8
HIDDEN
100
AcDbPolyline
 90
2
 70
0
 10
42.46978327135284
 20
72.94117647058823
 10
44.43956654270568
 20
72.94117647058823
  0
LWPOLYLINE
  5
74D
330
17
100
AcDbEntity
  8
HIDDEN
100
AcDbPolyline
 90
2
 70
0
 10
42.46978327135284
 20
72.94117647058823
 10
38.53021672864716
 20
72.94117647058823
  0
LWPOLYLINE
  5
74E
330
17
100
AcDbEntity
  8
HIDDEN
100
AcDbPolyline
 90
2
 70
0
 10
38.53021672864716
 20
72.94117647058823
 10
36.560433457294316
 20
72.94117647058823
  0
LWPOLYLINE
  5
74F
330
17
100
AcDbEntity
  8
HIDDEN
100
AcDbPolyline
 90
2
 70
0
 10
36.560433457294316
 20
72.94117647058823
 10
38.530216728647154
 20
72.94117647058823
  0
LWPOLYLINE
  5
750
330
17
100
AcDbEntity
  8
HIDDEN
100
AcDbPolyline
 90
15
 70
0
 10
42.5
 20
72.94117647058823
 10
42.449855824363645
 20
72.94117647058823
 10
42.301937735804835
 20
72.94117647058823
 10
42.06366296493606
 20
72.94117647058823
 10
41.74697960371746
 20
72.94117647058823
 10
41.367767478235116
 20
72.94117647058823
 10
40.94504186791263
 20
72.94117647058823
 10
40.5
 20
72.94117647058823
 10
40.05495813208737
 20
72.94117647058823
 10
39.632232521764884
 20
72.94117647058823
 10
39.25302039628254
 20
72.94117647058823
 10
38.93633703506394
 20
72.94117647058823
 10
38.69806226419516
 20
72.94117647058823
 10
38.55014417563635
 20
72.94117647058823
 10
38.5
 20
72.94117647058823
  0
LWPOLYLINE
  5
751
330
17
100
AcDbEntity
  8
HIDDEN
100
AcDbPolyline
 90
15
 70
0
 10
38.5
 20
72.94117647058823
 10
38.55014417563635
 20
72.94117647058823
 10
38.69806226419516
 20
72.94117647058823
 10
38.93633703506394
 20
72.94117647058823
 10
39.25302039628254
 20
72.94117647058823
 10
39.632232521764884
 20
72.94117647058823
 10
40.05495813208737
 20
72.94117647058823
 10
40.5
 20
72.94117647058823
 10
40.94504186791263
 20
72.94117647058823
 10
41.367767478235116
 20
72.94117647058823
 10
41.74697960371746
 20
72.94117647058823
 10
42.06366296493606
 20
72.94117647058823
 10
42.301937735804835
 20
72.94117647058823
 10
42.449855824363645
 20
72.94117647058823
 10
42.5
 20
72.94117647058823
  0
LWPOLYLINE
  5
752
330
17
100
AcDbEntity
  8
HIDDEN
100
AcDbPolyline
 90
2
 70
0
 10
44.43956654270568
 20
69.88235294117646
 10
44.43956654270568
 20
72.94117647058823
  0
LWPOLYLINE
  5
753
330
17
100
AcDbEntity
  8
HIDDEN
100
AcDbPolyline
 90
2
 70
0
 10
36.560433457294316
 20
69.88235294117646
 10
36.560433457294316
 20
72.94117647058823
  0
LWPOLYLINE
  5
754
330
17
100
AcDbEntity
  8
HIDDEN
100
AcDbPolyline
 90
2
 70
0
 10
42.46978327135284
 20
69.88235294117646
 10
42.46978327135284
 20
72.94117647058823
  0
LWPOLYLINE
  5
755
330
17
100
AcDbEntity
  8
HIDDEN
100
AcDbPolyline
 90
2
 70
0
 10
38.53021672864716
 20
69.88235294117646
 10
38.53021672864716
 20
72.94117647058823
  0
LWPOLYLINE
  5
756
330
17
100
AcDbEntity
  8
HIDDEN
100
AcDbPolyline
 90
2
 70
0
 10
242.73529411764707
 20
69.88235294117646
 10
242.73529411764707
 20
74.11764705882352
  0
LWPOLYLINE
  5
757
330
17
100
AcDbEntity
  8
HIDDEN
100
AcDbPolyline
 90
15
 70
0
 10
242.73529411764707
 20
74.11764705882352
 10
242.67925062722998
 20
74.11764705882352
 10
242.51393041060544
 20
74.11764705882352
 10
242.24762331375206
 20
74.11764705882352
 10
241.8936830865078
 20
74.11764705882352
 10
241.4698577697922
 20
74.11764705882352
 10
240.9973997347259
 20
74.11764705882352
 10
240.5
 20
74.11764705882352
 10
240.00260026527417
 20
74.11764705882352
 10
239.53014223020784
 20
74.11764705882352
 10
239.10631691349226
 20
74.11764705882352
 10
238.75237668624794
 20
74.11764705882352
 10
238.48606958939456
 20
74.11764705882352
 10
238.32074937277008
 20
74.11764705882352
 10
238.26470588235293
 20
74.11764705882352
  0
LWPOLYLINE
  5
758
330
17
100
AcDbEntity
  8
HIDDEN
100
AcDbPolyline
 90
15
 70
0
 10
238.26470588235293
 20
74.11764705882352
 10
238.32074937277008
 20
74.11764705882352
 10
238.48606958939456
 20
74.11764705882352
 10
238.75237668624794
 20
74.11764705882352
 10
239.10631691349226
 20
74.11764705882352
 10
239.53014223020784
 20
74.11764705882352
 10
240.00260026527417
 20
74.11764705882352
 10
240.5
 20
74.11764705882352
 10
240.9973997347259
 20
74.11764705882352
 10
241.4698577697922
 20
74.11764705882352
 10
241.8936830865078
 20
74.11764705882352
 10
242.24762331375206
 20
74.11764705882352
 10
242.51393041060544
 20
74.11764705882352
 10
242.67925062722998
 20
74.11764705882352
 10
242.73529411764707
 20
74.11764705882352
  0
LWPOLYLINE
  5
759
330
17
100
AcDbEntity
  8
HIDDEN
100
AcDbPolyline
 90
2
 70
0
 10
183.64625385958817
 20
69.88235294117646
 10
183.64625385958817
 20
72.94117647058823
  0
LWPOLYLINE
  5
75A
330
17
100
AcDbEntity
  8
HIDDEN
100
AcDbPolyline
 90
2
 70
0
 10
179.70668731688244
 20
72.94117647058823
 10
183.64625385958817
 20
72.94117647058823
  0
LWPOLYLINE
  5
75B
330
17
100
AcDbEntity
  8
HIDDEN
100
AcDbPolyline
 90
2
 70
0
 10
179.70668731688244
 20
69.88235294117646
 10
179.70668731688244
 20
72.94117647058823
  0
LWPOLYLINE
  5
75C
330
17
100
AcDbEntity
  8
HIDDEN
100
AcDbPolyline
 90
2
 70
0
 10
185.61603713094098
 20
72.94117647058823
 10
183.64625385958817
 20
72.94117647058823
  0
LWPOLYLINE
  5
75D
330
17
100
AcDbEntity
  8
HIDDEN
100
AcDbPolyline
 90
2
 70
0
 10
183.64625385958817
 20
72.94117647058823
 10
185.61603713094098
 20
72.94117647058823
  0
LWPOLYLINE
  5
75E
330
17
100
AcDbEntity
  8
HIDDEN
100
AcDbPolyline
 90
2
 70
0
 10
183.64625385958817
 20
72.94117647058823
 10
179.70668731688244
 20
72.94117647058823
  0
LWPOLYLINE
  5
75F
330
17
100
AcDbEntity
  8
HIDDEN
100
AcDbPolyline
 90
2
 70
0
 10
179.70668731688244
 20
72.94117647058823
 10
177.73690404552963
 20
72.94117647058823
  0
LWPOLYLINE
  5
760
330
17
100
AcDbEntity
  8
HIDDEN
100
AcDbPolyline
 90
2
 70
0
 10
177.73690404552963
 20
72.94117647058823
 10
179.70668731688244
 20
72.94117647058823
  0
LWPOLYLINE
  5
761
330
17
100
AcDbEntity
  8
HIDDEN
100
AcDbPolyline
 90
15
 70
0
 10
183.6764705882353
 20
72.94117647058823
 10
183.62632641259893
 20
72.94117647058823
 10
183.47840832404012
 20
72.94117647058823
 10
183.24013355317135
 20
72.94117647058823
 10
182.92345019195278
 20
72.94117647058823
 10
182.54423806647043
 20
72.94117647058823
 10
182.1215124561479
 20
72.94117647058823
 10
181.6764705882353
 20
72.94117647058823
 10
181.23142872032264
 20
72.94117647058823
 10
180.80870311000018
 20
72.94117647058823
 10
180.42949098451783
 20
72.94117647058823
 10
180.11280762329926
 20
72.94117647058823
 10
179.8745328524305
 20
72.94117647058823
 10
179.72661476387162
 20
72.94117647058823
 10
179.6764705882353
 20
72.94117647058823
  0
LWPOLYLINE
  5
762
330
17
100
AcDbEntity
  8
HIDDEN
100
AcDbPolyline
 90
15
 70
0
 10
179.6764705882353
 20
72.94117647058823
 10
179.72661476387162
 20
72.94117647058823
 10
179.8745328524305
 20
72.94117647058823
 10
180.11280762329926
 20
72.94117647058823
 10
180.42949098451783
 20
72.94117647058823
 10
180.80870311000018
 20
72.94117647058823
 10
181.23142872032264
 20
72.94117647058823
 10
181.6764705882353
 20
72.94117647058823
 10
182.1215124561479
 20
72.94117647058823
 10
182.54423806647043
 20
72.94117647058823
 10
182.92345019195278
 20
72.94117647058823
 10
183.24013355317135
 20
72.94117647058823
 10
183.47840832404012
 20
72.94117647058823
 10
183.62632641259893
 20
72.94117647058823
 10
183.6764705882353
 20
72.94117647058823
  0
LWPOLYLINE
  5
763
330
17
100
AcDbEntity
  8
HIDDEN
100
AcDbPolyline
 90
2
 70
0
 10
183.6764705882353
 20
72.94117647058823
 10
183.6764705882353
 20
82.8235294117647
  0
LWPOLYLINE
  5
764
330
17
100
AcDbEntity
  8
HIDDEN
100
AcDbPolyline
 90
15
 70
0
 10
183.6764705882353
 20
82.8235294117647
 10
183.62632641259893
 20
82.8235294117647
 10
183.47840832404012
 20
82.8235294117647
 10
183.24013355317135
 20
82.8235294117647
 10
182.92345019195278
 20
82.8235294117647
 10
182.54423806647043
 20
82.8235294117647
 10
182.1215124561479
 20
82.8235294117647
 10
181.6764705882353
 20
82.8235294117647
 10
181.23142872032264
 20
82.8235294117647
 10
180.80870311000018
 20
82.8235294117647
 10
180.42949098451783
 20
82.8235294117647
 10
180.11280762329926
 20
82.8235294117647
 10
179.8745328524305
 20
82.8235294117647
 10
179.72661476387162
 20
82.8235294117647
 10
179.6764705882353
 20
82.8235294117647
  0
LWPOLYLINE
  5
765
330
17
100
AcDbEntity
  8
HIDDEN
100
AcDbPolyline
 90
15
 70
0
 10
179.6764705882353
 20
82.8235294117647
 10
179.72661476387162
 20
82.8235294117647
 10
179.8745328524305
 20
82.8235294117647
 10
180.11280762329926
 20
82.8235294117647
 10
180.42949098451783
 20
82.8235294117647
 10
180.80870311000018
 20
82.8235294117647
 10
181.23142872032264
 20
82.8235294117647
 10
181.6764705882353
 20
82.8235294117647
 10
182.1215124561479
 20
82.8235294117647
 10
182.54423806647043
 20
82.8235294117647
 10
182.92345019195278
 20
82.8235294117647
 10
183.24013355317135
 20
82.8235294117647
 10
183.47840832404012
 20
82.8235294117647
 10
183.62632641259893
 20
82.8235294117647
 10
183.6764705882353
 20
82.8235294117647
  0
LWPOLYLINE
  5
766
330
17
100
AcDbEntity
  8
HIDDEN
100
AcDbPolyline
 90
2
 70
0
 10
75.79411764705883
 20
82.8235294117647
 10
198.1470588235294
 20
82.8235294117647
  0
LWPOLYLINE
  5
767
330
17
100
AcDbEntity
  8
HIDDEN
100
AcDbPolyline
 90
15
 70
0
 10
95.44117647058825
 20
82.8235294117647
 10
95.39103229495188
 20
82.8235294117647
 10
95.24311420639307
 20
82.8235294117647
 10
95.00483943552429
 20
82.8235294117647
 10
94.68815607430571
 20
82.8235294117647
 10
94.30894394882336
 20
82.8235294117647
 10
93.88621833850087
 20
82.8235294117647
 10
93.44117647058823
 20
82.8235294117647
 10
92.99613460267561
 20
82.8235294117647
 10
92.57340899235312
 20
82.8235294117647
 10
92.19419686687077
 20
82.8235294117647
 10
91.87751350565219
 20
82.8235294117647
 10
91.63923873478339
 20
82.8235294117647
 10
91.4913206462246
 20
82.8235294117647
 10
91.44117647058823
 20
82.8235294117647
  0
LWPOLYLINE
  5
768
330
17
100
AcDbEntity
  8
HIDDEN
100
AcDbPolyline
 90
15
 70
0
 10
91.44117647058823
 20
82.8235294117647
 10
91.4913206462246
 20
82.8235294117647
 10
91.63923873478339
 20
82.8235294117647
 10
91.87751350565219
 20
82.8235294117647
 10
92.19419686687077
 20
82.8235294117647
 10
92.57340899235312
 20
82.8235294117647
 10
92.99613460267561
 20
82.8235294117647
 10
93.44117647058823
 20
82.8235294117647
 10
93.88621833850087
 20
82.8235294117647
 10
94.30894394882336
 20
82.8235294117647
 10
94.68815607430571
 20
82.8235294117647
 10
95.00483943552429
 20
82.8235294117647
 10
95.24311420639307
 20
82.8235294117647
 10
95.39103229495188
 20
82.8235294117647
 10
95.44117647058825
 20
82.8235294117647
  0
LWPOLYLINE
  5
769
330
17
100
AcDbEntity
  8
HIDDEN
100
AcDbPolyline
 90
2
 70
0
 10
95.44117647058825
 20
72.94117647058823
 10
95.44117647058825
 20
82.8235294117647
  0
LWPOLYLINE
  5
76A
330
17
100
AcDbEntity
  8
HIDDEN
100
AcDbPolyline
 90
15
 70
0
 10
95.44117647058825
 20
72.94117647058823
 10
95.39103229495188
 20
72.94117647058823
 10
95.24311420639307
 20
72.94117647058823
 10
95.00483943552429
 20
72.94117647058823
 10
94.68815607430571
 20
72.94117647058823
 10
94.30894394882336
 20
72.94117647058823
 10
93.88621833850087
 20
72.94117647058823
 10
93.44117647058823
 20
72.94117647058823
 10
92.99613460267561
 20
72.94117647058823
 10
92.57340899235312
 20
72.94117647058823
 10
92.19419686687077
 20
72.94117647058823
 10
91.87751350565219
 20
72.94117647058823
 10
91.63923873478339
 20
72.94117647058823
 10
91.4913206462246
 20
72.94117647058823
 10
91.44117647058823
 20
72.94117647058823
  0
LWPOLYLINE
  5
76B
330
17
100
AcDbEntity
  8
HIDDEN
100
AcDbPolyline
 90
15
 70
0
 10
91.44117647058823
 20
72.94117647058823
 10
91.4913206462246
 20
72.94117647058823
 10
91.63923873478339
 20
72.94117647058823
 10
91.87751350565219
 20
72.94117647058823
 10
92.19419686687077
 20
72.94117647058823
 10
92.57340899235312
 20
72.94117647058823
 10
92.99613460267561
 20
72.94117647058823
 10
93.44117647058823
 20
72.94117647058823
 10
93.88621833850087
 20
72.94117647058823
 10
94.30894394882336
 20
72.94117647058823
 10
94.68815607430571
 20
72.94117647058823
 10
95.00483943552429
 20
72.94117647058823
 10
95.24311420639307
 20
72.94117647058823
 10
95.39103229495188
 20
72.94117647058823
 10
95.44117647058825
 20
72.94117647058823
  0
LWPOLYLINE
  5
76C
330
17
100
AcDbEntity
  8
HIDDEN
100
AcDbPolyline
 90
2
 70
0
 10
97.38074301329391
 20
72.94117647058823
 10
95.41095974194107
 20
72.94117647058823
  0
LWPOLYLINE
  5
76D
330
17
100
AcDbEntity
  8
HIDDEN
100
AcDbPolyline
 90
2
 70
0
 10
95.41095974194107
 20
72.94117647058823
 10
97.38074301329392
 20
72.94117647058823
  0
LWPOLYLINE
  5
76E
330
17
100
AcDbEntity
  8
HIDDEN
100
AcDbPolyline
 90
2
 70
0
 10
95.41095974194107
 20
72.94117647058823
 10
91.4713931992354
 20
72.94117647058823
  0
LWPOLYLINE
  5
76F
330
17
100
AcDbEntity
  8
HIDDEN
100
AcDbPolyline
 90
2
 70
0
 10
91.4713931992354
 20
72.94117647058823
 10
95.41095974194107
 20
72.94117647058823
  0
LWPOLYLINE
  5
770
330
17
100
AcDbEntity
  8
HIDDEN
100
AcDbPolyline
 90
2
 70
0
 10
91.4713931992354
 20
72.94117647058823
 10
89.50160992788255
 20
72.94117647058823
  0
LWPOLYLINE
  5
771
330
17
100
AcDbEntity
  8
HIDDEN
100
AcDbPolyline
 90
2
 70
0
 10
89.50160992788255
 20
72.94117647058823
 10
91.4713931992354
 20
72.94117647058823
  0
LWPOLYLINE
  5
772
330
17
100
AcDbEntity
  8
HIDDEN
100
AcDbPolyline
 90
2
 70
0
 10
185.61603713094098
 20
69.88235294117646
 10
185.61603713094098
 20
72.94117647058823
  0
LWPOLYLINE
  5
773
330
17
100
AcDbEntity
  8
HIDDEN
100
AcDbPolyline
 90
2
 70
0
 10
177.73690404552963
 20
69.88235294117646
 10
177.73690404552963
 20
72.94117647058823
  0
LWPOLYLINE
  5
774
330
17
100
AcDbEntity
  8
HIDDEN
100
AcDbPolyline
 90
2
 70
0
 10
183.64625385958817
 20
69.88235294117646
 10
183.64625385958817
 20
72.94117647058823
  0
LWPOLYLINE
  5
775
330
17
100
AcDbEntity
  8
HIDDEN
100
AcDbPolyline
 90
2
 70
0
 10
179.70668731688244
 20
69.88235294117646
 10
179.70668731688244
 20
72.94117647058823
  0
LWPOLYLINE
  5
776
330
17
100
AcDbEntity
  8
HIDDEN
100
AcDbPolyline
 90
2
 70
0
 10
95.41095974194107
 20
69.88235294117646
 10
95.41095974194107
 20
72.94117647058823
  0
LWPOLYLINE
  5
777
330
17
100
AcDbEntity
  8
HIDDEN
100
AcDbPolyline
 90
2
 70
0
 10
91.4713931992354
 20
69.88235294117646
 10
91.4713931992354
 20
72.94117647058823
  0
LWPOLYLINE
  5
778
330
17
100
AcDbEntity
  8
HIDDEN
100
AcDbPolyline
 90
2
 70
0
 10
97.38074301329391
 20
69.88235294117646
 10
97.38074301329391
 20
72.94117647058823
  0
LWPOLYLINE
  5
779
330
17
100
AcDbEntity
  8
HIDDEN
100
AcDbPolyline
 90
2
 70
0
 10
89.50160992788255
 20
69.88235294117646
 10
89.50160992788255
 20
72.94117647058823
  0
LWPOLYLINE
  5
77A
330
17
100
AcDbEntity
  8
HIDDEN
100
AcDbPolyline
 90
2
 70
0
 10
95.41095974194107
 20
69.88235294117646
 10
95.41095974194107
 20
72.94117647058823
  0
LWPOLYLINE
  5
77B
330
17
100
AcDbEntity
  8
HIDDEN
100
AcDbPolyline
 90
2
 70
0
 10
91.4713931992354
 20
69.88235294117646
 10
91.4713931992354
 20
72.94117647058823
  0
LWPOLYLINE
  5
77C
330
17
100
AcDbEntity
  8
HIDDEN
100
AcDbPolyline
 90
2
 70
0
 10
56.58743033017637
 20
69.88235294117646
 10
56.58743033017637
 20
72.94117647058823
  0
LWPOLYLINE
  5
77D
330
17
100
AcDbEntity
  8
HIDDEN
100
AcDbPolyline
 90
2
 70
0
 10
52.64786378747068
 20
72.94117647058823
 10
56.58743033017637
 20
72.94117647058823
  0
LWPOLYLINE
  5
77E
330
17
100
AcDbEntity
  8
HIDDEN
100
AcDbPolyline
 90
2
 70
0
 10
52.64786378747068
 20
69.88235294117646
 10
52.64786378747068
 20
72.94117647058823
  0
LWPOLYLINE
  5
77F
330
17
100
AcDbEntity
  8
HIDDEN
100
AcDbPolyline
 90
2
 70
0
 10
58.55721360152921
 20
72.94117647058823
 10
56.587430330176375
 20
72.94117647058823
  0
LWPOLYLINE
  5
780
330
17
100
AcDbEntity
  8
HIDDEN
100
AcDbPolyline
 90
2
 70
0
 10
56.58743033017637
 20
72.94117647058823
 10
58.55721360152921
 20
72.94117647058823
  0
LWPOLYLINE
  5
781
330
17
100
AcDbEntity
  8
HIDDEN
100
AcDbPolyline
 90
2
 70
0
 10
56.587430330176375
 20
72.94117647058823
 10
52.64786378747069
 20
72.94117647058823
  0
LWPOLYLINE
  5
782
330
17
100
AcDbEntity
  8
HIDDEN
100
AcDbPolyline
 90
2
 70
0
 10
52.64786378747069
 20
72.94117647058823
 10
50.678080516117845
 20
72.94117647058823
  0
LWPOLYLINE
  5
783
330
17
100
AcDbEntity
  8
HIDDEN
100
AcDbPolyline
 90
2
 70
0
 10
50.678080516117845
 20
72.94117647058823
 10
52.64786378747068
 20
72.94117647058823
  0
LWPOLYLINE
  5
784
330
17
100
AcDbEntity
  8
HIDDEN
100
AcDbPolyline
 90
15
 70
0
 10
56.61764705882353
 20
72.94117647058823
 10
56.567502883187174
 20
72.94117647058823
 10
56.41958479462836
 20
72.94117647058823
 10
56.18131002375959
 20
72.94117647058823
 10
55.864626662541
 20
72.94117647058823
 10
55.485414537058645
 20
72.94117647058823
 10
55.06268892673616
 20
72.94117647058823
 10
54.61764705882353
 20
72.94117647058823
 10
54.1726051909109
 20
72.94117647058823
 10
53.74987958058841
 20
72.94117647058823
 10
53.37066745510606
 20
72.94117647058823
 10
53.053984093887465
 20
72.94117647058823
 10
52.815709323018694
 20
72.94117647058823
 10
52.667791234459884
 20
72.94117647058823
 10
52.61764705882353
 20
72.94117647058823
  0
LWPOLYLINE
  5
785
330
17
100
AcDbEntity
  8
HIDDEN
100
AcDbPolyline
 90
15
 70
0
 10
52.61764705882353
 20
72.94117647058823
 10
52.667791234459884
 20
72.94117647058823
 10
52.815709323018694
 20
72.94117647058823
 10
53.053984093887465
 20
72.94117647058823
 10
53.37066745510606
 20
72.94117647058823
 10
53.74987958058841
 20
72.94117647058823
 10
54.1726051909109
 20
72.94117647058823
 10
54.61764705882353
 20
72.94117647058823
 10
55.06268892673616
 20
72.94117647058823
 10
55.485414537058645
 20
72.94117647058823
 10
55.864626662541
 20
72.94117647058823
 10
56.18131002375959
 20
72.94117647058823
 10
56.41958479462836
 20
72.94117647058823
 10
56.567502883187174
 20
72.94117647058823
 10
56.61764705882353
 20
72.94117647058823
  0
LWPOLYLINE
  5
786
330
17
100
AcDbEntity
  8
HIDDEN
100
AcDbPolyline
 90
2
 70
0
 10
58.55721360152921
 20
69.88235294117646
 10
58.55721360152921
 20
72.94117647058823
  0
LWPOLYLINE
  5
787
330
17
100
AcDbEntity
  8
HIDDEN
100
AcDbPolyline
 90
2
 70
0
 10
50.678080516117845
 20
69.88235294117646
 10
50.678080516117845
 20
72.94117647058823
  0
LWPOLYLINE
  5
788
330
17
100
AcDbEntity
  8
HIDDEN
100
AcDbPolyline
 90
2
 70
0
 10
56.587430330176375
 20
69.88235294117646
 10
56.587430330176375
 20
72.94117647058823
  0
LWPOLYLINE
  5
789
330
17
100
AcDbEntity
  8
HIDDEN
100
AcDbPolyline
 90
2
 70
0
 10
52.64786378747069
 20
69.88235294117646
 10
52.64786378747069
 20
72.94117647058823
  0
LWPOLYLINE
  5
78A
330
17
100
AcDbEntity
  8
HIDDEN
100
AcDbPolyline
 90
2
 70
0
 10
42.46978327135284
 20
69.88235294117646
 10
42.46978327135284
 20
72.94117647058823
  0
LWPOLYLINE
  5
78B
330
17
100
AcDbEntity
  8
HIDDEN
100
AcDbPolyline
 90
2
 70
0
 10
38.530216728647154
 20
72.94117647058823
 10
42.46978327135284
 20
72.94117647058823
  0
LWPOLYLINE
  5
78C
330
17
100
AcDbEntity
  8
HIDDEN
100
AcDbPolyline
 90
2
 70
0
 10
38.530216728647154
 20
69.88235294117646
 10
38.530216728647154
 20
72.94117647058823
  0
LWPOLYLINE
  5
78D
330
17
100
AcDbEntity
  8
HIDDEN
100
AcDbPolyline
 90
2
 70
0
 10
44.43956654270568
 20
72.94117647058823
 10
42.46978327135284
 20
72.94117647058823
  0
LWPOLYLINE
  5
78E
330
17
100
AcDbEntity
  8
HIDDEN
100
AcDbPolyline
 90
2
 70
0
 10
42.46978327135284
 20
72.94117647058823
 10
44.43956654270568
 20
72.94117647058823
  0
LWPOLYLINE
  5
78F
330
17
100
AcDbEntity
  8
HIDDEN
100
AcDbPolyline
 90
2
 70
0
 10
42.46978327135284
 20
72.94117647058823
 10
38.53021672864716
 20
72.94117647058823
  0
LWPOLYLINE
  5
790
330
17
100
AcDbEntity
  8
HIDDEN
100
AcDbPolyline
 90
2
 70
0
 10
38.53021672864716
 20
72.94117647058823
 10
36.560433457294316
 20
72.94117647058823
  0
LWPOLYLINE
  5
791
330
17
100
AcDbEntity
  8
HIDDEN
100
AcDbPolyline
 90
2
 70
0
 10
36.560433457294316
 20
72.94117647058823
 10
38.530216728647154
 20
72.94117647058823
  0
LWPOLYLINE
  5
792
330
17
100
AcDbEntity
  8
HIDDEN
100
AcDbPolyline
 90
15
 70
0
 10
42.5
 20
72.94117647058823
 10
42.449855824363645
 20
72.94117647058823
 10
42.301937735804835
 20
72.94117647058823
 10
42.06366296493606
 20
72.94117647058823
 10
41.74697960371746
 20
72.94117647058823
 10
41.367767478235116
 20
72.94117647058823
 10
40.94504186791263
 20
72.94117647058823
 10
40.5
 20
72.94117647058823
 10
40.05495813208737
 20
72.94117647058823
 10
39.632232521764884
 20
72.94117647058823
 10
39.25302039628254
 20
72.94117647058823
 10
38.93633703506394
 20
72.94117647058823
 10
38.69806226419516
 20
72.94117647058823
 10
38.55014417563635
 20
72.94117647058823
 10
38.5
 20
72.94117647058823
  0
LWPOLYLINE
  5
793
330
17
100
AcDbEntity
  8
HIDDEN
100
AcDbPolyline
 90
15
 70
0
 10
38.5
 20
72.94117647058823
 10
38.55014417563635
 20
72.94117647058823
 10
38.69806226419516
 20
72.94117647058823
 10
38.93633703506394
 20
72.94117647058823
 10
39.25302039628254
 20
72.94117647058823
 10
39.632232521764884
 20
72.94117647058823
 10
40.05495813208737
 20
72.94117647058823
 10
40.5
 20
72.94117647058823
 10
40.94504186791263
 20
72.94117647058823
 10
41.367767478235116
 20
72.94117647058823
 10
41.74697960371746
 20
72.94117647058823
 10
42.06366296493606
 20
72.94117647058823
 10
42.301937735804835
 20
72.94117647058823
 10
42.449855824363645
 20
72.94117647058823
 10
42.5
 20
72.94117647058823
  0
LWPOLYLINE
  5
794
330
17
100
AcDbEntity
  8
HIDDEN
100
AcDbPolyline
 90
2
 70
0
 10
44.43956654270568
 20
69.88235294117646
 10
44.43956654270568
 20
72.94117647058823
  0
LWPOLYLINE
  5
795
330
17
100
AcDbEntity
  8
HIDDEN
100
AcDbPolyline
 90
2
 70
0
 10
36.560433457294316
 20
69.88235294117646
 10
36.560433457294316
 20
72.94117647058823
  0
LWPOLYLINE
  5
796
330
17
100
AcDbEntity
  8
HIDDEN
100
AcDbPolyline
 90
2
 70
0
 10
42.46978327135284
 20
69.88235294117646
 10
42.46978327135284
 20
72.94117647058823
  0
LWPOLYLINE
  5
797
330
17
100
AcDbEntity
  8
HIDDEN
100
AcDbPolyline
 90
2
 70
0
 10
38.53021672864716
 20
69.88235294117646
 10
38.53021672864716
 20
72.94117647058823
  0
LWPOLYLINE
  5
798
330
17
100
AcDbEntity
  8
HIDDEN
100
AcDbPolyline
 90
2
 70
0
 10
40.38235294117647
 20
69.88235294117646
 10
40.38235294117647
 20
74.11764705882352
  0
LWPOLYLINE
  5
799
330
17
100
AcDbEntity
  8
HIDDEN
100
AcDbPolyline
 90
15
 70
0
 10
40.38235294117647
 20
74.11764705882352
 10
40.32630945075937
 20
74.11764705882352
 10
40.16098923413482
 20
74.11764705882352
 10
39.89468213728148
 20
74.11764705882352
 10
39.54074191003717
 20
74.11764705882352
 10
39.116916593321605
 20
74.11764705882352
 10
38.644458558255295
 20
74.11764705882352
 10
38.14705882352941
 20
74.11764705882352
 10
37.64965908880353
 20
74.11764705882352
 10
37.17720105373722
 20
74.11764705882352
 10
36.753375737021656
 20
74.11764705882352
 10
36.39943550977735
 20
74.11764705882352
 10
36.133128412924
 20
74.11764705882352
 10
35.96780819629945
 20
74.11764705882352
 10
35.911764705882355
 20
74.11764705882352
  0
LWPOLYLINE
  5
79A
330
17
100
AcDbEntity
  8
HIDDEN
100
AcDbPolyline
 90
15
 70
0
 10
35.911764705882355
 20
74.11764705882352
 10
35.96780819629945
 20
74.11764705882352
 10
36.133128412924
 20
74.11764705882352
 10
36.39943550977735
 20
74.11764705882352
 10
36.753375737021656
 20
74.11764705882352
 10
37.17720105373722
 20
74.11764705882352
 10
37.64965908880353
 20
74.11764705882352
 10
38.14705882352941
 20
74.11764705882352
 10
38.64445855825529
 20
74.11764705882352
 10
39.1169165933216
 20
74.11764705882352
 10
39.54074191003717
 20
74.11764705882352
 10
39.89468213728148
 20
74.11764705882352
 10
40.16098923413482
 20
74.11764705882352
 10
40.32630945075937
 20
74.11764705882352
 10
40.38235294117647
 20
74.11764705882352
  0
LWPOLYLINE
  5
79B
330
17
100
AcDbEntity
  8
HIDDEN
100
AcDbPolyline
 90
2
 70
0
 10
179.70668731688244
 20
69.88235294117646
 10
179.70668731688244
 20
72.94117647058823
  0
LWPOLYLINE
  5
79C
330
17
100
AcDbEntity
  8
HIDDEN
100
AcDbPolyline
 90
2
 70
0
 10
183.64625385958817
 20
69.88235294117646
 10
183.64625385958817
 20
72.94117647058823
  0
LWPOLYLINE
  5
79D
330
17
100
AcDbEntity
  8
HIDDEN
100
AcDbPolyline
 90
2
 70
0
 10
183.64625385958817
 20
69.88235294117646
 10
183.64625385958817
 20
72.94117647058823
  0
LWPOLYLINE
  5
79E
330
17
100
AcDbEntity
  8
HIDDEN
100
AcDbPolyline
 90
2
 70
0
 10
185.61603713094098
 20
69.88235294117646
 10
185.61603713094098
 20
72.94117647058823
  0
LWPOLYLINE
  5
79F
330
17
100
AcDbEntity
  8
HIDDEN
100
AcDbPolyline
 90
2
 70
0
 10
95.44117647058825
 20
72.94117647058823
 10
95.44117647058825
 20
82.8235294117647
  0
LWPOLYLINE
  5
7A0
330
17
100
AcDbEntity
  8
HIDDEN
100
AcDbPolyline
 90
2
 70
0
 10
198.1470588235294
 20
76.94117647058823
 10
198.1470588235294
 20
82.8235294117647
  0
LWPOLYLINE
  5
7A1
330
17
100
AcDbEntity
  8
HIDDEN
100
AcDbPolyline
 90
2
 70
0
 10
75.79411764705883
 20
76.94117647058823
 10
75.79411764705883
 20
82.8235294117647
  0
LWPOLYLINE
  5
7A2
330
17
100
AcDbEntity
  8
HIDDEN
100
AcDbPolyline
 90
2
 70
0
 10
199.3235294117647
 20
118.11764705882352
 10
204.0294117647059
 20
118.11764705882352
  0
LWPOLYLINE
  5
7A3
330
17
100
AcDbEntity
  8
HIDDEN
100
AcDbPolyline
 90
2
 70
0
 10
226.38235294117646
 20
76.94117647058823
 10
204.0294117647059
 20
99.29411764705881
  0
LWPOLYLINE
  5
7A4
330
17
100
AcDbEntity
  8
HIDDEN
100
AcDbPolyline
 90
2
 70
0
 10
204.0294117647059
 20
99.29411764705881
 10
204.0294117647059
 20
76.94117647058823
  0
LWPOLYLINE
  5
7A5
330
17
100
AcDbEntity
  8
HIDDEN
100
AcDbPolyline
 90
2
 70
0
 10
204.0294117647059
 20
99.29411764705881
 10
204.0294117647059
 20
118.11764705882352
  0
LWPOLYLINE
  5
7A6
330
17
100
AcDbEntity
  8
HIDDEN
100
AcDbPolyline
 90
2
 70
0
 10
204.0294117647059
 20
99.29411764705881
 10
204.0294117647059
 20
76.94117647058823
  0
LWPOLYLINE
  5
7A7
330
17
100
AcDbEntity
  8
HIDDEN
100
AcDbPolyline
 90
15
 70
0
 10
204.0294117647059
 20
110.88235294117646
 10
204.0294117647059
 20
110.73929455774334
 10
204.0294117647059
 20
110.31729295214909
 10
204.0294117647059
 20
109.63750904702346
 10
204.0294117647059
 20
108.73403004589983
 10
204.0294117647059
 20
107.6521601584943
 10
204.0294117647059
 20
106.44614885845661
 10
204.0294117647059
 20
105.17647058823529
 10
204.0294117647059
 20
103.90679231801397
 10
204.0294117647059
 20
102.70078101797628
 10
204.0294117647059
 20
101.61891113057075
 10
204.0294117647059
 20
100.71543212944712
 10
204.0294117647059
 20
100.03564822432149
 10
204.0294117647059
 20
99.61364661872724
 10
204.0294117647059
 20
99.47058823529412
  0
LWPOLYLINE
  5
7A8
330
17
100
AcDbEntity
  8
HIDDEN
100
AcDbPolyline
 90
15
 70
0
 10
204.0294117647059
 20
99.47058823529412
 10
204.0294117647059
 20
99.61364661872724
 10
204.0294117647059
 20
100.03564822432148
 10
204.0294117647059
 20
100.71543212944712
 10
204.0294117647059
 20
101.61891113057075
 10
204.0294117647059
 20
102.70078101797628
 10
204.0294117647059
 20
103.90679231801397
 10
204.0294117647059
 20
105.17647058823529
 10
204.0294117647059
 20
106.44614885845661
 10
204.0294117647059
 20
107.6521601584943
 10
204.0294117647059
 20
108.73403004589983
 10
204.0294117647059
 20
109.63750904702346
 10
204.0294117647059
 20
110.31729295214909
 10
204.0294117647059
 20
110.73929455774334
 10
204.0294117647059
 20
110.88235294117646
  0
LWPOLYLINE
  5
7A9
330
17
100
AcDbEntity
  8
HIDDEN
100
AcDbPolyline
 90
2
 70
0
 10
199.3235294117647
 20
110.88235294117646
 10
204.0294117647059
 20
110.88235294117646
  0
LWPOLYLINE
  5
7AA
330
17
100
AcDbEntity
  8
HIDDEN
100
AcDbPolyline
 90
15
 70
0
 10
199.3235294117647
 20
110.88235294117646
 10
199.3235294117647
 20
110.73929455774334
 10
199.3235294117647
 20
110.31729295214909
 10
199.3235294117647
 20
109.63750904702346
 10
199.3235294117647
 20
108.73403004589983
 10
199.3235294117647
 20
107.6521601584943
 10
199.3235294117647
 20
106.44614885845661
 10
199.3235294117647
 20
105.17647058823529
 10
199.3235294117647
 20
103.90679231801397
 10
199.3235294117647
 20
102.70078101797628
 10
199.3235294117647
 20
101.61891113057075
 10
199.3235294117647
 20
100.71543212944712
 10
199.3235294117647
 20
100.03564822432149
 10
199.3235294117647
 20
99.61364661872724
 10
199.3235294117647
 20
99.47058823529412
  0
LWPOLYLINE
  5
7AB
330
17
100
AcDbEntity
  8
HIDDEN
100
AcDbPolyline
 90
15
 70
0
 10
199.3235294117647
 20
99.47058823529412
 10
199.3235294117647
 20
99.61364661872724
 10
199.3235294117647
 20
100.03564822432148
 10
199.3235294117647
 20
100.71543212944712
 10
199.3235294117647
 20
101.61891113057075
 10
199.3235294117647
 20
102.70078101797628
 10
199.3235294117647
 20
103.90679231801397
 10
199.3235294117647
 20
105.17647058823529
 10
199.3235294117647
 20
106.44614885845661
 10
199.3235294117647
 20
107.6521601584943
 10
199.3235294117647
 20
108.73403004589983
 10
199.3235294117647
 20
109.63750904702346
 10
199.3235294117647
 20
110.31729295214909
 10
199.3235294117647
 20
110.73929455774334
 10
199.3235294117647
 20
110.88235294117646
  0
LWPOLYLINE
  5
7AC
330
17
100
AcDbEntity
  8
HIDDEN
100
AcDbPolyline
 90
2
 70
0
 10
226.38235294117646
 20
76.94117647058823
 10
204.0294117647059
 20
99.29411764705881
  0
LWPOLYLINE
  5
7AD
330
17
100
AcDbEntity
  8
HIDDEN
100
AcDbPolyline
 90
2
 70
0
 10
226.38235294117646
 20
76.94117647058823
 10
204.0294117647059
 20
99.29411764705881
  0
LWPOLYLINE
  5
7AE
330
17
100
AcDbEntity
  8
HIDDEN
100
AcDbPolyline
 90
2
 70
0
 10
199.3235294117647
 20
76.94117647058823
 10
199.3235294117647
 20
118.11764705882352
  0
LWPOLYLINE
  5
7AF
330
17
100
AcDbEntity
  8
HIDDEN
100
AcDbPolyline
 90
2
 70
0
 10
56.61764705882353
 20
72.94117647058823
 10
56.61764705882353
 20
76.94117647058823
  0
LWPOLYLINE
  5
7B0
330
17
100
AcDbEntity
  8
HIDDEN
100
AcDbPolyline
 90
2
 70
0
 10
42.5
 20
72.94117647058823
 10
42.5
 20
76.94117647058823
  0
LWPOLYLINE
  5
7B1
330
17
100
AcDbEntity
  8
HIDDEN
100
AcDbPolyline
 90
2
 70
0
 10
198.1470588235294
 20
76.94117647058823
 10
198.1470588235294
 20
82.8235294117647
  0
LWPOLYLINE
  5
7B2
330
17
100
AcDbEntity
  8
HIDDEN
100
AcDbPolyline
 90
2
 70
0
 10
75.79411764705883
 20
76.94117647058823
 10
75.79411764705883
 20
82.8235294117647
  0
LWPOLYLINE
  5
7B3
330
17
100
AcDbEntity
  8
HIDDEN
100
AcDbPolyline
 90
2
 70
0
 10
56.61764705882353
 20
72.94117647058823
 10
56.61764705882353
 20
76.94117647058823
  0
LWPOLYLINE
  5
7B4
330
17
100
AcDbEntity
  8
HIDDEN
100
AcDbPolyline
 90
2
 70
0
 10
42.5
 20
72.94117647058823
 10
42.5
 20
76.94117647058823
  0
LWPOLYLINE
  5
7B5
330
17
100
AcDbEntity
  8
HIDDEN
100
AcDbPolyline
 90
2
 70
0
 10
252.26470588235293
 20
69.88235294117646
 10
252.26470588235293
 20
76.94117647058823
  0
LWPOLYLINE
  5
7B6
330
17
100
AcDbEntity
  8
HIDDEN
100
AcDbPolyline
 90
2
 70
0
 10
28.735294117647058
 20
69.88235294117646
 10
28.735294117647058
 20
76.94117647058823
  0
LWPOLYLINE
  5
7B7
330
17
100
AcDbEntity
  8
HIDDEN
100
AcDbPolyline
 90
15
 70
0
 10
164.0294117647059
 20
92.23529411764706
 10
163.94092204299466
 20
92.23529411764706
 10
163.67989012200854
 20
92.23529411764706
 10
163.2594052322401
 20
92.23529411764706
 10
162.70055224185438
 20
92.23529411764706
 10
162.03135437335607
 20
92.23529411764706
 10
161.28536800219877
 20
92.23529411764706
 10
160.5
 20
92.23529411764706
 10
159.71463199780123
 20
92.23529411764706
 10
158.96864562664393
 20
92.23529411764706
 10
158.29944775814567
 20
92.23529411764706
 10
157.7405947677599
 20
92.23529411764706
 10
157.32010987799146
 20
92.23529411764706
 10
157.05907795700534
 20
92.23529411764706
 10
156.97058823529414
 20
92.23529411764706
  0
LWPOLYLINE
  5
7B8
330
17
100
AcDbEntity
  8
HIDDEN
100
AcDbPolyline
 90
15
 70
0
 10
164.0294117647059
 20
91.05882352941175
 10
163.94092204299466
 20
91.05882352941175
 10
163.67989012200854
 20
91.05882352941175
 10
163.2594052322401
 20
91.05882352941175
 10
162.70055224185438
 20
91.05882352941175
 10
162.03135437335607
 20
91.05882352941175
 10
161.28536800219877
 20
91.05882352941175
 10
160.5
 20
91.05882352941175
 10
159.71463199780123
 20
91.05882352941175
 10
158.96864562664393
 20
91.05882352941175
 10
158.29944775814567
 20
91.05882352941175
 10
157.7405947677599
 20
91.05882352941175
 10
157.32010987799146
 20
91.05882352941175
 10
157.05907795700534
 20
91.05882352941175
 10
156.97058823529414
 20
91.05882352941175
  0
LWPOLYLINE
  5
7B9
330
17
100
AcDbEntity
  8
HIDDEN
100
AcDbPolyline
 90
15
 70
0
 10
162.8529411764706
 20
91.05882352941175
 10
162.79394802866312
 20
91.05882352941175
 10
162.6199267480057
 20
91.05882352941175
 10
162.3396034881601
 20
91.05882352941175
 10
161.96703482790292
 20
91.05882352941175
 10
161.52090291557073
 20
91.05882352941175
 10
161.02357866813253
 20
91.05882352941175
 10
160.5
 20
91.05882352941175
 10
159.97642133186747
 20
91.05882352941175
 10
159.47909708442927
 20
91.05882352941175
 10
159.03296517209708
 20
91.05882352941175
 10
158.66039651183996
 20
91.05882352941175
 10
158.3800732519943
 20
91.05882352941175
 10
158.20605197133688
 20
91.05882352941175
 10
158.1470588235294
 20
91.05882352941175
  0
LWPOLYLINE
  5
7BA
330
17
100
AcDbEntity
  8
HIDDEN
100
AcDbPolyline
 90
15
 70
0
 10
158.1470588235294
 20
91.05882352941175
 10
158.20605197133688
 20
91.05882352941175
 10
158.3800732519943
 20
91.05882352941175
 10
158.66039651183996
 20
91.05882352941175
 10
159.03296517209708
 20
91.05882352941175
 10
159.47909708442927
 20
91.05882352941175
 10
159.97642133186747
 20
91.05882352941175
 10
160.5
 20
91.05882352941175
 10
161.02357866813247
 20
91.05882352941175
 10
161.52090291557073
 20
91.05882352941175
 10
161.96703482790292
 20
91.05882352941175
 10
162.3396034881601
 20
91.05882352941175
 10
162.6199267480057
 20
91.05882352941175
 10
162.79394802866312
 20
91.05882352941175
 10
162.8529411764706
 20
91.05882352941175
  0
LWPOLYLINE
  5
7BB
330
17
100
AcDbEntity
  8
HIDDEN
100
AcDbPolyline
 90
2
 70
0
 10
162.8529411764706
 20
86.35294117647058
 10
162.8529411764706
 20
90.23529411764706
  0
LWPOLYLINE
  5
7BC
330
17
100
AcDbEntity
  8
HIDDEN
100
AcDbPolyline
 90
15
 70
0
 10
162.8529411764706
 20
86.35294117647058
 10
162.79394802866312
 20
86.35294117647058
 10
162.6199267480057
 20
86.35294117647058
 10
162.3396034881601
 20
86.35294117647058
 10
161.96703482790292
 20
86.35294117647058
 10
161.52090291557073
 20
86.35294117647058
 10
161.02357866813253
 20
86.35294117647058
 10
160.5
 20
86.35294117647058
 10
159.97642133186747
 20
86.35294117647058
 10
159.47909708442927
 20
86.35294117647058
 10
159.03296517209708
 20
86.35294117647058
 10
158.66039651183996
 20
86.35294117647058
 10
158.3800732519943
 20
86.35294117647058
 10
158.20605197133688
 20
86.35294117647058
 10
158.1470588235294
 20
86.35294117647058
  0
LWPOLYLINE
  5
7BD
330
17
100
AcDbEntity
  8
HIDDEN
100
AcDbPolyline
 90
15
 70
0
 10
158.1470588235294
 20
86.35294117647058
 10
158.20605197133688
 20
86.35294117647058
 10
158.3800732519943
 20
86.35294117647058
 10
158.66039651183996
 20
86.35294117647058
 10
159.03296517209708
 20
86.35294117647058
 10
159.47909708442927
 20
86.35294117647058
 10
159.97642133186747
 20
86.35294117647058
 10
160.5
 20
86.35294117647058
 10
161.02357866813247
 20
86.35294117647058
 10
161.52090291557073
 20
86.35294117647058
 10
161.96703482790292
 20
86.35294117647058
 10
162.3396034881601
 20
86.35294117647058
 10
162.6199267480057
 20
86.35294117647058
 10
162.79394802866312
 20
86.35294117647058
 10
162.8529411764706
 20
86.35294117647058
  0
LWPOLYLINE
  5
7BE
330
17
100
AcDbEntity
  8
HIDDEN
100
AcDbPolyline
 90
2
 70
0
 10
68.73529411764706
 20
86.35294117647058
 10
188.73529411764707
 20
86.35294117647058
  0
LWPOLYLINE
  5
7BF
330
17
100
AcDbEntity
  8
HIDDEN
100
AcDbPolyline
 90
2
 70
0
 10
184.0294117647059
 20
86.35294117647058
 10
188.73529411764707
 20
86.35294117647058
  0
LWPOLYLINE
  5
7C0
330
17
100
AcDbEntity
  8
HIDDEN
100
AcDbPolyline
 90
2
 70
0
 10
81.6764705882353
 20
86.35294117647058
 10
188.73529411764707
 20
86.35294117647058
  0
LWPOLYLINE
  5
7C1
330
17
100
AcDbEntity
  8
HIDDEN
100
AcDbPolyline
 90
2
 70
0
 10
184.0294117647059
 20
86.35294117647058
 10
188.73529411764707
 20
86.35294117647058
  0
LWPOLYLINE
  5
7C2
330
17
100
AcDbEntity
  8
HIDDEN
100
AcDbPolyline
 90
15
 70
0
 10
80.14705882352942
 20
86.35294117647058
 10
80.09691464789306
 20
86.35294117647058
 10
79.94899655933426
 20
86.35294117647058
 10
79.71072178846546
 20
86.35294117647058
 10
79.39403842724688
 20
86.35294117647058
 10
79.01482630176453
 20
86.35294117647058
 10
78.59210069144204
 20
86.35294117647058
 10
78.14705882352942
 20
86.35294117647058
 10
77.70201695561678
 20
86.35294117647058
 10
77.2792913452943
 20
86.35294117647058
 10
76.90007921981194
 20
86.35294117647058
 10
76.58339585859335
 20
86.35294117647058
 10
76.34512108772458
 20
86.35294117647058
 10
76.19720299916577
 20
86.35294117647058
 10
76.1470588235294
 20
86.35294117647058
  0
LWPOLYLINE
  5
7C3
330
17
100
AcDbEntity
  8
HIDDEN
100
AcDbPolyline
 90
15
 70
0
 10
76.1470588235294
 20
86.35294117647058
 10
76.19720299916577
 20
86.35294117647058
 10
76.34512108772458
 20
86.35294117647058
 10
76.58339585859335
 20
86.35294117647058
 10
76.90007921981194
 20
86.35294117647058
 10
77.2792913452943
 20
86.35294117647058
 10
77.70201695561678
 20
86.35294117647058
 10
78.14705882352942
 20
86.35294117647058
 10
78.59210069144204
 20
86.35294117647058
 10
79.01482630176453
 20
86.35294117647058
 10
79.39403842724688
 20
86.35294117647058
 10
79.71072178846546
 20
86.35294117647058
 10
79.94899655933426
 20
86.35294117647058
 10
80.09691464789306
 20
86.35294117647058
 10
80.14705882352942
 20
86.35294117647058
  0
LWPOLYLINE
  5
7C4
330
17
100
AcDbEntity
  8
HIDDEN
100
AcDbPolyline
 90
15
 70
0
 10
80.14705882352942
 20
86.35294117647058
 10
80.09691464789306
 20
86.35294117647058
 10
79.94899655933426
 20
86.35294117647058
 10
79.71072178846546
 20
86.35294117647058
 10
79.39403842724688
 20
86.35294117647058
 10
79.01482630176453
 20
86.35294117647058
 10
78.59210069144204
 20
86.35294117647058
 10
78.14705882352942
 20
86.35294117647058
 10
77.70201695561678
 20
86.35294117647058
 10
77.2792913452943
 20
86.35294117647058
 10
76.90007921981194
 20
86.35294117647058
 10
76.58339585859335
 20
86.35294117647058
 10
76.34512108772458
 20
86.35294117647058
 10
76.19720299916577
 20
86.35294117647058
 10
76.1470588235294
 20
86.35294117647058
  0
LWPOLYLINE
  5
7C5
330
17
100
AcDbEntity
  8
HIDDEN
100
AcDbPolyline
 90
15
 70
0
 10
76.1470588235294
 20
86.35294117647058
 10
76.19720299916577
 20
86.35294117647058
 10
76.34512108772458
 20
86.35294117647058
 10
76.58339585859335
 20
86.35294117647058
 10
76.90007921981194
 20
86.35294117647058
 10
77.2792913452943
 20
86.35294117647058
 10
77.70201695561678
 20
86.35294117647058
 10
78.14705882352942
 20
86.35294117647058
 10
78.59210069144204
 20
86.35294117647058
 10
79.01482630176453
 20
86.35294117647058
 10
79.39403842724688
 20
86.35294117647058
 10
79.71072178846546
 20
86.35294117647058
 10
79.94899655933426
 20
86.35294117647058
 10
80.09691464789306
 20
86.35294117647058
 10
80.14705882352942
 20
86.35294117647058
  0
LWPOLYLINE
  5
7C6
330
17
100
AcDbEntity
  8
HIDDEN
100
AcDbPolyline
 90
2
 70
0
 10
68.73529411764706
 20
76.94117647058823
 10
188.73529411764707
 20
76.94117647058823
  0
LWPOLYLINE
  5
7C7
330
17
100
AcDbEntity
  8
HIDDEN
100
AcDbPolyline
 90
2
 70
0
 10
188.73529411764707
 20
76.94117647058823
 10
188.73529411764707
 20
86.35294117647058
  0
LWPOLYLINE
  5
7C8
330
17
100
AcDbEntity
  8
HIDDEN
100
AcDbPolyline
 90
2
 70
0
 10
68.73529411764706
 20
76.94117647058823
 10
68.73529411764706
 20
86.35294117647058
  0
LWPOLYLINE
  5
7C9
330
17
100
AcDbEntity
  8
HIDDEN
100
AcDbPolyline
 90
2
 70
0
 10
188.73529411764707
 20
76.94117647058823
 10
188.73529411764707
 20
86.35294117647058
  0
LWPOLYLINE
  5
7CA
330
17
100
AcDbEntity
  8
HIDDEN
100
AcDbPolyline
 90
2
 70
0
 10
188.73529411764707
 20
86.35294117647058
 10
188.73529411764707
 20
111.05882352941177
  0
LWPOLYLINE
  5
7CB
330
17
100
AcDbEntity
  8
HIDDEN
100
AcDbPolyline
 90
2
 70
0
 10
188.73529411764707
 20
86.35294117647058
 10
188.73529411764707
 20
90.23529411764706
  0
LWPOLYLINE
  5
7CC
330
17
100
AcDbEntity
  8
HIDDEN
100
AcDbPolyline
 90
2
 70
0
 10
184.0294117647059
 20
111.05882352941177
 10
188.73529411764707
 20
111.05882352941177
  0
LWPOLYLINE
  5
7CD
330
17
100
AcDbEntity
  8
HIDDEN
100
AcDbPolyline
 90
2
 70
0
 10
184.0294117647059
 20
86.35294117647058
 10
184.0294117647059
 20
111.05882352941177
  0
LWPOLYLINE
  5
7CE
330
17
100
AcDbEntity
  8
HIDDEN
100
AcDbPolyline
 90
2
 70
0
 10
68.73529411764706
 20
76.94117647058823
 10
188.73529411764707
 20
76.94117647058823
  0
LWPOLYLINE
  5
7CF
330
17
100
AcDbEntity
  8
HIDDEN
100
AcDbPolyline
 90
2
 70
0
 10
184.0294117647059
 20
86.35294117647058
 10
184.0294117647059
 20
93.05882352941175
  0
LWPOLYLINE
  5
7D0
330
17
100
AcDbEntity
  8
HIDDEN
100
AcDbPolyline
 90
2
 70
0
 10
80.14705882352942
 20
80.0
 10
80.14705882352942
 20
86.35294117647058
  0
LWPOLYLINE
  5
7D1
330
17
100
AcDbEntity
  8
HIDDEN
100
AcDbPolyline
 90
15
 70
0
 10
80.14705882352942
 20
80.0
 10
80.09691464789306
 20
80.0
 10
79.94899655933426
 20
80.0
 10
79.71072178846546
 20
80.0
 10
79.39403842724688
 20
80.0
 10
79.01482630176453
 20
80.0
 10
78.59210069144204
 20
80.0
 10
78.14705882352942
 20
80.0
 10
77.70201695561678
 20
80.0
 10
77.2792913452943
 20
80.0
 10
76.90007921981194
 20
80.0
 10
76.58339585859335
 20
80.0
 10
76.34512108772458
 20
80.0
 10
76.19720299916577
 20
80.0
 10
76.1470588235294
 20
80.0
  0
LWPOLYLINE
  5
7D2
330
17
100
AcDbEntity
  8
HIDDEN
100
AcDbPolyline
 90
15
 70
0
 10
76.1470588235294
 20
80.0
 10
76.19720299916577
 20
80.0
 10
76.34512108772458
 20
80.0
 10
76.58339585859335
 20
80.0
 10
76.90007921981194
 20
80.0
 10
77.2792913452943
 20
80.0
 10
77.70201695561678
 20
80.0
 10
78.14705882352942
 20
80.0
 10
78.59210069144204
 20
80.0
 10
79.01482630176453
 20
80.0
 10
79.39403842724688
 20
80.0
 10
79.71072178846546
 20
80.0
 10
79.94899655933426
 20
80.0
 10
80.09691464789306
 20
80.0
 10
80.14705882352942
 20
80.0
  0
LWPOLYLINE
  5
7D3
330
17
100
AcDbEntity
  8
HIDDEN
100
AcDbPolyline
 90
2
 70
0
 10
80.14705882352942
 20
80.0
 10
80.14705882352942
 20
86.35294117647058
  0
LWPOLYLINE
  5
7D4
330
17
100
AcDbEntity
  8
HIDDEN
100
AcDbPolyline
 90
15
 70
0
 10
80.14705882352942
 20
80.0
 10
80.09691464789306
 20
80.0
 10
79.94899655933426
 20
80.0
 10
79.71072178846546
 20
80.0
 10
79.39403842724688
 20
80.0
 10
79.01482630176453
 20
80.0
 10
78.59210069144204
 20
80.0
 10
78.14705882352942
 20
80.0
 10
77.70201695561678
 20
80.0
 10
77.2792913452943
 20
80.0
 10
76.90007921981194
 20
80.0
 10
76.58339585859335
 20
80.0
 10
76.34512108772458
 20
80.0
 10
76.19720299916577
 20
80.0
 10
76.1470588235294
 20
80.0
  0
LWPOLYLINE
  5
7D5
330
17
100
AcDbEntity
  8
HIDDEN
100
AcDbPolyline
 90
15
 70
0
 10
76.1470588235294
 20
80.0
 10
76.19720299916577
 20
80.0
 10
76.34512108772458
 20
80.0
 10
76.58339585859335
 20
80.0
 10
76.90007921981194
 20
80.0
 10
77.2792913452943
 20
80.0
 10
77.70201695561678
 20
80.0
 10
78.14705882352942
 20
80.0
 10
78.59210069144204
 20
80.0
 10
79.01482630176453
 20
80.0
 10
79.39403842724688
 20
80.0
 10
79.71072178846546
 20
80.0
 10
79.94899655933426
 20
80.0
 10
80.09691464789306
 20
80.0
 10
80.14705882352942
 20
80.0
  0
LWPOLYLINE
  5
7D6
330
17
100
AcDbEntity
  8
HIDDEN
100
AcDbPolyline
 90
2
 70
0
 10
76.17727555217658
 20
76.94117647058823
 10
80.11684209488226
 20
76.94117647058823
  0
LWPOLYLINE
  5
7D7
330
17
100
AcDbEntity
  8
HIDDEN
100
AcDbPolyline
 90
2
 70
0
 10
74.20749228082373
 20
76.94117647058823
 10
76.17727555217658
 20
76.94117647058823
  0
LWPOLYLINE
  5
7D8
330
17
100
AcDbEntity
  8
HIDDEN
100
AcDbPolyline
 90
2
 70
0
 10
80.11684209488226
 20
76.94117647058823
 10
82.0866253662351
 20
76.94117647058823
  0
LWPOLYLINE
  5
7D9
330
17
100
AcDbEntity
  8
HIDDEN
100
AcDbPolyline
 90
2
 70
0
 10
76.17727555217658
 20
76.94117647058823
 10
74.20749228082374
 20
76.94117647058823
  0
LWPOLYLINE
  5
7DA
330
17
100
AcDbEntity
  8
HIDDEN
100
AcDbPolyline
 90
2
 70
0
 10
82.0866253662351
 20
76.94117647058823
 10
80.11684209488226
 20
76.94117647058823
  0
LWPOLYLINE
  5
7DB
330
17
100
AcDbEntity
  8
HIDDEN
100
AcDbPolyline
 90
2
 70
0
 10
80.11684209488226
 20
76.94117647058823
 10
76.17727555217657
 20
76.94117647058823
  0
LWPOLYLINE
  5
7DC
330
17
100
AcDbEntity
  8
HIDDEN
100
AcDbPolyline
 90
2
 70
0
 10
76.17727555217658
 20
76.94117647058823
 10
80.11684209488226
 20
76.94117647058823
  0
LWPOLYLINE
  5
7DD
330
17
100
AcDbEntity
  8
HIDDEN
100
AcDbPolyline
 90
2
 70
0
 10
74.20749228082373
 20
76.94117647058823
 10
76.17727555217658
 20
76.94117647058823
  0
LWPOLYLINE
  5
7DE
330
17
100
AcDbEntity
  8
HIDDEN
100
AcDbPolyline
 90
2
 70
0
 10
76.17727555217657
 20
76.94117647058823
 10
74.20749228082373
 20
76.94117647058823
  0
LWPOLYLINE
  5
7DF
330
17
100
AcDbEntity
  8
HIDDEN
100
AcDbPolyline
 90
2
 70
0
 10
80.11684209488226
 20
76.94117647058823
 10
76.17727555217657
 20
76.94117647058823
  0
LWPOLYLINE
  5
7E0
330
17
100
AcDbEntity
  8
HIDDEN
100
AcDbPolyline
 90
2
 70
0
 10
82.0866253662351
 20
76.94117647058823
 10
80.11684209488226
 20
76.94117647058823
  0
LWPOLYLINE
  5
7E1
330
17
100
AcDbEntity
  8
HIDDEN
100
AcDbPolyline
 90
2
 70
0
 10
80.11684209488226
 20
76.94117647058823
 10
82.0866253662351
 20
76.94117647058823
  0
LWPOLYLINE
  5
7E2
330
17
100
AcDbEntity
  8
HIDDEN
100
AcDbPolyline
 90
2
 70
0
 10
82.0866253662351
 20
80.0
 10
80.11684209488226
 20
80.0
  0
LWPOLYLINE
  5
7E3
330
17
100
AcDbEntity
  8
HIDDEN
100
AcDbPolyline
 90
2
 70
0
 10
80.11684209488226
 20
80.0
 10
82.0866253662351
 20
80.0
  0
LWPOLYLINE
  5
7E4
330
17
100
AcDbEntity
  8
HIDDEN
100
AcDbPolyline
 90
2
 70
0
 10
80.11684209488226
 20
80.0
 10
76.17727555217657
 20
80.0
  0
LWPOLYLINE
  5
7E5
330
17
100
AcDbEntity
  8
HIDDEN
100
AcDbPolyline
 90
2
 70
0
 10
76.17727555217657
 20
80.0
 10
80.11684209488224
 20
80.0
  0
LWPOLYLINE
  5
7E6
330
17
100
AcDbEntity
  8
HIDDEN
100
AcDbPolyline
 90
2
 70
0
 10
76.17727555217658
 20
80.0
 10
74.20749228082374
 20
80.0
  0
LWPOLYLINE
  5
7E7
330
17
100
AcDbEntity
  8
HIDDEN
100
AcDbPolyline
 90
2
 70
0
 10
74.20749228082374
 20
80.0
 10
76.17727555217658
 20
80.0
  0
LWPOLYLINE
  5
7E8
330
17
100
AcDbEntity
  8
HIDDEN
100
AcDbPolyline
 90
2
 70
0
 10
82.0866253662351
 20
80.0
 10
80.11684209488226
 20
80.0
  0
LWPOLYLINE
  5
7E9
330
17
100
AcDbEntity
  8
HIDDEN
100
AcDbPolyline
 90
2
 70
0
 10
80.11684209488226
 20
80.0
 10
82.0866253662351
 20
80.0
  0
LWPOLYLINE
  5
7EA
330
17
100
AcDbEntity
  8
HIDDEN
100
AcDbPolyline
 90
2
 70
0
 10
80.11684209488226
 20
80.0
 10
76.17727555217657
 20
80.0
  0
LWPOLYLINE
  5
7EB
330
17
100
AcDbEntity
  8
HIDDEN
100
AcDbPolyline
 90
2
 70
0
 10
76.17727555217657
 20
80.0
 10
80.11684209488224
 20
80.0
  0
LWPOLYLINE
  5
7EC
330
17
100
AcDbEntity
  8
HIDDEN
100
AcDbPolyline
 90
2
 70
0
 10
76.17727555217658
 20
80.0
 10
74.20749228082374
 20
80.0
  0
LWPOLYLINE
  5
7ED
330
17
100
AcDbEntity
  8
HIDDEN
100
AcDbPolyline
 90
2
 70
0
 10
74.20749228082374
 20
80.0
 10
76.17727555217658
 20
80.0
  0
LWPOLYLINE
  5
7EE
330
17
100
AcDbEntity
  8
HIDDEN
100
AcDbPolyline
 90
2
 70
0
 10
76.17727555217658
 20
76.94117647058823
 10
76.17727555217658
 20
80.0
  0
LWPOLYLINE
  5
7EF
330
17
100
AcDbEntity
  8
HIDDEN
100
AcDbPolyline
 90
2
 70
0
 10
80.11684209488226
 20
76.94117647058823
 10
80.11684209488226
 20
80.0
  0
LWPOLYLINE
  5
7F0
330
17
100
AcDbEntity
  8
HIDDEN
100
AcDbPolyline
 90
2
 70
0
 10
74.20749228082374
 20
76.94117647058823
 10
74.20749228082374
 20
80.0
  0
LWPOLYLINE
  5
7F1
330
17
100
AcDbEntity
  8
HIDDEN
100
AcDbPolyline
 90
2
 70
0
 10
82.0866253662351
 20
76.94117647058823
 10
82.0866253662351
 20
80.0
  0
LWPOLYLINE
  5
7F2
330
17
100
AcDbEntity
  8
HIDDEN
100
AcDbPolyline
 90
2
 70
0
 10
76.17727555217657
 20
76.94117647058823
 10
76.17727555217657
 20
80.0
  0
LWPOLYLINE
  5
7F3
330
17
100
AcDbEntity
  8
HIDDEN
100
AcDbPolyline
 90
2
 70
0
 10
80.11684209488226
 20
76.94117647058823
 10
80.11684209488226
 20
80.0
  0
LWPOLYLINE
  5
7F4
330
17
100
AcDbEntity
  8
HIDDEN
100
AcDbPolyline
 90
2
 70
0
 10
76.17727555217658
 20
76.94117647058823
 10
76.17727555217658
 20
80.0
  0
LWPOLYLINE
  5
7F5
330
17
100
AcDbEntity
  8
HIDDEN
100
AcDbPolyline
 90
2
 70
0
 10
80.11684209488226
 20
76.94117647058823
 10
80.11684209488226
 20
80.0
  0
LWPOLYLINE
  5
7F6
330
17
100
AcDbEntity
  8
HIDDEN
100
AcDbPolyline
 90
2
 70
0
 10
74.20749228082374
 20
76.94117647058823
 10
74.20749228082374
 20
80.0
  0
LWPOLYLINE
  5
7F7
330
17
100
AcDbEntity
  8
HIDDEN
100
AcDbPolyline
 90
2
 70
0
 10
76.17727555217657
 20
76.94117647058823
 10
76.17727555217657
 20
80.0
  0
LWPOLYLINE
  5
7F8
330
17
100
AcDbEntity
  8
HIDDEN
100
AcDbPolyline
 90
2
 70
0
 10
80.11684209488226
 20
76.94117647058823
 10
80.11684209488226
 20
80.0
  0
LWPOLYLINE
  5
7F9
330
17
100
AcDbEntity
  8
HIDDEN
100
AcDbPolyline
 90
2
 70
0
 10
82.0866253662351
 20
76.94117647058823
 10
82.0866253662351
 20
80.0
  0
LWPOLYLINE
  5
7FA
330
17
100
AcDbEntity
  8
HIDDEN
100
AcDbPolyline
 90
2
 70
0
 10
81.6764705882353
 20
82.8235294117647
 10
81.6764705882353
 20
86.70588235294117
  0
LWPOLYLINE
  5
7FB
330
17
100
AcDbEntity
  8
HIDDEN
100
AcDbPolyline
 90
2
 70
0
 10
81.6764705882353
 20
82.8235294117647
 10
81.6764705882353
 20
90.23529411764706
  0
LWPOLYLINE
  5
7FC
330
17
100
AcDbEntity
  8
HIDDEN
100
AcDbPolyline
 90
2
 70
0
 10
81.6764705882353
 20
86.70588235294117
 10
81.6764705882353
 20
90.23529411764706
  0
LWPOLYLINE
  5
7FD
330
17
100
AcDbEntity
  8
HIDDEN
100
AcDbPolyline
 90
2
 70
0
 10
81.6764705882353
 20
86.70588235294117
 10
193.44117647058823
 20
86.70588235294117
  0
LWPOLYLINE
  5
7FE
330
17
100
AcDbEntity
  8
HIDDEN
100
AcDbPolyline
 90
2
 70
0
 10
81.6764705882353
 20
86.70588235294117
 10
193.44117647058823
 20
86.70588235294117
  0
LWPOLYLINE
  5
7FF
330
17
100
AcDbEntity
  8
HIDDEN
100
AcDbPolyline
 90
2
 70
0
 10
193.44117647058823
 20
82.8235294117647
 10
193.44117647058823
 20
86.70588235294117
  0
LWPOLYLINE
  5
800
330
17
100
AcDbEntity
  8
HIDDEN
100
AcDbPolyline
 90
2
 70
0
 10
193.44117647058823
 20
82.8235294117647
 10
193.44117647058823
 20
90.23529411764706
  0
LWPOLYLINE
  5
801
330
17
100
AcDbEntity
  8
HIDDEN
100
AcDbPolyline
 90
2
 70
0
 10
193.44117647058823
 20
86.70588235294117
 10
193.44117647058823
 20
90.23529411764706
  0
LWPOLYLINE
  5
802
330
17
100
AcDbEntity
  8
HIDDEN
100
AcDbPolyline
 90
2
 70
0
 10
81.6764705882353
 20
90.23529411764706
 10
193.44117647058823
 20
90.23529411764706
  0
LWPOLYLINE
  5
803
330
17
100
AcDbEntity
  8
HIDDEN
100
AcDbPolyline
 90
2
 70
0
 10
81.6764705882353
 20
90.23529411764706
 10
193.44117647058823
 20
90.23529411764706
  0
LWPOLYLINE
  5
804
330
17
100
AcDbEntity
  8
HIDDEN
100
AcDbPolyline
 90
15
 70
0
 10
95.44117647058825
 20
90.23529411764706
 10
95.39103229495188
 20
90.23529411764706
 10
95.24311420639307
 20
90.23529411764706
 10
95.00483943552429
 20
90.23529411764706
 10
94.68815607430571
 20
90.23529411764706
 10
94.30894394882336
 20
90.23529411764706
 10
93.88621833850087
 20
90.23529411764706
 10
93.44117647058823
 20
90.23529411764706
 10
92.99613460267561
 20
90.23529411764706
 10
92.57340899235312
 20
90.23529411764706
 10
92.19419686687077
 20
90.23529411764706
 10
91.87751350565219
 20
90.23529411764706
 10
91.63923873478339
 20
90.23529411764706
 10
91.4913206462246
 20
90.23529411764706
 10
91.44117647058823
 20
90.23529411764706
  0
LWPOLYLINE
  5
805
330
17
100
AcDbEntity
  8
HIDDEN
100
AcDbPolyline
 90
15
 70
0
 10
91.44117647058823
 20
90.23529411764706
 10
91.4913206462246
 20
90.23529411764706
 10
91.63923873478339
 20
90.23529411764706
 10
91.87751350565219
 20
90.23529411764706
 10
92.19419686687077
 20
90.23529411764706
 10
92.57340899235312
 20
90.23529411764706
 10
92.99613460267561
 20
90.23529411764706
 10
93.44117647058823
 20
90.23529411764706
 10
93.88621833850087
 20
90.23529411764706
 10
94.30894394882336
 20
90.23529411764706
 10
94.68815607430571
 20
90.23529411764706
 10
95.00483943552429
 20
90.23529411764706
 10
95.24311420639307
 20
90.23529411764706
 10
95.39103229495188
 20
90.23529411764706
 10
95.44117647058825
 20
90.23529411764706
  0
LWPOLYLINE
  5
806
330
17
100
AcDbEntity
  8
HIDDEN
100
AcDbPolyline
 90
15
 70
0
 10
183.6764705882353
 20
90.23529411764706
 10
183.62632641259893
 20
90.23529411764706
 10
183.47840832404012
 20
90.23529411764706
 10
183.24013355317135
 20
90.23529411764706
 10
182.92345019195278
 20
90.23529411764706
 10
182.54423806647043
 20
90.23529411764706
 10
182.1215124561479
 20
90.23529411764706
 10
181.6764705882353
 20
90.23529411764706
 10
181.23142872032264
 20
90.23529411764706
 10
180.80870311000018
 20
90.23529411764706
 10
180.42949098451783
 20
90.23529411764706
 10
180.11280762329926
 20
90.23529411764706
 10
179.8745328524305
 20
90.23529411764706
 10
179.72661476387162
 20
90.23529411764706
 10
179.6764705882353
 20
90.23529411764706
  0
LWPOLYLINE
  5
807
330
17
100
AcDbEntity
  8
HIDDEN
100
AcDbPolyline
 90
15
 70
0
 10
179.6764705882353
 20
90.23529411764706
 10
179.72661476387162
 20
90.23529411764706
 10
179.8745328524305
 20
90.23529411764706
 10
180.11280762329926
 20
90.23529411764706
 10
180.42949098451783
 20
90.23529411764706
 10
180.80870311000018
 20
90.23529411764706
 10
181.23142872032264
 20
90.23529411764706
 10
181.6764705882353
 20
90.23529411764706
 10
182.1215124561479
 20
90.23529411764706
 10
182.54423806647043
 20
90.23529411764706
 10
182.92345019195278
 20
90.23529411764706
 10
183.24013355317135
 20
90.23529411764706
 10
183.47840832404012
 20
90.23529411764706
 10
183.62632641259893
 20
90.23529411764706
 10
183.6764705882353
 20
90.23529411764706
  0
LWPOLYLINE
  5
808
330
17
100
AcDbEntity
  8
HIDDEN
100
AcDbPolyline
 90
2
 70
0
 10
183.6764705882353
 20
82.8235294117647
 10
183.6764705882353
 20
90.23529411764706
  0
LWPOLYLINE
  5
809
330
17
100
AcDbEntity
  8
HIDDEN
100
AcDbPolyline
 90
15
 70
0
 10
183.6764705882353
 20
82.8235294117647
 10
183.62632641259893
 20
82.8235294117647
 10
183.47840832404012
 20
82.8235294117647
 10
183.24013355317135
 20
82.8235294117647
 10
182.92345019195278
 20
82.8235294117647
 10
182.54423806647043
 20
82.8235294117647
 10
182.1215124561479
 20
82.8235294117647
 10
181.6764705882353
 20
82.8235294117647
 10
181.23142872032264
 20
82.8235294117647
 10
180.80870311000018
 20
82.8235294117647
 10
180.42949098451783
 20
82.8235294117647
 10
180.11280762329926
 20
82.8235294117647
 10
179.8745328524305
 20
82.8235294117647
 10
179.72661476387162
 20
82.8235294117647
 10
179.6764705882353
 20
82.8235294117647
  0
LWPOLYLINE
  5
80A
330
17
100
AcDbEntity
  8
HIDDEN
100
AcDbPolyline
 90
15
 70
0
 10
179.6764705882353
 20
82.8235294117647
 10
179.72661476387162
 20
82.8235294117647
 10
179.8745328524305
 20
82.8235294117647
 10
180.11280762329926
 20
82.8235294117647
 10
180.42949098451783
 20
82.8235294117647
 10
180.80870311000018
 20
82.8235294117647
 10
181.23142872032264
 20
82.8235294117647
 10
181.6764705882353
 20
82.8235294117647
 10
182.1215124561479
 20
82.8235294117647
 10
182.54423806647043
 20
82.8235294117647
 10
182.92345019195278
 20
82.8235294117647
 10
183.24013355317135
 20
82.8235294117647
 10
183.47840832404012
 20
82.8235294117647
 10
183.62632641259893
 20
82.8235294117647
 10
183.6764705882353
 20
82.8235294117647
  0
LWPOLYLINE
  5
80B
330
17
100
AcDbEntity
  8
HIDDEN
100
AcDbPolyline
 90
2
 70
0
 10
95.44117647058825
 20
82.8235294117647
 10
95.44117647058825
 20
90.23529411764706
  0
LWPOLYLINE
  5
80C
330
17
100
AcDbEntity
  8
HIDDEN
100
AcDbPolyline
 90
15
 70
0
 10
95.44117647058825
 20
82.8235294117647
 10
95.39103229495188
 20
82.8235294117647
 10
95.24311420639307
 20
82.8235294117647
 10
95.00483943552429
 20
82.8235294117647
 10
94.68815607430571
 20
82.8235294117647
 10
94.30894394882336
 20
82.8235294117647
 10
93.88621833850087
 20
82.8235294117647
 10
93.44117647058823
 20
82.8235294117647
 10
92.99613460267561
 20
82.8235294117647
 10
92.57340899235312
 20
82.8235294117647
 10
92.19419686687077
 20
82.8235294117647
 10
91.87751350565219
 20
82.8235294117647
 10
91.63923873478339
 20
82.8235294117647
 10
91.4913206462246
 20
82.8235294117647
 10
91.44117647058823
 20
82.8235294117647
  0
LWPOLYLINE
  5
80D
330
17
100
AcDbEntity
  8
HIDDEN
100
AcDbPolyline
 90
15
 70
0
 10
91.44117647058823
 20
82.8235294117647
 10
91.4913206462246
 20
82.8235294117647
 10
91.63923873478339
 20
82.8235294117647
 10
91.87751350565219
 20
82.8235294117647
 10
92.19419686687077
 20
82.8235294117647
 10
92.57340899235312
 20
82.8235294117647
 10
92.99613460267561
 20
82.8235294117647
 10
93.44117647058823
 20
82.8235294117647
 10
93.88621833850087
 20
82.8235294117647
 10
94.30894394882336
 20
82.8235294117647
 10
94.68815607430571
 20
82.8235294117647
 10
95.00483943552429
 20
82.8235294117647
 10
95.24311420639307
 20
82.8235294117647
 10
95.39103229495188
 20
82.8235294117647
 10
95.44117647058825
 20
82.8235294117647
  0
LWPOLYLINE
  5
80E
330
17
100
AcDbEntity
  8
HIDDEN
100
AcDbPolyline
 90
2
 70
0
 10
81.6764705882353
 20
82.8235294117647
 10
193.44117647058823
 20
82.8235294117647
  0
LWPOLYLINE
  5
80F
330
17
100
AcDbEntity
  8
HIDDEN
100
AcDbPolyline
 90
2
 70
0
 10
81.6764705882353
 20
82.8235294117647
 10
193.44117647058823
 20
82.8235294117647
  0
LWPOLYLINE
  5
810
330
17
100
AcDbEntity
  8
HIDDEN
100
AcDbPolyline
 90
2
 70
0
 10
193.44117647058823
 20
82.8235294117647
 10
193.44117647058823
 20
86.70588235294117
  0
LWPOLYLINE
  5
811
330
17
100
AcDbEntity
  8
HIDDEN
100
AcDbPolyline
 90
2
 70
0
 10
193.44117647058823
 20
86.70588235294117
 10
193.44117647058823
 20
90.23529411764706
  0
LWPOLYLINE
  5
812
330
17
100
AcDbEntity
  8
HIDDEN
100
AcDbPolyline
 90
2
 70
0
 10
193.44117647058823
 20
86.70588235294117
 10
81.6764705882353
 20
86.70588235294117
  0
LWPOLYLINE
  5
813
330
17
100
AcDbEntity
  8
HIDDEN
100
AcDbPolyline
 90
2
 70
0
 10
193.44117647058823
 20
86.70588235294117
 10
81.6764705882353
 20
86.70588235294117
  0
LWPOLYLINE
  5
814
330
17
100
AcDbEntity
  8
HIDDEN
100
AcDbPolyline
 90
2
 70
0
 10
81.6764705882353
 20
82.8235294117647
 10
81.6764705882353
 20
86.70588235294117
  0
LWPOLYLINE
  5
815
330
17
100
AcDbEntity
  8
HIDDEN
100
AcDbPolyline
 90
2
 70
0
 10
81.6764705882353
 20
86.70588235294117
 10
81.6764705882353
 20
90.23529411764706
  0
LWPOLYLINE
  5
816
330
17
100
AcDbEntity
  8
HIDDEN
100
AcDbPolyline
 90
2
 70
0
 10
193.44117647058823
 20
90.23529411764706
 10
81.6764705882353
 20
90.23529411764706
  0
LWPOLYLINE
  5
817
330
17
100
AcDbEntity
  8
HIDDEN
100
AcDbPolyline
 90
15
 70
0
 10
179.6764705882353
 20
90.23529411764706
 10
179.72661476387162
 20
90.23529411764706
 10
179.8745328524305
 20
90.23529411764706
 10
180.11280762329926
 20
90.23529411764706
 10
180.42949098451783
 20
90.23529411764706
 10
180.80870311000018
 20
90.23529411764706
 10
181.23142872032264
 20
90.23529411764706
 10
181.6764705882353
 20
90.23529411764706
 10
182.1215124561479
 20
90.23529411764706
 10
182.54423806647043
 20
90.23529411764706
 10
182.92345019195278
 20
90.23529411764706
 10
183.24013355317135
 20
90.23529411764706
 10
183.47840832404012
 20
90.23529411764706
 10
183.62632641259893
 20
90.23529411764706
 10
183.6764705882353
 20
90.23529411764706
  0
LWPOLYLINE
  5
818
330
17
100
AcDbEntity
  8
HIDDEN
100
AcDbPolyline
 90
15
 70
0
 10
183.6764705882353
 20
90.23529411764706
 10
183.62632641259893
 20
90.23529411764706
 10
183.47840832404012
 20
90.23529411764706
 10
183.24013355317135
 20
90.23529411764706
 10
182.92345019195278
 20
90.23529411764706
 10
182.54423806647043
 20
90.23529411764706
 10
182.1215124561479
 20
90.23529411764706
 10
181.6764705882353
 20
90.23529411764706
 10
181.23142872032264
 20
90.23529411764706
 10
180.80870311000018
 20
90.23529411764706
 10
180.42949098451783
 20
90.23529411764706
 10
180.11280762329926
 20
90.23529411764706
 10
179.8745328524305
 20
90.23529411764706
 10
179.72661476387162
 20
90.23529411764706
 10
179.6764705882353
 20
90.23529411764706
  0
LWPOLYLINE
  5
819
330
17
100
AcDbEntity
  8
HIDDEN
100
AcDbPolyline
 90
15
 70
0
 10
91.44117647058823
 20
90.23529411764706
 10
91.4913206462246
 20
90.23529411764706
 10
91.63923873478339
 20
90.23529411764706
 10
91.87751350565219
 20
90.23529411764706
 10
92.19419686687077
 20
90.23529411764706
 10
92.57340899235312
 20
90.23529411764706
 10
92.99613460267561
 20
90.23529411764706
 10
93.44117647058823
 20
90.23529411764706
 10
93.88621833850087
 20
90.23529411764706
 10
94.30894394882336
 20
90.23529411764706
 10
94.68815607430571
 20
90.23529411764706
 10
95.00483943552429
 20
90.23529411764706
 10
95.24311420639307
 20
90.23529411764706
 10
95.39103229495188
 20
90.23529411764706
 10
95.44117647058825
 20
90.23529411764706
  0
LWPOLYLINE
  5
81A
330
17
100
AcDbEntity
  8
HIDDEN
100
AcDbPolyline
 90
15
 70
0
 10
95.44117647058825
 20
90.23529411764706
 10
95.39103229495188
 20
90.23529411764706
 10
95.24311420639307
 20
90.23529411764706
 10
95.00483943552429
 20
90.23529411764706
 10
94.68815607430571
 20
90.23529411764706
 10
94.30894394882336
 20
90.23529411764706
 10
93.88621833850087
 20
90.23529411764706
 10
93.44117647058823
 20
90.23529411764706
 10
92.99613460267561
 20
90.23529411764706
 10
92.57340899235312
 20
90.23529411764706
 10
92.19419686687077
 20
90.23529411764706
 10
91.87751350565219
 20
90.23529411764706
 10
91.63923873478339
 20
90.23529411764706
 10
91.4913206462246
 20
90.23529411764706
 10
91.44117647058823
 20
90.23529411764706
  0
LWPOLYLINE
  5
81B
330
17
100
AcDbEntity
  8
HIDDEN
100
AcDbPolyline
 90
2
 70
0
 10
91.44117647058823
 20
82.8235294117647
 10
91.44117647058823
 20
90.23529411764706
  0
LWPOLYLINE
  5
81C
330
17
100
AcDbEntity
  8
HIDDEN
100
AcDbPolyline
 90
15
 70
0
 10
91.44117647058823
 20
82.8235294117647
 10
91.4913206462246
 20
82.8235294117647
 10
91.63923873478339
 20
82.8235294117647
 10
91.87751350565219
 20
82.8235294117647
 10
92.19419686687077
 20
82.8235294117647
 10
92.57340899235312
 20
82.8235294117647
 10
92.99613460267561
 20
82.8235294117647
 10
93.44117647058823
 20
82.8235294117647
 10
93.88621833850087
 20
82.8235294117647
 10
94.30894394882336
 20
82.8235294117647
 10
94.68815607430571
 20
82.8235294117647
 10
95.00483943552429
 20
82.8235294117647
 10
95.24311420639307
 20
82.8235294117647
 10
95.39103229495188
 20
82.8235294117647
 10
95.44117647058825
 20
82.8235294117647
  0
LWPOLYLINE
  5
81D
330
17
100
AcDbEntity
  8
HIDDEN
100
AcDbPolyline
 90
15
 70
0
 10
95.44117647058825
 20
82.8235294117647
 10
95.39103229495188
 20
82.8235294117647
 10
95.24311420639307
 20
82.8235294117647
 10
95.00483943552429
 20
82.8235294117647
 10
94.68815607430571
 20
82.8235294117647
 10
94.30894394882336
 20
82.8235294117647
 10
93.88621833850087
 20
82.8235294117647
 10
93.44117647058823
 20
82.8235294117647
 10
92.99613460267561
 20
82.8235294117647
 10
92.57340899235312
 20
82.8235294117647
 10
92.19419686687077
 20
82.8235294117647
 10
91.87751350565219
 20
82.8235294117647
 10
91.63923873478339
 20
82.8235294117647
 10
91.4913206462246
 20
82.8235294117647
 10
91.44117647058823
 20
82.8235294117647
  0
LWPOLYLINE
  5
81E
330
17
100
AcDbEntity
  8
HIDDEN
100
AcDbPolyline
 90
2
 70
0
 10
179.6764705882353
 20
82.8235294117647
 10
179.6764705882353
 20
90.23529411764706
  0
LWPOLYLINE
  5
81F
330
17
100
AcDbEntity
  8
HIDDEN
100
AcDbPolyline
 90
15
 70
0
 10
179.6764705882353
 20
82.8235294117647
 10
179.72661476387162
 20
82.8235294117647
 10
179.8745328524305
 20
82.8235294117647
 10
180.11280762329926
 20
82.8235294117647
 10
180.42949098451783
 20
82.8235294117647
 10
180.80870311000018
 20
82.8235294117647
 10
181.23142872032264
 20
82.8235294117647
 10
181.6764705882353
 20
82.8235294117647
 10
182.1215124561479
 20
82.8235294117647
 10
182.54423806647043
 20
82.8235294117647
 10
182.92345019195278
 20
82.8235294117647
 10
183.24013355317135
 20
82.8235294117647
 10
183.47840832404012
 20
82.8235294117647
 10
183.62632641259893
 20
82.8235294117647
 10
183.6764705882353
 20
82.8235294117647
  0
LWPOLYLINE
  5
820
330
17
100
AcDbEntity
  8
HIDDEN
100
AcDbPolyline
 90
15
 70
0
 10
183.6764705882353
 20
82.8235294117647
 10
183.62632641259893
 20
82.8235294117647
 10
183.47840832404012
 20
82.8235294117647
 10
183.24013355317135
 20
82.8235294117647
 10
182.92345019195278
 20
82.8235294117647
 10
182.54423806647043
 20
82.8235294117647
 10
182.1215124561479
 20
82.8235294117647
 10
181.6764705882353
 20
82.8235294117647
 10
181.23142872032264
 20
82.8235294117647
 10
180.80870311000018
 20
82.8235294117647
 10
180.42949098451783
 20
82.8235294117647
 10
180.11280762329926
 20
82.8235294117647
 10
179.8745328524305
 20
82.8235294117647
 10
179.72661476387162
 20
82.8235294117647
 10
179.6764705882353
 20
82.8235294117647
  0
LWPOLYLINE
  5
821
330
17
100
AcDbEntity
  8
HIDDEN
100
AcDbPolyline
 90
2
 70
0
 10
193.44117647058823
 20
82.8235294117647
 10
81.6764705882353
 20
82.8235294117647
  0
LWPOLYLINE
  5
822
330
17
100
AcDbEntity
  8
HIDDEN
100
AcDbPolyline
 90
2
 70
0
 10
44.029411764705884
 20
76.94117647058823
 10
44.029411764705884
 20
81.6470588235294
  0
LWPOLYLINE
  5
823
330
17
100
AcDbEntity
  8
HIDDEN
100
AcDbPolyline
 90
2
 70
0
 10
44.029411764705884
 20
76.94117647058823
 10
67.55882352941177
 20
76.94117647058823
  0
LWPOLYLINE
  5
824
330
17
100
AcDbEntity
  8
HIDDEN
100
AcDbPolyline
 90
2
 70
0
 10
67.55882352941177
 20
76.94117647058823
 10
58.14705882352941
 20
76.94117647058823
  0
LWPOLYLINE
  5
825
330
17
100
AcDbEntity
  8
HIDDEN
100
AcDbPolyline
 90
2
 70
0
 10
44.029411764705884
 20
76.94117647058823
 10
67.55882352941177
 20
76.94117647058823
  0
LWPOLYLINE
  5
826
330
17
100
AcDbEntity
  8
HIDDEN
100
AcDbPolyline
 90
2
 70
0
 10
67.55882352941177
 20
76.94117647058823
 10
58.14705882352941
 20
76.94117647058823
  0
LWPOLYLINE
  5
827
330
17
100
AcDbEntity
  8
HIDDEN
100
AcDbPolyline
 90
15
 70
0
 10
56.61764705882353
 20
76.94117647058823
 10
56.567502883187174
 20
76.94117647058823
 10
56.41958479462836
 20
76.94117647058823
 10
56.18131002375959
 20
76.94117647058823
 10
55.864626662541
 20
76.94117647058823
 10
55.485414537058645
 20
76.94117647058823
 10
55.06268892673616
 20
76.94117647058823
 10
54.61764705882353
 20
76.94117647058823
 10
54.1726051909109
 20
76.94117647058823
 10
53.74987958058841
 20
76.94117647058823
 10
53.37066745510606
 20
76.94117647058823
 10
53.053984093887465
 20
76.94117647058823
 10
52.815709323018694
 20
76.94117647058823
 10
52.667791234459884
 20
76.94117647058823
 10
52.61764705882353
 20
76.94117647058823
  0
LWPOLYLINE
  5
828
330
17
100
AcDbEntity
  8
HIDDEN
100
AcDbPolyline
 90
15
 70
0
 10
52.61764705882353
 20
76.94117647058823
 10
52.667791234459884
 20
76.94117647058823
 10
52.815709323018694
 20
76.94117647058823
 10
53.053984093887465
 20
76.94117647058823
 10
53.37066745510606
 20
76.94117647058823
 10
53.74987958058841
 20
76.94117647058823
 10
54.1726051909109
 20
76.94117647058823
 10
54.61764705882353
 20
76.94117647058823
 10
55.06268892673616
 20
76.94117647058823
 10
55.485414537058645
 20
76.94117647058823
 10
55.864626662541
 20
76.94117647058823
 10
56.18131002375959
 20
76.94117647058823
 10
56.41958479462836
 20
76.94117647058823
 10
56.567502883187174
 20
76.94117647058823
 10
56.61764705882353
 20
76.94117647058823
  0
LWPOLYLINE
  5
829
330
17
100
AcDbEntity
  8
HIDDEN
100
AcDbPolyline
 90
15
 70
0
 10
56.61764705882353
 20
76.94117647058823
 10
56.567502883187174
 20
76.94117647058823
 10
56.41958479462836
 20
76.94117647058823
 10
56.18131002375959
 20
76.94117647058823
 10
55.864626662541
 20
76.94117647058823
 10
55.485414537058645
 20
76.94117647058823
 10
55.06268892673616
 20
76.94117647058823
 10
54.61764705882353
 20
76.94117647058823
 10
54.1726051909109
 20
76.94117647058823
 10
53.74987958058841
 20
76.94117647058823
 10
53.37066745510606
 20
76.94117647058823
 10
53.053984093887465
 20
76.94117647058823
 10
52.815709323018694
 20
76.94117647058823
 10
52.667791234459884
 20
76.94117647058823
 10
52.61764705882353
 20
76.94117647058823
  0
LWPOLYLINE
  5
82A
330
17
100
AcDbEntity
  8
HIDDEN
100
AcDbPolyline
 90
15
 70
0
 10
52.61764705882353
 20
76.94117647058823
 10
52.667791234459884
 20
76.94117647058823
 10
52.815709323018694
 20
76.94117647058823
 10
53.053984093887465
 20
76.94117647058823
 10
53.37066745510606
 20
76.94117647058823
 10
53.74987958058841
 20
76.94117647058823
 10
54.1726051909109
 20
76.94117647058823
 10
54.61764705882353
 20
76.94117647058823
 10
55.06268892673616
 20
76.94117647058823
 10
55.485414537058645
 20
76.94117647058823
 10
55.864626662541
 20
76.94117647058823
 10
56.18131002375959
 20
76.94117647058823
 10
56.41958479462836
 20
76.94117647058823
 10
56.567502883187174
 20
76.94117647058823
 10
56.61764705882353
 20
76.94117647058823
  0
LWPOLYLINE
  5
82B
330
17
100
AcDbEntity
  8
HIDDEN
100
AcDbPolyline
 90
15
 70
0
 10
56.61764705882353
 20
81.6470588235294
 10
56.567502883187174
 20
81.6470588235294
 10
56.41958479462836
 20
81.6470588235294
 10
56.18131002375959
 20
81.6470588235294
 10
55.864626662541
 20
81.6470588235294
 10
55.485414537058645
 20
81.6470588235294
 10
55.06268892673616
 20
81.6470588235294
 10
54.61764705882353
 20
81.6470588235294
 10
54.1726051909109
 20
81.6470588235294
 10
53.74987958058841
 20
81.6470588235294
 10
53.37066745510606
 20
81.6470588235294
 10
53.053984093887465
 20
81.6470588235294
 10
52.815709323018694
 20
81.6470588235294
 10
52.667791234459884
 20
81.6470588235294
 10
52.61764705882353
 20
81.6470588235294
  0
LWPOLYLINE
  5
82C
330
17
100
AcDbEntity
  8
HIDDEN
100
AcDbPolyline
 90
15
 70
0
 10
52.61764705882353
 20
81.6470588235294
 10
52.667791234459884
 20
81.6470588235294
 10
52.815709323018694
 20
81.6470588235294
 10
53.053984093887465
 20
81.6470588235294
 10
53.37066745510606
 20
81.6470588235294
 10
53.74987958058841
 20
81.6470588235294
 10
54.1726051909109
 20
81.6470588235294
 10
54.61764705882353
 20
81.6470588235294
 10
55.06268892673616
 20
81.6470588235294
 10
55.485414537058645
 20
81.6470588235294
 10
55.864626662541
 20
81.6470588235294
 10
56.18131002375959
 20
81.6470588235294
 10
56.41958479462836
 20
81.6470588235294
 10
56.567502883187174
 20
81.6470588235294
 10
56.61764705882353
 20
81.6470588235294
  0
LWPOLYLINE
  5
82D
330
17
100
AcDbEntity
  8
HIDDEN
100
AcDbPolyline
 90
2
 70
0
 10
56.61764705882353
 20
76.94117647058823
 10
56.61764705882353
 20
81.6470588235294
  0
LWPOLYLINE
  5
82E
330
17
100
AcDbEntity
  8
HIDDEN
100
AcDbPolyline
 90
15
 70
0
 10
56.61764705882353
 20
81.6470588235294
 10
56.567502883187174
 20
81.6470588235294
 10
56.41958479462836
 20
81.6470588235294
 10
56.18131002375959
 20
81.6470588235294
 10
55.864626662541
 20
81.6470588235294
 10
55.485414537058645
 20
81.6470588235294
 10
55.06268892673616
 20
81.6470588235294
 10
54.61764705882353
 20
81.6470588235294
 10
54.1726051909109
 20
81.6470588235294
 10
53.74987958058841
 20
81.6470588235294
 10
53.37066745510606
 20
81.6470588235294
 10
53.053984093887465
 20
81.6470588235294
 10
52.815709323018694
 20
81.6470588235294
 10
52.667791234459884
 20
81.6470588235294
 10
52.61764705882353
 20
81.6470588235294
  0
LWPOLYLINE
  5
82F
330
17
100
AcDbEntity
  8
HIDDEN
100
AcDbPolyline
 90
15
 70
0
 10
52.61764705882353
 20
81.6470588235294
 10
52.667791234459884
 20
81.6470588235294
 10
52.815709323018694
 20
81.6470588235294
 10
53.053984093887465
 20
81.6470588235294
 10
53.37066745510606
 20
81.6470588235294
 10
53.74987958058841
 20
81.6470588235294
 10
54.1726051909109
 20
81.6470588235294
 10
54.61764705882353
 20
81.6470588235294
 10
55.06268892673616
 20
81.6470588235294
 10
55.485414537058645
 20
81.6470588235294
 10
55.864626662541
 20
81.6470588235294
 10
56.18131002375959
 20
81.6470588235294
 10
56.41958479462836
 20
81.6470588235294
 10
56.567502883187174
 20
81.6470588235294
 10
56.61764705882353
 20
81.6470588235294
  0
LWPOLYLINE
  5
830
330
17
100
AcDbEntity
  8
HIDDEN
100
AcDbPolyline
 90
2
 70
0
 10
56.61764705882353
 20
76.94117647058823
 10
56.61764705882353
 20
81.6470588235294
  0
LWPOLYLINE
  5
831
330
17
100
AcDbEntity
  8
HIDDEN
100
AcDbPolyline
 90
2
 70
0
 10
67.55882352941177
 20
76.94117647058823
 10
67.55882352941177
 20
81.6470588235294
  0
LWPOLYLINE
  5
832
330
17
100
AcDbEntity
  8
HIDDEN
100
AcDbPolyline
 90
2
 70
0
 10
67.55882352941177
 20
81.6470588235294
 10
58.14705882352941
 20
81.6470588235294
  0
LWPOLYLINE
  5
833
330
17
100
AcDbEntity
  8
HIDDEN
100
AcDbPolyline
 90
2
 70
0
 10
58.14705882352941
 20
76.94117647058823
 10
58.14705882352941
 20
81.6470588235294
  0
LWPOLYLINE
  5
834
330
17
100
AcDbEntity
  8
HIDDEN
100
AcDbPolyline
 90
2
 70
0
 10
58.14705882352941
 20
76.94117647058823
 10
58.14705882352941
 20
81.6470588235294
  0
LWPOLYLINE
  5
835
330
17
100
AcDbEntity
  8
HIDDEN
100
AcDbPolyline
 90
2
 70
0
 10
67.55882352941177
 20
76.94117647058823
 10
67.55882352941177
 20
81.6470588235294
  0
LWPOLYLINE
  5
836
330
17
100
AcDbEntity
  8
HIDDEN
100
AcDbPolyline
 90
2
 70
0
 10
67.55882352941177
 20
81.6470588235294
 10
58.14705882352941
 20
81.6470588235294
  0
LWPOLYLINE
  5
837
330
17
100
AcDbEntity
  8
HIDDEN
100
AcDbPolyline
 90
2
 70
0
 10
67.55882352941177
 20
76.94117647058823
 10
67.55882352941177
 20
81.6470588235294
  0
LWPOLYLINE
  5
838
330
17
100
AcDbEntity
  8
HIDDEN
100
AcDbPolyline
 90
2
 70
0
 10
44.029411764705884
 20
81.6470588235294
 10
67.55882352941177
 20
81.6470588235294
  0
LWPOLYLINE
  5
839
330
17
100
AcDbEntity
  8
HIDDEN
100
AcDbPolyline
 90
2
 70
0
 10
46.38235294117647
 20
81.6470588235294
 10
58.14705882352941
 20
81.6470588235294
  0
LWPOLYLINE
  5
83A
330
17
100
AcDbEntity
  8
HIDDEN
100
AcDbPolyline
 90
2
 70
0
 10
46.38235294117647
 20
81.6470588235294
 10
58.14705882352941
 20
81.6470588235294
  0
LWPOLYLINE
  5
83B
330
17
100
AcDbEntity
  8
HIDDEN
100
AcDbPolyline
 90
2
 70
0
 10
46.38235294117647
 20
81.6470588235294
 10
58.14705882352941
 20
81.6470588235294
  0
LWPOLYLINE
  5
83C
330
17
100
AcDbEntity
  8
HIDDEN
100
AcDbPolyline
 90
2
 70
0
 10
46.38235294117647
 20
81.6470588235294
 10
58.14705882352941
 20
81.6470588235294
  0
LWPOLYLINE
  5
83D
330
17
100
AcDbEntity
  8
HIDDEN
100
AcDbPolyline
 90
2
 70
0
 10
58.14705882352941
 20
81.6470588235294
 10
58.14705882352941
 20
95.76470588235293
  0
LWPOLYLINE
  5
83E
330
17
100
AcDbEntity
  8
HIDDEN
100
AcDbPolyline
 90
2
 70
0
 10
46.38235294117647
 20
81.6470588235294
 10
46.38235294117647
 20
94.58823529411764
  0
LWPOLYLINE
  5
83F
330
17
100
AcDbEntity
  8
HIDDEN
100
AcDbPolyline
 90
2
 70
0
 10
46.38235294117647
 20
94.58823529411764
 10
53.44117647058823
 20
94.58823529411764
  0
LWPOLYLINE
  5
840
330
17
100
AcDbEntity
  8
HIDDEN
100
AcDbPolyline
 90
2
 70
0
 10
53.44117647058823
 20
94.58823529411764
 10
53.44117647058823
 20
95.76470588235293
  0
LWPOLYLINE
  5
841
330
17
100
AcDbEntity
  8
HIDDEN
100
AcDbPolyline
 90
2
 70
0
 10
53.44117647058823
 20
95.76470588235293
 10
58.14705882352941
 20
95.76470588235293
  0
LWPOLYLINE
  5
842
330
17
100
AcDbEntity
  8
HIDDEN
100
AcDbPolyline
 90
2
 70
0
 10
53.44117647058823
 20
95.76470588235293
 10
58.14705882352941
 20
95.76470588235293
  0
LWPOLYLINE
  5
843
330
17
100
AcDbEntity
  8
HIDDEN
100
AcDbPolyline
 90
15
 70
0
 10
62.85294117647059
 20
97.41176470588235
 10
62.85294117647059
 20
97.361620530246
 10
62.85294117647059
 20
97.21370244168719
 10
62.85294117647059
 20
96.9754276708184
 10
62.85294117647059
 20
96.65874430959981
 10
62.85294117647059
 20
96.27953218411747
 10
62.85294117647059
 20
95.85680657379498
 10
62.85294117647059
 20
95.41176470588235
 10
62.85294117647059
 20
94.96672283796971
 10
62.85294117647059
 20
94.54399722764722
 10
62.85294117647059
 20
94.16478510216488
 10
62.85294117647059
 20
93.84810174094629
 10
62.85294117647059
 20
93.6098269700775
 10
62.85294117647059
 20
93.4619088815187
 10
62.85294117647059
 20
93.41176470588235
  0
LWPOLYLINE
  5
844
330
17
100
AcDbEntity
  8
HIDDEN
100
AcDbPolyline
 90
15
 70
0
 10
62.85294117647059
 20
93.41176470588235
 10
62.85294117647059
 20
93.4619088815187
 10
62.85294117647059
 20
93.6098269700775
 10
62.85294117647059
 20
93.84810174094629
 10
62.85294117647059
 20
94.16478510216487
 10
62.85294117647059
 20
94.54399722764722
 10
62.85294117647059
 20
94.96672283796971
 10
62.85294117647059
 20
95.41176470588235
 10
62.85294117647059
 20
95.85680657379498
 10
62.85294117647059
 20
96.27953218411747
 10
62.85294117647059
 20
96.65874430959981
 10
62.85294117647059
 20
96.9754276708184
 10
62.85294117647059
 20
97.21370244168719
 10
62.85294117647059
 20
97.361620530246
 10
62.85294117647059
 20
97.41176470588235
  0
LWPOLYLINE
  5
845
330
17
100
AcDbEntity
  8
HIDDEN
100
AcDbPolyline
 90
2
 70
0
 10
58.14705882352941
 20
97.41176470588235
 10
62.85294117647059
 20
97.41176470588235
  0
LWPOLYLINE
  5
846
330
17
100
AcDbEntity
  8
HIDDEN
100
AcDbPolyline
 90
15
 70
0
 10
58.14705882352941
 20
95.76470588235293
 10
58.14705882352941
 20
95.95856856760923
 10
58.14705882352941
 20
96.14701914385913
 10
58.14705882352941
 20
96.32819238093076
 10
58.14705882352941
 20
96.50029507768436
 10
58.14705882352941
 20
96.66162381060681
 10
58.14705882352941
 20
96.81058179381282
 10
58.14705882352941
 20
96.94569468357709
 10
58.14705882352941
 20
97.06562517096904
 10
58.14705882352941
 20
97.16918621815594
 10
58.14705882352941
 20
97.25535280736555
 10
58.14705882352941
 20
97.32327208622036
 10
58.14705882352941
 20
97.37227180902765
 10
58.14705882352941
 20
97.40186699047611
 10
58.14705882352941
 20
97.41176470588235
  0
LWPOLYLINE
  5
847
330
17
100
AcDbEntity
  8
HIDDEN
100
AcDbPolyline
 90
15
 70
0
 10
53.44117647058823
 20
95.76470588235294
 10
53.44117647058823
 20
95.51677333265891
 10
53.44117647058823
 20
95.26720553083905
 10
53.44117647058823
 20
95.01988888404858
 10
53.44117647058823
 20
94.7786747432178
 10
53.44117647058823
 20
94.54731942769574
 10
53.44117647058823
 20
94.32942572977808
 10
53.44117647058823
 20
94.12838681004285
 10
53.44117647058823
 20
93.94733335718644
 10
53.44117647058823
 20
93.78908483521637
 10
53.44117647058823
 20
93.65610557720609
 10
53.44117647058823
 20
93.55046640934418
 10
53.44117647058823
 20
93.47381240288925
 10
53.44117647058823
 20
93.42733725621504
 10
53.44117647058823
 20
93.41176470588235
  0
LWPOLYLINE
  5
848
330
17
100
AcDbEntity
  8
HIDDEN
100
AcDbPolyline
 90
15
 70
0
 10
53.44117647058823
 20
93.41176470588235
 10
53.44117647058823
 20
93.42733725621504
 10
53.44117647058823
 20
93.47381240288925
 10
53.44117647058823
 20
93.55046640934418
 10
53.44117647058823
 20
93.65610557720609
 10
53.44117647058823
 20
93.78908483521637
 10
53.44117647058823
 20
93.94733335718644
 10
53.44117647058823
 20
94.12838681004285
 10
53.44117647058823
 20
94.32942572977808
 10
53.44117647058823
 20
94.54731942769574
 10
53.44117647058823
 20
94.7786747432178
 10
53.44117647058823
 20
95.01988888404858
 10
53.44117647058823
 20
95.26720553083905
 10
53.44117647058823
 20
95.51677333265891
 10
53.44117647058823
 20
95.76470588235291
  0
LWPOLYLINE
  5
849
330
17
100
AcDbEntity
  8
HIDDEN
100
AcDbPolyline
 90
2
 70
0
 10
53.44117647058823
 20
95.76470588235293
 10
58.14705882352941
 20
95.76470588235293
  0
LWPOLYLINE
  5
84A
330
17
100
AcDbEntity
  8
HIDDEN
100
AcDbPolyline
 90
15
 70
0
 10
58.14705882352941
 20
97.41176470588235
 10
58.14705882352941
 20
97.40186699047611
 10
58.14705882352941
 20
97.37227180902765
 10
58.14705882352941
 20
97.32327208622036
 10
58.14705882352941
 20
97.25535280736555
 10
58.14705882352941
 20
97.16918621815594
 10
58.14705882352941
 20
97.06562517096904
 10
58.14705882352941
 20
96.94569468357709
 10
58.14705882352941
 20
96.81058179381282
 10
58.14705882352941
 20
96.66162381060681
 10
58.14705882352941
 20
96.50029507768437
 10
58.14705882352941
 20
96.32819238093077
 10
58.14705882352941
 20
96.14701914385914
 10
58.14705882352941
 20
95.95856856760923
 10
58.14705882352941
 20
95.76470588235294
  0
LWPOLYLINE
  5
84B
330
17
100
AcDbEntity
  8
HIDDEN
100
AcDbPolyline
 90
2
 70
0
 10
62.85294117647059
 20
89.88235294117646
 10
62.85294117647059
 20
124.0
  0
LWPOLYLINE
  5
84C
330
17
100
AcDbEntity
  8
HIDDEN
100
AcDbPolyline
 90
15
 70
0
 10
62.85294117647059
 20
116.94117647058823
 10
62.85294117647059
 20
116.89103229495187
 10
62.85294117647059
 20
116.74311420639307
 10
62.85294117647059
 20
116.50483943552427
 10
62.85294117647059
 20
116.1881560743057
 10
62.85294117647059
 20
115.80894394882334
 10
62.85294117647059
 20
115.38621833850085
 10
62.85294117647059
 20
114.94117647058823
 10
62.85294117647059
 20
114.4961346026756
 10
62.85294117647059
 20
114.07340899235311
 10
62.85294117647059
 20
113.69419686687075
 10
62.85294117647059
 20
113.37751350565216
 10
62.85294117647059
 20
113.13923873478339
 10
62.85294117647059
 20
112.99132064622458
 10
62.85294117647059
 20
112.94117647058823
  0
LWPOLYLINE
  5
84D
330
17
100
AcDbEntity
  8
HIDDEN
100
AcDbPolyline
 90
15
 70
0
 10
62.85294117647059
 20
112.94117647058823
 10
62.85294117647059
 20
112.99132064622458
 10
62.85294117647059
 20
113.13923873478339
 10
62.85294117647059
 20
113.37751350565216
 10
62.85294117647059
 20
113.69419686687075
 10
62.85294117647059
 20
114.07340899235311
 10
62.85294117647059
 20
114.4961346026756
 10
62.85294117647059
 20
114.94117647058823
 10
62.85294117647059
 20
115.38621833850085
 10
62.85294117647059
 20
115.80894394882334
 10
62.85294117647059
 20
116.1881560743057
 10
62.85294117647059
 20
116.50483943552427
 10
62.85294117647059
 20
116.74311420639307
 10
62.85294117647059
 20
116.89103229495187
 10
62.85294117647059
 20
116.94117647058823
  0
LWPOLYLINE
  5
84E
330
17
100
AcDbEntity
  8
HIDDEN
100
AcDbPolyline
 90
2
 70
0
 10
58.14705882352941
 20
116.94117647058823
 10
62.85294117647059
 20
116.94117647058823
  0
LWPOLYLINE
  5
84F
330
17
100
AcDbEntity
  8
HIDDEN
100
AcDbPolyline
 90
15
 70
0
 10
58.14705882352941
 20
116.94117647058823
 10
58.14705882352941
 20
116.89103229495187
 10
58.14705882352941
 20
116.74311420639307
 10
58.14705882352941
 20
116.50483943552427
 10
58.14705882352941
 20
116.1881560743057
 10
58.14705882352941
 20
115.80894394882334
 10
58.14705882352941
 20
115.38621833850085
 10
58.14705882352941
 20
114.94117647058823
 10
58.14705882352941
 20
114.4961346026756
 10
58.14705882352941
 20
114.07340899235311
 10
58.14705882352941
 20
113.69419686687075
 10
58.14705882352941
 20
113.37751350565216
 10
58.14705882352941
 20
113.13923873478339
 10
58.14705882352941
 20
112.99132064622458
 10
58.14705882352941
 20
112.94117647058823
  0
LWPOLYLINE
  5
850
330
17
100
AcDbEntity
  8
HIDDEN
100
AcDbPolyline
 90
15
 70
0
 10
58.14705882352941
 20
112.94117647058823
 10
58.14705882352941
 20
112.99132064622458
 10
58.14705882352941
 20
113.13923873478339
 10
58.14705882352941
 20
113.37751350565216
 10
58.14705882352941
 20
113.69419686687075
 10
58.14705882352941
 20
114.07340899235311
 10
58.14705882352941
 20
114.4961346026756
 10
58.14705882352941
 20
114.94117647058823
 10
58.14705882352941
 20
115.38621833850085
 10
58.14705882352941
 20
115.80894394882334
 10
58.14705882352941
 20
116.1881560743057
 10
58.14705882352941
 20
116.50483943552427
 10
58.14705882352941
 20
116.74311420639307
 10
58.14705882352941
 20
116.89103229495187
 10
58.14705882352941
 20
116.94117647058823
  0
LWPOLYLINE
  5
851
330
17
100
AcDbEntity
  8
HIDDEN
100
AcDbPolyline
 90
2
 70
0
 10
58.14705882352941
 20
89.88235294117646
 10
62.85294117647059
 20
89.88235294117646
  0
LWPOLYLINE
  5
852
330
17
100
AcDbEntity
  8
HIDDEN
100
AcDbPolyline
 90
2
 70
0
 10
58.14705882352941
 20
124.0
 10
62.85294117647059
 20
124.0
  0
LWPOLYLINE
  5
853
330
17
100
AcDbEntity
  8
HIDDEN
100
AcDbPolyline
 90
2
 70
0
 10
58.14705882352941
 20
89.88235294117646
 10
58.14705882352941
 20
95.76470588235293
  0
LWPOLYLINE
  5
854
330
17
100
AcDbEntity
  8
HIDDEN
100
AcDbPolyline
 90
2
 70
0
 10
58.14705882352941
 20
95.76470588235293
 10
58.14705882352941
 20
124.0
  0
LWPOLYLINE
  5
855
330
17
100
AcDbEntity
  8
HIDDEN
100
AcDbPolyline
 90
2
 70
0
 10
53.44117647058823
 20
89.88235294117646
 10
58.14705882352941
 20
89.88235294117646
  0
LWPOLYLINE
  5
856
330
17
100
AcDbEntity
  8
HIDDEN
100
AcDbPolyline
 90
2
 70
0
 10
53.44117647058823
 20
89.88235294117646
 10
58.14705882352941
 20
89.88235294117646
  0
LWPOLYLINE
  5
857
330
17
100
AcDbEntity
  8
HIDDEN
100
AcDbPolyline
 90
2
 70
0
 10
58.14705882352941
 20
89.88235294117646
 10
58.14705882352941
 20
95.76470588235293
  0
LWPOLYLINE
  5
858
330
17
100
AcDbEntity
  8
HIDDEN
100
AcDbPolyline
 90
2
 70
0
 10
53.44117647058823
 20
94.58823529411764
 10
53.44117647058823
 20
89.88235294117646
  0
LWPOLYLINE
  5
859
330
17
100
AcDbEntity
  8
HIDDEN
100
AcDbPolyline
 90
2
 70
0
 10
53.44117647058823
 20
94.58823529411764
 10
53.44117647058823
 20
89.88235294117646
  0
LWPOLYLINE
  5
85A
330
17
100
AcDbEntity
  8
HIDDEN
100
AcDbPolyline
 90
2
 70
0
 10
46.38235294117647
 20
94.58823529411764
 10
53.44117647058823
 20
94.58823529411764
  0
LWPOLYLINE
  5
85B
330
17
100
AcDbEntity
  8
HIDDEN
100
AcDbPolyline
 90
2
 70
0
 10
46.38235294117647
 20
94.58823529411764
 10
53.44117647058823
 20
94.58823529411764
  0
LWPOLYLINE
  5
85C
330
17
100
AcDbEntity
  8
HIDDEN
100
AcDbPolyline
 90
2
 70
0
 10
58.14705882352941
 20
81.6470588235294
 10
58.14705882352941
 20
89.88235294117646
  0
LWPOLYLINE
  5
85D
330
17
100
AcDbEntity
  8
HIDDEN
100
AcDbPolyline
 90
2
 70
0
 10
46.38235294117647
 20
81.6470588235294
 10
46.38235294117647
 20
94.58823529411764
  0
LWPOLYLINE
  5
85E
330
17
100
AcDbEntity
  8
HIDDEN
100
AcDbPolyline
 90
2
 70
0
 10
58.14705882352941
 20
81.6470588235294
 10
58.14705882352941
 20
89.88235294117646
  0
LWPOLYLINE
  5
85F
330
17
100
AcDbEntity
  8
HIDDEN
100
AcDbPolyline
 90
2
 70
0
 10
46.38235294117647
 20
81.6470588235294
 10
46.38235294117647
 20
94.58823529411764
  0
LWPOLYLINE
  5
860
330
17
100
AcDbEntity
  8
HIDDEN
100
AcDbPolyline
 90
2
 70
0
 10
76.38235294117646
 20
89.29411764705881
 10
76.38235294117646
 20
89.88235294117646
  0
LWPOLYLINE
  5
861
330
17
100
AcDbEntity
  8
HIDDEN
100
AcDbPolyline
 90
2
 70
0
 10
76.38235294117646
 20
89.29411764705881
 10
76.38235294117646
 20
89.88235294117646
  0
LWPOLYLINE
  5
862
330
17
100
AcDbEntity
  8
HIDDEN
100
AcDbPolyline
 90
2
 70
0
 10
76.38235294117646
 20
89.29411764705881
 10
76.38235294117646
 20
89.88235294117646
  0
LWPOLYLINE
  5
863
330
17
100
AcDbEntity
  8
HIDDEN
100
AcDbPolyline
 90
2
 70
0
 10
76.38235294117646
 20
89.29411764705881
 10
76.38235294117646
 20
89.88235294117646
  0
LWPOLYLINE
  5
864
330
17
100
AcDbEntity
  8
HIDDEN
100
AcDbPolyline
 90
2
 70
0
 10
76.38235294117646
 20
89.29411764705881
 10
76.38235294117646
 20
91.05882352941175
  0
LWPOLYLINE
  5
865
330
17
100
AcDbEntity
  8
HIDDEN
100
AcDbPolyline
 90
2
 70
0
 10
76.38235294117646
 20
91.05882352941175
 10
76.38235294117646
 20
119.29411764705881
  0
LWPOLYLINE
  5
866
330
17
100
AcDbEntity
  8
HIDDEN
100
AcDbPolyline
 90
15
 70
0
 10
76.38235294117646
 20
107.17647058823529
 10
76.38235294117646
 20
107.12632641259893
 10
76.38235294117646
 20
106.97840832404012
 10
76.38235294117646
 20
106.74013355317135
 10
76.38235294117646
 20
106.42345019195275
 10
76.38235294117646
 20
106.0442380664704
 10
76.38235294117646
 20
105.62151245614791
 10
76.38235294117646
 20
105.17647058823529
 10
76.38235294117646
 20
104.73142872032267
 10
76.38235294117646
 20
104.30870311000018
 10
76.38235294117646
 20
103.92949098451783
 10
76.38235294117646
 20
103.61280762329923
 10
76.38235294117646
 20
103.37453285243045
 10
76.38235294117646
 20
103.22661476387165
 10
76.38235294117646
 20
103.17647058823529
  0
LWPOLYLINE
  5
867
330
17
100
AcDbEntity
  8
HIDDEN
100
AcDbPolyline
 90
15
 70
0
 10
76.38235294117646
 20
103.17647058823529
 10
76.38235294117646
 20
103.22661476387165
 10
76.38235294117646
 20
103.37453285243045
 10
76.38235294117646
 20
103.61280762329923
 10
76.38235294117646
 20
103.92949098451783
 10
76.38235294117646
 20
104.30870311000018
 10
76.38235294117646
 20
104.73142872032267
 10
76.38235294117646
 20
105.17647058823529
 10
76.38235294117646
 20
105.62151245614791
 10
76.38235294117646
 20
106.0442380664704
 10
76.38235294117646
 20
106.42345019195275
 10
76.38235294117646
 20
106.74013355317135
 10
76.38235294117646
 20
106.97840832404012
 10
76.38235294117646
 20
107.12632641259893
 10
76.38235294117646
 20
107.17647058823529
  0
LWPOLYLINE
  5
868
330
17
100
AcDbEntity
  8
HIDDEN
100
AcDbPolyline
 90
15
 70
0
 10
76.38235294117646
 20
107.17647058823529
 10
76.38235294117646
 20
107.12632641259893
 10
76.38235294117646
 20
106.97840832404012
 10
76.38235294117646
 20
106.74013355317135
 10
76.38235294117646
 20
106.42345019195275
 10
76.38235294117646
 20
106.0442380664704
 10
76.38235294117646
 20
105.62151245614791
 10
76.38235294117646
 20
105.17647058823529
 10
76.38235294117646
 20
104.73142872032267
 10
76.38235294117646
 20
104.30870311000018
 10
76.38235294117646
 20
103.92949098451783
 10
76.38235294117646
 20
103.61280762329923
 10
76.38235294117646
 20
103.37453285243045
 10
76.38235294117646
 20
103.22661476387165
 10
76.38235294117646
 20
103.17647058823529
  0
LWPOLYLINE
  5
869
330
17
100
AcDbEntity
  8
HIDDEN
100
AcDbPolyline
 90
15
 70
0
 10
76.38235294117646
 20
103.17647058823529
 10
76.38235294117646
 20
103.22661476387165
 10
76.38235294117646
 20
103.37453285243045
 10
76.38235294117646
 20
103.61280762329923
 10
76.38235294117646
 20
103.92949098451783
 10
76.38235294117646
 20
104.30870311000018
 10
76.38235294117646
 20
104.73142872032267
 10
76.38235294117646
 20
105.17647058823529
 10
76.38235294117646
 20
105.62151245614791
 10
76.38235294117646
 20
106.0442380664704
 10
76.38235294117646
 20
106.42345019195275
 10
76.38235294117646
 20
106.74013355317135
 10
76.38235294117646
 20
106.97840832404012
 10
76.38235294117646
 20
107.12632641259893
 10
76.38235294117646
 20
107.17647058823529
  0
LWPOLYLINE
  5
86A
330
17
100
AcDbEntity
  8
HIDDEN
100
AcDbPolyline
 90
2
 70
0
 10
76.38235294117646
 20
119.29411764705881
 10
79.91176470588235
 20
119.29411764705881
  0
LWPOLYLINE
  5
86B
330
17
100
AcDbEntity
  8
HIDDEN
100
AcDbPolyline
 90
2
 70
0
 10
76.38235294117646
 20
91.05882352941175
 10
79.91176470588235
 20
91.05882352941175
  0
LWPOLYLINE
  5
86C
330
17
100
AcDbEntity
  8
HIDDEN
100
AcDbPolyline
 90
2
 70
0
 10
76.38235294117646
 20
91.05882352941175
 10
79.91176470588235
 20
91.05882352941175
  0
LWPOLYLINE
  5
86D
330
17
100
AcDbEntity
  8
HIDDEN
100
AcDbPolyline
 90
2
 70
0
 10
79.91176470588235
 20
91.05882352941175
 10
79.91176470588235
 20
119.29411764705881
  0
LWPOLYLINE
  5
86E
330
17
100
AcDbEntity
  8
HIDDEN
100
AcDbPolyline
 90
2
 70
0
 10
76.38235294117646
 20
91.05882352941175
 10
79.91176470588235
 20
91.05882352941175
  0
LWPOLYLINE
  5
86F
330
17
100
AcDbEntity
  8
HIDDEN
100
AcDbPolyline
 90
15
 70
0
 10
79.91176470588235
 20
107.17647058823529
 10
79.91176470588235
 20
107.12632641259893
 10
79.91176470588235
 20
106.97840832404012
 10
79.91176470588235
 20
106.74013355317135
 10
79.91176470588235
 20
106.42345019195275
 10
79.91176470588235
 20
106.0442380664704
 10
79.91176470588235
 20
105.62151245614791
 10
79.91176470588235
 20
105.17647058823529
 10
79.91176470588235
 20
104.73142872032267
 10
79.91176470588235
 20
104.30870311000018
 10
79.91176470588235
 20
103.92949098451783
 10
79.91176470588235
 20
103.61280762329923
 10
79.91176470588235
 20
103.37453285243045
 10
79.91176470588235
 20
103.22661476387165
 10
79.91176470588235
 20
103.17647058823529
  0
LWPOLYLINE
  5
870
330
17
100
AcDbEntity
  8
HIDDEN
100
AcDbPolyline
 90
15
 70
0
 10
79.91176470588235
 20
103.17647058823529
 10
79.91176470588235
 20
103.22661476387165
 10
79.91176470588235
 20
103.37453285243045
 10
79.91176470588235
 20
103.61280762329923
 10
79.91176470588235
 20
103.92949098451783
 10
79.91176470588235
 20
104.30870311000018
 10
79.91176470588235
 20
104.73142872032267
 10
79.91176470588235
 20
105.17647058823529
 10
79.91176470588235
 20
105.62151245614791
 10
79.91176470588235
 20
106.0442380664704
 10
79.91176470588235
 20
106.42345019195275
 10
79.91176470588235
 20
106.74013355317135
 10
79.91176470588235
 20
106.97840832404012
 10
79.91176470588235
 20
107.12632641259893
 10
79.91176470588235
 20
107.17647058823529
  0
LWPOLYLINE
  5
871
330
17
100
AcDbEntity
  8
HIDDEN
100
AcDbPolyline
 90
2
 70
0
 10
76.38235294117646
 20
107.17647058823529
 10
79.91176470588235
 20
107.17647058823529
  0
LWPOLYLINE
  5
872
330
17
100
AcDbEntity
  8
HIDDEN
100
AcDbPolyline
 90
15
 70
0
 10
79.91176470588235
 20
107.17647058823529
 10
79.91176470588235
 20
107.12632641259893
 10
79.91176470588235
 20
106.97840832404012
 10
79.91176470588235
 20
106.74013355317135
 10
79.91176470588235
 20
106.42345019195275
 10
79.91176470588235
 20
106.0442380664704
 10
79.91176470588235
 20
105.62151245614791
 10
79.91176470588235
 20
105.17647058823529
 10
79.91176470588235
 20
104.73142872032267
 10
79.91176470588235
 20
104.30870311000018
 10
79.91176470588235
 20
103.92949098451783
 10
79.91176470588235
 20
103.61280762329923
 10
79.91176470588235
 20
103.37453285243045
 10
79.91176470588235
 20
103.22661476387165
 10
79.91176470588235
 20
103.17647058823529
  0
LWPOLYLINE
  5
873
330
17
100
AcDbEntity
  8
HIDDEN
100
AcDbPolyline
 90
15
 70
0
 10
79.91176470588235
 20
103.17647058823529
 10
79.91176470588235
 20
103.22661476387165
 10
79.91176470588235
 20
103.37453285243045
 10
79.91176470588235
 20
103.61280762329923
 10
79.91176470588235
 20
103.92949098451783
 10
79.91176470588235
 20
104.30870311000018
 10
79.91176470588235
 20
104.73142872032267
 10
79.91176470588235
 20
105.17647058823529
 10
79.91176470588235
 20
105.62151245614791
 10
79.91176470588235
 20
106.0442380664704
 10
79.91176470588235
 20
106.42345019195275
 10
79.91176470588235
 20
106.74013355317135
 10
79.91176470588235
 20
106.97840832404012
 10
79.91176470588235
 20
107.12632641259893
 10
79.91176470588235
 20
107.17647058823529
  0
LWPOLYLINE
  5
874
330
17
100
AcDbEntity
  8
HIDDEN
100
AcDbPolyline
 90
2
 70
0
 10
76.38235294117646
 20
107.17647058823529
 10
79.91176470588235
 20
107.17647058823529
  0
LWPOLYLINE
  5
875
330
17
100
AcDbEntity
  8
HIDDEN
100
AcDbPolyline
 90
2
 70
0
 10
79.91176470588235
 20
89.29411764705881
 10
79.91176470588235
 20
89.88235294117646
  0
LWPOLYLINE
  5
876
330
17
100
AcDbEntity
  8
HIDDEN
100
AcDbPolyline
 90
2
 70
0
 10
79.91176470588235
 20
89.29411764705881
 10
79.91176470588235
 20
89.88235294117646
  0
LWPOLYLINE
  5
877
330
17
100
AcDbEntity
  8
HIDDEN
100
AcDbPolyline
 90
2
 70
0
 10
79.91176470588235
 20
89.29411764705881
 10
79.91176470588235
 20
89.88235294117646
  0
LWPOLYLINE
  5
878
330
17
100
AcDbEntity
  8
HIDDEN
100
AcDbPolyline
 90
2
 70
0
 10
79.91176470588235
 20
89.29411764705881
 10
79.91176470588235
 20
89.88235294117646
  0
LWPOLYLINE
  5
879
330
17
100
AcDbEntity
  8
HIDDEN
100
AcDbPolyline
 90
2
 70
0
 10
79.91176470588235
 20
89.29411764705881
 10
79.91176470588235
 20
91.05882352941175
  0
LWPOLYLINE
  5
87A
330
17
100
AcDbEntity
  8
HIDDEN
100
AcDbPolyline
 90
2
 70
0
 10
81.6764705882353
 20
89.29411764705881
 10
87.55882352941177
 20
89.29411764705881
  0
LWPOLYLINE
  5
87B
330
17
100
AcDbEntity
  8
HIDDEN
100
AcDbPolyline
 90
2
 70
0
 10
87.55882352941177
 20
86.35294117647058
 10
87.55882352941177
 20
89.29411764705881
  0
LWPOLYLINE
  5
87C
330
17
100
AcDbEntity
  8
HIDDEN
100
AcDbPolyline
 90
2
 70
0
 10
68.73529411764706
 20
86.35294117647058
 10
87.55882352941177
 20
86.35294117647058
  0
LWPOLYLINE
  5
87D
330
17
100
AcDbEntity
  8
HIDDEN
100
AcDbPolyline
 90
2
 70
0
 10
79.91176470588235
 20
89.29411764705881
 10
87.55882352941177
 20
89.29411764705881
  0
LWPOLYLINE
  5
87E
330
17
100
AcDbEntity
  8
HIDDEN
100
AcDbPolyline
 90
2
 70
0
 10
87.55882352941177
 20
86.35294117647058
 10
87.55882352941177
 20
89.29411764705881
  0
LWPOLYLINE
  5
87F
330
17
100
AcDbEntity
  8
HIDDEN
100
AcDbPolyline
 90
2
 70
0
 10
68.73529411764706
 20
86.35294117647058
 10
87.55882352941177
 20
86.35294117647058
  0
LWPOLYLINE
  5
880
330
17
100
AcDbEntity
  8
HIDDEN
100
AcDbPolyline
 90
2
 70
0
 10
68.73529411764706
 20
86.35294117647058
 10
68.73529411764706
 20
89.29411764705881
  0
LWPOLYLINE
  5
881
330
17
100
AcDbEntity
  8
HIDDEN
100
AcDbPolyline
 90
2
 70
0
 10
68.73529411764706
 20
89.29411764705881
 10
76.38235294117646
 20
89.29411764705881
  0
LWPOLYLINE
  5
882
330
17
100
AcDbEntity
  8
HIDDEN
100
AcDbPolyline
 90
15
 70
0
 10
76.38235294117646
 20
89.29411764705881
 10
76.35050194064809
 20
89.29411764705881
 10
76.3208511144131
 20
89.29411764705881
 10
76.29343677470091
 20
89.29411764705881
 10
76.26829249480167
 20
89.29411764705881
 10
76.24544906795037
 20
89.29411764705881
 10
76.22493446961553
 20
89.29411764705881
 10
76.20677382323875
 20
89.29411764705881
 10
76.19098936946693
 20
89.29411764705881
 10
76.17760043891506
 20
89.29411764705881
 10
76.16662342849278
 20
89.29411764705881
 10
76.15807178132363
 20
89.29411764705881
 10
76.15195597028183
 20
89.29411764705881
 10
76.14828348516656
 20
89.29411764705881
 10
76.1470588235294
 20
89.29411764705881
  0
LWPOLYLINE
  5
883
330
17
100
AcDbEntity
  8
HIDDEN
100
AcDbPolyline
 90
15
 70
0
 10
76.1470588235294
 20
89.29411764705881
 10
76.14828348516656
 20
89.29411764705881
 10
76.15195597028183
 20
89.29411764705881
 10
76.15807178132363
 20
89.29411764705881
 10
76.16662342849278
 20
89.29411764705881
 10
76.17760043891506
 20
89.29411764705881
 10
76.19098936946693
 20
89.29411764705881
 10
76.20677382323875
 20
89.29411764705881
 10
76.22493446961553
 20
89.29411764705881
 10
76.24544906795037
 20
89.29411764705881
 10
76.26829249480167
 20
89.29411764705881
 10
76.29343677470091
 20
89.29411764705881
 10
76.3208511144131
 20
89.29411764705881
 10
76.35050194064807
 20
89.29411764705881
 10
76.38235294117646
 20
89.29411764705881
  0
LWPOLYLINE
  5
884
330
17
100
AcDbEntity
  8
HIDDEN
100
AcDbPolyline
 90
15
 70
0
 10
76.38235294117646
 20
89.29411764705881
 10
76.35050194064809
 20
89.29411764705881
 10
76.3208511144131
 20
89.29411764705881
 10
76.29343677470091
 20
89.29411764705881
 10
76.26829249480167
 20
89.29411764705881
 10
76.24544906795037
 20
89.29411764705881
 10
76.22493446961553
 20
89.29411764705881
 10
76.20677382323875
 20
89.29411764705881
 10
76.19098936946693
 20
89.29411764705881
 10
76.17760043891506
 20
89.29411764705881
 10
76.16662342849278
 20
89.29411764705881
 10
76.15807178132363
 20
89.29411764705881
 10
76.15195597028183
 20
89.29411764705881
 10
76.14828348516656
 20
89.29411764705881
 10
76.1470588235294
 20
89.29411764705881
  0
LWPOLYLINE
  5
885
330
17
100
AcDbEntity
  8
HIDDEN
100
AcDbPolyline
 90
15
 70
0
 10
76.1470588235294
 20
89.29411764705881
 10
76.14828348516656
 20
89.29411764705881
 10
76.15195597028183
 20
89.29411764705881
 10
76.15807178132363
 20
89.29411764705881
 10
76.16662342849278
 20
89.29411764705881
 10
76.17760043891506
 20
89.29411764705881
 10
76.19098936946693
 20
89.29411764705881
 10
76.20677382323875
 20
89.29411764705881
 10
76.22493446961553
 20
89.29411764705881
 10
76.24544906795037
 20
89.29411764705881
 10
76.26829249480167
 20
89.29411764705881
 10
76.29343677470091
 20
89.29411764705881
 10
76.3208511144131
 20
89.29411764705881
 10
76.35050194064809
 20
89.29411764705881
 10
76.38235294117646
 20
89.29411764705881
  0
LWPOLYLINE
  5
886
330
17
100
AcDbEntity
  8
HIDDEN
100
AcDbPolyline
 90
15
 70
0
 10
79.91176470588235
 20
89.88235294117646
 10
79.74602408275369
 20
89.88235294117646
 10
79.54223807725157
 20
89.88235294117646
 10
79.3052555229932
 20
89.88235294117646
 10
79.04071512403462
 20
89.88235294117646
 10
78.75491128894632
 20
89.88235294117646
 10
78.45464436321859
 20
89.88235294117646
 10
78.14705882352942
 20
89.88235294117646
 10
77.83947328384025
 20
89.88235294117646
 10
77.53920635811252
 20
89.88235294117646
 10
77.25340252302419
 20
89.88235294117646
 10
76.9888621240656
 20
89.88235294117646
 10
76.75187956980724
 20
89.88235294117646
 10
76.54809356430513
 20
89.88235294117646
 10
76.38235294117648
 20
89.88235294117646
  0
LWPOLYLINE
  5
887
330
17
100
AcDbEntity
  8
HIDDEN
100
AcDbPolyline
 90
15
 70
0
 10
76.38235294117646
 20
89.88235294117646
 10
76.54809356430513
 20
89.88235294117646
 10
76.75187956980724
 20
89.88235294117646
 10
76.9888621240656
 20
89.88235294117646
 10
77.25340252302419
 20
89.88235294117646
 10
77.53920635811252
 20
89.88235294117646
 10
77.83947328384025
 20
89.88235294117646
 10
78.14705882352942
 20
89.88235294117646
 10
78.45464436321859
 20
89.88235294117646
 10
78.75491128894632
 20
89.88235294117646
 10
79.04071512403462
 20
89.88235294117646
 10
79.3052555229932
 20
89.88235294117646
 10
79.54223807725157
 20
89.88235294117646
 10
79.74602408275369
 20
89.88235294117646
 10
79.91176470588235
 20
89.88235294117646
  0
LWPOLYLINE
  5
888
330
17
100
AcDbEntity
  8
HIDDEN
100
AcDbPolyline
 90
15
 70
0
 10
79.91176470588236
 20
89.29411764705881
 10
79.94361570641074
 20
89.29411764705881
 10
79.97326653264574
 20
89.29411764705881
 10
80.00068087235792
 20
89.29411764705881
 10
80.02582515225714
 20
89.29411764705881
 10
80.04866857910845
 20
89.29411764705881
 10
80.06918317744328
 20
89.29411764705881
 10
80.08734382382008
 20
89.29411764705881
 10
80.1031282775919
 20
89.29411764705881
 10
80.11651720814376
 20
89.29411764705881
 10
80.12749421856604
 20
89.29411764705881
 10
80.13604586573518
 20
89.29411764705881
 10
80.142161676777
 20
89.29411764705881
 10
80.14583416189228
 20
89.29411764705881
 10
80.14705882352942
 20
89.29411764705881
  0
LWPOLYLINE
  5
889
330
17
100
AcDbEntity
  8
HIDDEN
100
AcDbPolyline
 90
2
 70
0
 10
80.14705882352942
 20
86.35294117647058
 10
80.14705882352942
 20
89.29411764705881
  0
LWPOLYLINE
  5
88A
330
17
100
AcDbEntity
  8
HIDDEN
100
AcDbPolyline
 90
15
 70
0
 10
80.14705882352942
 20
86.35294117647058
 10
80.09691464789306
 20
86.35294117647058
 10
79.94899655933426
 20
86.35294117647058
 10
79.71072178846546
 20
86.35294117647058
 10
79.39403842724688
 20
86.35294117647058
 10
79.01482630176453
 20
86.35294117647058
 10
78.59210069144204
 20
86.35294117647058
 10
78.14705882352942
 20
86.35294117647058
 10
77.70201695561678
 20
86.35294117647058
 10
77.2792913452943
 20
86.35294117647058
 10
76.90007921981194
 20
86.35294117647058
 10
76.58339585859335
 20
86.35294117647058
 10
76.34512108772458
 20
86.35294117647058
 10
76.19720299916577
 20
86.35294117647058
 10
76.1470588235294
 20
86.35294117647058
  0
LWPOLYLINE
  5
88B
330
17
100
AcDbEntity
  8
HIDDEN
100
AcDbPolyline
 90
15
 70
0
 10
76.1470588235294
 20
86.35294117647058
 10
76.19720299916577
 20
86.35294117647058
 10
76.34512108772458
 20
86.35294117647058
 10
76.58339585859335
 20
86.35294117647058
 10
76.90007921981194
 20
86.35294117647058
 10
77.2792913452943
 20
86.35294117647058
 10
77.70201695561678
 20
86.35294117647058
 10
78.14705882352942
 20
86.35294117647058
 10
78.59210069144204
 20
86.35294117647058
 10
79.01482630176453
 20
86.35294117647058
 10
79.39403842724688
 20
86.35294117647058
 10
79.71072178846546
 20
86.35294117647058
 10
79.94899655933426
 20
86.35294117647058
 10
80.09691464789306
 20
86.35294117647058
 10
80.14705882352942
 20
86.35294117647058
  0
LWPOLYLINE
  5
88C
330
17
100
AcDbEntity
  8
HIDDEN
100
AcDbPolyline
 90
15
 70
0
 10
80.14705882352942
 20
89.29411764705881
 10
80.14583416189228
 20
89.29411764705881
 10
80.142161676777
 20
89.29411764705881
 10
80.13604586573518
 20
89.29411764705881
 10
80.12749421856604
 20
89.29411764705881
 10
80.11651720814376
 20
89.29411764705881
 10
80.1031282775919
 20
89.29411764705881
 10
80.08734382382008
 20
89.29411764705881
 10
80.06918317744328
 20
89.29411764705881
 10
80.04866857910845
 20
89.29411764705881
 10
80.02582515225714
 20
89.29411764705881
 10
80.00068087235792
 20
89.29411764705881
 10
79.97326653264574
 20
89.29411764705881
 10
79.94361570641074
 20
89.29411764705881
 10
79.91176470588236
 20
89.29411764705881
  0
LWPOLYLINE
  5
88D
330
17
100
AcDbEntity
  8
HIDDEN
100
AcDbPolyline
 90
15
 70
0
 10
79.91176470588235
 20
89.88235294117646
 10
79.74602408275369
 20
89.88235294117646
 10
79.54223807725157
 20
89.88235294117646
 10
79.3052555229932
 20
89.88235294117646
 10
79.04071512403462
 20
89.88235294117646
 10
78.75491128894632
 20
89.88235294117646
 10
78.45464436321859
 20
89.88235294117646
 10
78.14705882352942
 20
89.88235294117646
 10
77.83947328384025
 20
89.88235294117646
 10
77.53920635811252
 20
89.88235294117646
 10
77.25340252302419
 20
89.88235294117646
 10
76.9888621240656
 20
89.88235294117646
 10
76.75187956980724
 20
89.88235294117646
 10
76.54809356430513
 20
89.88235294117646
 10
76.38235294117648
 20
89.88235294117646
  0
LWPOLYLINE
  5
88E
330
17
100
AcDbEntity
  8
HIDDEN
100
AcDbPolyline
 90
15
 70
0
 10
76.38235294117646
 20
89.88235294117646
 10
76.54809356430513
 20
89.88235294117646
 10
76.75187956980724
 20
89.88235294117646
 10
76.9888621240656
 20
89.88235294117646
 10
77.25340252302419
 20
89.88235294117646
 10
77.53920635811252
 20
89.88235294117646
 10
77.83947328384025
 20
89.88235294117646
 10
78.14705882352942
 20
89.88235294117646
 10
78.45464436321859
 20
89.88235294117646
 10
78.75491128894632
 20
89.88235294117646
 10
79.04071512403462
 20
89.88235294117646
 10
79.3052555229932
 20
89.88235294117646
 10
79.54223807725157
 20
89.88235294117646
 10
79.74602408275369
 20
89.88235294117646
 10
79.91176470588235
 20
89.88235294117646
  0
LWPOLYLINE
  5
88F
330
17
100
AcDbEntity
  8
HIDDEN
100
AcDbPolyline
 90
15
 70
0
 10
79.91176470588235
 20
89.29411764705881
 10
79.94361570641074
 20
89.29411764705881
 10
79.97326653264574
 20
89.29411764705881
 10
80.00068087235792
 20
89.29411764705881
 10
80.02582515225714
 20
89.29411764705881
 10
80.04866857910845
 20
89.29411764705881
 10
80.06918317744328
 20
89.29411764705881
 10
80.08734382382008
 20
89.29411764705881
 10
80.1031282775919
 20
89.29411764705881
 10
80.11651720814376
 20
89.29411764705881
 10
80.12749421856604
 20
89.29411764705881
 10
80.13604586573518
 20
89.29411764705881
 10
80.142161676777
 20
89.29411764705881
 10
80.14583416189228
 20
89.29411764705881
 10
80.14705882352942
 20
89.29411764705881
  0
LWPOLYLINE
  5
890
330
17
100
AcDbEntity
  8
HIDDEN
100
AcDbPolyline
 90
2
 70
0
 10
80.14705882352942
 20
86.35294117647058
 10
80.14705882352942
 20
89.29411764705881
  0
LWPOLYLINE
  5
891
330
17
100
AcDbEntity
  8
HIDDEN
100
AcDbPolyline
 90
15
 70
0
 10
80.14705882352942
 20
86.35294117647058
 10
80.09691464789306
 20
86.35294117647058
 10
79.94899655933426
 20
86.35294117647058
 10
79.71072178846546
 20
86.35294117647058
 10
79.39403842724688
 20
86.35294117647058
 10
79.01482630176453
 20
86.35294117647058
 10
78.59210069144204
 20
86.35294117647058
 10
78.14705882352942
 20
86.35294117647058
 10
77.70201695561678
 20
86.35294117647058
 10
77.2792913452943
 20
86.35294117647058
 10
76.90007921981194
 20
86.35294117647058
 10
76.58339585859335
 20
86.35294117647058
 10
76.34512108772458
 20
86.35294117647058
 10
76.19720299916577
 20
86.35294117647058
 10
76.1470588235294
 20
86.35294117647058
  0
LWPOLYLINE
  5
892
330
17
100
AcDbEntity
  8
HIDDEN
100
AcDbPolyline
 90
15
 70
0
 10
76.1470588235294
 20
86.35294117647058
 10
76.19720299916577
 20
86.35294117647058
 10
76.34512108772458
 20
86.35294117647058
 10
76.58339585859335
 20
86.35294117647058
 10
76.90007921981194
 20
86.35294117647058
 10
77.2792913452943
 20
86.35294117647058
 10
77.70201695561678
 20
86.35294117647058
 10
78.14705882352942
 20
86.35294117647058
 10
78.59210069144204
 20
86.35294117647058
 10
79.01482630176453
 20
86.35294117647058
 10
79.39403842724688
 20
86.35294117647058
 10
79.71072178846546
 20
86.35294117647058
 10
79.94899655933426
 20
86.35294117647058
 10
80.09691464789306
 20
86.35294117647058
 10
80.14705882352942
 20
86.35294117647058
  0
LWPOLYLINE
  5
893
330
17
100
AcDbEntity
  8
HIDDEN
100
AcDbPolyline
 90
15
 70
0
 10
80.14705882352942
 20
89.29411764705881
 10
80.14583416189228
 20
89.29411764705881
 10
80.142161676777
 20
89.29411764705881
 10
80.13604586573518
 20
89.29411764705881
 10
80.12749421856604
 20
89.29411764705881
 10
80.11651720814376
 20
89.29411764705881
 10
80.1031282775919
 20
89.29411764705881
 10
80.08734382382008
 20
89.29411764705881
 10
80.06918317744328
 20
89.29411764705881
 10
80.04866857910845
 20
89.29411764705881
 10
80.02582515225714
 20
89.29411764705881
 10
80.00068087235792
 20
89.29411764705881
 10
79.97326653264574
 20
89.29411764705881
 10
79.94361570641074
 20
89.29411764705881
 10
79.91176470588235
 20
89.29411764705881
  0
LWPOLYLINE
  5
894
330
17
100
AcDbEntity
  8
HIDDEN
100
AcDbPolyline
 90
2
 70
0
 10
76.38235294117646
 20
91.05882352941175
 10
76.38235294117646
 20
119.29411764705881
  0
LWPOLYLINE
  5
895
330
17
100
AcDbEntity
  8
HIDDEN
100
AcDbPolyline
 90
15
 70
0
 10
76.38235294117646
 20
99.17647058823529
 10
76.38235294117646
 20
99.08208155174333
 10
76.38235294117646
 20
98.80364750269146
 10
76.38235294117646
 20
98.35513028693846
 10
76.38235294117646
 20
97.75902043052699
 10
76.38235294117646
 20
97.0452093707955
 10
76.38235294117646
 20
96.24949057489435
 10
76.38235294117646
 20
95.41176470588235
 10
76.38235294117646
 20
94.57403883687034
 10
76.38235294117646
 20
93.77832004096919
 10
76.38235294117646
 20
93.06450898123771
 10
76.38235294117646
 20
92.46839912482623
 10
76.38235294117646
 20
92.01988190907323
 10
76.38235294117646
 20
91.74144786002137
 10
76.38235294117646
 20
91.6470588235294
  0
LWPOLYLINE
  5
896
330
17
100
AcDbEntity
  8
HIDDEN
100
AcDbPolyline
 90
15
 70
0
 10
76.38235294117646
 20
91.6470588235294
 10
76.38235294117646
 20
91.74144786002137
 10
76.38235294117646
 20
92.01988190907323
 10
76.38235294117646
 20
92.46839912482623
 10
76.38235294117646
 20
93.06450898123771
 10
76.38235294117646
 20
93.77832004096919
 10
76.38235294117646
 20
94.57403883687033
 10
76.38235294117646
 20
95.41176470588235
 10
76.38235294117646
 20
96.24949057489435
 10
76.38235294117646
 20
97.0452093707955
 10
76.38235294117646
 20
97.75902043052699
 10
76.38235294117646
 20
98.35513028693846
 10
76.38235294117646
 20
98.80364750269146
 10
76.38235294117646
 20
99.08208155174333
 10
76.38235294117646
 20
99.17647058823528
  0
LWPOLYLINE
  5
897
330
17
100
AcDbEntity
  8
HIDDEN
100
AcDbPolyline
 90
15
 70
0
 10
76.38235294117646
 20
107.17647058823529
 10
76.38235294117646
 20
107.12632641259893
 10
76.38235294117646
 20
106.97840832404012
 10
76.38235294117646
 20
106.74013355317135
 10
76.38235294117646
 20
106.42345019195275
 10
76.38235294117646
 20
106.0442380664704
 10
76.38235294117646
 20
105.62151245614791
 10
76.38235294117646
 20
105.17647058823529
 10
76.38235294117646
 20
104.73142872032267
 10
76.38235294117646
 20
104.30870311000018
 10
76.38235294117646
 20
103.92949098451783
 10
76.38235294117646
 20
103.61280762329923
 10
76.38235294117646
 20
103.37453285243045
 10
76.38235294117646
 20
103.22661476387165
 10
76.38235294117646
 20
103.17647058823529
  0
LWPOLYLINE
  5
898
330
17
100
AcDbEntity
  8
HIDDEN
100
AcDbPolyline
 90
15
 70
0
 10
76.38235294117646
 20
103.17647058823529
 10
76.38235294117646
 20
103.22661476387165
 10
76.38235294117646
 20
103.37453285243045
 10
76.38235294117646
 20
103.61280762329923
 10
76.38235294117646
 20
103.92949098451783
 10
76.38235294117646
 20
104.30870311000018
 10
76.38235294117646
 20
104.73142872032267
 10
76.38235294117646
 20
105.17647058823529
 10
76.38235294117646
 20
105.62151245614791
 10
76.38235294117646
 20
106.0442380664704
 10
76.38235294117646
 20
106.42345019195275
 10
76.38235294117646
 20
106.74013355317135
 10
76.38235294117646
 20
106.97840832404012
 10
76.38235294117646
 20
107.12632641259893
 10
76.38235294117646
 20
107.17647058823529
  0
LWPOLYLINE
  5
899
330
17
100
AcDbEntity
  8
HIDDEN
100
AcDbPolyline
 90
15
 70
0
 10
76.38235294117646
 20
118.70588235294117
 10
76.38235294117646
 20
118.61149331644921
 10
76.38235294117646
 20
118.33305926739733
 10
76.38235294117646
 20
117.88454205164433
 10
76.38235294117646
 20
117.28843219523287
 10
76.38235294117646
 20
116.57462113550139
 10
76.38235294117646
 20
115.77890233960022
 10
76.38235294117646
 20
114.94117647058823
 10
76.38235294117646
 20
114.10345060157621
 10
76.38235294117646
 20
113.30773180567508
 10
76.38235294117646
 20
112.59392074594358
 10
76.38235294117646
 20
111.99781088953212
 10
76.38235294117646
 20
111.54929367377912
 10
76.38235294117646
 20
111.27085962472725
 10
76.38235294117646
 20
111.17647058823528
  0
LWPOLYLINE
  5
89A
330
17
100
AcDbEntity
  8
HIDDEN
100
AcDbPolyline
 90
15
 70
0
 10
76.38235294117646
 20
111.17647058823528
 10
76.38235294117646
 20
111.27085962472725
 10
76.38235294117646
 20
111.54929367377912
 10
76.38235294117646
 20
111.99781088953212
 10
76.38235294117646
 20
112.59392074594358
 10
76.38235294117646
 20
113.30773180567508
 10
76.38235294117646
 20
114.10345060157621
 10
76.38235294117646
 20
114.94117647058823
 10
76.38235294117646
 20
115.77890233960022
 10
76.38235294117646
 20
116.57462113550139
 10
76.38235294117646
 20
117.28843219523287
 10
76.38235294117646
 20
117.88454205164433
 10
76.38235294117646
 20
118.33305926739733
 10
76.38235294117646
 20
118.61149331644921
 10
76.38235294117646
 20
118.70588235294117
  0
LWPOLYLINE
  5
89B
330
17
100
AcDbEntity
  8
HIDDEN
100
AcDbPolyline
 90
15
 70
0
 10
76.38235294117646
 20
99.17647058823529
 10
76.38235294117646
 20
99.08208155174333
 10
76.38235294117646
 20
98.80364750269146
 10
76.38235294117646
 20
98.35513028693846
 10
76.38235294117646
 20
97.75902043052699
 10
76.38235294117646
 20
97.0452093707955
 10
76.38235294117646
 20
96.24949057489435
 10
76.38235294117646
 20
95.41176470588235
 10
76.38235294117646
 20
94.57403883687034
 10
76.38235294117646
 20
93.77832004096919
 10
76.38235294117646
 20
93.06450898123771
 10
76.38235294117646
 20
92.46839912482623
 10
76.38235294117646
 20
92.01988190907323
 10
76.38235294117646
 20
91.74144786002137
 10
76.38235294117646
 20
91.6470588235294
  0
LWPOLYLINE
  5
89C
330
17
100
AcDbEntity
  8
HIDDEN
100
AcDbPolyline
 90
15
 70
0
 10
76.38235294117646
 20
91.6470588235294
 10
76.38235294117646
 20
91.74144786002137
 10
76.38235294117646
 20
92.01988190907323
 10
76.38235294117646
 20
92.46839912482623
 10
76.38235294117646
 20
93.06450898123771
 10
76.38235294117646
 20
93.77832004096919
 10
76.38235294117646
 20
94.57403883687033
 10
76.38235294117646
 20
95.41176470588235
 10
76.38235294117646
 20
96.24949057489435
 10
76.38235294117646
 20
97.0452093707955
 10
76.38235294117646
 20
97.75902043052699
 10
76.38235294117646
 20
98.35513028693846
 10
76.38235294117646
 20
98.80364750269146
 10
76.38235294117646
 20
99.08208155174333
 10
76.38235294117646
 20
99.17647058823528
  0
LWPOLYLINE
  5
89D
330
17
100
AcDbEntity
  8
HIDDEN
100
AcDbPolyline
 90
15
 70
0
 10
76.38235294117646
 20
109.08823529411765
 10
76.38235294117646
 20
108.9901591858877
 10
76.38235294117646
 20
108.70084880679474
 10
76.38235294117646
 20
108.2348113873014
 10
76.38235294117646
 20
107.61541598962387
 10
76.38235294117646
 20
106.87372168537162
 10
76.38235294117646
 20
106.04692012400558
 10
76.38235294117646
 20
105.17647058823529
 10
76.38235294117646
 20
104.306021052465
 10
76.38235294117646
 20
103.47921949109896
 10
76.38235294117646
 20
102.73752518684671
 10
76.38235294117646
 20
102.11812978916917
 10
76.38235294117646
 20
101.65209236967583
 10
76.38235294117646
 20
101.36278199058286
 10
76.38235294117646
 20
101.26470588235293
  0
LWPOLYLINE
  5
89E
330
17
100
AcDbEntity
  8
HIDDEN
100
AcDbPolyline
 90
15
 70
0
 10
76.38235294117646
 20
101.26470588235293
 10
76.38235294117646
 20
101.36278199058286
 10
76.38235294117646
 20
101.65209236967583
 10
76.38235294117646
 20
102.11812978916916
 10
76.38235294117646
 20
102.73752518684671
 10
76.38235294117646
 20
103.47921949109896
 10
76.38235294117646
 20
104.306021052465
 10
76.38235294117646
 20
105.17647058823529
 10
76.38235294117646
 20
106.04692012400558
 10
76.38235294117646
 20
106.87372168537162
 10
76.38235294117646
 20
107.61541598962387
 10
76.38235294117646
 20
108.2348113873014
 10
76.38235294117646
 20
108.70084880679474
 10
76.38235294117646
 20
108.9901591858877
 10
76.38235294117646
 20
109.08823529411765
  0
LWPOLYLINE
  5
89F
330
17
100
AcDbEntity
  8
HIDDEN
100
AcDbPolyline
 90
15
 70
0
 10
76.38235294117646
 20
118.70588235294117
 10
76.38235294117646
 20
118.61149331644921
 10
76.38235294117646
 20
118.33305926739733
 10
76.38235294117646
 20
117.88454205164433
 10
76.38235294117646
 20
117.28843219523287
 10
76.38235294117646
 20
116.57462113550139
 10
76.38235294117646
 20
115.77890233960022
 10
76.38235294117646
 20
114.94117647058823
 10
76.38235294117646
 20
114.10345060157621
 10
76.38235294117646
 20
113.30773180567508
 10
76.38235294117646
 20
112.59392074594358
 10
76.38235294117646
 20
111.99781088953212
 10
76.38235294117646
 20
111.54929367377912
 10
76.38235294117646
 20
111.27085962472725
 10
76.38235294117646
 20
111.17647058823528
  0
LWPOLYLINE
  5
8A0
330
17
100
AcDbEntity
  8
HIDDEN
100
AcDbPolyline
 90
15
 70
0
 10
76.38235294117646
 20
111.17647058823528
 10
76.38235294117646
 20
111.27085962472725
 10
76.38235294117646
 20
111.54929367377912
 10
76.38235294117646
 20
111.99781088953212
 10
76.38235294117646
 20
112.59392074594358
 10
76.38235294117646
 20
113.30773180567508
 10
76.38235294117646
 20
114.10345060157621
 10
76.38235294117646
 20
114.94117647058823
 10
76.38235294117646
 20
115.77890233960022
 10
76.38235294117646
 20
116.57462113550139
 10
76.38235294117646
 20
117.28843219523287
 10
76.38235294117646
 20
117.88454205164433
 10
76.38235294117646
 20
118.33305926739733
 10
76.38235294117646
 20
118.61149331644921
 10
76.38235294117646
 20
118.70588235294117
  0
LWPOLYLINE
  5
8A1
330
17
100
AcDbEntity
  8
HIDDEN
100
AcDbPolyline
 90
15
 70
0
 10
76.38235294117646
 20
107.17647058823529
 10
76.38235294117646
 20
107.12632641259893
 10
76.38235294117646
 20
106.97840832404012
 10
76.38235294117646
 20
106.74013355317135
 10
76.38235294117646
 20
106.42345019195275
 10
76.38235294117646
 20
106.0442380664704
 10
76.38235294117646
 20
105.62151245614791
 10
76.38235294117646
 20
105.17647058823529
 10
76.38235294117646
 20
104.73142872032267
 10
76.38235294117646
 20
104.30870311000018
 10
76.38235294117646
 20
103.92949098451783
 10
76.38235294117646
 20
103.61280762329923
 10
76.38235294117646
 20
103.37453285243045
 10
76.38235294117646
 20
103.22661476387165
 10
76.38235294117646
 20
103.17647058823529
  0
LWPOLYLINE
  5
8A2
330
17
100
AcDbEntity
  8
HIDDEN
100
AcDbPolyline
 90
15
 70
0
 10
76.38235294117646
 20
103.17647058823529
 10
76.38235294117646
 20
103.22661476387165
 10
76.38235294117646
 20
103.37453285243045
 10
76.38235294117646
 20
103.61280762329923
 10
76.38235294117646
 20
103.92949098451783
 10
76.38235294117646
 20
104.30870311000018
 10
76.38235294117646
 20
104.73142872032267
 10
76.38235294117646
 20
105.17647058823529
 10
76.38235294117646
 20
105.62151245614791
 10
76.38235294117646
 20
106.0442380664704
 10
76.38235294117646
 20
106.42345019195275
 10
76.38235294117646
 20
106.74013355317135
 10
76.38235294117646
 20
106.97840832404012
 10
76.38235294117646
 20
107.12632641259893
 10
76.38235294117646
 20
107.17647058823529
  0
LWPOLYLINE
  5
8A3
330
17
100
AcDbEntity
  8
HIDDEN
100
AcDbPolyline
 90
2
 70
0
 10
76.38235294117646
 20
91.05882352941175
 10
74.04411764705883
 20
91.05882352941175
  0
LWPOLYLINE
  5
8A4
330
17
100
AcDbEntity
  8
HIDDEN
100
AcDbPolyline
 90
2
 70
0
 10
74.04411764705883
 20
91.05882352941175
 10
74.04411764705883
 20
119.29411764705881
  0
LWPOLYLINE
  5
8A5
330
17
100
AcDbEntity
  8
HIDDEN
100
AcDbPolyline
 90
2
 70
0
 10
76.38235294117646
 20
119.29411764705881
 10
74.04411764705883
 20
119.29411764705881
  0
LWPOLYLINE
  5
8A6
330
17
100
AcDbEntity
  8
HIDDEN
100
AcDbPolyline
 90
15
 70
0
 10
74.04411764705883
 20
99.17647058823529
 10
74.04411764705883
 20
99.08208155174333
 10
74.04411764705883
 20
98.80364750269146
 10
74.04411764705883
 20
98.35513028693846
 10
74.04411764705883
 20
97.75902043052699
 10
74.04411764705883
 20
97.0452093707955
 10
74.04411764705883
 20
96.24949057489435
 10
74.04411764705883
 20
95.41176470588235
 10
74.04411764705883
 20
94.57403883687034
 10
74.04411764705883
 20
93.77832004096919
 10
74.04411764705883
 20
93.06450898123771
 10
74.04411764705883
 20
92.46839912482623
 10
74.04411764705883
 20
92.01988190907323
 10
74.04411764705883
 20
91.74144786002137
 10
74.04411764705883
 20
91.6470588235294
  0
LWPOLYLINE
  5
8A7
330
17
100
AcDbEntity
  8
HIDDEN
100
AcDbPolyline
 90
15
 70
0
 10
74.04411764705883
 20
91.6470588235294
 10
74.04411764705883
 20
91.74144786002137
 10
74.04411764705883
 20
92.01988190907323
 10
74.04411764705883
 20
92.46839912482623
 10
74.04411764705883
 20
93.06450898123771
 10
74.04411764705883
 20
93.77832004096919
 10
74.04411764705883
 20
94.57403883687033
 10
74.04411764705883
 20
95.41176470588235
 10
74.04411764705883
 20
96.24949057489435
 10
74.04411764705883
 20
97.0452093707955
 10
74.04411764705883
 20
97.75902043052699
 10
74.04411764705883
 20
98.35513028693846
 10
74.04411764705883
 20
98.80364750269146
 10
74.04411764705883
 20
99.08208155174333
 10
74.04411764705883
 20
99.17647058823528
  0
LWPOLYLINE
  5
8A8
330
17
100
AcDbEntity
  8
HIDDEN
100
AcDbPolyline
 90
2
 70
0
 10
76.38235294117646
 20
99.17647058823529
 10
74.04411764705883
 20
99.17647058823529
  0
LWPOLYLINE
  5
8A9
330
17
100
AcDbEntity
  8
HIDDEN
100
AcDbPolyline
 90
15
 70
0
 10
74.04411764705881
 20
107.17647058823529
 10
74.04411764705881
 20
107.12632641259893
 10
74.04411764705881
 20
106.97840832404012
 10
74.04411764705881
 20
106.74013355317135
 10
74.04411764705881
 20
106.42345019195275
 10
74.04411764705881
 20
106.0442380664704
 10
74.04411764705881
 20
105.62151245614791
 10
74.04411764705881
 20
105.17647058823529
 10
74.04411764705881
 20
104.73142872032267
 10
74.04411764705881
 20
104.30870311000018
 10
74.04411764705881
 20
103.92949098451783
 10
74.04411764705881
 20
103.61280762329923
 10
74.04411764705881
 20
103.37453285243045
 10
74.04411764705881
 20
103.22661476387165
 10
74.04411764705881
 20
103.17647058823529
  0
LWPOLYLINE
  5
8AA
330
17
100
AcDbEntity
  8
HIDDEN
100
AcDbPolyline
 90
15
 70
0
 10
74.04411764705881
 20
103.17647058823529
 10
74.04411764705881
 20
103.22661476387165
 10
74.04411764705881
 20
103.37453285243045
 10
74.04411764705881
 20
103.61280762329923
 10
74.04411764705881
 20
103.92949098451783
 10
74.04411764705881
 20
104.30870311000018
 10
74.04411764705881
 20
104.73142872032267
 10
74.04411764705881
 20
105.17647058823529
 10
74.04411764705881
 20
105.62151245614791
 10
74.04411764705881
 20
106.0442380664704
 10
74.04411764705881
 20
106.42345019195275
 10
74.04411764705881
 20
106.74013355317135
 10
74.04411764705881
 20
106.97840832404012
 10
74.04411764705881
 20
107.12632641259893
 10
74.04411764705881
 20
107.17647058823529
  0
LWPOLYLINE
  5
8AB
330
17
100
AcDbEntity
  8
HIDDEN
100
AcDbPolyline
 90
2
 70
0
 10
76.38235294117646
 20
107.17647058823529
 10
74.04411764705883
 20
107.17647058823529
  0
LWPOLYLINE
  5
8AC
330
17
100
AcDbEntity
  8
HIDDEN
100
AcDbPolyline
 90
15
 70
0
 10
74.04411764705883
 20
118.70588235294117
 10
74.04411764705883
 20
118.61149331644921
 10
74.04411764705883
 20
118.33305926739733
 10
74.04411764705883
 20
117.88454205164433
 10
74.04411764705883
 20
117.28843219523287
 10
74.04411764705883
 20
116.57462113550139
 10
74.04411764705883
 20
115.77890233960022
 10
74.04411764705883
 20
114.94117647058823
 10
74.04411764705883
 20
114.10345060157621
 10
74.04411764705883
 20
113.30773180567508
 10
74.04411764705883
 20
112.59392074594358
 10
74.04411764705883
 20
111.99781088953212
 10
74.04411764705883
 20
111.54929367377912
 10
74.04411764705883
 20
111.27085962472725
 10
74.04411764705883
 20
111.17647058823528
  0
LWPOLYLINE
  5
8AD
330
17
100
AcDbEntity
  8
HIDDEN
100
AcDbPolyline
 90
15
 70
0
 10
74.04411764705883
 20
111.17647058823528
 10
74.04411764705883
 20
111.27085962472725
 10
74.04411764705883
 20
111.54929367377912
 10
74.04411764705883
 20
111.99781088953212
 10
74.04411764705883
 20
112.59392074594358
 10
74.04411764705883
 20
113.30773180567508
 10
74.04411764705883
 20
114.10345060157621
 10
74.04411764705883
 20
114.94117647058823
 10
74.04411764705883
 20
115.77890233960022
 10
74.04411764705883
 20
116.57462113550139
 10
74.04411764705883
 20
117.28843219523287
 10
74.04411764705883
 20
117.88454205164433
 10
74.04411764705883
 20
118.33305926739733
 10
74.04411764705883
 20
118.61149331644921
 10
74.04411764705883
 20
118.70588235294117
  0
LWPOLYLINE
  5
8AE
330
17
100
AcDbEntity
  8
HIDDEN
100
AcDbPolyline
 90
2
 70
0
 10
76.38235294117646
 20
118.70588235294117
 10
74.04411764705883
 20
118.70588235294117
  0
LWPOLYLINE
  5
8AF
330
17
100
AcDbEntity
  8
HIDDEN
100
AcDbPolyline
 90
15
 70
0
 10
74.04411764705883
 20
99.17647058823529
 10
74.04411764705883
 20
99.08208155174333
 10
74.04411764705883
 20
98.80364750269146
 10
74.04411764705883
 20
98.35513028693846
 10
74.04411764705883
 20
97.75902043052699
 10
74.04411764705883
 20
97.0452093707955
 10
74.04411764705883
 20
96.24949057489435
 10
74.04411764705883
 20
95.41176470588235
 10
74.04411764705883
 20
94.57403883687034
 10
74.04411764705883
 20
93.77832004096919
 10
74.04411764705883
 20
93.06450898123771
 10
74.04411764705883
 20
92.46839912482623
 10
74.04411764705883
 20
92.01988190907323
 10
74.04411764705883
 20
91.74144786002137
 10
74.04411764705883
 20
91.6470588235294
  0
LWPOLYLINE
  5
8B0
330
17
100
AcDbEntity
  8
HIDDEN
100
AcDbPolyline
 90
15
 70
0
 10
74.04411764705883
 20
91.6470588235294
 10
74.04411764705883
 20
91.74144786002137
 10
74.04411764705883
 20
92.01988190907323
 10
74.04411764705883
 20
92.46839912482623
 10
74.04411764705883
 20
93.06450898123771
 10
74.04411764705883
 20
93.77832004096919
 10
74.04411764705883
 20
94.57403883687033
 10
74.04411764705883
 20
95.41176470588235
 10
74.04411764705883
 20
96.24949057489435
 10
74.04411764705883
 20
97.0452093707955
 10
74.04411764705883
 20
97.75902043052699
 10
74.04411764705883
 20
98.35513028693846
 10
74.04411764705883
 20
98.80364750269146
 10
74.04411764705883
 20
99.08208155174333
 10
74.04411764705883
 20
99.17647058823528
  0
LWPOLYLINE
  5
8B1
330
17
100
AcDbEntity
  8
HIDDEN
100
AcDbPolyline
 90
2
 70
0
 10
76.38235294117646
 20
99.17647058823529
 10
74.04411764705883
 20
99.17647058823529
  0
LWPOLYLINE
  5
8B2
330
17
100
AcDbEntity
  8
HIDDEN
100
AcDbPolyline
 90
2
 70
0
 10
76.38235294117646
 20
109.08823529411765
 10
74.51470588235294
 20
109.08823529411765
  0
LWPOLYLINE
  5
8B3
330
17
100
AcDbEntity
  8
HIDDEN
100
AcDbPolyline
 90
15
 70
0
 10
74.51470588235294
 20
109.08823529411765
 10
74.51470588235294
 20
108.9901591858877
 10
74.51470588235294
 20
108.70084880679474
 10
74.51470588235294
 20
108.2348113873014
 10
74.51470588235294
 20
107.61541598962387
 10
74.51470588235294
 20
106.87372168537162
 10
74.51470588235294
 20
106.04692012400558
 10
74.51470588235294
 20
105.17647058823529
 10
74.51470588235294
 20
104.306021052465
 10
74.51470588235294
 20
103.47921949109896
 10
74.51470588235294
 20
102.73752518684671
 10
74.51470588235294
 20
102.11812978916917
 10
74.51470588235294
 20
101.65209236967583
 10
74.51470588235294
 20
101.36278199058286
 10
74.51470588235294
 20
101.26470588235293
  0
LWPOLYLINE
  5
8B4
330
17
100
AcDbEntity
  8
HIDDEN
100
AcDbPolyline
 90
15
 70
0
 10
74.51470588235294
 20
101.26470588235293
 10
74.51470588235294
 20
101.36278199058286
 10
74.51470588235294
 20
101.65209236967583
 10
74.51470588235294
 20
102.11812978916916
 10
74.51470588235294
 20
102.73752518684671
 10
74.51470588235294
 20
103.47921949109896
 10
74.51470588235294
 20
104.306021052465
 10
74.51470588235294
 20
105.17647058823529
 10
74.51470588235294
 20
106.04692012400558
 10
74.51470588235294
 20
106.87372168537162
 10
74.51470588235294
 20
107.61541598962387
 10
74.51470588235294
 20
108.2348113873014
 10
74.51470588235294
 20
108.70084880679474
 10
74.51470588235294
 20
108.9901591858877
 10
74.51470588235294
 20
109.08823529411765
  0
LWPOLYLINE
  5
8B5
330
17
100
AcDbEntity
  8
HIDDEN
100
AcDbPolyline
 90
15
 70
0
 10
74.04411764705883
 20
118.70588235294117
 10
74.04411764705883
 20
118.61149331644921
 10
74.04411764705883
 20
118.33305926739733
 10
74.04411764705883
 20
117.88454205164433
 10
74.04411764705883
 20
117.28843219523287
 10
74.04411764705883
 20
116.57462113550139
 10
74.04411764705883
 20
115.77890233960022
 10
74.04411764705883
 20
114.94117647058823
 10
74.04411764705883
 20
114.10345060157621
 10
74.04411764705883
 20
113.30773180567508
 10
74.04411764705883
 20
112.59392074594358
 10
74.04411764705883
 20
111.99781088953212
 10
74.04411764705883
 20
111.54929367377912
 10
74.04411764705883
 20
111.27085962472725
 10
74.04411764705883
 20
111.17647058823528
  0
LWPOLYLINE
  5
8B6
330
17
100
AcDbEntity
  8
HIDDEN
100
AcDbPolyline
 90
15
 70
0
 10
74.04411764705883
 20
111.17647058823528
 10
74.04411764705883
 20
111.27085962472725
 10
74.04411764705883
 20
111.54929367377912
 10
74.04411764705883
 20
111.99781088953212
 10
74.04411764705883
 20
112.59392074594358
 10
74.04411764705883
 20
113.30773180567508
 10
74.04411764705883
 20
114.10345060157621
 10
74.04411764705883
 20
114.94117647058823
 10
74.04411764705883
 20
115.77890233960022
 10
74.04411764705883
 20
116.57462113550139
 10
74.04411764705883
 20
117.28843219523287
 10
74.04411764705883
 20
117.88454205164433
 10
74.04411764705883
 20
118.33305926739733
 10
74.04411764705883
 20
118.61149331644921
 10
74.04411764705883
 20
118.70588235294117
  0
LWPOLYLINE
  5
8B7
330
17
100
AcDbEntity
  8
HIDDEN
100
AcDbPolyline
 90
2
 70
0
 10
76.38235294117646
 20
118.70588235294117
 10
74.04411764705883
 20
118.70588235294117
  0
LWPOLYLINE
  5
8B8
330
17
100
AcDbEntity
  8
HIDDEN
100
AcDbPolyline
 90
15
 70
0
 10
74.04411764705883
 20
107.17647058823529
 10
74.04411764705883
 20
107.12632641259893
 10
74.04411764705883
 20
106.97840832404012
 10
74.04411764705883
 20
106.74013355317135
 10
74.04411764705883
 20
106.42345019195275
 10
74.04411764705883
 20
106.0442380664704
 10
74.04411764705883
 20
105.62151245614791
 10
74.04411764705883
 20
105.17647058823529
 10
74.04411764705883
 20
104.73142872032267
 10
74.04411764705883
 20
104.30870311000018
 10
74.04411764705883
 20
103.92949098451783
 10
74.04411764705883
 20
103.61280762329923
 10
74.04411764705883
 20
103.37453285243045
 10
74.04411764705883
 20
103.22661476387165
 10
74.04411764705883
 20
103.17647058823529
  0
LWPOLYLINE
  5
8B9
330
17
100
AcDbEntity
  8
HIDDEN
100
AcDbPolyline
 90
15
 70
0
 10
74.04411764705883
 20
103.17647058823529
 10
74.04411764705883
 20
103.22661476387165
 10
74.04411764705883
 20
103.37453285243045
 10
74.04411764705883
 20
103.61280762329923
 10
74.04411764705883
 20
103.92949098451783
 10
74.04411764705883
 20
104.30870311000018
 10
74.04411764705883
 20
104.73142872032267
 10
74.04411764705883
 20
105.17647058823529
 10
74.04411764705883
 20
105.62151245614791
 10
74.04411764705883
 20
106.0442380664704
 10
74.04411764705883
 20
106.42345019195275
 10
74.04411764705883
 20
106.74013355317135
 10
74.04411764705883
 20
106.97840832404012
 10
74.04411764705883
 20
107.12632641259893
 10
74.04411764705883
 20
107.17647058823529
  0
LWPOLYLINE
  5
8BA
330
17
100
AcDbEntity
  8
HIDDEN
100
AcDbPolyline
 90
2
 70
0
 10
76.38235294117646
 20
107.17647058823529
 10
74.04411764705883
 20
107.17647058823529
  0
LWPOLYLINE
  5
8BB
330
17
100
AcDbEntity
  8
HIDDEN
100
AcDbPolyline
 90
15
 70
0
 10
74.04411764705883
 20
108.58823529411764
 10
74.04411764705883
 20
108.50269522979681
 10
74.04411764705883
 20
108.25036437284353
 10
74.04411764705883
 20
107.84389564606738
 10
74.04411764705883
 20
107.3036710886945
 10
74.04411764705883
 20
106.65677981581284
 10
74.04411764705883
 20
105.93565965702743
 10
74.04411764705883
 20
105.17647058823529
 10
74.04411764705883
 20
104.41728151944315
 10
74.04411764705883
 20
103.69616136065774
 10
74.04411764705883
 20
103.04927008777608
 10
74.04411764705883
 20
102.5090455304032
 10
74.04411764705883
 20
102.10257680362704
 10
74.04411764705883
 20
101.85024594667377
 10
74.04411764705883
 20
101.76470588235294
  0
LWPOLYLINE
  5
8BC
330
17
100
AcDbEntity
  8
HIDDEN
100
AcDbPolyline
 90
15
 70
0
 10
74.04411764705883
 20
101.76470588235294
 10
74.04411764705883
 20
101.85024594667377
 10
74.04411764705883
 20
102.10257680362703
 10
74.04411764705883
 20
102.5090455304032
 10
74.04411764705883
 20
103.04927008777608
 10
74.04411764705883
 20
103.69616136065774
 10
74.04411764705883
 20
104.41728151944315
 10
74.04411764705883
 20
105.17647058823529
 10
74.04411764705883
 20
105.93565965702743
 10
74.04411764705883
 20
106.65677981581284
 10
74.04411764705883
 20
107.3036710886945
 10
74.04411764705883
 20
107.84389564606738
 10
74.04411764705883
 20
108.25036437284353
 10
74.04411764705883
 20
108.50269522979681
 10
74.04411764705883
 20
108.58823529411764
  0
LWPOLYLINE
  5
8BD
330
17
100
AcDbEntity
  8
HIDDEN
100
AcDbPolyline
 90
15
 70
0
 10
74.51470588235294
 20
108.58823529411764
 10
74.51470588235294
 20
108.50269522979681
 10
74.51470588235294
 20
108.25036437284353
 10
74.51470588235294
 20
107.84389564606738
 10
74.51470588235294
 20
107.3036710886945
 10
74.51470588235294
 20
106.65677981581284
 10
74.51470588235294
 20
105.93565965702743
 10
74.51470588235294
 20
105.17647058823529
 10
74.51470588235294
 20
104.41728151944315
 10
74.51470588235294
 20
103.69616136065774
 10
74.51470588235294
 20
103.04927008777608
 10
74.51470588235294
 20
102.5090455304032
 10
74.51470588235294
 20
102.10257680362704
 10
74.51470588235294
 20
101.85024594667377
 10
74.51470588235294
 20
101.76470588235294
  0
LWPOLYLINE
  5
8BE
330
17
100
AcDbEntity
  8
HIDDEN
100
AcDbPolyline
 90
15
 70
0
 10
74.51470588235294
 20
101.76470588235294
 10
74.51470588235294
 20
101.85024594667377
 10
74.51470588235294
 20
102.10257680362703
 10
74.51470588235294
 20
102.5090455304032
 10
74.51470588235294
 20
103.04927008777608
 10
74.51470588235294
 20
103.69616136065774
 10
74.51470588235294
 20
104.41728151944315
 10
74.51470588235294
 20
105.17647058823529
 10
74.51470588235294
 20
105.93565965702743
 10
74.51470588235294
 20
106.65677981581284
 10
74.51470588235294
 20
107.3036710886945
 10
74.51470588235294
 20
107.84389564606738
 10
74.51470588235294
 20
108.25036437284353
 10
74.51470588235294
 20
108.50269522979681
 10
74.51470588235294
 20
108.58823529411764
  0
LWPOLYLINE
  5
8BF
330
17
100
AcDbEntity
  8
HIDDEN
100
AcDbPolyline
 90
2
 70
0
 10
74.51470588235294
 20
108.58823529411764
 10
74.04411764705883
 20
108.58823529411764
  0
LWPOLYLINE
  5
8C0
330
17
100
AcDbEntity
  8
HIDDEN
100
AcDbPolyline
 90
2
 70
0
 10
79.91176470588235
 20
91.05882352941175
 10
79.91176470588235
 20
119.29411764705881
  0
LWPOLYLINE
  5
8C1
330
17
100
AcDbEntity
  8
HIDDEN
100
AcDbPolyline
 90
15
 70
0
 10
79.91176470588235
 20
99.17647058823529
 10
79.91176470588235
 20
99.08208155174333
 10
79.91176470588235
 20
98.80364750269146
 10
79.91176470588235
 20
98.35513028693846
 10
79.91176470588235
 20
97.75902043052699
 10
79.91176470588235
 20
97.0452093707955
 10
79.91176470588235
 20
96.24949057489435
 10
79.91176470588235
 20
95.41176470588235
 10
79.91176470588235
 20
94.57403883687034
 10
79.91176470588235
 20
93.77832004096919
 10
79.91176470588235
 20
93.06450898123771
 10
79.91176470588235
 20
92.46839912482623
 10
79.91176470588235
 20
92.01988190907323
 10
79.91176470588235
 20
91.74144786002137
 10
79.91176470588235
 20
91.6470588235294
  0
LWPOLYLINE
  5
8C2
330
17
100
AcDbEntity
  8
HIDDEN
100
AcDbPolyline
 90
15
 70
0
 10
79.91176470588235
 20
91.6470588235294
 10
79.91176470588235
 20
91.74144786002137
 10
79.91176470588235
 20
92.01988190907323
 10
79.91176470588235
 20
92.46839912482623
 10
79.91176470588235
 20
93.06450898123771
 10
79.91176470588235
 20
93.77832004096919
 10
79.91176470588235
 20
94.57403883687033
 10
79.91176470588235
 20
95.41176470588235
 10
79.91176470588235
 20
96.24949057489435
 10
79.91176470588235
 20
97.0452093707955
 10
79.91176470588235
 20
97.75902043052699
 10
79.91176470588235
 20
98.35513028693846
 10
79.91176470588235
 20
98.80364750269146
 10
79.91176470588235
 20
99.08208155174333
 10
79.91176470588235
 20
99.17647058823528
  0
LWPOLYLINE
  5
8C3
330
17
100
AcDbEntity
  8
HIDDEN
100
AcDbPolyline
 90
15
 70
0
 10
79.91176470588235
 20
107.17647058823529
 10
79.91176470588235
 20
107.12632641259893
 10
79.91176470588235
 20
106.97840832404012
 10
79.91176470588235
 20
106.74013355317135
 10
79.91176470588235
 20
106.42345019195275
 10
79.91176470588235
 20
106.0442380664704
 10
79.91176470588235
 20
105.62151245614791
 10
79.91176470588235
 20
105.17647058823529
 10
79.91176470588235
 20
104.73142872032267
 10
79.91176470588235
 20
104.30870311000018
 10
79.91176470588235
 20
103.92949098451783
 10
79.91176470588235
 20
103.61280762329923
 10
79.91176470588235
 20
103.37453285243045
 10
79.91176470588235
 20
103.22661476387165
 10
79.91176470588235
 20
103.17647058823529
  0
LWPOLYLINE
  5
8C4
330
17
100
AcDbEntity
  8
HIDDEN
100
AcDbPolyline
 90
15
 70
0
 10
79.91176470588235
 20
103.17647058823529
 10
79.91176470588235
 20
103.22661476387165
 10
79.91176470588235
 20
103.37453285243045
 10
79.91176470588235
 20
103.61280762329923
 10
79.91176470588235
 20
103.92949098451783
 10
79.91176470588235
 20
104.30870311000018
 10
79.91176470588235
 20
104.73142872032267
 10
79.91176470588235
 20
105.17647058823529
 10
79.91176470588235
 20
105.62151245614791
 10
79.91176470588235
 20
106.0442380664704
 10
79.91176470588235
 20
106.42345019195275
 10
79.91176470588235
 20
106.74013355317135
 10
79.91176470588235
 20
106.97840832404012
 10
79.91176470588235
 20
107.12632641259893
 10
79.91176470588235
 20
107.17647058823529
  0
LWPOLYLINE
  5
8C5
330
17
100
AcDbEntity
  8
HIDDEN
100
AcDbPolyline
 90
15
 70
0
 10
79.91176470588235
 20
118.70588235294117
 10
79.91176470588235
 20
118.61149331644921
 10
79.91176470588235
 20
118.33305926739733
 10
79.91176470588235
 20
117.88454205164433
 10
79.91176470588235
 20
117.28843219523287
 10
79.91176470588235
 20
116.57462113550139
 10
79.91176470588235
 20
115.77890233960022
 10
79.91176470588235
 20
114.94117647058823
 10
79.91176470588235
 20
114.10345060157621
 10
79.91176470588235
 20
113.30773180567508
 10
79.91176470588235
 20
112.59392074594358
 10
79.91176470588235
 20
111.99781088953212
 10
79.91176470588235
 20
111.54929367377912
 10
79.91176470588235
 20
111.27085962472725
 10
79.91176470588235
 20
111.17647058823528
  0
LWPOLYLINE
  5
8C6
330
17
100
AcDbEntity
  8
HIDDEN
100
AcDbPolyline
 90
15
 70
0
 10
79.91176470588235
 20
111.17647058823528
 10
79.91176470588235
 20
111.27085962472725
 10
79.91176470588235
 20
111.54929367377912
 10
79.91176470588235
 20
111.99781088953212
 10
79.91176470588235
 20
112.59392074594358
 10
79.91176470588235
 20
113.30773180567508
 10
79.91176470588235
 20
114.10345060157621
 10
79.91176470588235
 20
114.94117647058823
 10
79.91176470588235
 20
115.77890233960022
 10
79.91176470588235
 20
116.57462113550139
 10
79.91176470588235
 20
117.28843219523287
 10
79.91176470588235
 20
117.88454205164433
 10
79.91176470588235
 20
118.33305926739733
 10
79.91176470588235
 20
118.61149331644921
 10
79.91176470588235
 20
118.70588235294117
  0
LWPOLYLINE
  5
8C7
330
17
100
AcDbEntity
  8
HIDDEN
100
AcDbPolyline
 90
15
 70
0
 10
79.91176470588235
 20
99.17647058823529
 10
79.91176470588235
 20
99.08208155174333
 10
79.91176470588235
 20
98.80364750269146
 10
79.91176470588235
 20
98.35513028693846
 10
79.91176470588235
 20
97.75902043052699
 10
79.91176470588235
 20
97.0452093707955
 10
79.91176470588235
 20
96.24949057489435
 10
79.91176470588235
 20
95.41176470588235
 10
79.91176470588235
 20
94.57403883687034
 10
79.91176470588235
 20
93.77832004096919
 10
79.91176470588235
 20
93.06450898123771
 10
79.91176470588235
 20
92.46839912482623
 10
79.91176470588235
 20
92.01988190907323
 10
79.91176470588235
 20
91.74144786002137
 10
79.91176470588235
 20
91.6470588235294
  0
LWPOLYLINE
  5
8C8
330
17
100
AcDbEntity
  8
HIDDEN
100
AcDbPolyline
 90
15
 70
0
 10
79.91176470588235
 20
91.6470588235294
 10
79.91176470588235
 20
91.74144786002137
 10
79.91176470588235
 20
92.01988190907323
 10
79.91176470588235
 20
92.46839912482623
 10
79.91176470588235
 20
93.06450898123771
 10
79.91176470588235
 20
93.77832004096919
 10
79.91176470588235
 20
94.57403883687033
 10
79.91176470588235
 20
95.41176470588235
 10
79.91176470588235
 20
96.24949057489435
 10
79.91176470588235
 20
97.0452093707955
 10
79.91176470588235
 20
97.75902043052699
 10
79.91176470588235
 20
98.35513028693846
 10
79.91176470588235
 20
98.80364750269146
 10
79.91176470588235
 20
99.08208155174333
 10
79.91176470588235
 20
99.17647058823528
  0
LWPOLYLINE
  5
8C9
330
17
100
AcDbEntity
  8
HIDDEN
100
AcDbPolyline
 90
15
 70
0
 10
79.91176470588235
 20
109.08823529411765
 10
79.91176470588235
 20
108.9901591858877
 10
79.91176470588235
 20
108.70084880679474
 10
79.91176470588235
 20
108.2348113873014
 10
79.91176470588235
 20
107.61541598962387
 10
79.91176470588235
 20
106.87372168537162
 10
79.91176470588235
 20
106.04692012400558
 10
79.91176470588235
 20
105.17647058823529
 10
79.91176470588235
 20
104.306021052465
 10
79.91176470588235
 20
103.47921949109896
 10
79.91176470588235
 20
102.73752518684671
 10
79.91176470588235
 20
102.11812978916917
 10
79.91176470588235
 20
101.65209236967583
 10
79.91176470588235
 20
101.36278199058286
 10
79.91176470588235
 20
101.26470588235293
  0
LWPOLYLINE
  5
8CA
330
17
100
AcDbEntity
  8
HIDDEN
100
AcDbPolyline
 90
15
 70
0
 10
79.91176470588235
 20
101.26470588235293
 10
79.91176470588235
 20
101.36278199058286
 10
79.91176470588235
 20
101.65209236967583
 10
79.91176470588235
 20
102.11812978916916
 10
79.91176470588235
 20
102.73752518684671
 10
79.91176470588235
 20
103.47921949109896
 10
79.91176470588235
 20
104.306021052465
 10
79.91176470588235
 20
105.17647058823529
 10
79.91176470588235
 20
106.04692012400558
 10
79.91176470588235
 20
106.87372168537162
 10
79.91176470588235
 20
107.61541598962387
 10
79.91176470588235
 20
108.2348113873014
 10
79.91176470588235
 20
108.70084880679474
 10
79.91176470588235
 20
108.9901591858877
 10
79.91176470588235
 20
109.08823529411765
  0
LWPOLYLINE
  5
8CB
330
17
100
AcDbEntity
  8
HIDDEN
100
AcDbPolyline
 90
15
 70
0
 10
79.91176470588235
 20
118.70588235294117
 10
79.91176470588235
 20
118.61149331644921
 10
79.91176470588235
 20
118.33305926739733
 10
79.91176470588235
 20
117.88454205164433
 10
79.91176470588235
 20
117.28843219523287
 10
79.91176470588235
 20
116.57462113550139
 10
79.91176470588235
 20
115.77890233960022
 10
79.91176470588235
 20
114.94117647058823
 10
79.91176470588235
 20
114.10345060157621
 10
79.91176470588235
 20
113.30773180567508
 10
79.91176470588235
 20
112.59392074594358
 10
79.91176470588235
 20
111.99781088953212
 10
79.91176470588235
 20
111.54929367377912
 10
79.91176470588235
 20
111.27085962472725
 10
79.91176470588235
 20
111.17647058823528
  0
LWPOLYLINE
  5
8CC
330
17
100
AcDbEntity
  8
HIDDEN
100
AcDbPolyline
 90
15
 70
0
 10
79.91176470588235
 20
111.17647058823528
 10
79.91176470588235
 20
111.27085962472725
 10
79.91176470588235
 20
111.54929367377912
 10
79.91176470588235
 20
111.99781088953212
 10
79.91176470588235
 20
112.59392074594358
 10
79.91176470588235
 20
113.30773180567508
 10
79.91176470588235
 20
114.10345060157621
 10
79.91176470588235
 20
114.94117647058823
 10
79.91176470588235
 20
115.77890233960022
 10
79.91176470588235
 20
116.57462113550139
 10
79.91176470588235
 20
117.28843219523287
 10
79.91176470588235
 20
117.88454205164433
 10
79.91176470588235
 20
118.33305926739733
 10
79.91176470588235
 20
118.61149331644921
 10
79.91176470588235
 20
118.70588235294117
  0
LWPOLYLINE
  5
8CD
330
17
100
AcDbEntity
  8
HIDDEN
100
AcDbPolyline
 90
15
 70
0
 10
79.91176470588235
 20
107.17647058823529
 10
79.91176470588235
 20
107.12632641259893
 10
79.91176470588235
 20
106.97840832404012
 10
79.91176470588235
 20
106.74013355317135
 10
79.91176470588235
 20
106.42345019195275
 10
79.91176470588235
 20
106.0442380664704
 10
79.91176470588235
 20
105.62151245614791
 10
79.91176470588235
 20
105.17647058823529
 10
79.91176470588235
 20
104.73142872032267
 10
79.91176470588235
 20
104.30870311000018
 10
79.91176470588235
 20
103.92949098451783
 10
79.91176470588235
 20
103.61280762329923
 10
79.91176470588235
 20
103.37453285243045
 10
79.91176470588235
 20
103.22661476387165
 10
79.91176470588235
 20
103.17647058823529
  0
LWPOLYLINE
  5
8CE
330
17
100
AcDbEntity
  8
HIDDEN
100
AcDbPolyline
 90
15
 70
0
 10
79.91176470588235
 20
103.17647058823529
 10
79.91176470588235
 20
103.22661476387165
 10
79.91176470588235
 20
103.37453285243045
 10
79.91176470588235
 20
103.61280762329923
 10
79.91176470588235
 20
103.92949098451783
 10
79.91176470588235
 20
104.30870311000018
 10
79.91176470588235
 20
104.73142872032267
 10
79.91176470588235
 20
105.17647058823529
 10
79.91176470588235
 20
105.62151245614791
 10
79.91176470588235
 20
106.0442380664704
 10
79.91176470588235
 20
106.42345019195275
 10
79.91176470588235
 20
106.74013355317135
 10
79.91176470588235
 20
106.97840832404012
 10
79.91176470588235
 20
107.12632641259893
 10
79.91176470588235
 20
107.17647058823529
  0
LWPOLYLINE
  5
8CF
330
17
100
AcDbEntity
  8
HIDDEN
100
AcDbPolyline
 90
2
 70
0
 10
79.91176470588235
 20
119.29411764705881
 10
82.25
 20
119.29411764705881
  0
LWPOLYLINE
  5
8D0
330
17
100
AcDbEntity
  8
HIDDEN
100
AcDbPolyline
 90
2
 70
0
 10
79.91176470588235
 20
91.05882352941175
 10
82.25
 20
91.05882352941175
  0
LWPOLYLINE
  5
8D1
330
17
100
AcDbEntity
  8
HIDDEN
100
AcDbPolyline
 90
2
 70
0
 10
82.25
 20
91.05882352941175
 10
82.25
 20
119.29411764705881
  0
LWPOLYLINE
  5
8D2
330
17
100
AcDbEntity
  8
HIDDEN
100
AcDbPolyline
 90
15
 70
0
 10
82.25
 20
99.17647058823529
 10
82.25
 20
99.08208155174333
 10
82.25
 20
98.80364750269146
 10
82.25
 20
98.35513028693846
 10
82.25
 20
97.75902043052699
 10
82.25
 20
97.0452093707955
 10
82.25
 20
96.24949057489435
 10
82.25
 20
95.41176470588235
 10
82.25
 20
94.57403883687034
 10
82.25
 20
93.77832004096919
 10
82.25
 20
93.06450898123771
 10
82.25
 20
92.46839912482623
 10
82.25
 20
92.01988190907323
 10
82.25
 20
91.74144786002137
 10
82.25
 20
91.6470588235294
  0
LWPOLYLINE
  5
8D3
330
17
100
AcDbEntity
  8
HIDDEN
100
AcDbPolyline
 90
15
 70
0
 10
82.25
 20
91.6470588235294
 10
82.25
 20
91.74144786002137
 10
82.25
 20
92.01988190907323
 10
82.25
 20
92.46839912482623
 10
82.25
 20
93.06450898123771
 10
82.25
 20
93.77832004096919
 10
82.25
 20
94.57403883687033
 10
82.25
 20
95.41176470588235
 10
82.25
 20
96.24949057489435
 10
82.25
 20
97.0452093707955
 10
82.25
 20
97.75902043052699
 10
82.25
 20
98.35513028693846
 10
82.25
 20
98.80364750269146
 10
82.25
 20
99.08208155174333
 10
82.25
 20
99.17647058823528
  0
LWPOLYLINE
  5
8D4
330
17
100
AcDbEntity
  8
HIDDEN
100
AcDbPolyline
 90
2
 70
0
 10
79.91176470588235
 20
99.17647058823529
 10
82.25
 20
99.17647058823529
  0
LWPOLYLINE
  5
8D5
330
17
100
AcDbEntity
  8
HIDDEN
100
AcDbPolyline
 90
15
 70
0
 10
82.25
 20
107.17647058823529
 10
82.25
 20
107.12632641259893
 10
82.25
 20
106.97840832404012
 10
82.25
 20
106.74013355317135
 10
82.25
 20
106.42345019195275
 10
82.25
 20
106.0442380664704
 10
82.25
 20
105.62151245614791
 10
82.25
 20
105.17647058823529
 10
82.25
 20
104.73142872032267
 10
82.25
 20
104.30870311000018
 10
82.25
 20
103.92949098451783
 10
82.25
 20
103.61280762329923
 10
82.25
 20
103.37453285243045
 10
82.25
 20
103.22661476387165
 10
82.25
 20
103.17647058823529
  0
LWPOLYLINE
  5
8D6
330
17
100
AcDbEntity
  8
HIDDEN
100
AcDbPolyline
 90
15
 70
0
 10
82.25
 20
103.17647058823529
 10
82.25
 20
103.22661476387165
 10
82.25
 20
103.37453285243045
 10
82.25
 20
103.61280762329923
 10
82.25
 20
103.92949098451783
 10
82.25
 20
104.30870311000018
 10
82.25
 20
104.73142872032267
 10
82.25
 20
105.17647058823529
 10
82.25
 20
105.62151245614791
 10
82.25
 20
106.0442380664704
 10
82.25
 20
106.42345019195275
 10
82.25
 20
106.74013355317135
 10
82.25
 20
106.97840832404012
 10
82.25
 20
107.12632641259893
 10
82.25
 20
107.17647058823529
  0
LWPOLYLINE
  5
8D7
330
17
100
AcDbEntity
  8
HIDDEN
100
AcDbPolyline
 90
2
 70
0
 10
79.91176470588235
 20
107.17647058823529
 10
82.25
 20
107.17647058823529
  0
LWPOLYLINE
  5
8D8
330
17
100
AcDbEntity
  8
HIDDEN
100
AcDbPolyline
 90
15
 70
0
 10
82.25
 20
118.70588235294117
 10
82.25
 20
118.61149331644921
 10
82.25
 20
118.33305926739733
 10
82.25
 20
117.88454205164433
 10
82.25
 20
117.28843219523287
 10
82.25
 20
116.57462113550139
 10
82.25
 20
115.77890233960022
 10
82.25
 20
114.94117647058823
 10
82.25
 20
114.10345060157621
 10
82.25
 20
113.30773180567508
 10
82.25
 20
112.59392074594358
 10
82.25
 20
111.99781088953212
 10
82.25
 20
111.54929367377912
 10
82.25
 20
111.27085962472725
 10
82.25
 20
111.17647058823528
  0
LWPOLYLINE
  5
8D9
330
17
100
AcDbEntity
  8
HIDDEN
100
AcDbPolyline
 90
15
 70
0
 10
82.25
 20
111.17647058823528
 10
82.25
 20
111.27085962472725
 10
82.25
 20
111.54929367377912
 10
82.25
 20
111.99781088953212
 10
82.25
 20
112.59392074594358
 10
82.25
 20
113.30773180567508
 10
82.25
 20
114.10345060157621
 10
82.25
 20
114.94117647058823
 10
82.25
 20
115.77890233960022
 10
82.25
 20
116.57462113550139
 10
82.25
 20
117.28843219523287
 10
82.25
 20
117.88454205164433
 10
82.25
 20
118.33305926739733
 10
82.25
 20
118.61149331644921
 10
82.25
 20
118.70588235294117
  0
LWPOLYLINE
  5
8DA
330
17
100
AcDbEntity
  8
HIDDEN
100
AcDbPolyline
 90
2
 70
0
 10
79.91176470588235
 20
118.70588235294117
 10
82.25
 20
118.70588235294117
  0
LWPOLYLINE
  5
8DB
330
17
100
AcDbEntity
  8
HIDDEN
100
AcDbPolyline
 90
15
 70
0
 10
82.25
 20
99.17647058823529
 10
82.25
 20
99.08208155174333
 10
82.25
 20
98.80364750269146
 10
82.25
 20
98.35513028693846
 10
82.25
 20
97.75902043052699
 10
82.25
 20
97.0452093707955
 10
82.25
 20
96.24949057489435
 10
82.25
 20
95.41176470588235
 10
82.25
 20
94.57403883687034
 10
82.25
 20
93.77832004096919
 10
82.25
 20
93.06450898123771
 10
82.25
 20
92.46839912482623
 10
82.25
 20
92.01988190907323
 10
82.25
 20
91.74144786002137
 10
82.25
 20
91.6470588235294
  0
LWPOLYLINE
  5
8DC
330
17
100
AcDbEntity
  8
HIDDEN
100
AcDbPolyline
 90
15
 70
0
 10
82.25
 20
91.6470588235294
 10
82.25
 20
91.74144786002137
 10
82.25
 20
92.01988190907323
 10
82.25
 20
92.46839912482623
 10
82.25
 20
93.06450898123771
 10
82.25
 20
93.77832004096919
 10
82.25
 20
94.57403883687033
 10
82.25
 20
95.41176470588235
 10
82.25
 20
96.24949057489435
 10
82.25
 20
97.0452093707955
 10
82.25
 20
97.75902043052699
 10
82.25
 20
98.35513028693846
 10
82.25
 20
98.80364750269146
 10
82.25
 20
99.08208155174333
 10
82.25
 20
99.17647058823528
  0
LWPOLYLINE
  5
8DD
330
17
100
AcDbEntity
  8
HIDDEN
100
AcDbPolyline
 90
2
 70
0
 10
79.91176470588235
 20
99.17647058823529
 10
82.25
 20
99.17647058823529
  0
LWPOLYLINE
  5
8DE
330
17
100
AcDbEntity
  8
HIDDEN
100
AcDbPolyline
 90
2
 70
0
 10
79.91176470588235
 20
109.08823529411765
 10
81.77941176470588
 20
109.08823529411765
  0
LWPOLYLINE
  5
8DF
330
17
100
AcDbEntity
  8
HIDDEN
100
AcDbPolyline
 90
15
 70
0
 10
81.77941176470588
 20
109.08823529411765
 10
81.77941176470588
 20
108.9901591858877
 10
81.77941176470588
 20
108.70084880679474
 10
81.77941176470588
 20
108.2348113873014
 10
81.77941176470588
 20
107.61541598962387
 10
81.77941176470588
 20
106.87372168537162
 10
81.77941176470588
 20
106.04692012400558
 10
81.77941176470588
 20
105.17647058823529
 10
81.77941176470588
 20
104.306021052465
 10
81.77941176470588
 20
103.47921949109896
 10
81.77941176470588
 20
102.73752518684671
 10
81.77941176470588
 20
102.11812978916917
 10
81.77941176470588
 20
101.65209236967583
 10
81.77941176470588
 20
101.36278199058286
 10
81.77941176470588
 20
101.26470588235293
  0
LWPOLYLINE
  5
8E0
330
17
100
AcDbEntity
  8
HIDDEN
100
AcDbPolyline
 90
15
 70
0
 10
81.77941176470588
 20
101.26470588235293
 10
81.77941176470588
 20
101.36278199058286
 10
81.77941176470588
 20
101.65209236967583
 10
81.77941176470588
 20
102.11812978916916
 10
81.77941176470588
 20
102.73752518684671
 10
81.77941176470588
 20
103.47921949109896
 10
81.77941176470588
 20
104.306021052465
 10
81.77941176470588
 20
105.17647058823529
 10
81.77941176470588
 20
106.04692012400558
 10
81.77941176470588
 20
106.87372168537162
 10
81.77941176470588
 20
107.61541598962387
 10
81.77941176470588
 20
108.2348113873014
 10
81.77941176470588
 20
108.70084880679474
 10
81.77941176470588
 20
108.9901591858877
 10
81.77941176470588
 20
109.08823529411765
  0
LWPOLYLINE
  5
8E1
330
17
100
AcDbEntity
  8
HIDDEN
100
AcDbPolyline
 90
15
 70
0
 10
82.25
 20
118.70588235294117
 10
82.25
 20
118.61149331644921
 10
82.25
 20
118.33305926739733
 10
82.25
 20
117.88454205164433
 10
82.25
 20
117.28843219523287
 10
82.25
 20
116.57462113550139
 10
82.25
 20
115.77890233960022
 10
82.25
 20
114.94117647058823
 10
82.25
 20
114.10345060157621
 10
82.25
 20
113.30773180567508
 10
82.25
 20
112.59392074594358
 10
82.25
 20
111.99781088953212
 10
82.25
 20
111.54929367377912
 10
82.25
 20
111.27085962472725
 10
82.25
 20
111.17647058823528
  0
LWPOLYLINE
  5
8E2
330
17
100
AcDbEntity
  8
HIDDEN
100
AcDbPolyline
 90
15
 70
0
 10
82.25
 20
111.17647058823528
 10
82.25
 20
111.27085962472725
 10
82.25
 20
111.54929367377912
 10
82.25
 20
111.99781088953212
 10
82.25
 20
112.59392074594358
 10
82.25
 20
113.30773180567508
 10
82.25
 20
114.10345060157621
 10
82.25
 20
114.94117647058823
 10
82.25
 20
115.77890233960022
 10
82.25
 20
116.57462113550139
 10
82.25
 20
117.28843219523287
 10
82.25
 20
117.88454205164433
 10
82.25
 20
118.33305926739733
 10
82.25
 20
118.61149331644921
 10
82.25
 20
118.70588235294117
  0
LWPOLYLINE
  5
8E3
330
17
100
AcDbEntity
  8
HIDDEN
100
AcDbPolyline
 90
2
 70
0
 10
79.91176470588235
 20
118.70588235294117
 10
82.25
 20
118.70588235294117
  0
LWPOLYLINE
  5
8E4
330
17
100
AcDbEntity
  8
HIDDEN
100
AcDbPolyline
 90
15
 70
0
 10
82.25
 20
107.17647058823529
 10
82.25
 20
107.12632641259893
 10
82.25
 20
106.97840832404012
 10
82.25
 20
106.74013355317135
 10
82.25
 20
106.42345019195275
 10
82.25
 20
106.0442380664704
 10
82.25
 20
105.62151245614791
 10
82.25
 20
105.17647058823529
 10
82.25
 20
104.73142872032267
 10
82.25
 20
104.30870311000018
 10
82.25
 20
103.92949098451783
 10
82.25
 20
103.61280762329923
 10
82.25
 20
103.37453285243045
 10
82.25
 20
103.22661476387165
 10
82.25
 20
103.17647058823529
  0
LWPOLYLINE
  5
8E5
330
17
100
AcDbEntity
  8
HIDDEN
100
AcDbPolyline
 90
15
 70
0
 10
82.25
 20
103.17647058823529
 10
82.25
 20
103.22661476387165
 10
82.25
 20
103.37453285243045
 10
82.25
 20
103.61280762329923
 10
82.25
 20
103.92949098451783
 10
82.25
 20
104.30870311000018
 10
82.25
 20
104.73142872032267
 10
82.25
 20
105.17647058823529
 10
82.25
 20
105.62151245614791
 10
82.25
 20
106.0442380664704
 10
82.25
 20
106.42345019195275
 10
82.25
 20
106.74013355317135
 10
82.25
 20
106.97840832404012
 10
82.25
 20
107.12632641259893
 10
82.25
 20
107.17647058823529
  0
LWPOLYLINE
  5
8E6
330
17
100
AcDbEntity
  8
HIDDEN
100
AcDbPolyline
 90
2
 70
0
 10
79.91176470588235
 20
107.17647058823529
 10
82.25
 20
107.17647058823529
  0
LWPOLYLINE
  5
8E7
330
17
100
AcDbEntity
  8
HIDDEN
100
AcDbPolyline
 90
15
 70
0
 10
82.25
 20
108.58823529411764
 10
82.25
 20
108.50269522979681
 10
82.25
 20
108.25036437284353
 10
82.25
 20
107.84389564606738
 10
82.25
 20
107.3036710886945
 10
82.25
 20
106.65677981581284
 10
82.25
 20
105.93565965702743
 10
82.25
 20
105.17647058823529
 10
82.25
 20
104.41728151944315
 10
82.25
 20
103.69616136065774
 10
82.25
 20
103.04927008777608
 10
82.25
 20
102.5090455304032
 10
82.25
 20
102.10257680362704
 10
82.25
 20
101.85024594667377
 10
82.25
 20
101.76470588235294
  0
LWPOLYLINE
  5
8E8
330
17
100
AcDbEntity
  8
HIDDEN
100
AcDbPolyline
 90
15
 70
0
 10
82.25
 20
101.76470588235294
 10
82.25
 20
101.85024594667377
 10
82.25
 20
102.10257680362703
 10
82.25
 20
102.5090455304032
 10
82.25
 20
103.04927008777608
 10
82.25
 20
103.69616136065774
 10
82.25
 20
104.41728151944315
 10
82.25
 20
105.17647058823529
 10
82.25
 20
105.93565965702743
 10
82.25
 20
106.65677981581284
 10
82.25
 20
107.3036710886945
 10
82.25
 20
107.84389564606738
 10
82.25
 20
108.25036437284353
 10
82.25
 20
108.50269522979681
 10
82.25
 20
108.58823529411764
  0
LWPOLYLINE
  5
8E9
330
17
100
AcDbEntity
  8
HIDDEN
100
AcDbPolyline
 90
15
 70
0
 10
81.77941176470588
 20
108.58823529411764
 10
81.77941176470588
 20
108.50269522979681
 10
81.77941176470588
 20
108.25036437284353
 10
81.77941176470588
 20
107.84389564606738
 10
81.77941176470588
 20
107.3036710886945
 10
81.77941176470588
 20
106.65677981581284
 10
81.77941176470588
 20
105.93565965702743
 10
81.77941176470588
 20
105.17647058823529
 10
81.77941176470588
 20
104.41728151944315
 10
81.77941176470588
 20
103.69616136065774
 10
81.77941176470588
 20
103.04927008777608
 10
81.77941176470588
 20
102.5090455304032
 10
81.77941176470588
 20
102.10257680362704
 10
81.77941176470588
 20
101.85024594667377
 10
81.77941176470588
 20
101.76470588235294
  0
LWPOLYLINE
  5
8EA
330
17
100
AcDbEntity
  8
HIDDEN
100
AcDbPolyline
 90
15
 70
0
 10
81.77941176470588
 20
101.76470588235294
 10
81.77941176470588
 20
101.85024594667377
 10
81.77941176470588
 20
102.10257680362703
 10
81.77941176470588
 20
102.5090455304032
 10
81.77941176470588
 20
103.04927008777608
 10
81.77941176470588
 20
103.69616136065774
 10
81.77941176470588
 20
104.41728151944315
 10
81.77941176470588
 20
105.17647058823529
 10
81.77941176470588
 20
105.93565965702743
 10
81.77941176470588
 20
106.65677981581284
 10
81.77941176470588
 20
107.3036710886945
 10
81.77941176470588
 20
107.84389564606738
 10
81.77941176470588
 20
108.25036437284353
 10
81.77941176470588
 20
108.50269522979681
 10
81.77941176470588
 20
108.58823529411764
  0
LWPOLYLINE
  5
8EB
330
17
100
AcDbEntity
  8
HIDDEN
100
AcDbPolyline
 90
2
 70
0
 10
81.77941176470588
 20
108.58823529411764
 10
82.25
 20
108.58823529411764
  0
LWPOLYLINE
  5
8EC
330
17
100
AcDbEntity
  8
HIDDEN
100
AcDbPolyline
 90
15
 70
0
 10
76.38235294117646
 20
108.91176470588235
 10
76.38235294117646
 20
108.81811308373798
 10
76.38235294117646
 20
108.54185430069433
 10
76.38235294117646
 20
108.0968411256894
 10
76.38235294117646
 20
107.50538837753115
 10
76.38235294117646
 20
106.7971539667038
 10
76.38235294117646
 20
106.00765172389563
 10
76.38235294117646
 20
105.17647058823529
 10
76.38235294117646
 20
104.34528945257495
 10
76.38235294117646
 20
103.55578720976676
 10
76.38235294117646
 20
102.84755279893943
 10
76.38235294117646
 20
102.25610005078119
 10
76.38235294117646
 20
101.81108687577625
 10
76.38235294117646
 20
101.5348280927326
 10
76.38235294117646
 20
101.44117647058823
  0
LWPOLYLINE
  5
8ED
330
17
100
AcDbEntity
  8
HIDDEN
100
AcDbPolyline
 90
15
 70
0
 10
76.38235294117646
 20
101.44117647058823
 10
76.38235294117646
 20
101.5348280927326
 10
76.38235294117646
 20
101.81108687577625
 10
76.38235294117646
 20
102.25610005078119
 10
76.38235294117646
 20
102.84755279893943
 10
76.38235294117646
 20
103.55578720976676
 10
76.38235294117646
 20
104.34528945257495
 10
76.38235294117646
 20
105.17647058823529
 10
76.38235294117646
 20
106.00765172389563
 10
76.38235294117646
 20
106.7971539667038
 10
76.38235294117646
 20
107.50538837753115
 10
76.38235294117646
 20
108.0968411256894
 10
76.38235294117646
 20
108.54185430069433
 10
76.38235294117646
 20
108.81811308373798
 10
76.38235294117646
 20
108.91176470588235
  0
LWPOLYLINE
  5
8EE
330
17
100
AcDbEntity
  8
HIDDEN
100
AcDbPolyline
 90
2
 70
0
 10
74.51470588235294
 20
108.91176470588235
 10
76.38235294117646
 20
108.91176470588235
  0
LWPOLYLINE
  5
8EF
330
17
100
AcDbEntity
  8
HIDDEN
100
AcDbPolyline
 90
15
 70
0
 10
74.51470588235294
 20
108.91176470588235
 10
74.51470588235294
 20
108.81811308373798
 10
74.51470588235294
 20
108.54185430069433
 10
74.51470588235294
 20
108.0968411256894
 10
74.51470588235294
 20
107.50538837753115
 10
74.51470588235294
 20
106.7971539667038
 10
74.51470588235294
 20
106.00765172389563
 10
74.51470588235294
 20
105.17647058823529
 10
74.51470588235294
 20
104.34528945257495
 10
74.51470588235294
 20
103.55578720976676
 10
74.51470588235294
 20
102.84755279893943
 10
74.51470588235294
 20
102.25610005078119
 10
74.51470588235294
 20
101.81108687577625
 10
74.51470588235294
 20
101.5348280927326
 10
74.51470588235294
 20
101.44117647058823
  0
LWPOLYLINE
  5
8F0
330
17
100
AcDbEntity
  8
HIDDEN
100
AcDbPolyline
 90
15
 70
0
 10
74.51470588235294
 20
101.44117647058823
 10
74.51470588235294
 20
101.5348280927326
 10
74.51470588235294
 20
101.81108687577625
 10
74.51470588235294
 20
102.25610005078119
 10
74.51470588235294
 20
102.84755279893943
 10
74.51470588235294
 20
103.55578720976676
 10
74.51470588235294
 20
104.34528945257495
 10
74.51470588235294
 20
105.17647058823529
 10
74.51470588235294
 20
106.00765172389563
 10
74.51470588235294
 20
106.7971539667038
 10
74.51470588235294
 20
107.50538837753115
 10
74.51470588235294
 20
108.0968411256894
 10
74.51470588235294
 20
108.54185430069433
 10
74.51470588235294
 20
108.81811308373798
 10
74.51470588235294
 20
108.91176470588235
  0
LWPOLYLINE
  5
8F1
330
17
100
AcDbEntity
  8
HIDDEN
100
AcDbPolyline
 90
15
 70
0
 10
81.77941176470588
 20
108.91176470588235
 10
81.77941176470588
 20
108.81811308373798
 10
81.77941176470588
 20
108.54185430069433
 10
81.77941176470588
 20
108.0968411256894
 10
81.77941176470588
 20
107.50538837753115
 10
81.77941176470588
 20
106.7971539667038
 10
81.77941176470588
 20
106.00765172389563
 10
81.77941176470588
 20
105.17647058823529
 10
81.77941176470588
 20
104.34528945257495
 10
81.77941176470588
 20
103.55578720976676
 10
81.77941176470588
 20
102.84755279893943
 10
81.77941176470588
 20
102.25610005078119
 10
81.77941176470588
 20
101.81108687577625
 10
81.77941176470588
 20
101.5348280927326
 10
81.77941176470588
 20
101.44117647058823
  0
LWPOLYLINE
  5
8F2
330
17
100
AcDbEntity
  8
HIDDEN
100
AcDbPolyline
 90
15
 70
0
 10
81.77941176470588
 20
101.44117647058823
 10
81.77941176470588
 20
101.5348280927326
 10
81.77941176470588
 20
101.81108687577625
 10
81.77941176470588
 20
102.25610005078119
 10
81.77941176470588
 20
102.84755279893943
 10
81.77941176470588
 20
103.55578720976676
 10
81.77941176470588
 20
104.34528945257495
 10
81.77941176470588
 20
105.17647058823529
 10
81.77941176470588
 20
106.00765172389563
 10
81.77941176470588
 20
106.7971539667038
 10
81.77941176470588
 20
107.50538837753115
 10
81.77941176470588
 20
108.0968411256894
 10
81.77941176470588
 20
108.54185430069433
 10
81.77941176470588
 20
108.81811308373798
 10
81.77941176470588
 20
108.91176470588235
  0
LWPOLYLINE
  5
8F3
330
17
100
AcDbEntity
  8
HIDDEN
100
AcDbPolyline
 90
2
 70
0
 10
79.91176470588235
 20
108.91176470588235
 10
81.77941176470588
 20
108.91176470588235
  0
LWPOLYLINE
  5
8F4
330
17
100
AcDbEntity
  8
HIDDEN
100
AcDbPolyline
 90
15
 70
0
 10
79.91176470588235
 20
108.91176470588235
 10
79.91176470588235
 20
108.81811308373798
 10
79.91176470588235
 20
108.54185430069433
 10
79.91176470588235
 20
108.0968411256894
 10
79.91176470588235
 20
107.50538837753115
 10
79.91176470588235
 20
106.7971539667038
 10
79.91176470588235
 20
106.00765172389563
 10
79.91176470588235
 20
105.17647058823529
 10
79.91176470588235
 20
104.34528945257495
 10
79.91176470588235
 20
103.55578720976676
 10
79.91176470588235
 20
102.84755279893943
 10
79.91176470588235
 20
102.25610005078119
 10
79.91176470588235
 20
101.81108687577625
 10
79.91176470588235
 20
101.5348280927326
 10
79.91176470588235
 20
101.44117647058823
  0
LWPOLYLINE
  5
8F5
330
17
100
AcDbEntity
  8
HIDDEN
100
AcDbPolyline
 90
15
 70
0
 10
79.91176470588235
 20
101.44117647058823
 10
79.91176470588235
 20
101.5348280927326
 10
79.91176470588235
 20
101.81108687577625
 10
79.91176470588235
 20
102.25610005078119
 10
79.91176470588235
 20
102.84755279893943
 10
79.91176470588235
 20
103.55578720976676
 10
79.91176470588235
 20
104.34528945257495
 10
79.91176470588235
 20
105.17647058823529
 10
79.91176470588235
 20
106.00765172389563
 10
79.91176470588235
 20
106.7971539667038
 10
79.91176470588235
 20
107.50538837753115
 10
79.91176470588235
 20
108.0968411256894
 10
79.91176470588235
 20
108.54185430069433
 10
79.91176470588235
 20
108.81811308373798
 10
79.91176470588235
 20
108.91176470588235
  0
LWPOLYLINE
  5
8F6
330
17
100
AcDbEntity
  8
HIDDEN
100
AcDbPolyline
 90
2
 70
0
 10
62.85294117647059
 20
96.6470588235294
 10
62.85294117647059
 20
113.70588235294117
  0
LWPOLYLINE
  5
8F7
330
17
100
AcDbEntity
  8
HIDDEN
100
AcDbPolyline
 90
15
 70
0
 10
62.85294117647059
 20
96.6470588235294
 10
62.85294117647059
 20
95.92258280168447
 10
62.85294117647059
 20
95.20721748616502
 10
62.85294117647059
 20
94.50995901087832
 10
62.85294117647059
 20
93.83957580570991
 10
62.85294117647059
 20
93.20449832843016
 10
62.85294117647059
 20
92.61271304679643
 10
62.85294117647059
 20
92.07166200408705
 10
62.85294117647059
 20
91.5881492310892
 10
62.85294117647059
 20
91.16825518146403
 10
62.85294117647059
 20
90.81726026651376
 10
62.85294117647059
 20
90.53957845094585
 10
62.85294117647059
 20
90.33870174470584
 10
62.85294117647059
 20
90.21715628892608
 10
62.85294117647059
 20
90.17647058823529
  0
LWPOLYLINE
  5
8F8
330
17
100
AcDbEntity
  8
HIDDEN
100
AcDbPolyline
 90
15
 70
0
 10
62.85294117647059
 20
90.17647058823529
 10
62.85294117647059
 20
90.21715628892608
 10
62.85294117647059
 20
90.33870174470584
 10
62.85294117647059
 20
90.53957845094585
 10
62.85294117647059
 20
90.81726026651376
 10
62.85294117647059
 20
91.16825518146403
 10
62.85294117647059
 20
91.5881492310892
 10
62.85294117647059
 20
92.07166200408705
 10
62.85294117647059
 20
92.61271304679643
 10
62.85294117647059
 20
93.20449832843016
 10
62.85294117647059
 20
93.83957580570991
 10
62.85294117647059
 20
94.50995901087832
 10
62.85294117647059
 20
95.20721748616502
 10
62.85294117647059
 20
95.92258280168447
 10
62.85294117647059
 20
96.64705882352938
  0
LWPOLYLINE
  5
8F9
330
17
100
AcDbEntity
  8
HIDDEN
100
AcDbPolyline
 90
15
 70
0
 10
64.61764705882354
 20
96.6470588235294
 10
64.61764705882354
 20
95.92258280168447
 10
64.61764705882354
 20
95.20721748616502
 10
64.61764705882354
 20
94.50995901087832
 10
64.61764705882354
 20
93.83957580570991
 10
64.61764705882354
 20
93.20449832843016
 10
64.61764705882354
 20
92.61271304679643
 10
64.61764705882354
 20
92.07166200408705
 10
64.61764705882354
 20
91.5881492310892
 10
64.61764705882354
 20
91.16825518146403
 10
64.61764705882354
 20
90.81726026651376
 10
64.61764705882354
 20
90.53957845094585
 10
64.61764705882354
 20
90.33870174470584
 10
64.61764705882354
 20
90.21715628892608
 10
64.61764705882354
 20
90.17647058823529
  0
LWPOLYLINE
  5
8FA
330
17
100
AcDbEntity
  8
HIDDEN
100
AcDbPolyline
 90
15
 70
0
 10
62.85294117647059
 20
113.70588235294117
 10
62.85294117647059
 20
114.4303583747861
 10
62.85294117647059
 20
115.14572369030556
 10
62.85294117647059
 20
115.84298216559225
 10
62.85294117647059
 20
116.51336537076065
 10
62.85294117647059
 20
117.14844284804042
 10
62.85294117647059
 20
117.74022812967415
 10
62.85294117647059
 20
118.28127917238353
 10
62.85294117647059
 20
118.76479194538136
 10
62.85294117647059
 20
119.18468599500653
 10
62.85294117647059
 20
119.53568090995682
 10
62.85294117647059
 20
119.81336272552474
 10
62.85294117647059
 20
120.01423943176474
 10
62.85294117647059
 20
120.1357848875445
 10
62.85294117647059
 20
120.17647058823529
  0
LWPOLYLINE
  5
8FB
330
17
100
AcDbEntity
  8
HIDDEN
100
AcDbPolyline
 90
15
 70
0
 10
62.85294117647059
 20
120.17647058823529
 10
62.85294117647059
 20
120.1357848875445
 10
62.85294117647059
 20
120.01423943176474
 10
62.85294117647059
 20
119.81336272552474
 10
62.85294117647059
 20
119.53568090995682
 10
62.85294117647059
 20
119.18468599500653
 10
62.85294117647059
 20
118.76479194538136
 10
62.85294117647059
 20
118.28127917238353
 10
62.85294117647059
 20
117.74022812967415
 10
62.85294117647059
 20
117.14844284804042
 10
62.85294117647059
 20
116.51336537076065
 10
62.85294117647059
 20
115.84298216559225
 10
62.85294117647059
 20
115.14572369030556
 10
62.85294117647059
 20
114.4303583747861
 10
62.85294117647059
 20
113.70588235294119
  0
LWPOLYLINE
  5
8FC
330
17
100
AcDbEntity
  8
HIDDEN
100
AcDbPolyline
 90
15
 70
0
 10
64.61764705882354
 20
120.17647058823529
 10
64.61764705882354
 20
120.1357848875445
 10
64.61764705882354
 20
120.01423943176474
 10
64.61764705882354
 20
119.81336272552474
 10
64.61764705882354
 20
119.53568090995682
 10
64.61764705882354
 20
119.18468599500653
 10
64.61764705882354
 20
118.76479194538136
 10
64.61764705882354
 20
118.28127917238353
 10
64.61764705882354
 20
117.74022812967415
 10
64.61764705882354
 20
117.14844284804042
 10
64.61764705882354
 20
116.51336537076065
 10
64.61764705882354
 20
115.84298216559225
 10
64.61764705882354
 20
115.14572369030556
 10
64.61764705882354
 20
114.4303583747861
 10
64.61764705882354
 20
113.70588235294119
  0
LWPOLYLINE
  5
8FD
330
17
100
AcDbEntity
  8
HIDDEN
100
AcDbPolyline
 90
2
 70
0
 10
62.85294117647059
 20
113.70588235294117
 10
62.85294117647059
 20
96.6470588235294
  0
LWPOLYLINE
  5
8FE
330
17
100
AcDbEntity
  8
HIDDEN
100
AcDbPolyline
 90
2
 70
0
 10
62.85294117647059
 20
114.41176470588235
 10
62.85294117647059
 20
115.47058823529412
  0
LWPOLYLINE
  5
8FF
330
17
100
AcDbEntity
  8
HIDDEN
100
AcDbPolyline
 90
15
 70
0
 10
62.85294117647059
 20
115.47058823529412
 10
62.85294117647059
 20
115.6879310418476
 10
62.85294117647059
 20
115.90254063650343
 10
62.85294117647059
 20
116.11171817908945
 10
62.85294117647059
 20
116.31283314063995
 10
62.85294117647059
 20
116.50335638382388
 10
62.85294117647059
 20
116.680891968314
 10
62.85294117647059
 20
116.84320728112682
 10
62.85294117647059
 20
116.98826111302617
 10
62.85294117647059
 20
117.11422932791372
 10
62.85294117647059
 20
117.2195278023988
 10
62.85294117647059
 20
117.30283234706917
 10
62.85294117647059
 20
117.36309535894118
 10
62.85294117647059
 20
117.39955899567511
 10
62.85294117647059
 20
117.41176470588235
  0
LWPOLYLINE
  5
900
330
17
100
AcDbEntity
  8
HIDDEN
100
AcDbPolyline
 90
15
 70
0
 10
62.85294117647059
 20
117.41176470588235
 10
62.85294117647059
 20
117.39955899567511
 10
62.85294117647059
 20
117.36309535894118
 10
62.85294117647059
 20
117.30283234706917
 10
62.85294117647059
 20
117.2195278023988
 10
62.85294117647059
 20
117.11422932791372
 10
62.85294117647059
 20
116.98826111302617
 10
62.85294117647059
 20
116.84320728112682
 10
62.85294117647059
 20
116.680891968314
 10
62.85294117647059
 20
116.50335638382388
 10
62.85294117647059
 20
116.31283314063995
 10
62.85294117647059
 20
116.11171817908945
 10
62.85294117647059
 20
115.90254063650343
 10
62.85294117647059
 20
115.68793104184759
 10
62.85294117647059
 20
115.47058823529412
  0
LWPOLYLINE
  5
901
330
17
100
AcDbEntity
  8
HIDDEN
100
AcDbPolyline
 90
2
 70
0
 10
62.85294117647059
 20
115.47058823529412
 10
62.85294117647059
 20
114.41176470588235
  0
LWPOLYLINE
  5
902
330
17
100
AcDbEntity
  8
HIDDEN
100
AcDbPolyline
 90
15
 70
0
 10
62.85294117647059
 20
114.41176470588235
 10
62.85294117647059
 20
114.19442189932886
 10
62.85294117647059
 20
113.97981230467303
 10
62.85294117647059
 20
113.77063476208701
 10
62.85294117647059
 20
113.56951980053648
 10
62.85294117647059
 20
113.37899655735256
 10
62.85294117647059
 20
113.20146097286244
 10
62.85294117647059
 20
113.03914566004963
 10
62.85294117647059
 20
112.89409182815028
 10
62.85294117647059
 20
112.76812361326273
 10
62.85294117647059
 20
112.66282513877765
 10
62.85294117647059
 20
112.57952059410728
 10
62.85294117647059
 20
112.51925758223527
 10
62.85294117647059
 20
112.48279394550134
 10
62.85294117647059
 20
112.47058823529412
  0
LWPOLYLINE
  5
903
330
17
100
AcDbEntity
  8
HIDDEN
100
AcDbPolyline
 90
15
 70
0
 10
62.85294117647059
 20
112.47058823529412
 10
62.85294117647059
 20
112.48279394550134
 10
62.85294117647059
 20
112.51925758223527
 10
62.85294117647059
 20
112.57952059410728
 10
62.85294117647059
 20
112.66282513877765
 10
62.85294117647059
 20
112.76812361326273
 10
62.85294117647059
 20
112.89409182815028
 10
62.85294117647059
 20
113.03914566004963
 10
62.85294117647059
 20
113.20146097286244
 10
62.85294117647059
 20
113.37899655735256
 10
62.85294117647059
 20
113.56951980053648
 10
62.85294117647059
 20
113.77063476208701
 10
62.85294117647059
 20
113.97981230467303
 10
62.85294117647059
 20
114.19442189932886
 10
62.85294117647059
 20
114.41176470588233
  0
LWPOLYLINE
  5
904
330
17
100
AcDbEntity
  8
HIDDEN
100
AcDbPolyline
 90
2
 70
0
 10
62.85294117647059
 20
94.88235294117646
 10
62.85294117647059
 20
95.94117647058823
  0
LWPOLYLINE
  5
905
330
17
100
AcDbEntity
  8
HIDDEN
100
AcDbPolyline
 90
15
 70
0
 10
62.85294117647059
 20
94.88235294117646
 10
62.85294117647059
 20
94.66501013462299
 10
62.85294117647059
 20
94.45040053996715
 10
62.85294117647059
 20
94.24122299738114
 10
62.85294117647059
 20
94.04010803583061
 10
62.85294117647059
 20
93.8495847926467
 10
62.85294117647059
 20
93.67204920815657
 10
62.85294117647059
 20
93.50973389534376
 10
62.85294117647059
 20
93.36468006344441
 10
62.85294117647059
 20
93.23871184855685
 10
62.85294117647059
 20
93.13341337407176
 10
62.85294117647059
 20
93.0501088294014
 10
62.85294117647059
 20
92.9898458175294
 10
62.85294117647059
 20
92.95338218079546
 10
62.85294117647059
 20
92.94117647058823
  0
LWPOLYLINE
  5
906
330
17
100
AcDbEntity
  8
HIDDEN
100
AcDbPolyline
 90
15
 70
0
 10
62.85294117647059
 20
92.94117647058823
 10
62.85294117647059
 20
92.95338218079546
 10
62.85294117647059
 20
92.9898458175294
 10
62.85294117647059
 20
93.0501088294014
 10
62.85294117647059
 20
93.13341337407176
 10
62.85294117647059
 20
93.23871184855685
 10
62.85294117647059
 20
93.36468006344441
 10
62.85294117647059
 20
93.50973389534376
 10
62.85294117647059
 20
93.67204920815657
 10
62.85294117647059
 20
93.8495847926467
 10
62.85294117647059
 20
94.04010803583061
 10
62.85294117647059
 20
94.24122299738114
 10
62.85294117647059
 20
94.45040053996715
 10
62.85294117647059
 20
94.66501013462299
 10
62.85294117647059
 20
94.88235294117646
  0
LWPOLYLINE
  5
907
330
17
100
AcDbEntity
  8
HIDDEN
100
AcDbPolyline
 90
15
 70
0
 10
62.85294117647059
 20
95.94117647058823
 10
62.85294117647059
 20
96.1585192771417
 10
62.85294117647059
 20
96.37312887179755
 10
62.85294117647059
 20
96.58230641438355
 10
62.85294117647059
 20
96.78342137593408
 10
62.85294117647059
 20
96.973944619118
 10
62.85294117647059
 20
97.15148020360812
 10
62.85294117647059
 20
97.31379551642094
 10
62.85294117647059
 20
97.45884934832029
 10
62.85294117647059
 20
97.58481756320784
 10
62.85294117647059
 20
97.69011603769292
 10
62.85294117647059
 20
97.77342058236329
 10
62.85294117647059
 20
97.8336835942353
 10
62.85294117647059
 20
97.87014723096922
 10
62.85294117647059
 20
97.88235294117646
  0
LWPOLYLINE
  5
908
330
17
100
AcDbEntity
  8
HIDDEN
100
AcDbPolyline
 90
15
 70
0
 10
62.85294117647059
 20
97.88235294117646
 10
62.85294117647059
 20
97.87014723096922
 10
62.85294117647059
 20
97.8336835942353
 10
62.85294117647059
 20
97.77342058236329
 10
62.85294117647059
 20
97.69011603769292
 10
62.85294117647059
 20
97.58481756320784
 10
62.85294117647059
 20
97.45884934832029
 10
62.85294117647059
 20
97.31379551642094
 10
62.85294117647059
 20
97.15148020360812
 10
62.85294117647059
 20
96.973944619118
 10
62.85294117647059
 20
96.78342137593408
 10
62.85294117647059
 20
96.58230641438355
 10
62.85294117647059
 20
96.37312887179755
 10
62.85294117647059
 20
96.1585192771417
 10
62.85294117647059
 20
95.94117647058823
  0
LWPOLYLINE
  5
909
330
17
100
AcDbEntity
  8
HIDDEN
100
AcDbPolyline
 90
2
 70
0
 10
62.85294117647059
 20
95.94117647058823
 10
62.85294117647059
 20
94.88235294117646
  0
LWPOLYLINE
  5
90A
330
17
100
AcDbEntity
  8
HIDDEN
100
AcDbPolyline
 90
2
 70
0
 10
64.61764705882354
 20
100.76470588235293
 10
64.61764705882354
 20
96.6470588235294
  0
LWPOLYLINE
  5
90B
330
17
100
AcDbEntity
  8
HIDDEN
100
AcDbPolyline
 90
2
 70
0
 10
64.61764705882354
 20
94.88235294117646
 10
64.61764705882354
 20
95.94117647058823
  0
LWPOLYLINE
  5
90C
330
17
100
AcDbEntity
  8
HIDDEN
100
AcDbPolyline
 90
15
 70
0
 10
64.61764705882354
 20
95.94117647058823
 10
64.61764705882354
 20
96.1585192771417
 10
64.61764705882354
 20
96.37312887179755
 10
64.61764705882354
 20
96.58230641438355
 10
64.61764705882354
 20
96.78342137593408
 10
64.61764705882354
 20
96.973944619118
 10
64.61764705882354
 20
97.15148020360812
 10
64.61764705882354
 20
97.31379551642094
 10
64.61764705882354
 20
97.45884934832029
 10
64.61764705882354
 20
97.58481756320784
 10
64.61764705882354
 20
97.69011603769292
 10
64.61764705882354
 20
97.77342058236329
 10
64.61764705882354
 20
97.8336835942353
 10
64.61764705882354
 20
97.87014723096922
 10
64.61764705882354
 20
97.88235294117646
  0
LWPOLYLINE
  5
90D
330
17
100
AcDbEntity
  8
HIDDEN
100
AcDbPolyline
 90
15
 70
0
 10
64.61764705882354
 20
97.88235294117646
 10
64.61764705882354
 20
97.87014723096922
 10
64.61764705882354
 20
97.8336835942353
 10
64.61764705882354
 20
97.77342058236329
 10
64.61764705882354
 20
97.69011603769292
 10
64.61764705882354
 20
97.58481756320784
 10
64.61764705882354
 20
97.45884934832029
 10
64.61764705882354
 20
97.31379551642094
 10
64.61764705882354
 20
97.15148020360812
 10
64.61764705882354
 20
96.973944619118
 10
64.61764705882354
 20
96.78342137593408
 10
64.61764705882354
 20
96.58230641438355
 10
64.61764705882354
 20
96.37312887179755
 10
64.61764705882354
 20
96.1585192771417
 10
64.61764705882354
 20
95.94117647058823
  0
LWPOLYLINE
  5
90E
330
17
100
AcDbEntity
  8
HIDDEN
100
AcDbPolyline
 90
2
 70
0
 10
64.61764705882354
 20
95.94117647058823
 10
64.61764705882354
 20
94.88235294117646
  0
LWPOLYLINE
  5
90F
330
17
100
AcDbEntity
  8
HIDDEN
100
AcDbPolyline
 90
15
 70
0
 10
64.61764705882354
 20
94.88235294117646
 10
64.61764705882354
 20
94.66501013462299
 10
64.61764705882354
 20
94.45040053996715
 10
64.61764705882354
 20
94.24122299738114
 10
64.61764705882354
 20
94.04010803583061
 10
64.61764705882354
 20
93.8495847926467
 10
64.61764705882354
 20
93.67204920815657
 10
64.61764705882354
 20
93.50973389534376
 10
64.61764705882354
 20
93.36468006344441
 10
64.61764705882354
 20
93.23871184855685
 10
64.61764705882354
 20
93.13341337407176
 10
64.61764705882354
 20
93.0501088294014
 10
64.61764705882354
 20
92.9898458175294
 10
64.61764705882354
 20
92.95338218079546
 10
64.61764705882354
 20
92.94117647058823
  0
LWPOLYLINE
  5
910
330
17
100
AcDbEntity
  8
HIDDEN
100
AcDbPolyline
 90
15
 70
0
 10
64.61764705882354
 20
92.94117647058823
 10
64.61764705882354
 20
92.95338218079546
 10
64.61764705882354
 20
92.9898458175294
 10
64.61764705882354
 20
93.0501088294014
 10
64.61764705882354
 20
93.13341337407176
 10
64.61764705882354
 20
93.23871184855685
 10
64.61764705882354
 20
93.36468006344441
 10
64.61764705882354
 20
93.50973389534376
 10
64.61764705882354
 20
93.67204920815657
 10
64.61764705882354
 20
93.8495847926467
 10
64.61764705882354
 20
94.04010803583061
 10
64.61764705882354
 20
94.24122299738114
 10
64.61764705882354
 20
94.45040053996715
 10
64.61764705882354
 20
94.66501013462299
 10
64.61764705882354
 20
94.88235294117646
  0
LWPOLYLINE
  5
911
330
17
100
AcDbEntity
  8
HIDDEN
100
AcDbPolyline
 90
2
 70
0
 10
64.61764705882354
 20
113.70588235294117
 10
64.61764705882354
 20
109.58823529411765
  0
LWPOLYLINE
  5
912
330
17
100
AcDbEntity
  8
HIDDEN
100
AcDbPolyline
 90
2
 70
0
 10
64.61764705882354
 20
114.41176470588235
 10
64.61764705882354
 20
115.47058823529412
  0
LWPOLYLINE
  5
913
330
17
100
AcDbEntity
  8
HIDDEN
100
AcDbPolyline
 90
15
 70
0
 10
64.61764705882354
 20
115.47058823529412
 10
64.61764705882354
 20
115.6879310418476
 10
64.61764705882354
 20
115.90254063650343
 10
64.61764705882354
 20
116.11171817908945
 10
64.61764705882354
 20
116.31283314063995
 10
64.61764705882354
 20
116.50335638382388
 10
64.61764705882354
 20
116.680891968314
 10
64.61764705882354
 20
116.84320728112682
 10
64.61764705882354
 20
116.98826111302617
 10
64.61764705882354
 20
117.11422932791372
 10
64.61764705882354
 20
117.2195278023988
 10
64.61764705882354
 20
117.30283234706917
 10
64.61764705882354
 20
117.36309535894118
 10
64.61764705882354
 20
117.39955899567511
 10
64.61764705882354
 20
117.41176470588235
  0
LWPOLYLINE
  5
914
330
17
100
AcDbEntity
  8
HIDDEN
100
AcDbPolyline
 90
15
 70
0
 10
64.61764705882354
 20
117.41176470588235
 10
64.61764705882354
 20
117.39955899567511
 10
64.61764705882354
 20
117.36309535894118
 10
64.61764705882354
 20
117.30283234706917
 10
64.61764705882354
 20
117.2195278023988
 10
64.61764705882354
 20
117.11422932791372
 10
64.61764705882354
 20
116.98826111302617
 10
64.61764705882354
 20
116.84320728112682
 10
64.61764705882354
 20
116.680891968314
 10
64.61764705882354
 20
116.50335638382388
 10
64.61764705882354
 20
116.31283314063995
 10
64.61764705882354
 20
116.11171817908945
 10
64.61764705882354
 20
115.90254063650343
 10
64.61764705882354
 20
115.68793104184759
 10
64.61764705882354
 20
115.47058823529412
  0
LWPOLYLINE
  5
915
330
17
100
AcDbEntity
  8
HIDDEN
100
AcDbPolyline
 90
2
 70
0
 10
64.61764705882354
 20
115.47058823529412
 10
64.61764705882354
 20
114.41176470588235
  0
LWPOLYLINE
  5
916
330
17
100
AcDbEntity
  8
HIDDEN
100
AcDbPolyline
 90
15
 70
0
 10
64.61764705882354
 20
114.41176470588235
 10
64.61764705882354
 20
114.19442189932886
 10
64.61764705882354
 20
113.97981230467303
 10
64.61764705882354
 20
113.77063476208701
 10
64.61764705882354
 20
113.56951980053648
 10
64.61764705882354
 20
113.37899655735256
 10
64.61764705882354
 20
113.20146097286244
 10
64.61764705882354
 20
113.03914566004963
 10
64.61764705882354
 20
112.89409182815028
 10
64.61764705882354
 20
112.76812361326273
 10
64.61764705882354
 20
112.66282513877765
 10
64.61764705882354
 20
112.57952059410728
 10
64.61764705882354
 20
112.51925758223527
 10
64.61764705882354
 20
112.48279394550134
 10
64.61764705882354
 20
112.47058823529412
  0
LWPOLYLINE
  5
917
330
17
100
AcDbEntity
  8
HIDDEN
100
AcDbPolyline
 90
15
 70
0
 10
64.61764705882354
 20
112.47058823529412
 10
64.61764705882354
 20
112.48279394550134
 10
64.61764705882354
 20
112.51925758223527
 10
64.61764705882354
 20
112.57952059410728
 10
64.61764705882354
 20
112.66282513877765
 10
64.61764705882354
 20
112.76812361326273
 10
64.61764705882354
 20
112.89409182815028
 10
64.61764705882354
 20
113.03914566004963
 10
64.61764705882354
 20
113.20146097286244
 10
64.61764705882354
 20
113.37899655735256
 10
64.61764705882354
 20
113.56951980053648
 10
64.61764705882354
 20
113.77063476208701
 10
64.61764705882354
 20
113.97981230467303
 10
64.61764705882354
 20
114.19442189932886
 10
64.61764705882354
 20
114.41176470588233
  0
LWPOLYLINE
  5
918
330
17
100
AcDbEntity
  8
HIDDEN
100
AcDbPolyline
 90
2
 70
0
 10
64.61764705882354
 20
100.76470588235293
 10
64.61764705882354
 20
109.58823529411765
  0
LWPOLYLINE
  5
919
330
17
100
AcDbEntity
  8
HIDDEN
100
AcDbPolyline
 90
2
 70
0
 10
64.61764705882354
 20
100.76470588235293
 10
66.38235294117646
 20
100.76470588235293
  0
LWPOLYLINE
  5
91A
330
17
100
AcDbEntity
  8
HIDDEN
100
AcDbPolyline
 90
2
 70
0
 10
66.38235294117646
 20
100.76470588235293
 10
66.38235294117646
 20
109.58823529411765
  0
LWPOLYLINE
  5
91B
330
17
100
AcDbEntity
  8
HIDDEN
100
AcDbPolyline
 90
2
 70
0
 10
64.61764705882354
 20
109.58823529411765
 10
66.38235294117646
 20
109.58823529411765
  0
LWPOLYLINE
  5
91C
330
17
100
AcDbEntity
  8
HIDDEN
100
AcDbPolyline
 90
15
 70
0
 10
251.70588235294122
 20
95.76470588235293
 10
251.70588235294122
 20
96.00067847358284
 10
251.70588235294122
 20
96.69676359621252
 10
251.70588235294122
 20
97.81805663559501
 10
251.70588235294122
 20
99.30833127662368
 10
251.70588235294122
 20
101.09285892595238
 10
251.70588235294122
 20
103.08215591570527
 10
251.70588235294122
 20
105.17647058823529
 10
251.70588235294122
 20
107.27078526076531
 10
251.70588235294122
 20
109.2600822505182
 10
251.70588235294122
 20
111.0446098998469
 10
251.70588235294122
 20
112.53488454087557
 10
251.70588235294122
 20
113.65617758025806
 10
251.70588235294122
 20
114.35226270288774
 10
251.70588235294122
 20
114.58823529411762
  0
LWPOLYLINE
  5
91D
330
17
100
AcDbEntity
  8
HIDDEN
100
AcDbPolyline
 90
15
 70
0
 10
210.5294117647059
 20
95.76470588235293
 10
210.5294117647059
 20
96.00067847358284
 10
210.5294117647059
 20
96.69676359621252
 10
210.5294117647059
 20
97.81805663559501
 10
210.5294117647059
 20
99.30833127662368
 10
210.5294117647059
 20
101.09285892595238
 10
210.5294117647059
 20
103.08215591570527
 10
210.5294117647059
 20
105.17647058823529
 10
210.5294117647059
 20
107.27078526076531
 10
210.5294117647059
 20
109.2600822505182
 10
210.5294117647059
 20
111.0446098998469
 10
210.5294117647059
 20
112.53488454087557
 10
210.5294117647059
 20
113.65617758025806
 10
210.5294117647059
 20
114.35226270288774
 10
210.5294117647059
 20
114.58823529411762
  0
LWPOLYLINE
  5
91E
330
17
100
AcDbEntity
  8
HIDDEN
100
AcDbPolyline
 90
15
 70
0
 10
210.5294117647059
 20
110.77941176470588
 10
210.5294117647059
 20
110.63893433148932
 10
210.5294117647059
 20
110.22454615692385
 10
210.5294117647059
 20
109.55702639441645
 10
210.5294117647059
 20
108.66984727217908
 10
210.5294117647059
 20
107.60749565593808
 10
210.5294117647059
 20
106.42324229172581
 10
210.5294117647059
 20
105.17647058823529
 10
210.5294117647059
 20
103.92969888474477
 10
210.5294117647059
 20
102.7454455205325
 10
210.5294117647059
 20
101.6830939042915
 10
210.5294117647059
 20
100.79591478205413
 10
210.5294117647059
 20
100.12839501954673
 10
210.5294117647059
 20
99.71400684498124
 10
210.5294117647059
 20
99.57352941176471
  0
LWPOLYLINE
  5
91F
330
17
100
AcDbEntity
  8
HIDDEN
100
AcDbPolyline
 90
15
 70
0
 10
210.5294117647059
 20
99.5735294117647
 10
210.5294117647059
 20
99.71400684498124
 10
210.5294117647059
 20
100.12839501954673
 10
210.5294117647059
 20
100.79591478205413
 10
210.5294117647059
 20
101.6830939042915
 10
210.5294117647059
 20
102.7454455205325
 10
210.5294117647059
 20
103.92969888474477
 10
210.5294117647059
 20
105.17647058823529
 10
210.5294117647059
 20
106.42324229172581
 10
210.5294117647059
 20
107.60749565593808
 10
210.5294117647059
 20
108.66984727217908
 10
210.5294117647059
 20
109.55702639441645
 10
210.5294117647059
 20
110.22454615692385
 10
210.5294117647059
 20
110.63893433148932
 10
210.5294117647059
 20
110.77941176470587
  0
LWPOLYLINE
  5
920
330
17
100
AcDbEntity
  8
HIDDEN
100
AcDbPolyline
 90
2
 70
0
 10
199.3235294117647
 20
110.77941176470588
 10
204.0294117647059
 20
110.77941176470588
  0
LWPOLYLINE
  5
921
330
17
100
AcDbEntity
  8
HIDDEN
100
AcDbPolyline
 90
15
 70
0
 10
199.3235294117647
 20
110.77941176470588
 10
199.3235294117647
 20
110.63893433148932
 10
199.3235294117647
 20
110.22454615692385
 10
199.3235294117647
 20
109.55702639441645
 10
199.3235294117647
 20
108.66984727217908
 10
199.3235294117647
 20
107.60749565593808
 10
199.3235294117647
 20
106.42324229172581
 10
199.3235294117647
 20
105.17647058823529
 10
199.3235294117647
 20
103.92969888474477
 10
199.3235294117647
 20
102.7454455205325
 10
199.3235294117647
 20
101.6830939042915
 10
199.3235294117647
 20
100.79591478205413
 10
199.3235294117647
 20
100.12839501954673
 10
199.3235294117647
 20
99.71400684498124
 10
199.3235294117647
 20
99.57352941176471
  0
LWPOLYLINE
  5
922
330
17
100
AcDbEntity
  8
HIDDEN
100
AcDbPolyline
 90
15
 70
0
 10
199.3235294117647
 20
99.5735294117647
 10
199.3235294117647
 20
99.71400684498124
 10
199.3235294117647
 20
100.12839501954673
 10
199.3235294117647
 20
100.79591478205413
 10
199.3235294117647
 20
101.6830939042915
 10
199.3235294117647
 20
102.7454455205325
 10
199.3235294117647
 20
103.92969888474477
 10
199.3235294117647
 20
105.17647058823529
 10
199.3235294117647
 20
106.42324229172581
 10
199.3235294117647
 20
107.60749565593808
 10
199.3235294117647
 20
108.66984727217908
 10
199.3235294117647
 20
109.55702639441645
 10
199.3235294117647
 20
110.22454615692385
 10
199.3235294117647
 20
110.63893433148932
 10
199.3235294117647
 20
110.77941176470587
  0
LWPOLYLINE
  5
923
330
17
100
AcDbEntity
  8
HIDDEN
100
AcDbPolyline
 90
15
 70
0
 10
199.3235294117647
 20
108.11764705882352
 10
199.3235294117647
 20
108.04390562406418
 10
199.3235294117647
 20
107.8263790232424
 10
199.3235294117647
 20
107.47597494843538
 10
199.3235294117647
 20
107.01026412311391
 10
199.3235294117647
 20
106.4525992326987
 10
199.3235294117647
 20
105.83094392340092
 10
199.3235294117647
 20
105.17647058823529
 10
199.3235294117647
 20
104.52199725306966
 10
199.3235294117647
 20
103.90034194377188
 10
199.3235294117647
 20
103.34267705335665
 10
199.3235294117647
 20
102.8769662280352
 10
199.3235294117647
 20
102.52656215322817
 10
199.3235294117647
 20
102.3090355524064
 10
199.3235294117647
 20
102.23529411764704
  0
LWPOLYLINE
  5
924
330
17
100
AcDbEntity
  8
HIDDEN
100
AcDbPolyline
 90
15
 70
0
 10
199.3235294117647
 20
102.23529411764704
 10
199.3235294117647
 20
102.3090355524064
 10
199.3235294117647
 20
102.52656215322817
 10
199.3235294117647
 20
102.8769662280352
 10
199.3235294117647
 20
103.34267705335665
 10
199.3235294117647
 20
103.90034194377188
 10
199.3235294117647
 20
104.52199725306966
 10
199.3235294117647
 20
105.17647058823529
 10
199.3235294117647
 20
105.83094392340092
 10
199.3235294117647
 20
106.4525992326987
 10
199.3235294117647
 20
107.01026412311391
 10
199.3235294117647
 20
107.47597494843538
 10
199.3235294117647
 20
107.8263790232424
 10
199.3235294117647
 20
108.04390562406418
 10
199.3235294117647
 20
108.11764705882352
  0
LWPOLYLINE
  5
925
330
17
100
AcDbEntity
  8
HIDDEN
100
AcDbPolyline
 90
15
 70
0
 10
198.73529411764707
 20
108.11764705882352
 10
198.73529411764707
 20
108.04390562406418
 10
198.73529411764707
 20
107.8263790232424
 10
198.73529411764707
 20
107.47597494843538
 10
198.73529411764707
 20
107.01026412311391
 10
198.73529411764707
 20
106.4525992326987
 10
198.73529411764707
 20
105.83094392340092
 10
198.73529411764707
 20
105.17647058823529
 10
198.73529411764707
 20
104.52199725306966
 10
198.73529411764707
 20
103.90034194377188
 10
198.73529411764707
 20
103.34267705335665
 10
198.73529411764707
 20
102.8769662280352
 10
198.73529411764707
 20
102.52656215322817
 10
198.73529411764707
 20
102.3090355524064
 10
198.73529411764707
 20
102.23529411764704
  0
LWPOLYLINE
  5
926
330
17
100
AcDbEntity
  8
HIDDEN
100
AcDbPolyline
 90
15
 70
0
 10
198.73529411764707
 20
102.23529411764704
 10
198.73529411764707
 20
102.3090355524064
 10
198.73529411764707
 20
102.52656215322817
 10
198.73529411764707
 20
102.8769662280352
 10
198.73529411764707
 20
103.34267705335665
 10
198.73529411764707
 20
103.90034194377188
 10
198.73529411764707
 20
104.52199725306966
 10
198.73529411764707
 20
105.17647058823529
 10
198.73529411764707
 20
105.83094392340092
 10
198.73529411764707
 20
106.4525992326987
 10
198.73529411764707
 20
107.01026412311391
 10
198.73529411764707
 20
107.47597494843538
 10
198.73529411764707
 20
107.8263790232424
 10
198.73529411764707
 20
108.04390562406418
 10
198.73529411764707
 20
108.11764705882352
  0
LWPOLYLINE
  5
927
330
17
100
AcDbEntity
  8
HIDDEN
100
AcDbPolyline
 90
15
 70
0
 10
198.73529411764707
 20
96.94117647058823
 10
198.73529411764707
 20
97.14765248791439
 10
198.73529411764707
 20
97.75672697021537
 10
198.73529411764707
 20
98.73785837967505
 10
198.73529411764707
 20
100.04184869057514
 10
198.73529411764707
 20
101.60331038373775
 10
198.73529411764707
 20
103.34394524977152
 10
198.73529411764707
 20
105.17647058823529
 10
198.73529411764707
 20
107.00899592669904
 10
198.73529411764707
 20
108.74963079273283
 10
198.73529411764707
 20
110.31109248589544
 10
198.73529411764707
 20
111.61508279679553
 10
198.73529411764707
 20
112.59621420625521
 10
198.73529411764707
 20
113.20528868855618
 10
198.73529411764707
 20
113.41176470588235
  0
LWPOLYLINE
  5
928
330
17
100
AcDbEntity
  8
HIDDEN
100
AcDbPolyline
 90
15
 70
0
 10
195.20588235294116
 20
96.94117647058823
 10
195.20588235294116
 20
97.14765248791439
 10
195.20588235294116
 20
97.75672697021537
 10
195.20588235294116
 20
98.73785837967505
 10
195.20588235294116
 20
100.04184869057514
 10
195.20588235294116
 20
101.60331038373775
 10
195.20588235294116
 20
103.34394524977152
 10
195.20588235294116
 20
105.17647058823529
 10
195.20588235294116
 20
107.00899592669904
 10
195.20588235294116
 20
108.74963079273283
 10
195.20588235294116
 20
110.31109248589544
 10
195.20588235294116
 20
111.61508279679553
 10
195.20588235294116
 20
112.59621420625521
 10
195.20588235294116
 20
113.20528868855618
 10
195.20588235294116
 20
113.41176470588235
  0
LWPOLYLINE
  5
929
330
17
100
AcDbEntity
  8
HIDDEN
100
AcDbPolyline
 90
15
 70
0
 10
195.20588235294116
 20
108.11764705882352
 10
195.20588235294116
 20
108.04390562406418
 10
195.20588235294116
 20
107.8263790232424
 10
195.20588235294116
 20
107.47597494843538
 10
195.20588235294116
 20
107.01026412311391
 10
195.20588235294116
 20
106.4525992326987
 10
195.20588235294116
 20
105.83094392340092
 10
195.20588235294116
 20
105.17647058823529
 10
195.20588235294116
 20
104.52199725306966
 10
195.20588235294116
 20
103.90034194377188
 10
195.20588235294116
 20
103.34267705335665
 10
195.20588235294116
 20
102.8769662280352
 10
195.20588235294116
 20
102.52656215322817
 10
195.20588235294116
 20
102.3090355524064
 10
195.20588235294116
 20
102.23529411764704
  0
LWPOLYLINE
  5
92A
330
17
100
AcDbEntity
  8
HIDDEN
100
AcDbPolyline
 90
15
 70
0
 10
195.20588235294116
 20
102.23529411764704
 10
195.20588235294116
 20
102.3090355524064
 10
195.20588235294116
 20
102.52656215322817
 10
195.20588235294116
 20
102.8769662280352
 10
195.20588235294116
 20
103.34267705335665
 10
195.20588235294116
 20
103.90034194377188
 10
195.20588235294116
 20
104.52199725306966
 10
195.20588235294116
 20
105.17647058823529
 10
195.20588235294116
 20
105.83094392340092
 10
195.20588235294116
 20
106.4525992326987
 10
195.20588235294116
 20
107.01026412311391
 10
195.20588235294116
 20
107.47597494843538
 10
195.20588235294116
 20
107.8263790232424
 10
195.20588235294116
 20
108.04390562406418
 10
195.20588235294116
 20
108.11764705882352
  0
LWPOLYLINE
  5
92B
330
17
100
AcDbEntity
  8
HIDDEN
100
AcDbPolyline
 90
15
 70
0
 10
188.73529411764707
 20
108.11764705882352
 10
188.73529411764707
 20
108.04390562406418
 10
188.73529411764707
 20
107.8263790232424
 10
188.73529411764707
 20
107.47597494843538
 10
188.73529411764707
 20
107.01026412311391
 10
188.73529411764707
 20
106.4525992326987
 10
188.73529411764707
 20
105.83094392340092
 10
188.73529411764707
 20
105.17647058823529
 10
188.73529411764707
 20
104.52199725306966
 10
188.73529411764707
 20
103.90034194377188
 10
188.73529411764707
 20
103.34267705335665
 10
188.73529411764707
 20
102.8769662280352
 10
188.73529411764707
 20
102.52656215322817
 10
188.73529411764707
 20
102.3090355524064
 10
188.73529411764707
 20
102.23529411764704
  0
LWPOLYLINE
  5
92C
330
17
100
AcDbEntity
  8
HIDDEN
100
AcDbPolyline
 90
15
 70
0
 10
188.73529411764707
 20
102.23529411764704
 10
188.73529411764707
 20
102.3090355524064
 10
188.73529411764707
 20
102.52656215322817
 10
188.73529411764707
 20
102.8769662280352
 10
188.73529411764707
 20
103.34267705335665
 10
188.73529411764707
 20
103.90034194377188
 10
188.73529411764707
 20
104.52199725306966
 10
188.73529411764707
 20
105.17647058823529
 10
188.73529411764707
 20
105.83094392340092
 10
188.73529411764707
 20
106.4525992326987
 10
188.73529411764707
 20
107.01026412311391
 10
188.73529411764707
 20
107.47597494843538
 10
188.73529411764707
 20
107.8263790232424
 10
188.73529411764707
 20
108.04390562406418
 10
188.73529411764707
 20
108.11764705882352
  0
LWPOLYLINE
  5
92D
330
17
100
AcDbEntity
  8
HIDDEN
100
AcDbPolyline
 90
15
 70
0
 10
96.73529411764706
 20
93.05882352941175
 10
96.6527037107166
 20
93.05882352941175
 10
96.4090739177962
 20
93.05882352941175
 10
96.01662135401233
 20
93.05882352941175
 10
95.4950252296523
 20
93.05882352941175
 10
94.87044055238725
 20
93.05882352941175
 10
94.17418660597374
 20
93.05882352941175
 10
93.44117647058823
 20
93.05882352941175
 10
92.70816633520272
 20
93.05882352941175
 10
92.01191238878923
 20
93.05882352941175
 10
91.38732771152416
 20
93.05882352941175
 10
90.86573158716413
 20
93.05882352941175
 10
90.47327902338027
 20
93.05882352941175
 10
90.22964923045987
 20
93.05882352941175
 10
90.14705882352942
 20
93.05882352941175
  0
LWPOLYLINE
  5
92E
330
17
100
AcDbEntity
  8
HIDDEN
100
AcDbPolyline
 90
15
 70
0
 10
96.73529411764706
 20
90.23529411764706
 10
96.6527037107166
 20
90.23529411764706
 10
96.4090739177962
 20
90.23529411764706
 10
96.01662135401233
 20
90.23529411764706
 10
95.4950252296523
 20
90.23529411764706
 10
94.87044055238725
 20
90.23529411764706
 10
94.17418660597374
 20
90.23529411764706
 10
93.44117647058823
 20
90.23529411764706
 10
92.70816633520272
 20
90.23529411764706
 10
92.01191238878923
 20
90.23529411764706
 10
91.38732771152416
 20
90.23529411764706
 10
90.86573158716413
 20
90.23529411764706
 10
90.47327902338027
 20
90.23529411764706
 10
90.22964923045987
 20
90.23529411764706
 10
90.14705882352942
 20
90.23529411764706
  0
LWPOLYLINE
  5
92F
330
17
100
AcDbEntity
  8
HIDDEN
100
AcDbPolyline
 90
15
 70
0
 10
95.20588235294117
 20
90.23529411764706
 10
95.16163749208557
 20
90.23529411764706
 10
95.0311215315925
 20
90.23529411764706
 10
94.82087908670829
 20
90.23529411764706
 10
94.54145259151541
 20
90.23529411764706
 10
94.20685365726628
 20
90.23529411764706
 10
93.83386047168761
 20
90.23529411764706
 10
93.44117647058823
 20
90.23529411764706
 10
93.04849246948886
 20
90.23529411764706
 10
92.6754992839102
 20
90.23529411764706
 10
92.34090034966107
 20
90.23529411764706
 10
92.06147385446818
 20
90.23529411764706
 10
91.85123140958396
 20
90.23529411764706
 10
91.7207154490909
 20
90.23529411764706
 10
91.6764705882353
 20
90.23529411764706
  0
LWPOLYLINE
  5
930
330
17
100
AcDbEntity
  8
HIDDEN
100
AcDbPolyline
 90
15
 70
0
 10
91.6764705882353
 20
90.23529411764706
 10
91.7207154490909
 20
90.23529411764706
 10
91.85123140958396
 20
90.23529411764706
 10
92.06147385446818
 20
90.23529411764706
 10
92.34090034966107
 20
90.23529411764706
 10
92.6754992839102
 20
90.23529411764706
 10
93.04849246948886
 20
90.23529411764706
 10
93.44117647058823
 20
90.23529411764706
 10
93.83386047168761
 20
90.23529411764706
 10
94.20685365726628
 20
90.23529411764706
 10
94.54145259151541
 20
90.23529411764706
 10
94.82087908670829
 20
90.23529411764706
 10
95.0311215315925
 20
90.23529411764706
 10
95.16163749208557
 20
90.23529411764706
 10
95.20588235294117
 20
90.23529411764706
  0
LWPOLYLINE
  5
931
330
17
100
AcDbEntity
  8
HIDDEN
100
AcDbPolyline
 90
2
 70
0
 10
95.20588235294117
 20
69.88235294117646
 10
95.20588235294117
 20
90.23529411764706
  0
LWPOLYLINE
  5
932
330
17
100
AcDbEntity
  8
HIDDEN
100
AcDbPolyline
 90
15
 70
0
 10
95.20588235294117
 20
66.70588235294117
 10
95.16163749208557
 20
66.70588235294117
 10
95.0311215315925
 20
66.70588235294117
 10
94.82087908670829
 20
66.70588235294117
 10
94.54145259151541
 20
66.70588235294117
 10
94.20685365726628
 20
66.70588235294117
 10
93.83386047168761
 20
66.70588235294117
 10
93.44117647058823
 20
66.70588235294117
 10
93.04849246948886
 20
66.70588235294117
 10
92.6754992839102
 20
66.70588235294117
 10
92.34090034966107
 20
66.70588235294117
 10
92.06147385446818
 20
66.70588235294117
 10
91.85123140958396
 20
66.70588235294117
 10
91.7207154490909
 20
66.70588235294117
 10
91.6764705882353
 20
66.70588235294117
  0
LWPOLYLINE
  5
933
330
17
100
AcDbEntity
  8
HIDDEN
100
AcDbPolyline
 90
15
 70
0
 10
96.73529411764706
 20
93.05882352941175
 10
96.6527037107166
 20
93.05882352941175
 10
96.4090739177962
 20
93.05882352941175
 10
96.01662135401233
 20
93.05882352941175
 10
95.4950252296523
 20
93.05882352941175
 10
94.87044055238725
 20
93.05882352941175
 10
94.17418660597374
 20
93.05882352941175
 10
93.44117647058823
 20
93.05882352941175
 10
92.70816633520272
 20
93.05882352941175
 10
92.01191238878923
 20
93.05882352941175
 10
91.38732771152416
 20
93.05882352941175
 10
90.86573158716413
 20
93.05882352941175
 10
90.47327902338027
 20
93.05882352941175
 10
90.22964923045987
 20
93.05882352941175
 10
90.14705882352942
 20
93.05882352941175
  0
LWPOLYLINE
  5
934
330
17
100
AcDbEntity
  8
HIDDEN
100
AcDbPolyline
 90
15
 70
0
 10
90.14705882352942
 20
93.05882352941175
 10
90.22964923045987
 20
93.05882352941175
 10
90.47327902338027
 20
93.05882352941175
 10
90.86573158716413
 20
93.05882352941175
 10
91.38732771152416
 20
93.05882352941175
 10
92.01191238878923
 20
93.05882352941175
 10
92.70816633520272
 20
93.05882352941175
 10
93.44117647058823
 20
93.05882352941175
 10
94.17418660597374
 20
93.05882352941175
 10
94.87044055238725
 20
93.05882352941175
 10
95.4950252296523
 20
93.05882352941175
 10
96.01662135401233
 20
93.05882352941175
 10
96.4090739177962
 20
93.05882352941175
 10
96.6527037107166
 20
93.05882352941175
 10
96.73529411764706
 20
93.05882352941175
  0
LWPOLYLINE
  5
935
330
17
100
AcDbEntity
  8
HIDDEN
100
AcDbPolyline
 90
2
 70
0
 10
96.73529411764706
 20
90.23529411764706
 10
96.73529411764706
 20
93.05882352941175
  0
LWPOLYLINE
  5
936
330
17
100
AcDbEntity
  8
HIDDEN
100
AcDbPolyline
 90
15
 70
0
 10
96.73529411764706
 20
90.23529411764706
 10
96.6527037107166
 20
90.23529411764706
 10
96.4090739177962
 20
90.23529411764706
 10
96.01662135401233
 20
90.23529411764706
 10
95.4950252296523
 20
90.23529411764706
 10
94.87044055238725
 20
90.23529411764706
 10
94.17418660597374
 20
90.23529411764706
 10
93.44117647058823
 20
90.23529411764706
 10
92.70816633520272
 20
90.23529411764706
 10
92.01191238878923
 20
90.23529411764706
 10
91.38732771152416
 20
90.23529411764706
 10
90.86573158716413
 20
90.23529411764706
 10
90.47327902338027
 20
90.23529411764706
 10
90.22964923045987
 20
90.23529411764706
 10
90.14705882352942
 20
90.23529411764706
  0
LWPOLYLINE
  5
937
330
17
100
AcDbEntity
  8
HIDDEN
100
AcDbPolyline
 90
15
 70
0
 10
90.14705882352942
 20
90.23529411764706
 10
90.22964923045987
 20
90.23529411764706
 10
90.47327902338027
 20
90.23529411764706
 10
90.86573158716413
 20
90.23529411764706
 10
91.38732771152416
 20
90.23529411764706
 10
92.01191238878923
 20
90.23529411764706
 10
92.70816633520272
 20
90.23529411764706
 10
93.44117647058823
 20
90.23529411764706
 10
94.17418660597374
 20
90.23529411764706
 10
94.87044055238725
 20
90.23529411764706
 10
95.4950252296523
 20
90.23529411764706
 10
96.01662135401233
 20
90.23529411764706
 10
96.4090739177962
 20
90.23529411764706
 10
96.6527037107166
 20
90.23529411764706
 10
96.73529411764706
 20
90.23529411764706
  0
LWPOLYLINE
  5
938
330
17
100
AcDbEntity
  8
HIDDEN
100
AcDbPolyline
 90
15
 70
0
 10
95.20588235294117
 20
90.23529411764706
 10
95.16163749208557
 20
90.23529411764706
 10
95.0311215315925
 20
90.23529411764706
 10
94.82087908670829
 20
90.23529411764706
 10
94.54145259151541
 20
90.23529411764706
 10
94.20685365726628
 20
90.23529411764706
 10
93.83386047168761
 20
90.23529411764706
 10
93.44117647058823
 20
90.23529411764706
 10
93.04849246948886
 20
90.23529411764706
 10
92.6754992839102
 20
90.23529411764706
 10
92.34090034966107
 20
90.23529411764706
 10
92.06147385446818
 20
90.23529411764706
 10
91.85123140958396
 20
90.23529411764706
 10
91.7207154490909
 20
90.23529411764706
 10
91.6764705882353
 20
90.23529411764706
  0
LWPOLYLINE
  5
939
330
17
100
AcDbEntity
  8
HIDDEN
100
AcDbPolyline
 90
15
 70
0
 10
91.6764705882353
 20
90.23529411764706
 10
91.7207154490909
 20
90.23529411764706
 10
91.85123140958396
 20
90.23529411764706
 10
92.06147385446818
 20
90.23529411764706
 10
92.34090034966107
 20
90.23529411764706
 10
92.6754992839102
 20
90.23529411764706
 10
93.04849246948886
 20
90.23529411764706
 10
93.44117647058823
 20
90.23529411764706
 10
93.83386047168761
 20
90.23529411764706
 10
94.20685365726628
 20
90.23529411764706
 10
94.54145259151541
 20
90.23529411764706
 10
94.82087908670829
 20
90.23529411764706
 10
95.0311215315925
 20
90.23529411764706
 10
95.16163749208557
 20
90.23529411764706
 10
95.20588235294117
 20
90.23529411764706
  0
LWPOLYLINE
  5
93A
330
17
100
AcDbEntity
  8
HIDDEN
100
AcDbPolyline
 90
2
 70
0
 10
95.20588235294117
 20
66.70588235294117
 10
95.20588235294117
 20
90.23529411764706
  0
LWPOLYLINE
  5
93B
330
17
100
AcDbEntity
  8
HIDDEN
100
AcDbPolyline
 90
15
 70
0
 10
95.20588235294117
 20
66.70588235294117
 10
95.16163749208557
 20
66.70588235294117
 10
95.0311215315925
 20
66.70588235294117
 10
94.82087908670829
 20
66.70588235294117
 10
94.54145259151541
 20
66.70588235294117
 10
94.20685365726628
 20
66.70588235294117
 10
93.83386047168761
 20
66.70588235294117
 10
93.44117647058823
 20
66.70588235294117
 10
93.04849246948886
 20
66.70588235294117
 10
92.6754992839102
 20
66.70588235294117
 10
92.34090034966107
 20
66.70588235294117
 10
92.06147385446818
 20
66.70588235294117
 10
91.85123140958396
 20
66.70588235294117
 10
91.7207154490909
 20
66.70588235294117
 10
91.6764705882353
 20
66.70588235294117
  0
LWPOLYLINE
  5
93C
330
17
100
AcDbEntity
  8
HIDDEN
100
AcDbPolyline
 90
15
 70
0
 10
91.6764705882353
 20
66.70588235294117
 10
91.7207154490909
 20
66.70588235294117
 10
91.85123140958396
 20
66.70588235294117
 10
92.06147385446818
 20
66.70588235294117
 10
92.34090034966107
 20
66.70588235294117
 10
92.6754992839102
 20
66.70588235294117
 10
93.04849246948886
 20
66.70588235294117
 10
93.44117647058823
 20
66.70588235294117
 10
93.83386047168761
 20
66.70588235294117
 10
94.20685365726628
 20
66.70588235294117
 10
94.54145259151541
 20
66.70588235294117
 10
94.82087908670829
 20
66.70588235294117
 10
95.0311215315925
 20
66.70588235294117
 10
95.16163749208557
 20
66.70588235294117
 10
95.20588235294117
 20
66.70588235294117
  0
LWPOLYLINE
  5
93D
330
17
100
AcDbEntity
  8
HIDDEN
100
AcDbPolyline
 90
15
 70
0
 10
184.97058823529414
 20
93.05882352941175
 10
184.88799782836367
 20
93.05882352941175
 10
184.64436803544328
 20
93.05882352941175
 10
184.2519154716594
 20
93.05882352941175
 10
183.73031934729937
 20
93.05882352941175
 10
183.10573467003428
 20
93.05882352941175
 10
182.4094807236208
 20
93.05882352941175
 10
181.6764705882353
 20
93.05882352941175
 10
180.94346045284982
 20
93.05882352941175
 10
180.24720650643627
 20
93.05882352941175
 10
179.62262182917124
 20
93.05882352941175
 10
179.1010257048112
 20
93.05882352941175
 10
178.70857314102733
 20
93.05882352941175
 10
178.46494334810694
 20
93.05882352941175
 10
178.38235294117646
 20
93.05882352941175
  0
LWPOLYLINE
  5
93E
330
17
100
AcDbEntity
  8
HIDDEN
100
AcDbPolyline
 90
15
 70
0
 10
184.97058823529414
 20
90.23529411764706
 10
184.88799782836367
 20
90.23529411764706
 10
184.64436803544328
 20
90.23529411764706
 10
184.2519154716594
 20
90.23529411764706
 10
183.73031934729937
 20
90.23529411764706
 10
183.10573467003428
 20
90.23529411764706
 10
182.4094807236208
 20
90.23529411764706
 10
181.6764705882353
 20
90.23529411764706
 10
180.94346045284982
 20
90.23529411764706
 10
180.24720650643627
 20
90.23529411764706
 10
179.62262182917124
 20
90.23529411764706
 10
179.1010257048112
 20
90.23529411764706
 10
178.70857314102733
 20
90.23529411764706
 10
178.46494334810694
 20
90.23529411764706
 10
178.38235294117646
 20
90.23529411764706
  0
LWPOLYLINE
  5
93F
330
17
100
AcDbEntity
  8
HIDDEN
100
AcDbPolyline
 90
15
 70
0
 10
183.44117647058823
 20
90.23529411764706
 10
183.39693160973263
 20
90.23529411764706
 10
183.2664156492396
 20
90.23529411764706
 10
183.05617320435533
 20
90.23529411764706
 10
182.77674670916247
 20
90.23529411764706
 10
182.44214777491334
 20
90.23529411764706
 10
182.0691545893347
 20
90.23529411764706
 10
181.6764705882353
 20
90.23529411764706
 10
181.28378658713592
 20
90.23529411764706
 10
180.91079340155727
 20
90.23529411764706
 10
180.57619446730808
 20
90.23529411764706
 10
180.29676797211528
 20
90.23529411764706
 10
180.086525527231
 20
90.23529411764706
 10
179.95600956673798
 20
90.23529411764706
 10
179.91176470588238
 20
90.23529411764706
  0
LWPOLYLINE
  5
940
330
17
100
AcDbEntity
  8
HIDDEN
100
AcDbPolyline
 90
15
 70
0
 10
179.91176470588238
 20
90.23529411764706
 10
179.95600956673798
 20
90.23529411764706
 10
180.086525527231
 20
90.23529411764706
 10
180.29676797211528
 20
90.23529411764706
 10
180.57619446730808
 20
90.23529411764706
 10
180.91079340155727
 20
90.23529411764706
 10
181.28378658713592
 20
90.23529411764706
 10
181.6764705882353
 20
90.23529411764706
 10
182.0691545893347
 20
90.23529411764706
 10
182.44214777491334
 20
90.23529411764706
 10
182.77674670916247
 20
90.23529411764706
 10
183.05617320435533
 20
90.23529411764706
 10
183.2664156492396
 20
90.23529411764706
 10
183.39693160973263
 20
90.23529411764706
 10
183.44117647058823
 20
90.23529411764706
  0
LWPOLYLINE
  5
941
330
17
100
AcDbEntity
  8
HIDDEN
100
AcDbPolyline
 90
2
 70
0
 10
183.44117647058823
 20
69.88235294117646
 10
183.44117647058823
 20
90.23529411764706
  0
LWPOLYLINE
  5
942
330
17
100
AcDbEntity
  8
HIDDEN
100
AcDbPolyline
 90
15
 70
0
 10
183.44117647058823
 20
66.70588235294117
 10
183.39693160973263
 20
66.70588235294117
 10
183.2664156492396
 20
66.70588235294117
 10
183.05617320435533
 20
66.70588235294117
 10
182.77674670916247
 20
66.70588235294117
 10
182.44214777491334
 20
66.70588235294117
 10
182.0691545893347
 20
66.70588235294117
 10
181.6764705882353
 20
66.70588235294117
 10
181.28378658713592
 20
66.70588235294117
 10
180.91079340155727
 20
66.70588235294117
 10
180.57619446730808
 20
66.70588235294117
 10
180.29676797211528
 20
66.70588235294117
 10
180.086525527231
 20
66.70588235294117
 10
179.95600956673798
 20
66.70588235294117
 10
179.91176470588238
 20
66.70588235294117
  0
LWPOLYLINE
  5
943
330
17
100
AcDbEntity
  8
HIDDEN
100
AcDbPolyline
 90
15
 70
0
 10
184.97058823529414
 20
93.05882352941175
 10
184.88799782836367
 20
93.05882352941175
 10
184.64436803544328
 20
93.05882352941175
 10
184.2519154716594
 20
93.05882352941175
 10
183.73031934729937
 20
93.05882352941175
 10
183.10573467003428
 20
93.05882352941175
 10
182.4094807236208
 20
93.05882352941175
 10
181.6764705882353
 20
93.05882352941175
 10
180.94346045284982
 20
93.05882352941175
 10
180.24720650643627
 20
93.05882352941175
 10
179.62262182917124
 20
93.05882352941175
 10
179.1010257048112
 20
93.05882352941175
 10
178.70857314102733
 20
93.05882352941175
 10
178.46494334810694
 20
93.05882352941175
 10
178.38235294117646
 20
93.05882352941175
  0
LWPOLYLINE
  5
944
330
17
100
AcDbEntity
  8
HIDDEN
100
AcDbPolyline
 90
15
 70
0
 10
178.38235294117646
 20
93.05882352941175
 10
178.46494334810694
 20
93.05882352941175
 10
178.70857314102733
 20
93.05882352941175
 10
179.1010257048112
 20
93.05882352941175
 10
179.62262182917124
 20
93.05882352941175
 10
180.24720650643627
 20
93.05882352941175
 10
180.94346045284982
 20
93.05882352941175
 10
181.6764705882353
 20
93.05882352941175
 10
182.4094807236208
 20
93.05882352941175
 10
183.10573467003428
 20
93.05882352941175
 10
183.73031934729937
 20
93.05882352941175
 10
184.2519154716594
 20
93.05882352941175
 10
184.64436803544328
 20
93.05882352941175
 10
184.88799782836367
 20
93.05882352941175
 10
184.97058823529414
 20
93.05882352941175
  0
LWPOLYLINE
  5
945
330
17
100
AcDbEntity
  8
HIDDEN
100
AcDbPolyline
 90
2
 70
0
 10
184.97058823529414
 20
90.23529411764706
 10
184.97058823529414
 20
93.05882352941175
  0
LWPOLYLINE
  5
946
330
17
100
AcDbEntity
  8
HIDDEN
100
AcDbPolyline
 90
15
 70
0
 10
184.97058823529414
 20
90.23529411764706
 10
184.88799782836367
 20
90.23529411764706
 10
184.64436803544328
 20
90.23529411764706
 10
184.2519154716594
 20
90.23529411764706
 10
183.73031934729937
 20
90.23529411764706
 10
183.10573467003428
 20
90.23529411764706
 10
182.4094807236208
 20
90.23529411764706
 10
181.6764705882353
 20
90.23529411764706
 10
180.94346045284982
 20
90.23529411764706
 10
180.24720650643627
 20
90.23529411764706
 10
179.62262182917124
 20
90.23529411764706
 10
179.1010257048112
 20
90.23529411764706
 10
178.70857314102733
 20
90.23529411764706
 10
178.46494334810694
 20
90.23529411764706
 10
178.38235294117646
 20
90.23529411764706
  0
LWPOLYLINE
  5
947
330
17
100
AcDbEntity
  8
HIDDEN
100
AcDbPolyline
 90
15
 70
0
 10
178.38235294117646
 20
90.23529411764706
 10
178.46494334810694
 20
90.23529411764706
 10
178.70857314102733
 20
90.23529411764706
 10
179.1010257048112
 20
90.23529411764706
 10
179.62262182917124
 20
90.23529411764706
 10
180.24720650643627
 20
90.23529411764706
 10
180.94346045284982
 20
90.23529411764706
 10
181.6764705882353
 20
90.23529411764706
 10
182.4094807236208
 20
90.23529411764706
 10
183.10573467003428
 20
90.23529411764706
 10
183.73031934729937
 20
90.23529411764706
 10
184.2519154716594
 20
90.23529411764706
 10
184.64436803544328
 20
90.23529411764706
 10
184.88799782836367
 20
90.23529411764706
 10
184.97058823529414
 20
90.23529411764706
  0
LWPOLYLINE
  5
948
330
17
100
AcDbEntity
  8
HIDDEN
100
AcDbPolyline
 90
15
 70
0
 10
183.44117647058823
 20
90.23529411764706
 10
183.39693160973263
 20
90.23529411764706
 10
183.2664156492396
 20
90.23529411764706
 10
183.05617320435533
 20
90.23529411764706
 10
182.77674670916247
 20
90.23529411764706
 10
182.44214777491334
 20
90.23529411764706
 10
182.0691545893347
 20
90.23529411764706
 10
181.6764705882353
 20
90.23529411764706
 10
181.28378658713592
 20
90.23529411764706
 10
180.91079340155727
 20
90.23529411764706
 10
180.57619446730808
 20
90.23529411764706
 10
180.29676797211528
 20
90.23529411764706
 10
180.086525527231
 20
90.23529411764706
 10
179.95600956673798
 20
90.23529411764706
 10
179.91176470588238
 20
90.23529411764706
  0
LWPOLYLINE
  5
949
330
17
100
AcDbEntity
  8
HIDDEN
100
AcDbPolyline
 90
15
 70
0
 10
179.91176470588238
 20
90.23529411764706
 10
179.95600956673798
 20
90.23529411764706
 10
180.086525527231
 20
90.23529411764706
 10
180.29676797211528
 20
90.23529411764706
 10
180.57619446730808
 20
90.23529411764706
 10
180.91079340155727
 20
90.23529411764706
 10
181.28378658713592
 20
90.23529411764706
 10
181.6764705882353
 20
90.23529411764706
 10
182.0691545893347
 20
90.23529411764706
 10
182.44214777491334
 20
90.23529411764706
 10
182.77674670916247
 20
90.23529411764706
 10
183.05617320435533
 20
90.23529411764706
 10
183.2664156492396
 20
90.23529411764706
 10
183.39693160973263
 20
90.23529411764706
 10
183.44117647058823
 20
90.23529411764706
  0
LWPOLYLINE
  5
94A
330
17
100
AcDbEntity
  8
HIDDEN
100
AcDbPolyline
 90
2
 70
0
 10
183.44117647058823
 20
66.70588235294117
 10
183.44117647058823
 20
90.23529411764706
  0
LWPOLYLINE
  5
94B
330
17
100
AcDbEntity
  8
HIDDEN
100
AcDbPolyline
 90
15
 70
0
 10
183.44117647058823
 20
66.70588235294117
 10
183.39693160973263
 20
66.70588235294117
 10
183.2664156492396
 20
66.70588235294117
 10
183.05617320435533
 20
66.70588235294117
 10
182.77674670916247
 20
66.70588235294117
 10
182.44214777491334
 20
66.70588235294117
 10
182.0691545893347
 20
66.70588235294117
 10
181.6764705882353
 20
66.70588235294117
 10
181.28378658713592
 20
66.70588235294117
 10
180.91079340155727
 20
66.70588235294117
 10
180.57619446730808
 20
66.70588235294117
 10
180.29676797211528
 20
66.70588235294117
 10
180.086525527231
 20
66.70588235294117
 10
179.95600956673798
 20
66.70588235294117
 10
179.91176470588238
 20
66.70588235294117
  0
LWPOLYLINE
  5
94C
330
17
100
AcDbEntity
  8
HIDDEN
100
AcDbPolyline
 90
15
 70
0
 10
179.91176470588238
 20
66.70588235294117
 10
179.95600956673798
 20
66.70588235294117
 10
180.086525527231
 20
66.70588235294117
 10
180.29676797211528
 20
66.70588235294117
 10
180.57619446730808
 20
66.70588235294117
 10
180.91079340155727
 20
66.70588235294117
 10
181.28378658713592
 20
66.70588235294117
 10
181.6764705882353
 20
66.70588235294117
 10
182.0691545893347
 20
66.70588235294117
 10
182.44214777491334
 20
66.70588235294117
 10
182.77674670916247
 20
66.70588235294117
 10
183.05617320435533
 20
66.70588235294117
 10
183.2664156492396
 20
66.70588235294117
 10
183.39693160973263
 20
66.70588235294117
 10
183.44117647058823
 20
66.70588235294117
  0
LWPOLYLINE
  5
94D
330
17
100
AcDbEntity
  8
HIDDEN
100
AcDbPolyline
 90
15
 70
0
 10
57.911764705882355
 20
84.47058823529412
 10
57.829174298951884
 20
84.47058823529412
 10
57.585544506031496
 20
84.47058823529412
 10
57.193091942247634
 20
84.47058823529412
 10
56.67149581788759
 20
84.47058823529412
 10
56.04691114062254
 20
84.47058823529412
 10
55.350657194209035
 20
84.47058823529412
 10
54.61764705882353
 20
84.47058823529412
 10
53.88463692343802
 20
84.47058823529412
 10
53.18838297702452
 20
84.47058823529412
 10
52.56379829975947
 20
84.47058823529412
 10
52.04220217539943
 20
84.47058823529412
 10
51.64974961161556
 20
84.47058823529412
 10
51.406119818695174
 20
84.47058823529412
 10
51.32352941176471
 20
84.47058823529412
  0
LWPOLYLINE
  5
94E
330
17
100
AcDbEntity
  8
HIDDEN
100
AcDbPolyline
 90
15
 70
0
 10
57.911764705882355
 20
81.6470588235294
 10
57.829174298951884
 20
81.6470588235294
 10
57.585544506031496
 20
81.6470588235294
 10
57.193091942247634
 20
81.6470588235294
 10
56.67149581788759
 20
81.6470588235294
 10
56.04691114062254
 20
81.6470588235294
 10
55.350657194209035
 20
81.6470588235294
 10
54.61764705882353
 20
81.6470588235294
 10
53.88463692343802
 20
81.6470588235294
 10
53.18838297702452
 20
81.6470588235294
 10
52.56379829975947
 20
81.6470588235294
 10
52.04220217539943
 20
81.6470588235294
 10
51.64974961161556
 20
81.6470588235294
 10
51.406119818695174
 20
81.6470588235294
 10
51.32352941176471
 20
81.6470588235294
  0
LWPOLYLINE
  5
94F
330
17
100
AcDbEntity
  8
HIDDEN
100
AcDbPolyline
 90
15
 70
0
 10
51.32352941176471
 20
81.6470588235294
 10
51.406119818695174
 20
81.6470588235294
 10
51.64974961161556
 20
81.6470588235294
 10
52.04220217539943
 20
81.6470588235294
 10
52.56379829975947
 20
81.6470588235294
 10
53.18838297702452
 20
81.6470588235294
 10
53.88463692343802
 20
81.6470588235294
 10
54.61764705882353
 20
81.6470588235294
 10
55.350657194209035
 20
81.6470588235294
 10
56.04691114062254
 20
81.6470588235294
 10
56.67149581788759
 20
81.6470588235294
 10
57.193091942247634
 20
81.6470588235294
 10
57.585544506031496
 20
81.6470588235294
 10
57.829174298951884
 20
81.6470588235294
 10
57.91176470588235
 20
81.6470588235294
  0
LWPOLYLINE
  5
950
330
17
100
AcDbEntity
  8
HIDDEN
100
AcDbPolyline
 90
15
 70
0
 10
56.38235294117647
 20
81.6470588235294
 10
56.338108080320865
 20
81.6470588235294
 10
56.207592119827794
 20
81.6470588235294
 10
55.997349674943585
 20
81.6470588235294
 10
55.717923179750706
 20
81.6470588235294
 10
55.383324245501576
 20
81.6470588235294
 10
55.010331059922905
 20
81.6470588235294
 10
54.61764705882353
 20
81.6470588235294
 10
54.22496305772415
 20
81.6470588235294
 10
53.85196987214549
 20
81.6470588235294
 10
53.51737093789635
 20
81.6470588235294
 10
53.23794444270348
 20
81.6470588235294
 10
53.027701997819264
 20
81.6470588235294
 10
52.89718603732619
 20
81.6470588235294
 10
52.85294117647059
 20
81.6470588235294
  0
LWPOLYLINE
  5
951
330
17
100
AcDbEntity
  8
HIDDEN
100
AcDbPolyline
 90
15
 70
0
 10
52.85294117647059
 20
81.6470588235294
 10
52.89718603732619
 20
81.6470588235294
 10
53.027701997819264
 20
81.6470588235294
 10
53.23794444270348
 20
81.6470588235294
 10
53.51737093789635
 20
81.6470588235294
 10
53.85196987214549
 20
81.6470588235294
 10
54.22496305772415
 20
81.6470588235294
 10
54.61764705882353
 20
81.6470588235294
 10
55.010331059922905
 20
81.6470588235294
 10
55.38332424550157
 20
81.6470588235294
 10
55.717923179750706
 20
81.6470588235294
 10
55.997349674943585
 20
81.6470588235294
 10
56.207592119827794
 20
81.6470588235294
 10
56.338108080320865
 20
81.6470588235294
 10
56.38235294117647
 20
81.6470588235294
  0
LWPOLYLINE
  5
952
330
17
100
AcDbEntity
  8
HIDDEN
100
AcDbPolyline
 90
2
 70
0
 10
56.38235294117647
 20
69.88235294117646
 10
56.38235294117647
 20
81.6470588235294
  0
LWPOLYLINE
  5
953
330
17
100
AcDbEntity
  8
HIDDEN
100
AcDbPolyline
 90
15
 70
0
 10
56.38235294117647
 20
67.52941176470587
 10
56.338108080320865
 20
67.52941176470587
 10
56.207592119827794
 20
67.52941176470587
 10
55.997349674943585
 20
67.52941176470587
 10
55.717923179750706
 20
67.52941176470587
 10
55.383324245501576
 20
67.52941176470587
 10
55.010331059922905
 20
67.52941176470587
 10
54.61764705882353
 20
67.52941176470587
 10
54.22496305772415
 20
67.52941176470587
 10
53.85196987214549
 20
67.52941176470587
 10
53.51737093789635
 20
67.52941176470587
 10
53.23794444270348
 20
67.52941176470587
 10
53.027701997819264
 20
67.52941176470587
 10
52.89718603732619
 20
67.52941176470587
 10
52.85294117647059
 20
67.52941176470587
  0
LWPOLYLINE
  5
954
330
17
100
AcDbEntity
  8
HIDDEN
100
AcDbPolyline
 90
15
 70
0
 10
57.911764705882355
 20
84.47058823529412
 10
57.829174298951884
 20
84.47058823529412
 10
57.585544506031496
 20
84.47058823529412
 10
57.193091942247634
 20
84.47058823529412
 10
56.67149581788759
 20
84.47058823529412
 10
56.04691114062254
 20
84.47058823529412
 10
55.350657194209035
 20
84.47058823529412
 10
54.61764705882353
 20
84.47058823529412
 10
53.88463692343802
 20
84.47058823529412
 10
53.18838297702452
 20
84.47058823529412
 10
52.56379829975947
 20
84.47058823529412
 10
52.04220217539943
 20
84.47058823529412
 10
51.64974961161556
 20
84.47058823529412
 10
51.406119818695174
 20
84.47058823529412
 10
51.32352941176471
 20
84.47058823529412
  0
LWPOLYLINE
  5
955
330
17
100
AcDbEntity
  8
HIDDEN
100
AcDbPolyline
 90
15
 70
0
 10
51.32352941176471
 20
84.47058823529412
 10
51.406119818695174
 20
84.47058823529412
 10
51.64974961161556
 20
84.47058823529412
 10
52.04220217539943
 20
84.47058823529412
 10
52.56379829975947
 20
84.47058823529412
 10
53.18838297702452
 20
84.47058823529412
 10
53.88463692343802
 20
84.47058823529412
 10
54.61764705882353
 20
84.47058823529412
 10
55.350657194209035
 20
84.47058823529412
 10
56.04691114062254
 20
84.47058823529412
 10
56.67149581788759
 20
84.47058823529412
 10
57.193091942247634
 20
84.47058823529412
 10
57.585544506031496
 20
84.47058823529412
 10
57.829174298951884
 20
84.47058823529412
 10
57.91176470588235
 20
84.47058823529412
  0
LWPOLYLINE
  5
956
330
17
100
AcDbEntity
  8
HIDDEN
100
AcDbPolyline
 90
2
 70
0
 10
57.911764705882355
 20
81.6470588235294
 10
57.911764705882355
 20
84.47058823529412
  0
LWPOLYLINE
  5
957
330
17
100
AcDbEntity
  8
HIDDEN
100
AcDbPolyline
 90
15
 70
0
 10
57.911764705882355
 20
81.6470588235294
 10
57.829174298951884
 20
81.6470588235294
 10
57.585544506031496
 20
81.6470588235294
 10
57.193091942247634
 20
81.6470588235294
 10
56.67149581788759
 20
81.6470588235294
 10
56.04691114062254
 20
81.6470588235294
 10
55.350657194209035
 20
81.6470588235294
 10
54.61764705882353
 20
81.6470588235294
 10
53.88463692343802
 20
81.6470588235294
 10
53.18838297702452
 20
81.6470588235294
 10
52.56379829975947
 20
81.6470588235294
 10
52.04220217539943
 20
81.6470588235294
 10
51.64974961161556
 20
81.6470588235294
 10
51.406119818695174
 20
81.6470588235294
 10
51.32352941176471
 20
81.6470588235294
  0
LWPOLYLINE
  5
958
330
17
100
AcDbEntity
  8
HIDDEN
100
AcDbPolyline
 90
15
 70
0
 10
51.32352941176471
 20
81.6470588235294
 10
51.406119818695174
 20
81.6470588235294
 10
51.64974961161556
 20
81.6470588235294
 10
52.04220217539943
 20
81.6470588235294
 10
52.56379829975947
 20
81.6470588235294
 10
53.18838297702452
 20
81.6470588235294
 10
53.88463692343802
 20
81.6470588235294
 10
54.61764705882353
 20
81.6470588235294
 10
55.350657194209035
 20
81.6470588235294
 10
56.04691114062254
 20
81.6470588235294
 10
56.67149581788759
 20
81.6470588235294
 10
57.193091942247634
 20
81.6470588235294
 10
57.585544506031496
 20
81.6470588235294
 10
57.829174298951884
 20
81.6470588235294
 10
57.91176470588235
 20
81.6470588235294
  0
LWPOLYLINE
  5
959
330
17
100
AcDbEntity
  8
HIDDEN
100
AcDbPolyline
 90
15
 70
0
 10
56.38235294117647
 20
81.6470588235294
 10
56.338108080320865
 20
81.6470588235294
 10
56.207592119827794
 20
81.6470588235294
 10
55.997349674943585
 20
81.6470588235294
 10
55.717923179750706
 20
81.6470588235294
 10
55.383324245501576
 20
81.6470588235294
 10
55.010331059922905
 20
81.6470588235294
 10
54.61764705882353
 20
81.6470588235294
 10
54.22496305772415
 20
81.6470588235294
 10
53.85196987214549
 20
81.6470588235294
 10
53.51737093789635
 20
81.6470588235294
 10
53.23794444270348
 20
81.6470588235294
 10
53.027701997819264
 20
81.6470588235294
 10
52.89718603732619
 20
81.6470588235294
 10
52.85294117647059
 20
81.6470588235294
  0
LWPOLYLINE
  5
95A
330
17
100
AcDbEntity
  8
HIDDEN
100
AcDbPolyline
 90
15
 70
0
 10
52.85294117647059
 20
81.6470588235294
 10
52.89718603732619
 20
81.6470588235294
 10
53.027701997819264
 20
81.6470588235294
 10
53.23794444270348
 20
81.6470588235294
 10
53.51737093789635
 20
81.6470588235294
 10
53.85196987214549
 20
81.6470588235294
 10
54.22496305772415
 20
81.6470588235294
 10
54.61764705882353
 20
81.6470588235294
 10
55.010331059922905
 20
81.6470588235294
 10
55.38332424550157
 20
81.6470588235294
 10
55.717923179750706
 20
81.6470588235294
 10
55.997349674943585
 20
81.6470588235294
 10
56.207592119827794
 20
81.6470588235294
 10
56.338108080320865
 20
81.6470588235294
 10
56.38235294117647
 20
81.6470588235294
  0
LWPOLYLINE
  5
95B
330
17
100
AcDbEntity
  8
HIDDEN
100
AcDbPolyline
 90
2
 70
0
 10
56.38235294117647
 20
67.52941176470587
 10
56.38235294117647
 20
81.6470588235294
  0
LWPOLYLINE
  5
95C
330
17
100
AcDbEntity
  8
HIDDEN
100
AcDbPolyline
 90
15
 70
0
 10
56.38235294117647
 20
67.52941176470587
 10
56.338108080320865
 20
67.52941176470587
 10
56.207592119827794
 20
67.52941176470587
 10
55.997349674943585
 20
67.52941176470587
 10
55.717923179750706
 20
67.52941176470587
 10
55.383324245501576
 20
67.52941176470587
 10
55.010331059922905
 20
67.52941176470587
 10
54.61764705882353
 20
67.52941176470587
 10
54.22496305772415
 20
67.52941176470587
 10
53.85196987214549
 20
67.52941176470587
 10
53.51737093789635
 20
67.52941176470587
 10
53.23794444270348
 20
67.52941176470587
 10
53.027701997819264
 20
67.52941176470587
 10
52.89718603732619
 20
67.52941176470587
 10
52.85294117647059
 20
67.52941176470587
  0
LWPOLYLINE
  5
95D
330
17
100
AcDbEntity
  8
HIDDEN
100
AcDbPolyline
 90
15
 70
0
 10
52.85294117647059
 20
67.52941176470587
 10
52.89718603732619
 20
67.52941176470587
 10
53.027701997819264
 20
67.52941176470587
 10
53.23794444270348
 20
67.52941176470587
 10
53.51737093789635
 20
67.52941176470587
 10
53.85196987214549
 20
67.52941176470587
 10
54.22496305772415
 20
67.52941176470587
 10
54.61764705882353
 20
67.52941176470587
 10
55.010331059922905
 20
67.52941176470587
 10
55.38332424550157
 20
67.52941176470587
 10
55.717923179750706
 20
67.52941176470587
 10
55.997349674943585
 20
67.52941176470587
 10
56.207592119827794
 20
67.52941176470587
 10
56.338108080320865
 20
67.52941176470587
 10
56.38235294117647
 20
67.52941176470587
  0
LWPOLYLINE
  5
95E
330
17
100
AcDbEntity
  8
HIDDEN
100
AcDbPolyline
 90
15
 70
0
 10
81.44117647058823
 20
92.11764705882352
 10
81.35858606365777
 20
92.11764705882352
 10
81.11495627073738
 20
92.11764705882352
 10
80.72250370695352
 20
92.11764705882352
 10
80.20090758259347
 20
92.11764705882352
 10
79.57632290532842
 20
92.11764705882352
 10
78.88006895891492
 20
92.11764705882352
 10
78.14705882352942
 20
92.11764705882352
 10
77.41404868814391
 20
92.11764705882352
 10
76.71779474173039
 20
92.11764705882352
 10
76.09321006446535
 20
92.11764705882352
 10
75.57161394010532
 20
92.11764705882352
 10
75.17916137632145
 20
92.11764705882352
 10
74.93553158340106
 20
92.11764705882352
 10
74.8529411764706
 20
92.11764705882352
  0
LWPOLYLINE
  5
95F
330
17
100
AcDbEntity
  8
HIDDEN
100
AcDbPolyline
 90
15
 70
0
 10
74.8529411764706
 20
92.11764705882352
 10
74.93553158340106
 20
92.11764705882352
 10
75.17916137632145
 20
92.11764705882352
 10
75.57161394010532
 20
92.11764705882352
 10
76.09321006446535
 20
92.11764705882352
 10
76.71779474173039
 20
92.11764705882352
 10
77.41404868814391
 20
92.11764705882352
 10
78.14705882352942
 20
92.11764705882352
 10
78.88006895891492
 20
92.11764705882352
 10
79.57632290532842
 20
92.11764705882352
 10
80.20090758259347
 20
92.11764705882352
 10
80.72250370695352
 20
92.11764705882352
 10
81.11495627073738
 20
92.11764705882352
 10
81.35858606365777
 20
92.11764705882352
 10
81.44117647058823
 20
92.11764705882352
  0
LWPOLYLINE
  5
960
330
17
100
AcDbEntity
  8
HIDDEN
100
AcDbPolyline
 90
2
 70
0
 10
81.44117647058823
 20
91.05882352941175
 10
81.44117647058823
 20
92.11764705882352
  0
LWPOLYLINE
  5
961
330
17
100
AcDbEntity
  8
HIDDEN
100
AcDbPolyline
 90
15
 70
0
 10
81.44117647058823
 20
89.29411764705881
 10
81.35858606365777
 20
89.29411764705881
 10
81.11495627073738
 20
89.29411764705881
 10
80.72250370695352
 20
89.29411764705881
 10
80.20090758259347
 20
89.29411764705881
 10
79.57632290532842
 20
89.29411764705881
 10
78.88006895891492
 20
89.29411764705881
 10
78.14705882352942
 20
89.29411764705881
 10
77.41404868814391
 20
89.29411764705881
 10
76.71779474173039
 20
89.29411764705881
 10
76.09321006446535
 20
89.29411764705881
 10
75.57161394010532
 20
89.29411764705881
 10
75.17916137632145
 20
89.29411764705881
 10
74.93553158340106
 20
89.29411764705881
 10
74.8529411764706
 20
89.29411764705881
  0
LWPOLYLINE
  5
962
330
17
100
AcDbEntity
  8
HIDDEN
100
AcDbPolyline
 90
15
 70
0
 10
76.38235294117646
 20
89.29411764705881
 10
76.61251252205486
 20
89.29411764705881
 10
76.85267643028128
 20
89.29411764705881
 10
77.10127894030362
 20
89.29411764705881
 10
77.35669931191521
 20
89.29411764705881
 10
77.61727235651503
 20
89.29411764705881
 10
77.881299293145
 20
89.29411764705881
 10
78.14705882352942
 20
89.29411764705881
 10
78.41281835391382
 20
89.29411764705881
 10
78.67684529054378
 20
89.29411764705881
 10
78.93741833514362
 20
89.29411764705881
 10
79.1928387067552
 20
89.29411764705881
 10
79.44144121677755
 20
89.29411764705881
 10
79.68160512500395
 20
89.29411764705881
 10
79.91176470588232
 20
89.29411764705881
  0
LWPOLYLINE
  5
963
330
17
100
AcDbEntity
  8
HIDDEN
100
AcDbPolyline
 90
15
 70
0
 10
79.91176470588235
 20
89.29411764705881
 10
79.86751984502675
 20
89.29411764705881
 10
79.73700388453369
 20
89.29411764705881
 10
79.52676143964948
 20
89.29411764705881
 10
79.24733494445658
 20
89.29411764705881
 10
78.91273601020745
 20
89.29411764705881
 10
78.53974282462879
 20
89.29411764705881
 10
78.14705882352942
 20
89.29411764705881
 10
77.75437482243004
 20
89.29411764705881
 10
77.38138163685137
 20
89.29411764705881
 10
77.04678270260223
 20
89.29411764705881
 10
76.76735620740936
 20
89.29411764705881
 10
76.55711376252515
 20
89.29411764705881
 10
76.42659780203208
 20
89.29411764705881
 10
76.38235294117646
 20
89.29411764705881
  0
LWPOLYLINE
  5
964
330
17
100
AcDbEntity
  8
HIDDEN
100
AcDbPolyline
 90
15
 70
0
 10
76.38235294117646
 20
89.29411764705881
 10
76.42659780203208
 20
89.29411764705881
 10
76.55711376252515
 20
89.29411764705881
 10
76.76735620740936
 20
89.29411764705881
 10
77.04678270260223
 20
89.29411764705881
 10
77.38138163685137
 20
89.29411764705881
 10
77.75437482243004
 20
89.29411764705881
 10
78.14705882352942
 20
89.29411764705881
 10
78.53974282462879
 20
89.29411764705881
 10
78.91273601020745
 20
89.29411764705881
 10
79.24733494445658
 20
89.29411764705881
 10
79.52676143964948
 20
89.29411764705881
 10
79.73700388453369
 20
89.29411764705881
 10
79.86751984502675
 20
89.29411764705881
 10
79.91176470588235
 20
89.29411764705881
  0
LWPOLYLINE
  5
965
330
17
100
AcDbEntity
  8
HIDDEN
100
AcDbPolyline
 90
2
 70
0
 10
79.91176470588235
 20
77.52941176470587
 10
79.91176470588235
 20
89.29411764705881
  0
LWPOLYLINE
  5
966
330
17
100
AcDbEntity
  8
HIDDEN
100
AcDbPolyline
 90
15
 70
0
 10
79.91176470588235
 20
77.52941176470587
 10
79.86751984502675
 20
77.52941176470587
 10
79.73700388453369
 20
77.52941176470587
 10
79.52676143964948
 20
77.52941176470587
 10
79.24733494445658
 20
77.52941176470587
 10
78.91273601020745
 20
77.52941176470587
 10
78.53974282462879
 20
77.52941176470587
 10
78.14705882352942
 20
77.52941176470587
 10
77.75437482243004
 20
77.52941176470587
 10
77.38138163685137
 20
77.52941176470587
 10
77.04678270260223
 20
77.52941176470587
 10
76.76735620740936
 20
77.52941176470587
 10
76.55711376252515
 20
77.52941176470587
 10
76.42659780203208
 20
77.52941176470587
 10
76.38235294117646
 20
77.52941176470587
  0
LWPOLYLINE
  5
967
330
17
100
AcDbEntity
  8
HIDDEN
100
AcDbPolyline
 90
15
 70
0
 10
76.38235294117646
 20
77.52941176470587
 10
76.42659780203208
 20
77.52941176470587
 10
76.55711376252515
 20
77.52941176470587
 10
76.76735620740936
 20
77.52941176470587
 10
77.04678270260223
 20
77.52941176470587
 10
77.38138163685137
 20
77.52941176470587
 10
77.75437482243004
 20
77.52941176470587
 10
78.14705882352942
 20
77.52941176470587
 10
78.53974282462879
 20
77.52941176470587
 10
78.91273601020745
 20
77.52941176470587
 10
79.24733494445658
 20
77.52941176470587
 10
79.52676143964948
 20
77.52941176470587
 10
79.73700388453369
 20
77.52941176470587
 10
79.86751984502675
 20
77.52941176470587
 10
79.91176470588235
 20
77.52941176470587
  0
LWPOLYLINE
  5
968
330
17
100
AcDbEntity
  8
HIDDEN
100
AcDbPolyline
 90
15
 70
0
 10
81.44117647058823
 20
92.11764705882352
 10
81.35858606365777
 20
92.11764705882352
 10
81.11495627073738
 20
92.11764705882352
 10
80.72250370695352
 20
92.11764705882352
 10
80.20090758259347
 20
92.11764705882352
 10
79.57632290532842
 20
92.11764705882352
 10
78.88006895891492
 20
92.11764705882352
 10
78.14705882352942
 20
92.11764705882352
 10
77.41404868814391
 20
92.11764705882352
 10
76.71779474173039
 20
92.11764705882352
 10
76.09321006446535
 20
92.11764705882352
 10
75.57161394010532
 20
92.11764705882352
 10
75.17916137632145
 20
92.11764705882352
 10
74.93553158340106
 20
92.11764705882352
 10
74.8529411764706
 20
92.11764705882352
  0
LWPOLYLINE
  5
969
330
17
100
AcDbEntity
  8
HIDDEN
100
AcDbPolyline
 90
15
 70
0
 10
74.8529411764706
 20
92.11764705882352
 10
74.93553158340106
 20
92.11764705882352
 10
75.17916137632145
 20
92.11764705882352
 10
75.57161394010532
 20
92.11764705882352
 10
76.09321006446535
 20
92.11764705882352
 10
76.71779474173039
 20
92.11764705882352
 10
77.41404868814391
 20
92.11764705882352
 10
78.14705882352942
 20
92.11764705882352
 10
78.88006895891492
 20
92.11764705882352
 10
79.57632290532842
 20
92.11764705882352
 10
80.20090758259347
 20
92.11764705882352
 10
80.72250370695352
 20
92.11764705882352
 10
81.11495627073738
 20
92.11764705882352
 10
81.35858606365777
 20
92.11764705882352
 10
81.44117647058823
 20
92.11764705882352
  0
LWPOLYLINE
  5
96A
330
17
100
AcDbEntity
  8
HIDDEN
100
AcDbPolyline
 90
2
 70
0
 10
81.44117647058823
 20
89.29411764705881
 10
81.44117647058823
 20
92.11764705882352
  0
LWPOLYLINE
  5
96B
330
17
100
AcDbEntity
  8
HIDDEN
100
AcDbPolyline
 90
15
 70
0
 10
81.44117647058823
 20
89.29411764705881
 10
81.35858606365777
 20
89.29411764705881
 10
81.11495627073738
 20
89.29411764705881
 10
80.72250370695352
 20
89.29411764705881
 10
80.20090758259347
 20
89.29411764705881
 10
79.57632290532842
 20
89.29411764705881
 10
78.88006895891492
 20
89.29411764705881
 10
78.14705882352942
 20
89.29411764705881
 10
77.41404868814391
 20
89.29411764705881
 10
76.71779474173039
 20
89.29411764705881
 10
76.09321006446535
 20
89.29411764705881
 10
75.57161394010532
 20
89.29411764705881
 10
75.17916137632145
 20
89.29411764705881
 10
74.93553158340106
 20
89.29411764705881
 10
74.8529411764706
 20
89.29411764705881
  0
LWPOLYLINE
  5
96C
330
17
100
AcDbEntity
  8
HIDDEN
100
AcDbPolyline
 90
15
 70
0
 10
74.8529411764706
 20
89.29411764705881
 10
74.93553158340106
 20
89.29411764705881
 10
75.17916137632145
 20
89.29411764705881
 10
75.57161394010532
 20
89.29411764705881
 10
76.09321006446535
 20
89.29411764705881
 10
76.71779474173039
 20
89.29411764705881
 10
77.41404868814391
 20
89.29411764705881
 10
78.14705882352942
 20
89.29411764705881
 10
78.88006895891492
 20
89.29411764705881
 10
79.57632290532842
 20
89.29411764705881
 10
80.20090758259347
 20
89.29411764705881
 10
80.72250370695352
 20
89.29411764705881
 10
81.11495627073738
 20
89.29411764705881
 10
81.35858606365777
 20
89.29411764705881
 10
81.44117647058823
 20
89.29411764705881
  0
LWPOLYLINE
  5
96D
330
17
100
AcDbEntity
  8
HIDDEN
100
AcDbPolyline
 90
15
 70
0
 10
79.91176470588235
 20
89.29411764705881
 10
79.86751984502675
 20
89.29411764705881
 10
79.73700388453369
 20
89.29411764705881
 10
79.52676143964948
 20
89.29411764705881
 10
79.24733494445658
 20
89.29411764705881
 10
78.91273601020745
 20
89.29411764705881
 10
78.53974282462879
 20
89.29411764705881
 10
78.14705882352942
 20
89.29411764705881
 10
77.75437482243004
 20
89.29411764705881
 10
77.38138163685137
 20
89.29411764705881
 10
77.04678270260223
 20
89.29411764705881
 10
76.76735620740936
 20
89.29411764705881
 10
76.55711376252515
 20
89.29411764705881
 10
76.42659780203208
 20
89.29411764705881
 10
76.38235294117646
 20
89.29411764705881
  0
LWPOLYLINE
  5
96E
330
17
100
AcDbEntity
  8
HIDDEN
100
AcDbPolyline
 90
15
 70
0
 10
76.38235294117646
 20
89.29411764705881
 10
76.42659780203208
 20
89.29411764705881
 10
76.55711376252515
 20
89.29411764705881
 10
76.76735620740936
 20
89.29411764705881
 10
77.04678270260223
 20
89.29411764705881
 10
77.38138163685137
 20
89.29411764705881
 10
77.75437482243004
 20
89.29411764705881
 10
78.14705882352942
 20
89.29411764705881
 10
78.53974282462879
 20
89.29411764705881
 10
78.91273601020745
 20
89.29411764705881
 10
79.24733494445658
 20
89.29411764705881
 10
79.52676143964948
 20
89.29411764705881
 10
79.73700388453369
 20
89.29411764705881
 10
79.86751984502675
 20
89.29411764705881
 10
79.91176470588235
 20
89.29411764705881
  0
LWPOLYLINE
  5
96F
330
17
100
AcDbEntity
  8
HIDDEN
100
AcDbPolyline
 90
2
 70
0
 10
79.91176470588235
 20
77.52941176470587
 10
79.91176470588235
 20
89.29411764705881
  0
LWPOLYLINE
  5
970
330
17
100
AcDbEntity
  8
HIDDEN
100
AcDbPolyline
 90
15
 70
0
 10
79.91176470588235
 20
77.52941176470587
 10
79.86751984502675
 20
77.52941176470587
 10
79.73700388453369
 20
77.52941176470587
 10
79.52676143964948
 20
77.52941176470587
 10
79.24733494445658
 20
77.52941176470587
 10
78.91273601020745
 20
77.52941176470587
 10
78.53974282462879
 20
77.52941176470587
 10
78.14705882352942
 20
77.52941176470587
 10
77.75437482243004
 20
77.52941176470587
 10
77.38138163685137
 20
77.52941176470587
 10
77.04678270260223
 20
77.52941176470587
 10
76.76735620740936
 20
77.52941176470587
 10
76.55711376252515
 20
77.52941176470587
 10
76.42659780203208
 20
77.52941176470587
 10
76.38235294117646
 20
77.52941176470587
  0
LWPOLYLINE
  5
971
330
17
100
AcDbEntity
  8
HIDDEN
100
AcDbPolyline
 90
15
 70
0
 10
76.38235294117646
 20
77.52941176470587
 10
76.42659780203208
 20
77.52941176470587
 10
76.55711376252515
 20
77.52941176470587
 10
76.76735620740936
 20
77.52941176470587
 10
77.04678270260223
 20
77.52941176470587
 10
77.38138163685137
 20
77.52941176470587
 10
77.75437482243004
 20
77.52941176470587
 10
78.14705882352942
 20
77.52941176470587
 10
78.53974282462879
 20
77.52941176470587
 10
78.91273601020745
 20
77.52941176470587
 10
79.24733494445658
 20
77.52941176470587
 10
79.52676143964948
 20
77.52941176470587
 10
79.73700388453369
 20
77.52941176470587
 10
79.86751984502675
 20
77.52941176470587
 10
79.91176470588235
 20
77.52941176470587
  0
LWPOLYLINE
  5
972
330
17
100
AcDbEntity
  8
HIDDEN
100
AcDbPolyline
 90
15
 70
0
 10
67.44117647058823
 20
92.11764705882352
 10
67.44117647058823
 20
92.20023746575399
 10
67.44117647058823
 20
92.44386725867437
 10
67.44117647058823
 20
92.83631982245825
 10
67.44117647058823
 20
93.35791594681828
 10
67.44117647058823
 20
93.98250062408333
 10
67.44117647058823
 20
94.67875457049684
 10
67.44117647058823
 20
95.41176470588235
 10
67.44117647058823
 20
96.14477484126785
 10
67.44117647058823
 20
96.84102878768135
 10
67.44117647058823
 20
97.46561346494641
 10
67.44117647058823
 20
97.98720958930645
 10
67.44117647058823
 20
98.37966215309032
 10
67.44117647058823
 20
98.62329194601071
 10
67.44117647058823
 20
98.70588235294116
  0
LWPOLYLINE
  5
973
330
17
100
AcDbEntity
  8
HIDDEN
100
AcDbPolyline
 90
15
 70
0
 10
64.61764705882354
 20
98.70588235294117
 10
64.61764705882354
 20
98.62329194601071
 10
64.61764705882354
 20
98.37966215309032
 10
64.61764705882354
 20
97.98720958930645
 10
64.61764705882354
 20
97.46561346494641
 10
64.61764705882354
 20
96.84102878768137
 10
64.61764705882354
 20
96.14477484126786
 10
64.61764705882354
 20
95.41176470588235
 10
64.61764705882354
 20
94.67875457049684
 10
64.61764705882354
 20
93.98250062408333
 10
64.61764705882354
 20
93.35791594681828
 10
64.61764705882354
 20
92.83631982245825
 10
64.61764705882354
 20
92.44386725867437
 10
64.61764705882354
 20
92.20023746575399
 10
64.61764705882354
 20
92.11764705882352
  0
LWPOLYLINE
  5
974
330
17
100
AcDbEntity
  8
HIDDEN
100
AcDbPolyline
 90
15
 70
0
 10
64.61764705882354
 20
92.11764705882352
 10
64.61764705882354
 20
92.20023746575399
 10
64.61764705882354
 20
92.44386725867437
 10
64.61764705882354
 20
92.83631982245825
 10
64.61764705882354
 20
93.35791594681828
 10
64.61764705882354
 20
93.98250062408333
 10
64.61764705882354
 20
94.67875457049684
 10
64.61764705882354
 20
95.41176470588235
 10
64.61764705882354
 20
96.14477484126785
 10
64.61764705882354
 20
96.84102878768135
 10
64.61764705882354
 20
97.46561346494641
 10
64.61764705882354
 20
97.98720958930645
 10
64.61764705882354
 20
98.37966215309032
 10
64.61764705882354
 20
98.62329194601071
 10
64.61764705882354
 20
98.70588235294116
  0
LWPOLYLINE
  5
975
330
17
100
AcDbEntity
  8
HIDDEN
100
AcDbPolyline
 90
15
 70
0
 10
64.61764705882354
 20
97.17647058823529
 10
64.61764705882354
 20
97.13222572737968
 10
64.61764705882354
 20
97.00170976688662
 10
64.61764705882354
 20
96.7914673220024
 10
64.61764705882354
 20
96.51204082680952
 10
64.61764705882354
 20
96.1774418925604
 10
64.61764705882354
 20
95.80444870698173
 10
64.61764705882354
 20
95.41176470588235
 10
64.61764705882354
 20
95.01908070478297
 10
64.61764705882354
 20
94.6460875192043
 10
64.61764705882354
 20
94.31148858495517
 10
64.61764705882354
 20
94.03206208976229
 10
64.61764705882354
 20
93.82181964487808
 10
64.61764705882354
 20
93.691303684385
 10
64.61764705882354
 20
93.6470588235294
  0
LWPOLYLINE
  5
976
330
17
100
AcDbEntity
  8
HIDDEN
100
AcDbPolyline
 90
15
 70
0
 10
64.61764705882354
 20
93.6470588235294
 10
64.61764705882354
 20
93.691303684385
 10
64.61764705882354
 20
93.82181964487808
 10
64.61764705882354
 20
94.03206208976229
 10
64.61764705882354
 20
94.31148858495517
 10
64.61764705882354
 20
94.6460875192043
 10
64.61764705882354
 20
95.01908070478297
 10
64.61764705882354
 20
95.41176470588235
 10
64.61764705882354
 20
95.80444870698173
 10
64.61764705882354
 20
96.17744189256038
 10
64.61764705882354
 20
96.51204082680952
 10
64.61764705882354
 20
96.7914673220024
 10
64.61764705882354
 20
97.00170976688662
 10
64.61764705882354
 20
97.13222572737968
 10
64.61764705882354
 20
97.17647058823529
  0
LWPOLYLINE
  5
977
330
17
100
AcDbEntity
  8
HIDDEN
100
AcDbPolyline
 90
2
 70
0
 10
50.852941176470594
 20
97.17647058823529
 10
53.44117647058823
 20
97.17647058823529
  0
LWPOLYLINE
  5
978
330
17
100
AcDbEntity
  8
HIDDEN
100
AcDbPolyline
 90
2
 70
0
 10
58.14705882352941
 20
97.17647058823529
 10
64.61764705882354
 20
97.17647058823529
  0
LWPOLYLINE
  5
979
330
17
100
AcDbEntity
  8
HIDDEN
100
AcDbPolyline
 90
15
 70
0
 10
50.5
 20
94.58823529411764
 10
50.5
 20
94.46983935527285
 10
50.5
 20
94.3571009231776
 10
50.5
 20
94.25069714113215
 10
50.5
 20
94.15126710449017
 10
50.5
 20
94.05940802204645
 10
50.5
 20
93.97567162900869
 10
50.5
 20
93.90056087309821
 10
50.5
 20
93.83452689368427
 10
50.5
 20
93.77796631209571
 10
50.5
 20
93.73121884938566
 10
50.5
 20
93.69456528585762
 10
50.5
 20
93.66822577460857
 10
50.5
 20
93.65235851921861
 10
50.5
 20
93.6470588235294
  0
LWPOLYLINE
  5
97A
330
17
100
AcDbEntity
  8
HIDDEN
100
AcDbPolyline
 90
15
 70
0
 10
50.5
 20
93.6470588235294
 10
50.5
 20
93.691303684385
 10
50.5
 20
93.82181964487808
 10
50.5
 20
94.03206208976229
 10
50.5
 20
94.31148858495517
 10
50.5
 20
94.6460875192043
 10
50.5
 20
95.01908070478297
 10
50.5
 20
95.41176470588235
 10
50.5
 20
95.80444870698173
 10
50.5
 20
96.17744189256038
 10
50.5
 20
96.51204082680952
 10
50.5
 20
96.7914673220024
 10
50.5
 20
97.00170976688662
 10
50.5
 20
97.13222572737968
 10
50.5
 20
97.17647058823529
  0
LWPOLYLINE
  5
97B
330
17
100
AcDbEntity
  8
HIDDEN
100
AcDbPolyline
 90
15
 70
0
 10
67.44117647058823
 20
111.6470588235294
 10
67.44117647058823
 20
111.72964923045987
 10
67.44117647058823
 20
111.97327902338026
 10
67.44117647058823
 20
112.36573158716413
 10
67.44117647058823
 20
112.88732771152416
 10
67.44117647058823
 20
113.51191238878921
 10
67.44117647058823
 20
114.20816633520272
 10
67.44117647058823
 20
114.94117647058823
 10
67.44117647058823
 20
115.67418660597374
 10
67.44117647058823
 20
116.37044055238724
 10
67.44117647058823
 20
116.9950252296523
 10
67.44117647058823
 20
117.51662135401233
 10
67.44117647058823
 20
117.90907391779619
 10
67.44117647058823
 20
118.1527037107166
 10
67.44117647058823
 20
118.23529411764704
  0
LWPOLYLINE
  5
97C
330
17
100
AcDbEntity
  8
HIDDEN
100
AcDbPolyline
 90
15
 70
0
 10
64.61764705882354
 20
118.23529411764704
 10
64.61764705882354
 20
118.1527037107166
 10
64.61764705882354
 20
117.90907391779619
 10
64.61764705882354
 20
117.51662135401233
 10
64.61764705882354
 20
116.9950252296523
 10
64.61764705882354
 20
116.37044055238724
 10
64.61764705882354
 20
115.67418660597374
 10
64.61764705882354
 20
114.94117647058823
 10
64.61764705882354
 20
114.20816633520272
 10
64.61764705882354
 20
113.51191238878921
 10
64.61764705882354
 20
112.88732771152416
 10
64.61764705882354
 20
112.36573158716413
 10
64.61764705882354
 20
111.97327902338026
 10
64.61764705882354
 20
111.72964923045987
 10
64.61764705882354
 20
111.6470588235294
  0
LWPOLYLINE
  5
97D
330
17
100
AcDbEntity
  8
HIDDEN
100
AcDbPolyline
 90
15
 70
0
 10
64.61764705882354
 20
111.6470588235294
 10
64.61764705882354
 20
111.72964923045987
 10
64.61764705882354
 20
111.97327902338026
 10
64.61764705882354
 20
112.36573158716413
 10
64.61764705882354
 20
112.88732771152416
 10
64.61764705882354
 20
113.51191238878921
 10
64.61764705882354
 20
114.20816633520272
 10
64.61764705882354
 20
114.94117647058823
 10
64.61764705882354
 20
115.67418660597374
 10
64.61764705882354
 20
116.37044055238724
 10
64.61764705882354
 20
116.9950252296523
 10
64.61764705882354
 20
117.51662135401233
 10
64.61764705882354
 20
117.90907391779619
 10
64.61764705882354
 20
118.1527037107166
 10
64.61764705882354
 20
118.23529411764704
  0
LWPOLYLINE
  5
97E
330
17
100
AcDbEntity
  8
HIDDEN
100
AcDbPolyline
 90
15
 70
0
 10
64.61764705882354
 20
116.70588235294116
 10
64.61764705882354
 20
116.66163749208556
 10
64.61764705882354
 20
116.5311215315925
 10
64.61764705882354
 20
116.32087908670829
 10
64.61764705882354
 20
116.0414525915154
 10
64.61764705882354
 20
115.70685365726627
 10
64.61764705882354
 20
115.3338604716876
 10
64.61764705882354
 20
114.94117647058823
 10
64.61764705882354
 20
114.54849246948885
 10
64.61764705882354
 20
114.17549928391018
 10
64.61764705882354
 20
113.84090034966104
 10
64.61764705882354
 20
113.56147385446818
 10
64.61764705882354
 20
113.35123140958396
 10
64.61764705882354
 20
113.2207154490909
 10
64.61764705882354
 20
113.17647058823528
  0
LWPOLYLINE
  5
97F
330
17
100
AcDbEntity
  8
HIDDEN
100
AcDbPolyline
 90
15
 70
0
 10
64.61764705882354
 20
113.17647058823528
 10
64.61764705882354
 20
113.2207154490909
 10
64.61764705882354
 20
113.35123140958396
 10
64.61764705882354
 20
113.56147385446818
 10
64.61764705882354
 20
113.84090034966104
 10
64.61764705882354
 20
114.17549928391018
 10
64.61764705882354
 20
114.54849246948885
 10
64.61764705882354
 20
114.94117647058823
 10
64.61764705882354
 20
115.3338604716876
 10
64.61764705882354
 20
115.70685365726627
 10
64.61764705882354
 20
116.0414525915154
 10
64.61764705882354
 20
116.32087908670829
 10
64.61764705882354
 20
116.5311215315925
 10
64.61764705882354
 20
116.66163749208556
 10
64.61764705882354
 20
116.70588235294116
  0
LWPOLYLINE
  5
980
330
17
100
AcDbEntity
  8
HIDDEN
100
AcDbPolyline
 90
2
 70
0
 10
55.55882352941177
 20
116.70588235294116
 10
64.61764705882354
 20
116.70588235294116
  0
LWPOLYLINE
  5
981
330
17
100
AcDbEntity
  8
HIDDEN
100
AcDbPolyline
 90
15
 70
0
 10
50.5
 20
113.17647058823528
 10
50.5
 20
113.2207154490909
 10
50.5
 20
113.35123140958396
 10
50.5
 20
113.56147385446818
 10
50.5
 20
113.84090034966104
 10
50.5
 20
114.17549928391018
 10
50.5
 20
114.54849246948885
 10
50.5
 20
114.94117647058823
 10
50.5
 20
115.3338604716876
 10
50.5
 20
115.70685365726627
 10
50.5
 20
116.0414525915154
 10
50.5
 20
116.32087908670829
 10
50.5
 20
116.5311215315925
 10
50.5
 20
116.66163749208556
 10
50.5
 20
116.70588235294116
  0
LWPOLYLINE
  5
982
330
17
100
AcDbEntity
  8
HIDDEN
100
AcDbPolyline
 90
15
 70
0
 10
74.04411764705883
 20
108.47058823529412
 10
74.04411764705883
 20
108.38799782836364
 10
74.04411764705883
 20
108.14436803544325
 10
74.04411764705883
 20
107.75191547165939
 10
74.04411764705883
 20
107.23031934729934
 10
74.04411764705883
 20
106.60573467003431
 10
74.04411764705883
 20
105.90948072362079
 10
74.04411764705883
 20
105.17647058823529
 10
74.04411764705883
 20
104.44346045284979
 10
74.04411764705883
 20
103.74720650643627
 10
74.04411764705883
 20
103.12262182917122
 10
74.04411764705883
 20
102.60102570481119
 10
74.04411764705883
 20
102.20857314102733
 10
74.04411764705883
 20
101.96494334810693
 10
74.04411764705883
 20
101.88235294117646
  0
LWPOLYLINE
  5
983
330
17
100
AcDbEntity
  8
HIDDEN
100
AcDbPolyline
 90
15
 70
0
 10
74.04411764705883
 20
101.88235294117646
 10
74.04411764705883
 20
101.96494334810693
 10
74.04411764705883
 20
102.20857314102732
 10
74.04411764705883
 20
102.60102570481119
 10
74.04411764705883
 20
103.12262182917122
 10
74.04411764705883
 20
103.74720650643627
 10
74.04411764705883
 20
104.44346045284979
 10
74.04411764705883
 20
105.17647058823529
 10
74.04411764705883
 20
105.90948072362079
 10
74.04411764705883
 20
106.60573467003431
 10
74.04411764705883
 20
107.23031934729934
 10
74.04411764705883
 20
107.75191547165939
 10
74.04411764705883
 20
108.14436803544325
 10
74.04411764705883
 20
108.38799782836364
 10
74.04411764705883
 20
108.47058823529412
  0
LWPOLYLINE
  5
984
330
17
100
AcDbEntity
  8
HIDDEN
100
AcDbPolyline
 90
15
 70
0
 10
71.22058823529412
 20
101.88235294117646
 10
71.22058823529412
 20
101.96494334810693
 10
71.22058823529412
 20
102.20857314102732
 10
71.22058823529412
 20
102.60102570481119
 10
71.22058823529412
 20
103.12262182917122
 10
71.22058823529412
 20
103.74720650643627
 10
71.22058823529412
 20
104.44346045284979
 10
71.22058823529412
 20
105.17647058823529
 10
71.22058823529412
 20
105.90948072362079
 10
71.22058823529412
 20
106.60573467003431
 10
71.22058823529412
 20
107.23031934729934
 10
71.22058823529412
 20
107.75191547165939
 10
71.22058823529412
 20
108.14436803544325
 10
71.22058823529412
 20
108.38799782836364
 10
71.22058823529412
 20
108.47058823529412
  0
LWPOLYLINE
  5
985
330
17
100
AcDbEntity
  8
HIDDEN
100
AcDbPolyline
 90
15
 70
0
 10
74.04411764705883
 20
106.94117647058823
 10
74.04411764705883
 20
106.89693160973263
 10
74.04411764705883
 20
106.76641564923955
 10
74.04411764705883
 20
106.55617320435535
 10
74.04411764705883
 20
106.27674670916247
 10
74.04411764705883
 20
105.94214777491334
 10
74.04411764705883
 20
105.56915458933466
 10
74.04411764705883
 20
105.17647058823529
 10
74.04411764705883
 20
104.78378658713592
 10
74.04411764705883
 20
104.41079340155724
 10
74.04411764705883
 20
104.07619446730811
 10
74.04411764705883
 20
103.79676797211523
 10
74.04411764705883
 20
103.58652552723102
 10
74.04411764705883
 20
103.45600956673795
 10
74.04411764705883
 20
103.41176470588235
  0
LWPOLYLINE
  5
986
330
17
100
AcDbEntity
  8
HIDDEN
100
AcDbPolyline
 90
15
 70
0
 10
74.04411764705883
 20
103.41176470588235
 10
74.04411764705883
 20
103.45600956673795
 10
74.04411764705883
 20
103.58652552723102
 10
74.04411764705883
 20
103.79676797211523
 10
74.04411764705883
 20
104.07619446730811
 10
74.04411764705883
 20
104.41079340155724
 10
74.04411764705883
 20
104.7837865871359
 10
74.04411764705883
 20
105.17647058823529
 10
74.04411764705883
 20
105.56915458933466
 10
74.04411764705883
 20
105.94214777491334
 10
74.04411764705883
 20
106.27674670916247
 10
74.04411764705883
 20
106.55617320435535
 10
74.04411764705883
 20
106.76641564923955
 10
74.04411764705883
 20
106.89693160973263
 10
74.04411764705883
 20
106.94117647058823
  0
LWPOLYLINE
  5
987
330
17
100
AcDbEntity
  8
HIDDEN
100
AcDbPolyline
 90
15
 70
0
 10
88.16176470588235
 20
103.41176470588235
 10
88.16176470588235
 20
103.45600956673795
 10
88.16176470588235
 20
103.58652552723102
 10
88.16176470588235
 20
103.79676797211523
 10
88.16176470588235
 20
104.07619446730811
 10
88.16176470588235
 20
104.41079340155724
 10
88.16176470588235
 20
104.7837865871359
 10
88.16176470588235
 20
105.17647058823529
 10
88.16176470588235
 20
105.56915458933466
 10
88.16176470588235
 20
105.94214777491334
 10
88.16176470588235
 20
106.27674670916247
 10
88.16176470588235
 20
106.55617320435535
 10
88.16176470588235
 20
106.76641564923955
 10
88.16176470588235
 20
106.89693160973263
 10
88.16176470588235
 20
106.94117647058823
  0
LWPOLYLINE
  5
988
330
17
100
AcDbEntity
  8
HIDDEN
100
AcDbPolyline
 90
2
 70
0
 10
74.04411764705883
 20
106.94117647058823
 10
84.83823529411765
 20
106.94117647058823
  0
LWPOLYLINE
  5
989
330
17
100
AcDbEntity
  8
HIDDEN
100
AcDbPolyline
 90
15
 70
0
 10
74.04411764705883
 20
108.47058823529412
 10
74.04411764705883
 20
108.38799782836364
 10
74.04411764705883
 20
108.14436803544325
 10
74.04411764705883
 20
107.75191547165939
 10
74.04411764705883
 20
107.23031934729934
 10
74.04411764705883
 20
106.60573467003431
 10
74.04411764705883
 20
105.90948072362079
 10
74.04411764705883
 20
105.17647058823529
 10
74.04411764705883
 20
104.44346045284979
 10
74.04411764705883
 20
103.74720650643627
 10
74.04411764705883
 20
103.12262182917122
 10
74.04411764705883
 20
102.60102570481119
 10
74.04411764705883
 20
102.20857314102733
 10
74.04411764705883
 20
101.96494334810693
 10
74.04411764705883
 20
101.88235294117646
  0
LWPOLYLINE
  5
98A
330
17
100
AcDbEntity
  8
HIDDEN
100
AcDbPolyline
 90
15
 70
0
 10
74.04411764705883
 20
101.88235294117646
 10
74.04411764705883
 20
101.96494334810693
 10
74.04411764705883
 20
102.20857314102732
 10
74.04411764705883
 20
102.60102570481119
 10
74.04411764705883
 20
103.12262182917122
 10
74.04411764705883
 20
103.74720650643627
 10
74.04411764705883
 20
104.44346045284979
 10
74.04411764705883
 20
105.17647058823529
 10
74.04411764705883
 20
105.90948072362079
 10
74.04411764705883
 20
106.60573467003431
 10
74.04411764705883
 20
107.23031934729934
 10
74.04411764705883
 20
107.75191547165939
 10
74.04411764705883
 20
108.14436803544325
 10
74.04411764705883
 20
108.38799782836364
 10
74.04411764705883
 20
108.47058823529412
  0
LWPOLYLINE
  5
98B
330
17
100
AcDbEntity
  8
HIDDEN
100
AcDbPolyline
 90
2
 70
0
 10
71.22058823529412
 20
108.47058823529412
 10
74.04411764705883
 20
108.47058823529412
  0
LWPOLYLINE
  5
98C
330
17
100
AcDbEntity
  8
HIDDEN
100
AcDbPolyline
 90
15
 70
0
 10
71.22058823529412
 20
108.47058823529412
 10
71.22058823529412
 20
108.38799782836364
 10
71.22058823529412
 20
108.14436803544325
 10
71.22058823529412
 20
107.75191547165939
 10
71.22058823529412
 20
107.23031934729934
 10
71.22058823529412
 20
106.60573467003431
 10
71.22058823529412
 20
105.90948072362079
 10
71.22058823529412
 20
105.17647058823529
 10
71.22058823529412
 20
104.44346045284979
 10
71.22058823529412
 20
103.74720650643627
 10
71.22058823529412
 20
103.12262182917122
 10
71.22058823529412
 20
102.60102570481119
 10
71.22058823529412
 20
102.20857314102733
 10
71.22058823529412
 20
101.96494334810693
 10
71.22058823529412
 20
101.88235294117646
  0
LWPOLYLINE
  5
98D
330
17
100
AcDbEntity
  8
HIDDEN
100
AcDbPolyline
 90
15
 70
0
 10
71.22058823529412
 20
101.88235294117646
 10
71.22058823529412
 20
101.96494334810693
 10
71.22058823529412
 20
102.20857314102732
 10
71.22058823529412
 20
102.60102570481119
 10
71.22058823529412
 20
103.12262182917122
 10
71.22058823529412
 20
103.74720650643627
 10
71.22058823529412
 20
104.44346045284979
 10
71.22058823529412
 20
105.17647058823529
 10
71.22058823529412
 20
105.90948072362079
 10
71.22058823529412
 20
106.60573467003431
 10
71.22058823529412
 20
107.23031934729934
 10
71.22058823529412
 20
107.75191547165939
 10
71.22058823529412
 20
108.14436803544325
 10
71.22058823529412
 20
108.38799782836364
 10
71.22058823529412
 20
108.47058823529412
  0
LWPOLYLINE
  5
98E
330
17
100
AcDbEntity
  8
HIDDEN
100
AcDbPolyline
 90
15
 70
0
 10
74.04411764705883
 20
106.94117647058823
 10
74.04411764705883
 20
106.89693160973263
 10
74.04411764705883
 20
106.76641564923955
 10
74.04411764705883
 20
106.55617320435535
 10
74.04411764705883
 20
106.27674670916247
 10
74.04411764705883
 20
105.94214777491334
 10
74.04411764705883
 20
105.56915458933466
 10
74.04411764705883
 20
105.17647058823529
 10
74.04411764705883
 20
104.78378658713592
 10
74.04411764705883
 20
104.41079340155724
 10
74.04411764705883
 20
104.07619446730811
 10
74.04411764705883
 20
103.79676797211523
 10
74.04411764705883
 20
103.58652552723102
 10
74.04411764705883
 20
103.45600956673795
 10
74.04411764705883
 20
103.41176470588235
  0
LWPOLYLINE
  5
98F
330
17
100
AcDbEntity
  8
HIDDEN
100
AcDbPolyline
 90
15
 70
0
 10
74.04411764705883
 20
103.41176470588235
 10
74.04411764705883
 20
103.45600956673795
 10
74.04411764705883
 20
103.58652552723102
 10
74.04411764705883
 20
103.79676797211523
 10
74.04411764705883
 20
104.07619446730811
 10
74.04411764705883
 20
104.41079340155724
 10
74.04411764705883
 20
104.7837865871359
 10
74.04411764705883
 20
105.17647058823529
 10
74.04411764705883
 20
105.56915458933466
 10
74.04411764705883
 20
105.94214777491334
 10
74.04411764705883
 20
106.27674670916247
 10
74.04411764705883
 20
106.55617320435535
 10
74.04411764705883
 20
106.76641564923955
 10
74.04411764705883
 20
106.89693160973263
 10
74.04411764705883
 20
106.94117647058823
  0
LWPOLYLINE
  5
990
330
17
100
AcDbEntity
  8
HIDDEN
100
AcDbPolyline
 90
15
 70
0
 10
88.16176470588235
 20
106.94117647058823
 10
88.16176470588235
 20
106.89693160973263
 10
88.16176470588235
 20
106.76641564923955
 10
88.16176470588235
 20
106.55617320435535
 10
88.16176470588235
 20
106.27674670916247
 10
88.16176470588235
 20
105.94214777491334
 10
88.16176470588235
 20
105.56915458933466
 10
88.16176470588235
 20
105.17647058823529
 10
88.16176470588235
 20
104.78378658713592
 10
88.16176470588235
 20
104.41079340155724
 10
88.16176470588235
 20
104.07619446730811
 10
88.16176470588235
 20
103.79676797211523
 10
88.16176470588235
 20
103.58652552723102
 10
88.16176470588235
 20
103.45600956673795
 10
88.16176470588235
 20
103.41176470588235
  0
LWPOLYLINE
  5
991
330
17
100
AcDbEntity
  8
HIDDEN
100
AcDbPolyline
 90
15
 70
0
 10
88.16176470588235
 20
103.41176470588235
 10
88.16176470588235
 20
103.45600956673795
 10
88.16176470588235
 20
103.58652552723102
 10
88.16176470588235
 20
103.79676797211523
 10
88.16176470588235
 20
104.07619446730811
 10
88.16176470588235
 20
104.41079340155724
 10
88.16176470588235
 20
104.7837865871359
 10
88.16176470588235
 20
105.17647058823529
 10
88.16176470588235
 20
105.56915458933466
 10
88.16176470588235
 20
105.94214777491334
 10
88.16176470588235
 20
106.27674670916247
 10
88.16176470588235
 20
106.55617320435535
 10
88.16176470588235
 20
106.76641564923955
 10
88.16176470588235
 20
106.89693160973263
 10
88.16176470588235
 20
106.94117647058823
  0
LWPOLYLINE
  5
992
330
17
100
AcDbEntity
  8
HIDDEN
100
AcDbPolyline
 90
2
 70
0
 10
74.04411764705883
 20
106.94117647058823
 10
88.16176470588235
 20
106.94117647058823
  0
LWPOLYLINE
  5
993
330
17
100
AcDbEntity
  8
HIDDEN
100
AcDbPolyline
 90
2
 70
0
 10
33.44117647058823
 20
63.99999999999999
 10
33.44117647058823
 20
69.88235294117646
  0
LWPOLYLINE
  5
994
330
17
100
AcDbEntity
  8
HIDDEN
100
AcDbPolyline
 90
2
 70
0
 10
33.44117647058823
 20
69.88235294117646
 10
42.85294117647059
 20
69.88235294117646
  0
LWPOLYLINE
  5
995
330
17
100
AcDbEntity
  8
HIDDEN
100
AcDbPolyline
 90
15
 70
0
 10
40.3235294117647
 20
69.88235294117646
 10
40.268960750042794
 20
69.88235294117646
 10
40.107991065434675
 20
69.88235294117646
 10
39.848692050077474
 20
69.88235294117646
 10
39.5040660393396
 20
69.88235294117646
 10
39.09139402043233
 20
69.88235294117646
 10
38.631369091551974
 20
69.88235294117646
 10
38.14705882352941
 20
69.88235294117646
 10
37.662748555506845
 20
69.88235294117646
 10
37.202723626626494
 20
69.88235294117646
 10
36.79005160771923
 20
69.88235294117646
 10
36.445425596981345
 20
69.88235294117646
 10
36.186126581624144
 20
69.88235294117646
 10
36.02515689701603
 20
69.88235294117646
 10
35.970588235294116
 20
69.88235294117646
  0
LWPOLYLINE
  5
996
330
17
100
AcDbEntity
  8
HIDDEN
100
AcDbPolyline
 90
15
 70
0
 10
35.970588235294116
 20
69.88235294117646
 10
36.02515689701603
 20
69.88235294117646
 10
36.186126581624144
 20
69.88235294117646
 10
36.445425596981345
 20
69.88235294117646
 10
36.79005160771923
 20
69.88235294117646
 10
37.202723626626494
 20
69.88235294117646
 10
37.662748555506845
 20
69.88235294117646
 10
38.14705882352941
 20
69.88235294117646
 10
38.631369091551974
 20
69.88235294117646
 10
39.09139402043233
 20
69.88235294117646
 10
39.50406603933959
 20
69.88235294117646
 10
39.848692050077474
 20
69.88235294117646
 10
40.107991065434675
 20
69.88235294117646
 10
40.268960750042794
 20
69.88235294117646
 10
40.3235294117647
 20
69.88235294117646
  0
LWPOLYLINE
  5
997
330
17
100
AcDbEntity
  8
HIDDEN
100
AcDbPolyline
 90
2
 70
0
 10
33.44117647058823
 20
63.99999999999999
 10
42.85294117647059
 20
63.99999999999999
  0
LWPOLYLINE
  5
998
330
17
100
AcDbEntity
  8
HIDDEN
100
AcDbPolyline
 90
2
 70
0
 10
42.85294117647059
 20
63.99999999999999
 10
42.85294117647059
 20
69.88235294117646
  0
LWPOLYLINE
  5
999
330
17
100
AcDbEntity
  8
HIDDEN
100
AcDbPolyline
 90
15
 70
0
 10
40.3235294117647
 20
73.41176470588235
 10
40.268960750042794
 20
73.41176470588235
 10
40.107991065434675
 20
73.41176470588235
 10
39.848692050077474
 20
73.41176470588235
 10
39.5040660393396
 20
73.41176470588235
 10
39.09139402043233
 20
73.41176470588235
 10
38.631369091551974
 20
73.41176470588235
 10
38.14705882352941
 20
73.41176470588235
 10
37.662748555506845
 20
73.41176470588235
 10
37.202723626626494
 20
73.41176470588235
 10
36.79005160771923
 20
73.41176470588235
 10
36.445425596981345
 20
73.41176470588235
 10
36.186126581624144
 20
73.41176470588235
 10
36.02515689701603
 20
73.41176470588235
 10
35.970588235294116
 20
73.41176470588235
  0
LWPOLYLINE
  5
99A
330
17
100
AcDbEntity
  8
HIDDEN
100
AcDbPolyline
 90
15
 70
0
 10
35.970588235294116
 20
73.41176470588235
 10
36.02515689701603
 20
73.41176470588235
 10
36.186126581624144
 20
73.41176470588235
 10
36.445425596981345
 20
73.41176470588235
 10
36.79005160771923
 20
73.41176470588235
 10
37.202723626626494
 20
73.41176470588235
 10
37.662748555506845
 20
73.41176470588235
 10
38.14705882352941
 20
73.41176470588235
 10
38.631369091551974
 20
73.41176470588235
 10
39.09139402043233
 20
73.41176470588235
 10
39.50406603933959
 20
73.41176470588235
 10
39.848692050077474
 20
73.41176470588235
 10
40.107991065434675
 20
73.41176470588235
 10
40.268960750042794
 20
73.41176470588235
 10
40.3235294117647
 20
73.41176470588235
  0
LWPOLYLINE
  5
99B
330
17
100
AcDbEntity
  8
HIDDEN
100
AcDbPolyline
 90
2
 70
0
 10
40.3235294117647
 20
69.88235294117646
 10
40.3235294117647
 20
73.41176470588235
  0
LWPOLYLINE
  5
99C
330
17
100
AcDbEntity
  8
HIDDEN
100
AcDbPolyline
 90
2
 70
0
 10
33.44117647058823
 20
63.99999999999999
 10
33.44117647058823
 20
69.88235294117646
  0
LWPOLYLINE
  5
99D
330
17
100
AcDbEntity
  8
HIDDEN
100
AcDbPolyline
 90
2
 70
0
 10
33.44117647058823
 20
63.99999999999999
 10
33.44117647058823
 20
69.88235294117646
  0
LWPOLYLINE
  5
99E
330
17
100
AcDbEntity
  8
HIDDEN
100
AcDbPolyline
 90
2
 70
0
 10
33.44117647058823
 20
63.99999999999999
 10
42.85294117647059
 20
63.99999999999999
  0
LWPOLYLINE
  5
99F
330
17
100
AcDbEntity
  8
HIDDEN
100
AcDbPolyline
 90
2
 70
0
 10
42.85294117647059
 20
63.99999999999999
 10
42.85294117647059
 20
69.88235294117646
  0
LWPOLYLINE
  5
9A0
330
17
100
AcDbEntity
  8
HIDDEN
100
AcDbPolyline
 90
2
 70
0
 10
33.44117647058823
 20
69.88235294117646
 10
42.85294117647059
 20
69.88235294117646
  0
LWPOLYLINE
  5
9A1
330
17
100
AcDbEntity
  8
HIDDEN
100
AcDbPolyline
 90
2
 70
0
 10
33.44117647058823
 20
69.88235294117646
 10
42.85294117647059
 20
69.88235294117646
  0
LWPOLYLINE
  5
9A2
330
17
100
AcDbEntity
  8
HIDDEN
100
AcDbPolyline
 90
15
 70
0
 10
40.3235294117647
 20
69.88235294117646
 10
40.268960750042794
 20
69.88235294117646
 10
40.107991065434675
 20
69.88235294117646
 10
39.848692050077474
 20
69.88235294117646
 10
39.5040660393396
 20
69.88235294117646
 10
39.09139402043233
 20
69.88235294117646
 10
38.631369091551974
 20
69.88235294117646
 10
38.14705882352941
 20
69.88235294117646
 10
37.662748555506845
 20
69.88235294117646
 10
37.202723626626494
 20
69.88235294117646
 10
36.79005160771923
 20
69.88235294117646
 10
36.445425596981345
 20
69.88235294117646
 10
36.186126581624144
 20
69.88235294117646
 10
36.02515689701603
 20
69.88235294117646
 10
35.970588235294116
 20
69.88235294117646
  0
LWPOLYLINE
  5
9A3
330
17
100
AcDbEntity
  8
HIDDEN
100
AcDbPolyline
 90
15
 70
0
 10
35.970588235294116
 20
69.88235294117646
 10
36.02515689701603
 20
69.88235294117646
 10
36.186126581624144
 20
69.88235294117646
 10
36.445425596981345
 20
69.88235294117646
 10
36.79005160771923
 20
69.88235294117646
 10
37.202723626626494
 20
69.88235294117646
 10
37.662748555506845
 20
69.88235294117646
 10
38.14705882352941
 20
69.88235294117646
 10
38.631369091551974
 20
69.88235294117646
 10
39.09139402043233
 20
69.88235294117646
 10
39.50406603933959
 20
69.88235294117646
 10
39.848692050077474
 20
69.88235294117646
 10
40.107991065434675
 20
69.88235294117646
 10
40.268960750042794
 20
69.88235294117646
 10
40.3235294117647
 20
69.88235294117646
  0
LWPOLYLINE
  5
9A4
330
17
100
AcDbEntity
  8
HIDDEN
100
AcDbPolyline
 90
2
 70
0
 10
33.44117647058823
 20
63.99999999999999
 10
42.85294117647059
 20
63.99999999999999
  0
LWPOLYLINE
  5
9A5
330
17
100
AcDbEntity
  8
HIDDEN
100
AcDbPolyline
 90
2
 70
0
 10
42.85294117647059
 20
63.99999999999999
 10
42.85294117647059
 20
69.88235294117646
  0
LWPOLYLINE
  5
9A6
330
17
100
AcDbEntity
  8
HIDDEN
100
AcDbPolyline
 90
15
 70
0
 10
40.3235294117647
 20
73.41176470588235
 10
40.268960750042794
 20
73.41176470588235
 10
40.107991065434675
 20
73.41176470588235
 10
39.848692050077474
 20
73.41176470588235
 10
39.5040660393396
 20
73.41176470588235
 10
39.09139402043233
 20
73.41176470588235
 10
38.631369091551974
 20
73.41176470588235
 10
38.14705882352941
 20
73.41176470588235
 10
37.662748555506845
 20
73.41176470588235
 10
37.202723626626494
 20
73.41176470588235
 10
36.79005160771923
 20
73.41176470588235
 10
36.445425596981345
 20
73.41176470588235
 10
36.186126581624144
 20
73.41176470588235
 10
36.02515689701603
 20
73.41176470588235
 10
35.970588235294116
 20
73.41176470588235
  0
LWPOLYLINE
  5
9A7
330
17
100
AcDbEntity
  8
HIDDEN
100
AcDbPolyline
 90
15
 70
0
 10
35.970588235294116
 20
73.41176470588235
 10
36.02515689701603
 20
73.41176470588235
 10
36.186126581624144
 20
73.41176470588235
 10
36.445425596981345
 20
73.41176470588235
 10
36.79005160771923
 20
73.41176470588235
 10
37.202723626626494
 20
73.41176470588235
 10
37.662748555506845
 20
73.41176470588235
 10
38.14705882352941
 20
73.41176470588235
 10
38.631369091551974
 20
73.41176470588235
 10
39.09139402043233
 20
73.41176470588235
 10
39.50406603933959
 20
73.41176470588235
 10
39.848692050077474
 20
73.41176470588235
 10
40.107991065434675
 20
73.41176470588235
 10
40.268960750042794
 20
73.41176470588235
 10
40.3235294117647
 20
73.41176470588235
  0
LWPOLYLINE
  5
9A8
330
17
100
AcDbEntity
  8
HIDDEN
100
AcDbPolyline
 90
2
 70
0
 10
40.3235294117647
 20
69.88235294117646
 10
40.3235294117647
 20
73.41176470588235
  0
LWPOLYLINE
  5
9A9
330
17
100
AcDbEntity
  8
HIDDEN
100
AcDbPolyline
 90
2
 70
0
 10
235.79411764705884
 20
63.99999999999999
 10
235.79411764705884
 20
69.88235294117646
  0
LWPOLYLINE
  5
9AA
330
17
100
AcDbEntity
  8
HIDDEN
100
AcDbPolyline
 90
2
 70
0
 10
235.79411764705884
 20
69.88235294117646
 10
245.20588235294116
 20
69.88235294117646
  0
LWPOLYLINE
  5
9AB
330
17
100
AcDbEntity
  8
HIDDEN
100
AcDbPolyline
 90
15
 70
0
 10
242.6764705882353
 20
69.88235294117646
 10
242.62190192651337
 20
69.88235294117646
 10
242.46093224190525
 20
69.88235294117646
 10
242.2016332265481
 20
69.88235294117646
 10
241.8570072158102
 20
69.88235294117646
 10
241.44433519690295
 20
69.88235294117646
 10
240.98431026802257
 20
69.88235294117646
 10
240.5
 20
69.88235294117646
 10
240.01568973197743
 20
69.88235294117646
 10
239.5556648030971
 20
69.88235294117646
 10
239.1429927841898
 20
69.88235294117646
 10
238.79836677345196
 20
69.88235294117646
 10
238.53906775809475
 20
69.88235294117646
 10
238.37809807348663
 20
69.88235294117646
 10
238.3235294117647
 20
69.88235294117646
  0
LWPOLYLINE
  5
9AC
330
17
100
AcDbEntity
  8
HIDDEN
100
AcDbPolyline
 90
15
 70
0
 10
238.3235294117647
 20
69.88235294117646
 10
238.37809807348663
 20
69.88235294117646
 10
238.53906775809475
 20
69.88235294117646
 10
238.79836677345196
 20
69.88235294117646
 10
239.1429927841898
 20
69.88235294117646
 10
239.5556648030971
 20
69.88235294117646
 10
240.01568973197743
 20
69.88235294117646
 10
240.5
 20
69.88235294117646
 10
240.98431026802257
 20
69.88235294117646
 10
241.44433519690295
 20
69.88235294117646
 10
241.8570072158102
 20
69.88235294117646
 10
242.2016332265481
 20
69.88235294117646
 10
242.46093224190525
 20
69.88235294117646
 10
242.62190192651337
 20
69.88235294117646
 10
242.6764705882353
 20
69.88235294117646
  0
LWPOLYLINE
  5
9AD
330
17
100
AcDbEntity
  8
HIDDEN
100
AcDbPolyline
 90
2
 70
0
 10
235.79411764705884
 20
63.99999999999999
 10
245.20588235294116
 20
63.99999999999999
  0
LWPOLYLINE
  5
9AE
330
17
100
AcDbEntity
  8
HIDDEN
100
AcDbPolyline
 90
2
 70
0
 10
245.20588235294116
 20
63.99999999999999
 10
245.20588235294116
 20
69.88235294117646
  0
LWPOLYLINE
  5
9AF
330
17
100
AcDbEntity
  8
HIDDEN
100
AcDbPolyline
 90
15
 70
0
 10
242.6764705882353
 20
73.41176470588235
 10
242.62190192651337
 20
73.41176470588235
 10
242.46093224190525
 20
73.41176470588235
 10
242.2016332265481
 20
73.41176470588235
 10
241.8570072158102
 20
73.41176470588235
 10
241.44433519690295
 20
73.41176470588235
 10
240.98431026802257
 20
73.41176470588235
 10
240.5
 20
73.41176470588235
 10
240.01568973197743
 20
73.41176470588235
 10
239.5556648030971
 20
73.41176470588235
 10
239.1429927841898
 20
73.41176470588235
 10
238.79836677345196
 20
73.41176470588235
 10
238.53906775809475
 20
73.41176470588235
 10
238.37809807348663
 20
73.41176470588235
 10
238.3235294117647
 20
73.41176470588235
  0
LWPOLYLINE
  5
9B0
330
17
100
AcDbEntity
  8
HIDDEN
100
AcDbPolyline
 90
15
 70
0
 10
238.3235294117647
 20
73.41176470588235
 10
238.37809807348663
 20
73.41176470588235
 10
238.53906775809475
 20
73.41176470588235
 10
238.79836677345196
 20
73.41176470588235
 10
239.1429927841898
 20
73.41176470588235
 10
239.5556648030971
 20
73.41176470588235
 10
240.01568973197743
 20
73.41176470588235
 10
240.5
 20
73.41176470588235
 10
240.98431026802257
 20
73.41176470588235
 10
241.44433519690295
 20
73.41176470588235
 10
241.8570072158102
 20
73.41176470588235
 10
242.2016332265481
 20
73.41176470588235
 10
242.46093224190525
 20
73.41176470588235
 10
242.62190192651337
 20
73.41176470588235
 10
242.6764705882353
 20
73.41176470588235
  0
LWPOLYLINE
  5
9B1
330
17
100
AcDbEntity
  8
HIDDEN
100
AcDbPolyline
 90
2
 70
0
 10
242.6764705882353
 20
69.88235294117646
 10
242.6764705882353
 20
73.41176470588235
  0
LWPOLYLINE
  5
9B2
330
17
100
AcDbEntity
  8
HIDDEN
100
AcDbPolyline
 90
2
 70
0
 10
235.79411764705884
 20
63.99999999999999
 10
235.79411764705884
 20
69.88235294117646
  0
LWPOLYLINE
  5
9B3
330
17
100
AcDbEntity
  8
HIDDEN
100
AcDbPolyline
 90
2
 70
0
 10
235.79411764705884
 20
63.99999999999999
 10
235.79411764705884
 20
69.88235294117646
  0
LWPOLYLINE
  5
9B4
330
17
100
AcDbEntity
  8
HIDDEN
100
AcDbPolyline
 90
2
 70
0
 10
235.79411764705884
 20
63.99999999999999
 10
245.20588235294116
 20
63.99999999999999
  0
LWPOLYLINE
  5
9B5
330
17
100
AcDbEntity
  8
HIDDEN
100
AcDbPolyline
 90
2
 70
0
 10
245.20588235294116
 20
63.99999999999999
 10
245.20588235294116
 20
69.88235294117646
  0
LWPOLYLINE
  5
9B6
330
17
100
AcDbEntity
  8
HIDDEN
100
AcDbPolyline
 90
2
 70
0
 10
235.79411764705884
 20
69.88235294117646
 10
245.20588235294116
 20
69.88235294117646
  0
LWPOLYLINE
  5
9B7
330
17
100
AcDbEntity
  8
HIDDEN
100
AcDbPolyline
 90
2
 70
0
 10
235.79411764705884
 20
69.88235294117646
 10
245.20588235294116
 20
69.88235294117646
  0
LWPOLYLINE
  5
9B8
330
17
100
AcDbEntity
  8
HIDDEN
100
AcDbPolyline
 90
15
 70
0
 10
242.6764705882353
 20
69.88235294117646
 10
242.62190192651337
 20
69.88235294117646
 10
242.46093224190525
 20
69.88235294117646
 10
242.2016332265481
 20
69.88235294117646
 10
241.8570072158102
 20
69.88235294117646
 10
241.44433519690295
 20
69.88235294117646
 10
240.98431026802257
 20
69.88235294117646
 10
240.5
 20
69.88235294117646
 10
240.01568973197743
 20
69.88235294117646
 10
239.5556648030971
 20
69.88235294117646
 10
239.1429927841898
 20
69.88235294117646
 10
238.79836677345196
 20
69.88235294117646
 10
238.53906775809475
 20
69.88235294117646
 10
238.37809807348663
 20
69.88235294117646
 10
238.3235294117647
 20
69.88235294117646
  0
LWPOLYLINE
  5
9B9
330
17
100
AcDbEntity
  8
HIDDEN
100
AcDbPolyline
 90
15
 70
0
 10
238.3235294117647
 20
69.88235294117646
 10
238.37809807348663
 20
69.88235294117646
 10
238.53906775809475
 20
69.88235294117646
 10
238.79836677345196
 20
69.88235294117646
 10
239.1429927841898
 20
69.88235294117646
 10
239.5556648030971
 20
69.88235294117646
 10
240.01568973197743
 20
69.88235294117646
 10
240.5
 20
69.88235294117646
 10
240.98431026802257
 20
69.88235294117646
 10
241.44433519690295
 20
69.88235294117646
 10
241.8570072158102
 20
69.88235294117646
 10
242.2016332265481
 20
69.88235294117646
 10
242.46093224190525
 20
69.88235294117646
 10
242.62190192651337
 20
69.88235294117646
 10
242.6764705882353
 20
69.88235294117646
  0
LWPOLYLINE
  5
9BA
330
17
100
AcDbEntity
  8
HIDDEN
100
AcDbPolyline
 90
2
 70
0
 10
235.79411764705884
 20
63.99999999999999
 10
245.20588235294116
 20
63.99999999999999
  0
LWPOLYLINE
  5
9BB
330
17
100
AcDbEntity
  8
HIDDEN
100
AcDbPolyline
 90
2
 70
0
 10
245.20588235294116
 20
63.99999999999999
 10
245.20588235294116
 20
69.88235294117646
  0
LWPOLYLINE
  5
9BC
330
17
100
AcDbEntity
  8
HIDDEN
100
AcDbPolyline
 90
15
 70
0
 10
242.6764705882353
 20
73.41176470588235
 10
242.62190192651337
 20
73.41176470588235
 10
242.46093224190525
 20
73.41176470588235
 10
242.2016332265481
 20
73.41176470588235
 10
241.8570072158102
 20
73.41176470588235
 10
241.44433519690295
 20
73.41176470588235
 10
240.98431026802257
 20
73.41176470588235
 10
240.5
 20
73.41176470588235
 10
240.01568973197743
 20
73.41176470588235
 10
239.5556648030971
 20
73.41176470588235
 10
239.1429927841898
 20
73.41176470588235
 10
238.79836677345196
 20
73.41176470588235
 10
238.53906775809475
 20
73.41176470588235
 10
238.37809807348663
 20
73.41176470588235
 10
238.3235294117647
 20
73.41176470588235
  0
LWPOLYLINE
  5
9BD
330
17
100
AcDbEntity
  8
HIDDEN
100
AcDbPolyline
 90
15
 70
0
 10
238.3235294117647
 20
73.41176470588235
 10
238.37809807348663
 20
73.41176470588235
 10
238.53906775809475
 20
73.41176470588235
 10
238.79836677345196
 20
73.41176470588235
 10
239.1429927841898
 20
73.41176470588235
 10
239.5556648030971
 20
73.41176470588235
 10
240.01568973197743
 20
73.41176470588235
 10
240.5
 20
73.41176470588235
 10
240.98431026802257
 20
73.41176470588235
 10
241.44433519690295
 20
73.41176470588235
 10
241.8570072158102
 20
73.41176470588235
 10
242.2016332265481
 20
73.41176470588235
 10
242.46093224190525
 20
73.41176470588235
 10
242.62190192651337
 20
73.41176470588235
 10
242.6764705882353
 20
73.41176470588235
  0
LWPOLYLINE
  5
9BE
330
17
100
AcDbEntity
  8
HIDDEN
100
AcDbPolyline
 90
2
 70
0
 10
242.6764705882353
 20
69.88235294117646
 10
242.6764705882353
 20
73.41176470588235
  0
LWPOLYLINE
  5
9BF
330
17
100
AcDbEntity
  8
HIDDEN
100
AcDbPolyline
 90
2
 70
0
 10
97.10904876896939
 20
70.35294117647058
 10
97.10904876896939
 20
72.94117647058823
  0
LWPOLYLINE
  5
9C0
330
17
100
AcDbEntity
  8
HIDDEN
100
AcDbPolyline
 90
2
 70
0
 10
95.27511261977881
 20
70.35294117647058
 10
95.27511261977881
 20
72.94117647058823
  0
LWPOLYLINE
  5
9C1
330
17
100
AcDbEntity
  8
HIDDEN
100
AcDbPolyline
 90
2
 70
0
 10
97.10904876896939
 20
70.35294117647058
 10
95.27511261977881
 20
70.35294117647058
  0
LWPOLYLINE
  5
9C2
330
17
100
AcDbEntity
  8
HIDDEN
100
AcDbPolyline
 90
2
 70
0
 10
97.10904876896939
 20
72.94117647058823
 10
95.27511261977881
 20
72.94117647058823
  0
LWPOLYLINE
  5
9C3
330
17
100
AcDbEntity
  8
HIDDEN
100
AcDbPolyline
 90
2
 70
0
 10
95.27511261977881
 20
70.35294117647058
 10
95.27511261977881
 20
72.94117647058823
  0
LWPOLYLINE
  5
9C4
330
17
100
AcDbEntity
  8
HIDDEN
100
AcDbPolyline
 90
2
 70
0
 10
95.27511261977881
 20
70.35294117647058
 10
97.10904876896939
 20
70.35294117647058
  0
LWPOLYLINE
  5
9C5
330
17
100
AcDbEntity
  8
HIDDEN
100
AcDbPolyline
 90
2
 70
0
 10
95.27511261977881
 20
72.94117647058823
 10
97.10904876896939
 20
72.94117647058823
  0
LWPOLYLINE
  5
9C6
330
17
100
AcDbEntity
  8
HIDDEN
100
AcDbPolyline
 90
2
 70
0
 10
91.60724032139765
 20
70.35294117647058
 10
91.60724032139765
 20
72.94117647058823
  0
LWPOLYLINE
  5
9C7
330
17
100
AcDbEntity
  8
HIDDEN
100
AcDbPolyline
 90
2
 70
0
 10
95.27511261977881
 20
70.35294117647058
 10
91.60724032139765
 20
70.35294117647058
  0
LWPOLYLINE
  5
9C8
330
17
100
AcDbEntity
  8
HIDDEN
100
AcDbPolyline
 90
2
 70
0
 10
95.27511261977881
 20
72.94117647058823
 10
91.60724032139765
 20
72.94117647058823
  0
LWPOLYLINE
  5
9C9
330
17
100
AcDbEntity
  8
HIDDEN
100
AcDbPolyline
 90
2
 70
0
 10
91.60724032139765
 20
70.35294117647058
 10
95.27511261977881
 20
70.35294117647058
  0
LWPOLYLINE
  5
9CA
330
17
100
AcDbEntity
  8
HIDDEN
100
AcDbPolyline
 90
2
 70
0
 10
91.60724032139765
 20
70.35294117647058
 10
89.77330417220709
 20
70.35294117647058
  0
LWPOLYLINE
  5
9CB
330
17
100
AcDbEntity
  8
HIDDEN
100
AcDbPolyline
 90
2
 70
0
 10
89.77330417220709
 20
70.35294117647058
 10
91.60724032139765
 20
70.35294117647058
  0
LWPOLYLINE
  5
9CC
330
17
100
AcDbEntity
  8
HIDDEN
100
AcDbPolyline
 90
15
 70
0
 10
95.20588235294117
 20
70.35294117647058
 10
95.16163749208557
 20
70.35294117647058
 10
95.0311215315925
 20
70.35294117647058
 10
94.82087908670829
 20
70.35294117647058
 10
94.54145259151541
 20
70.35294117647058
 10
94.20685365726628
 20
70.35294117647058
 10
93.83386047168761
 20
70.35294117647058
 10
93.44117647058823
 20
70.35294117647058
 10
93.04849246948886
 20
70.35294117647058
 10
92.6754992839102
 20
70.35294117647058
 10
92.34090034966107
 20
70.35294117647058
 10
92.06147385446818
 20
70.35294117647058
 10
91.85123140958396
 20
70.35294117647058
 10
91.7207154490909
 20
70.35294117647058
 10
91.6764705882353
 20
70.35294117647058
  0
LWPOLYLINE
  5
9CD
330
17
100
AcDbEntity
  8
HIDDEN
100
AcDbPolyline
 90
15
 70
0
 10
91.6764705882353
 20
70.35294117647058
 10
91.7207154490909
 20
70.35294117647058
 10
91.85123140958396
 20
70.35294117647058
 10
92.06147385446818
 20
70.35294117647058
 10
92.34090034966107
 20
70.35294117647058
 10
92.6754992839102
 20
70.35294117647058
 10
93.04849246948886
 20
70.35294117647058
 10
93.44117647058823
 20
70.35294117647058
 10
93.83386047168761
 20
70.35294117647058
 10
94.20685365726628
 20
70.35294117647058
 10
94.54145259151541
 20
70.35294117647058
 10
94.82087908670829
 20
70.35294117647058
 10
95.0311215315925
 20
70.35294117647058
 10
95.16163749208557
 20
70.35294117647058
 10
95.20588235294117
 20
70.35294117647058
  0
LWPOLYLINE
  5
9CE
330
17
100
AcDbEntity
  8
HIDDEN
100
AcDbPolyline
 90
2
 70
0
 10
91.60724032139765
 20
72.94117647058823
 10
95.27511261977881
 20
72.94117647058823
  0
LWPOLYLINE
  5
9CF
330
17
100
AcDbEntity
  8
HIDDEN
100
AcDbPolyline
 90
2
 70
0
 10
91.60724032139765
 20
72.94117647058823
 10
89.77330417220709
 20
72.94117647058823
  0
LWPOLYLINE
  5
9D0
330
17
100
AcDbEntity
  8
HIDDEN
100
AcDbPolyline
 90
2
 70
0
 10
89.77330417220709
 20
72.94117647058823
 10
91.60724032139765
 20
72.94117647058823
  0
LWPOLYLINE
  5
9D1
330
17
100
AcDbEntity
  8
HIDDEN
100
AcDbPolyline
 90
15
 70
0
 10
95.20588235294117
 20
72.94117647058823
 10
95.16163749208557
 20
72.94117647058823
 10
95.0311215315925
 20
72.94117647058823
 10
94.82087908670829
 20
72.94117647058823
 10
94.54145259151541
 20
72.94117647058823
 10
94.20685365726628
 20
72.94117647058823
 10
93.83386047168761
 20
72.94117647058823
 10
93.44117647058823
 20
72.94117647058823
 10
93.04849246948886
 20
72.94117647058823
 10
92.6754992839102
 20
72.94117647058823
 10
92.34090034966107
 20
72.94117647058823
 10
92.06147385446818
 20
72.94117647058823
 10
91.85123140958396
 20
72.94117647058823
 10
91.7207154490909
 20
72.94117647058823
 10
91.6764705882353
 20
72.94117647058823
  0
LWPOLYLINE
  5
9D2
330
17
100
AcDbEntity
  8
HIDDEN
100
AcDbPolyline
 90
15
 70
0
 10
91.6764705882353
 20
72.94117647058823
 10
91.7207154490909
 20
72.94117647058823
 10
91.85123140958396
 20
72.94117647058823
 10
92.06147385446818
 20
72.94117647058823
 10
92.34090034966107
 20
72.94117647058823
 10
92.6754992839102
 20
72.94117647058823
 10
93.04849246948886
 20
72.94117647058823
 10
93.44117647058823
 20
72.94117647058823
 10
93.83386047168761
 20
72.94117647058823
 10
94.20685365726628
 20
72.94117647058823
 10
94.54145259151541
 20
72.94117647058823
 10
94.82087908670829
 20
72.94117647058823
 10
95.0311215315925
 20
72.94117647058823
 10
95.16163749208557
 20
72.94117647058823
 10
95.20588235294117
 20
72.94117647058823
  0
LWPOLYLINE
  5
9D3
330
17
100
AcDbEntity
  8
HIDDEN
100
AcDbPolyline
 90
2
 70
0
 10
91.60724032139765
 20
70.35294117647058
 10
91.60724032139765
 20
72.94117647058823
  0
LWPOLYLINE
  5
9D4
330
17
100
AcDbEntity
  8
HIDDEN
100
AcDbPolyline
 90
2
 70
0
 10
89.77330417220709
 20
70.35294117647058
 10
89.77330417220709
 20
72.94117647058823
  0
LWPOLYLINE
  5
9D5
330
17
100
AcDbEntity
  8
HIDDEN
100
AcDbPolyline
 90
2
 70
0
 10
95.20588235294117
 20
70.35294117647058
 10
95.20588235294117
 20
72.94117647058823
  0
LWPOLYLINE
  5
9D6
330
17
100
AcDbEntity
  8
HIDDEN
100
AcDbPolyline
 90
2
 70
0
 10
97.10904876896939
 20
70.35294117647058
 10
97.10904876896939
 20
72.94117647058823
  0
LWPOLYLINE
  5
9D7
330
17
100
AcDbEntity
  8
HIDDEN
100
AcDbPolyline
 90
2
 70
0
 10
95.27511261977881
 20
70.35294117647058
 10
95.27511261977881
 20
72.94117647058823
  0
LWPOLYLINE
  5
9D8
330
17
100
AcDbEntity
  8
HIDDEN
100
AcDbPolyline
 90
2
 70
0
 10
97.10904876896939
 20
70.35294117647058
 10
95.27511261977881
 20
70.35294117647058
  0
LWPOLYLINE
  5
9D9
330
17
100
AcDbEntity
  8
HIDDEN
100
AcDbPolyline
 90
2
 70
0
 10
97.10904876896939
 20
72.94117647058823
 10
95.27511261977881
 20
72.94117647058823
  0
LWPOLYLINE
  5
9DA
330
17
100
AcDbEntity
  8
HIDDEN
100
AcDbPolyline
 90
2
 70
0
 10
95.27511261977881
 20
70.35294117647058
 10
95.27511261977881
 20
72.94117647058823
  0
LWPOLYLINE
  5
9DB
330
17
100
AcDbEntity
  8
HIDDEN
100
AcDbPolyline
 90
2
 70
0
 10
95.27511261977881
 20
70.35294117647058
 10
97.10904876896939
 20
70.35294117647058
  0
LWPOLYLINE
  5
9DC
330
17
100
AcDbEntity
  8
HIDDEN
100
AcDbPolyline
 90
2
 70
0
 10
95.27511261977881
 20
72.94117647058823
 10
97.10904876896939
 20
72.94117647058823
  0
LWPOLYLINE
  5
9DD
330
17
100
AcDbEntity
  8
HIDDEN
100
AcDbPolyline
 90
2
 70
0
 10
91.60724032139765
 20
70.35294117647058
 10
91.60724032139765
 20
72.94117647058823
  0
LWPOLYLINE
  5
9DE
330
17
100
AcDbEntity
  8
HIDDEN
100
AcDbPolyline
 90
2
 70
0
 10
95.27511261977881
 20
70.35294117647058
 10
91.60724032139765
 20
70.35294117647058
  0
LWPOLYLINE
  5
9DF
330
17
100
AcDbEntity
  8
HIDDEN
100
AcDbPolyline
 90
2
 70
0
 10
95.27511261977881
 20
72.94117647058823
 10
91.60724032139765
 20
72.94117647058823
  0
LWPOLYLINE
  5
9E0
330
17
100
AcDbEntity
  8
HIDDEN
100
AcDbPolyline
 90
2
 70
0
 10
91.60724032139765
 20
70.35294117647058
 10
95.27511261977881
 20
70.35294117647058
  0
LWPOLYLINE
  5
9E1
330
17
100
AcDbEntity
  8
HIDDEN
100
AcDbPolyline
 90
2
 70
0
 10
91.60724032139765
 20
70.35294117647058
 10
89.77330417220709
 20
70.35294117647058
  0
LWPOLYLINE
  5
9E2
330
17
100
AcDbEntity
  8
HIDDEN
100
AcDbPolyline
 90
2
 70
0
 10
89.77330417220709
 20
70.35294117647058
 10
91.60724032139765
 20
70.35294117647058
  0
LWPOLYLINE
  5
9E3
330
17
100
AcDbEntity
  8
HIDDEN
100
AcDbPolyline
 90
15
 70
0
 10
95.20588235294117
 20
70.35294117647058
 10
95.16163749208557
 20
70.35294117647058
 10
95.0311215315925
 20
70.35294117647058
 10
94.82087908670829
 20
70.35294117647058
 10
94.54145259151541
 20
70.35294117647058
 10
94.20685365726628
 20
70.35294117647058
 10
93.83386047168761
 20
70.35294117647058
 10
93.44117647058823
 20
70.35294117647058
 10
93.04849246948886
 20
70.35294117647058
 10
92.6754992839102
 20
70.35294117647058
 10
92.34090034966107
 20
70.35294117647058
 10
92.06147385446818
 20
70.35294117647058
 10
91.85123140958396
 20
70.35294117647058
 10
91.7207154490909
 20
70.35294117647058
 10
91.6764705882353
 20
70.35294117647058
  0
LWPOLYLINE
  5
9E4
330
17
100
AcDbEntity
  8
HIDDEN
100
AcDbPolyline
 90
15
 70
0
 10
91.6764705882353
 20
70.35294117647058
 10
91.7207154490909
 20
70.35294117647058
 10
91.85123140958396
 20
70.35294117647058
 10
92.06147385446818
 20
70.35294117647058
 10
92.34090034966107
 20
70.35294117647058
 10
92.6754992839102
 20
70.35294117647058
 10
93.04849246948886
 20
70.35294117647058
 10
93.44117647058823
 20
70.35294117647058
 10
93.83386047168761
 20
70.35294117647058
 10
94.20685365726628
 20
70.35294117647058
 10
94.54145259151541
 20
70.35294117647058
 10
94.82087908670829
 20
70.35294117647058
 10
95.0311215315925
 20
70.35294117647058
 10
95.16163749208557
 20
70.35294117647058
 10
95.20588235294117
 20
70.35294117647058
  0
LWPOLYLINE
  5
9E5
330
17
100
AcDbEntity
  8
HIDDEN
100
AcDbPolyline
 90
2
 70
0
 10
91.60724032139765
 20
72.94117647058823
 10
95.27511261977881
 20
72.94117647058823
  0
LWPOLYLINE
  5
9E6
330
17
100
AcDbEntity
  8
HIDDEN
100
AcDbPolyline
 90
2
 70
0
 10
91.60724032139765
 20
72.94117647058823
 10
89.77330417220709
 20
72.94117647058823
  0
LWPOLYLINE
  5
9E7
330
17
100
AcDbEntity
  8
HIDDEN
100
AcDbPolyline
 90
2
 70
0
 10
89.77330417220709
 20
72.94117647058823
 10
91.60724032139765
 20
72.94117647058823
  0
LWPOLYLINE
  5
9E8
330
17
100
AcDbEntity
  8
HIDDEN
100
AcDbPolyline
 90
15
 70
0
 10
95.20588235294117
 20
72.94117647058823
 10
95.16163749208557
 20
72.94117647058823
 10
95.0311215315925
 20
72.94117647058823
 10
94.82087908670829
 20
72.94117647058823
 10
94.54145259151541
 20
72.94117647058823
 10
94.20685365726628
 20
72.94117647058823
 10
93.83386047168761
 20
72.94117647058823
 10
93.44117647058823
 20
72.94117647058823
 10
93.04849246948886
 20
72.94117647058823
 10
92.6754992839102
 20
72.94117647058823
 10
92.34090034966107
 20
72.94117647058823
 10
92.06147385446818
 20
72.94117647058823
 10
91.85123140958396
 20
72.94117647058823
 10
91.7207154490909
 20
72.94117647058823
 10
91.6764705882353
 20
72.94117647058823
  0
LWPOLYLINE
  5
9E9
330
17
100
AcDbEntity
  8
HIDDEN
100
AcDbPolyline
 90
15
 70
0
 10
91.6764705882353
 20
72.94117647058823
 10
91.7207154490909
 20
72.94117647058823
 10
91.85123140958396
 20
72.94117647058823
 10
92.06147385446818
 20
72.94117647058823
 10
92.34090034966107
 20
72.94117647058823
 10
92.6754992839102
 20
72.94117647058823
 10
93.04849246948886
 20
72.94117647058823
 10
93.44117647058823
 20
72.94117647058823
 10
93.83386047168761
 20
72.94117647058823
 10
94.20685365726628
 20
72.94117647058823
 10
94.54145259151541
 20
72.94117647058823
 10
94.82087908670829
 20
72.94117647058823
 10
95.0311215315925
 20
72.94117647058823
 10
95.16163749208557
 20
72.94117647058823
 10
95.20588235294117
 20
72.94117647058823
  0
LWPOLYLINE
  5
9EA
330
17
100
AcDbEntity
  8
HIDDEN
100
AcDbPolyline
 90
2
 70
0
 10
91.60724032139765
 20
70.35294117647058
 10
91.60724032139765
 20
72.94117647058823
  0
LWPOLYLINE
  5
9EB
330
17
100
AcDbEntity
  8
HIDDEN
100
AcDbPolyline
 90
2
 70
0
 10
89.77330417220709
 20
70.35294117647058
 10
89.77330417220709
 20
72.94117647058823
  0
LWPOLYLINE
  5
9EC
330
17
100
AcDbEntity
  8
HIDDEN
100
AcDbPolyline
 90
2
 70
0
 10
95.20588235294117
 20
70.35294117647058
 10
95.20588235294117
 20
72.94117647058823
  0
LWPOLYLINE
  5
9ED
330
17
100
AcDbEntity
  8
HIDDEN
100
AcDbPolyline
 90
2
 70
0
 10
185.34434288661646
 20
70.35294117647058
 10
185.34434288661646
 20
72.94117647058823
  0
LWPOLYLINE
  5
9EE
330
17
100
AcDbEntity
  8
HIDDEN
100
AcDbPolyline
 90
2
 70
0
 10
183.51040673742585
 20
70.35294117647058
 10
183.51040673742585
 20
72.94117647058823
  0
LWPOLYLINE
  5
9EF
330
17
100
AcDbEntity
  8
HIDDEN
100
AcDbPolyline
 90
2
 70
0
 10
185.34434288661646
 20
70.35294117647058
 10
183.51040673742585
 20
70.35294117647058
  0
LWPOLYLINE
  5
9F0
330
17
100
AcDbEntity
  8
HIDDEN
100
AcDbPolyline
 90
2
 70
0
 10
185.34434288661646
 20
72.94117647058823
 10
183.51040673742585
 20
72.94117647058823
  0
LWPOLYLINE
  5
9F1
330
17
100
AcDbEntity
  8
HIDDEN
100
AcDbPolyline
 90
2
 70
0
 10
183.51040673742585
 20
70.35294117647058
 10
183.51040673742585
 20
72.94117647058823
  0
LWPOLYLINE
  5
9F2
330
17
100
AcDbEntity
  8
HIDDEN
100
AcDbPolyline
 90
2
 70
0
 10
183.51040673742585
 20
70.35294117647058
 10
185.34434288661646
 20
70.35294117647058
  0
LWPOLYLINE
  5
9F3
330
17
100
AcDbEntity
  8
HIDDEN
100
AcDbPolyline
 90
2
 70
0
 10
183.51040673742585
 20
72.94117647058823
 10
185.34434288661646
 20
72.94117647058823
  0
LWPOLYLINE
  5
9F4
330
17
100
AcDbEntity
  8
HIDDEN
100
AcDbPolyline
 90
2
 70
0
 10
179.8425344390447
 20
70.35294117647058
 10
179.8425344390447
 20
72.94117647058823
  0
LWPOLYLINE
  5
9F5
330
17
100
AcDbEntity
  8
HIDDEN
100
AcDbPolyline
 90
2
 70
0
 10
183.51040673742585
 20
70.35294117647058
 10
179.8425344390447
 20
70.35294117647058
  0
LWPOLYLINE
  5
9F6
330
17
100
AcDbEntity
  8
HIDDEN
100
AcDbPolyline
 90
2
 70
0
 10
183.51040673742585
 20
72.94117647058823
 10
179.8425344390447
 20
72.94117647058823
  0
LWPOLYLINE
  5
9F7
330
17
100
AcDbEntity
  8
HIDDEN
100
AcDbPolyline
 90
2
 70
0
 10
179.8425344390447
 20
70.35294117647058
 10
183.51040673742585
 20
70.35294117647058
  0
LWPOLYLINE
  5
9F8
330
17
100
AcDbEntity
  8
HIDDEN
100
AcDbPolyline
 90
2
 70
0
 10
179.8425344390447
 20
70.35294117647058
 10
178.00859828985415
 20
70.35294117647058
  0
LWPOLYLINE
  5
9F9
330
17
100
AcDbEntity
  8
HIDDEN
100
AcDbPolyline
 90
2
 70
0
 10
178.00859828985415
 20
70.35294117647058
 10
179.8425344390447
 20
70.35294117647058
  0
LWPOLYLINE
  5
9FA
330
17
100
AcDbEntity
  8
HIDDEN
100
AcDbPolyline
 90
15
 70
0
 10
183.44117647058823
 20
70.35294117647058
 10
183.39693160973263
 20
70.35294117647058
 10
183.2664156492396
 20
70.35294117647058
 10
183.05617320435533
 20
70.35294117647058
 10
182.77674670916247
 20
70.35294117647058
 10
182.44214777491334
 20
70.35294117647058
 10
182.0691545893347
 20
70.35294117647058
 10
181.6764705882353
 20
70.35294117647058
 10
181.28378658713592
 20
70.35294117647058
 10
180.91079340155727
 20
70.35294117647058
 10
180.57619446730808
 20
70.35294117647058
 10
180.29676797211528
 20
70.35294117647058
 10
180.086525527231
 20
70.35294117647058
 10
179.95600956673798
 20
70.35294117647058
 10
179.91176470588238
 20
70.35294117647058
  0
LWPOLYLINE
  5
9FB
330
17
100
AcDbEntity
  8
HIDDEN
100
AcDbPolyline
 90
15
 70
0
 10
179.91176470588238
 20
70.35294117647058
 10
179.95600956673798
 20
70.35294117647058
 10
180.086525527231
 20
70.35294117647058
 10
180.29676797211528
 20
70.35294117647058
 10
180.57619446730808
 20
70.35294117647058
 10
180.91079340155727
 20
70.35294117647058
 10
181.28378658713592
 20
70.35294117647058
 10
181.6764705882353
 20
70.35294117647058
 10
182.0691545893347
 20
70.35294117647058
 10
182.44214777491334
 20
70.35294117647058
 10
182.77674670916247
 20
70.35294117647058
 10
183.05617320435533
 20
70.35294117647058
 10
183.2664156492396
 20
70.35294117647058
 10
183.39693160973263
 20
70.35294117647058
 10
183.44117647058823
 20
70.35294117647058
  0
LWPOLYLINE
  5
9FC
330
17
100
AcDbEntity
  8
HIDDEN
100
AcDbPolyline
 90
2
 70
0
 10
179.8425344390447
 20
72.94117647058823
 10
183.51040673742585
 20
72.94117647058823
  0
LWPOLYLINE
  5
9FD
330
17
100
AcDbEntity
  8
HIDDEN
100
AcDbPolyline
 90
2
 70
0
 10
179.8425344390447
 20
72.94117647058823
 10
178.00859828985415
 20
72.94117647058823
  0
LWPOLYLINE
  5
9FE
330
17
100
AcDbEntity
  8
HIDDEN
100
AcDbPolyline
 90
2
 70
0
 10
178.00859828985415
 20
72.94117647058823
 10
179.8425344390447
 20
72.94117647058823
  0
LWPOLYLINE
  5
9FF
330
17
100
AcDbEntity
  8
HIDDEN
100
AcDbPolyline
 90
15
 70
0
 10
183.44117647058823
 20
72.94117647058823
 10
183.39693160973263
 20
72.94117647058823
 10
183.2664156492396
 20
72.94117647058823
 10
183.05617320435533
 20
72.94117647058823
 10
182.77674670916247
 20
72.94117647058823
 10
182.44214777491334
 20
72.94117647058823
 10
182.0691545893347
 20
72.94117647058823
 10
181.6764705882353
 20
72.94117647058823
 10
181.28378658713592
 20
72.94117647058823
 10
180.91079340155727
 20
72.94117647058823
 10
180.57619446730808
 20
72.94117647058823
 10
180.29676797211528
 20
72.94117647058823
 10
180.086525527231
 20
72.94117647058823
 10
179.95600956673798
 20
72.94117647058823
 10
179.91176470588238
 20
72.94117647058823
  0
LWPOLYLINE
  5
A00
330
17
100
AcDbEntity
  8
HIDDEN
100
AcDbPolyline
 90
15
 70
0
 10
179.91176470588238
 20
72.94117647058823
 10
179.95600956673798
 20
72.94117647058823
 10
180.086525527231
 20
72.94117647058823
 10
180.29676797211528
 20
72.94117647058823
 10
180.57619446730808
 20
72.94117647058823
 10
180.91079340155727
 20
72.94117647058823
 10
181.28378658713592
 20
72.94117647058823
 10
181.6764705882353
 20
72.94117647058823
 10
182.0691545893347
 20
72.94117647058823
 10
182.44214777491334
 20
72.94117647058823
 10
182.77674670916247
 20
72.94117647058823
 10
183.05617320435533
 20
72.94117647058823
 10
183.2664156492396
 20
72.94117647058823
 10
183.39693160973263
 20
72.94117647058823
 10
183.44117647058823
 20
72.94117647058823
  0
LWPOLYLINE
  5
A01
330
17
100
AcDbEntity
  8
HIDDEN
100
AcDbPolyline
 90
2
 70
0
 10
179.8425344390447
 20
70.35294117647058
 10
179.8425344390447
 20
72.94117647058823
  0
LWPOLYLINE
  5
A02
330
17
100
AcDbEntity
  8
HIDDEN
100
AcDbPolyline
 90
2
 70
0
 10
178.00859828985415
 20
70.35294117647058
 10
178.00859828985415
 20
72.94117647058823
  0
LWPOLYLINE
  5
A03
330
17
100
AcDbEntity
  8
HIDDEN
100
AcDbPolyline
 90
2
 70
0
 10
183.44117647058823
 20
70.35294117647058
 10
183.44117647058823
 20
72.94117647058823
  0
LWPOLYLINE
  5
A04
330
17
100
AcDbEntity
  8
HIDDEN
100
AcDbPolyline
 90
2
 70
0
 10
185.34434288661646
 20
70.35294117647058
 10
185.34434288661646
 20
72.94117647058823
  0
LWPOLYLINE
  5
A05
330
17
100
AcDbEntity
  8
HIDDEN
100
AcDbPolyline
 90
2
 70
0
 10
183.51040673742585
 20
70.35294117647058
 10
183.51040673742585
 20
72.94117647058823
  0
LWPOLYLINE
  5
A06
330
17
100
AcDbEntity
  8
HIDDEN
100
AcDbPolyline
 90
2
 70
0
 10
185.34434288661646
 20
70.35294117647058
 10
183.51040673742585
 20
70.35294117647058
  0
LWPOLYLINE
  5
A07
330
17
100
AcDbEntity
  8
HIDDEN
100
AcDbPolyline
 90
2
 70
0
 10
185.34434288661646
 20
72.94117647058823
 10
183.51040673742585
 20
72.94117647058823
  0
LWPOLYLINE
  5
A08
330
17
100
AcDbEntity
  8
HIDDEN
100
AcDbPolyline
 90
2
 70
0
 10
183.51040673742585
 20
70.35294117647058
 10
183.51040673742585
 20
72.94117647058823
  0
LWPOLYLINE
  5
A09
330
17
100
AcDbEntity
  8
HIDDEN
100
AcDbPolyline
 90
2
 70
0
 10
183.51040673742585
 20
70.35294117647058
 10
185.34434288661646
 20
70.35294117647058
  0
LWPOLYLINE
  5
A0A
330
17
100
AcDbEntity
  8
HIDDEN
100
AcDbPolyline
 90
2
 70
0
 10
183.51040673742585
 20
72.94117647058823
 10
185.34434288661646
 20
72.94117647058823
  0
LWPOLYLINE
  5
A0B
330
17
100
AcDbEntity
  8
HIDDEN
100
AcDbPolyline
 90
2
 70
0
 10
179.8425344390447
 20
70.35294117647058
 10
179.8425344390447
 20
72.94117647058823
  0
LWPOLYLINE
  5
A0C
330
17
100
AcDbEntity
  8
HIDDEN
100
AcDbPolyline
 90
2
 70
0
 10
183.51040673742585
 20
70.35294117647058
 10
179.8425344390447
 20
70.35294117647058
  0
LWPOLYLINE
  5
A0D
330
17
100
AcDbEntity
  8
HIDDEN
100
AcDbPolyline
 90
2
 70
0
 10
183.51040673742585
 20
72.94117647058823
 10
179.8425344390447
 20
72.94117647058823
  0
LWPOLYLINE
  5
A0E
330
17
100
AcDbEntity
  8
HIDDEN
100
AcDbPolyline
 90
2
 70
0
 10
179.8425344390447
 20
70.35294117647058
 10
183.51040673742585
 20
70.35294117647058
  0
LWPOLYLINE
  5
A0F
330
17
100
AcDbEntity
  8
HIDDEN
100
AcDbPolyline
 90
2
 70
0
 10
179.8425344390447
 20
70.35294117647058
 10
178.00859828985415
 20
70.35294117647058
  0
LWPOLYLINE
  5
A10
330
17
100
AcDbEntity
  8
HIDDEN
100
AcDbPolyline
 90
2
 70
0
 10
178.00859828985415
 20
70.35294117647058
 10
179.8425344390447
 20
70.35294117647058
  0
LWPOLYLINE
  5
A11
330
17
100
AcDbEntity
  8
HIDDEN
100
AcDbPolyline
 90
15
 70
0
 10
183.44117647058823
 20
70.35294117647058
 10
183.39693160973263
 20
70.35294117647058
 10
183.2664156492396
 20
70.35294117647058
 10
183.05617320435533
 20
70.35294117647058
 10
182.77674670916247
 20
70.35294117647058
 10
182.44214777491334
 20
70.35294117647058
 10
182.0691545893347
 20
70.35294117647058
 10
181.6764705882353
 20
70.35294117647058
 10
181.28378658713592
 20
70.35294117647058
 10
180.91079340155727
 20
70.35294117647058
 10
180.57619446730808
 20
70.35294117647058
 10
180.29676797211528
 20
70.35294117647058
 10
180.086525527231
 20
70.35294117647058
 10
179.95600956673798
 20
70.35294117647058
 10
179.91176470588238
 20
70.35294117647058
  0
LWPOLYLINE
  5
A12
330
17
100
AcDbEntity
  8
HIDDEN
100
AcDbPolyline
 90
15
 70
0
 10
179.91176470588238
 20
70.35294117647058
 10
179.95600956673798
 20
70.35294117647058
 10
180.086525527231
 20
70.35294117647058
 10
180.29676797211528
 20
70.35294117647058
 10
180.57619446730808
 20
70.35294117647058
 10
180.91079340155727
 20
70.35294117647058
 10
181.28378658713592
 20
70.35294117647058
 10
181.6764705882353
 20
70.35294117647058
 10
182.0691545893347
 20
70.35294117647058
 10
182.44214777491334
 20
70.35294117647058
 10
182.77674670916247
 20
70.35294117647058
 10
183.05617320435533
 20
70.35294117647058
 10
183.2664156492396
 20
70.35294117647058
 10
183.39693160973263
 20
70.35294117647058
 10
183.44117647058823
 20
70.35294117647058
  0
LWPOLYLINE
  5
A13
330
17
100
AcDbEntity
  8
HIDDEN
100
AcDbPolyline
 90
2
 70
0
 10
179.8425344390447
 20
72.94117647058823
 10
183.51040673742585
 20
72.94117647058823
  0
LWPOLYLINE
  5
A14
330
17
100
AcDbEntity
  8
HIDDEN
100
AcDbPolyline
 90
2
 70
0
 10
179.8425344390447
 20
72.94117647058823
 10
178.00859828985415
 20
72.94117647058823
  0
LWPOLYLINE
  5
A15
330
17
100
AcDbEntity
  8
HIDDEN
100
AcDbPolyline
 90
2
 70
0
 10
178.00859828985415
 20
72.94117647058823
 10
179.8425344390447
 20
72.94117647058823
  0
LWPOLYLINE
  5
A16
330
17
100
AcDbEntity
  8
HIDDEN
100
AcDbPolyline
 90
15
 70
0
 10
183.44117647058823
 20
72.94117647058823
 10
183.39693160973263
 20
72.94117647058823
 10
183.2664156492396
 20
72.94117647058823
 10
183.05617320435533
 20
72.94117647058823
 10
182.77674670916247
 20
72.94117647058823
 10
182.44214777491334
 20
72.94117647058823
 10
182.0691545893347
 20
72.94117647058823
 10
181.6764705882353
 20
72.94117647058823
 10
181.28378658713592
 20
72.94117647058823
 10
180.91079340155727
 20
72.94117647058823
 10
180.57619446730808
 20
72.94117647058823
 10
180.29676797211528
 20
72.94117647058823
 10
180.086525527231
 20
72.94117647058823
 10
179.95600956673798
 20
72.94117647058823
 10
179.91176470588238
 20
72.94117647058823
  0
LWPOLYLINE
  5
A17
330
17
100
AcDbEntity
  8
HIDDEN
100
AcDbPolyline
 90
15
 70
0
 10
179.91176470588238
 20
72.94117647058823
 10
179.95600956673798
 20
72.94117647058823
 10
180.086525527231
 20
72.94117647058823
 10
180.29676797211528
 20
72.94117647058823
 10
180.57619446730808
 20
72.94117647058823
 10
180.91079340155727
 20
72.94117647058823
 10
181.28378658713592
 20
72.94117647058823
 10
181.6764705882353
 20
72.94117647058823
 10
182.0691545893347
 20
72.94117647058823
 10
182.44214777491334
 20
72.94117647058823
 10
182.77674670916247
 20
72.94117647058823
 10
183.05617320435533
 20
72.94117647058823
 10
183.2664156492396
 20
72.94117647058823
 10
183.39693160973263
 20
72.94117647058823
 10
183.44117647058823
 20
72.94117647058823
  0
LWPOLYLINE
  5
A18
330
17
100
AcDbEntity
  8
HIDDEN
100
AcDbPolyline
 90
2
 70
0
 10
179.8425344390447
 20
70.35294117647058
 10
179.8425344390447
 20
72.94117647058823
  0
LWPOLYLINE
  5
A19
330
17
100
AcDbEntity
  8
HIDDEN
100
AcDbPolyline
 90
2
 70
0
 10
178.00859828985415
 20
70.35294117647058
 10
178.00859828985415
 20
72.94117647058823
  0
LWPOLYLINE
  5
A1A
330
17
100
AcDbEntity
  8
HIDDEN
100
AcDbPolyline
 90
2
 70
0
 10
183.44117647058823
 20
70.35294117647058
 10
183.44117647058823
 20
72.94117647058823
  0
LWPOLYLINE
  5
A1B
330
17
100
AcDbEntity
  8
HIDDEN
100
AcDbPolyline
 90
2
 70
0
 10
58.28551935720468
 20
70.35294117647058
 10
58.28551935720468
 20
72.94117647058823
  0
LWPOLYLINE
  5
A1C
330
17
100
AcDbEntity
  8
HIDDEN
100
AcDbPolyline
 90
2
 70
0
 10
56.4515832080141
 20
70.35294117647058
 10
56.4515832080141
 20
72.94117647058823
  0
LWPOLYLINE
  5
A1D
330
17
100
AcDbEntity
  8
HIDDEN
100
AcDbPolyline
 90
2
 70
0
 10
58.28551935720468
 20
70.35294117647058
 10
56.45158320801411
 20
70.35294117647058
  0
LWPOLYLINE
  5
A1E
330
17
100
AcDbEntity
  8
HIDDEN
100
AcDbPolyline
 90
2
 70
0
 10
58.28551935720468
 20
72.94117647058823
 10
56.45158320801411
 20
72.94117647058823
  0
LWPOLYLINE
  5
A1F
330
17
100
AcDbEntity
  8
HIDDEN
100
AcDbPolyline
 90
2
 70
0
 10
56.4515832080141
 20
70.35294117647058
 10
56.4515832080141
 20
72.94117647058823
  0
LWPOLYLINE
  5
A20
330
17
100
AcDbEntity
  8
HIDDEN
100
AcDbPolyline
 90
2
 70
0
 10
56.4515832080141
 20
70.35294117647058
 10
58.28551935720468
 20
70.35294117647058
  0
LWPOLYLINE
  5
A21
330
17
100
AcDbEntity
  8
HIDDEN
100
AcDbPolyline
 90
2
 70
0
 10
56.4515832080141
 20
72.94117647058823
 10
58.28551935720468
 20
72.94117647058823
  0
LWPOLYLINE
  5
A22
330
17
100
AcDbEntity
  8
HIDDEN
100
AcDbPolyline
 90
2
 70
0
 10
52.78371090963296
 20
70.35294117647058
 10
52.78371090963296
 20
72.94117647058823
  0
LWPOLYLINE
  5
A23
330
17
100
AcDbEntity
  8
HIDDEN
100
AcDbPolyline
 90
2
 70
0
 10
56.4515832080141
 20
70.35294117647058
 10
52.78371090963295
 20
70.35294117647058
  0
LWPOLYLINE
  5
A24
330
17
100
AcDbEntity
  8
HIDDEN
100
AcDbPolyline
 90
2
 70
0
 10
56.4515832080141
 20
72.94117647058823
 10
52.78371090963295
 20
72.94117647058823
  0
LWPOLYLINE
  5
A25
330
17
100
AcDbEntity
  8
HIDDEN
100
AcDbPolyline
 90
2
 70
0
 10
52.78371090963295
 20
70.35294117647058
 10
56.4515832080141
 20
70.35294117647058
  0
LWPOLYLINE
  5
A26
330
17
100
AcDbEntity
  8
HIDDEN
100
AcDbPolyline
 90
2
 70
0
 10
52.78371090963296
 20
70.35294117647058
 10
50.94977476044238
 20
70.35294117647058
  0
LWPOLYLINE
  5
A27
330
17
100
AcDbEntity
  8
HIDDEN
100
AcDbPolyline
 90
2
 70
0
 10
50.94977476044238
 20
70.35294117647058
 10
52.78371090963295
 20
70.35294117647058
  0
LWPOLYLINE
  5
A28
330
17
100
AcDbEntity
  8
HIDDEN
100
AcDbPolyline
 90
15
 70
0
 10
56.38235294117647
 20
70.35294117647058
 10
56.338108080320865
 20
70.35294117647058
 10
56.207592119827794
 20
70.35294117647058
 10
55.997349674943585
 20
70.35294117647058
 10
55.717923179750706
 20
70.35294117647058
 10
55.383324245501576
 20
70.35294117647058
 10
55.010331059922905
 20
70.35294117647058
 10
54.61764705882353
 20
70.35294117647058
 10
54.22496305772415
 20
70.35294117647058
 10
53.85196987214549
 20
70.35294117647058
 10
53.51737093789635
 20
70.35294117647058
 10
53.23794444270348
 20
70.35294117647058
 10
53.027701997819264
 20
70.35294117647058
 10
52.89718603732619
 20
70.35294117647058
 10
52.85294117647059
 20
70.35294117647058
  0
LWPOLYLINE
  5
A29
330
17
100
AcDbEntity
  8
HIDDEN
100
AcDbPolyline
 90
15
 70
0
 10
52.85294117647059
 20
70.35294117647058
 10
52.89718603732619
 20
70.35294117647058
 10
53.027701997819264
 20
70.35294117647058
 10
53.23794444270348
 20
70.35294117647058
 10
53.51737093789635
 20
70.35294117647058
 10
53.85196987214549
 20
70.35294117647058
 10
54.22496305772415
 20
70.35294117647058
 10
54.61764705882353
 20
70.35294117647058
 10
55.010331059922905
 20
70.35294117647058
 10
55.38332424550157
 20
70.35294117647058
 10
55.717923179750706
 20
70.35294117647058
 10
55.997349674943585
 20
70.35294117647058
 10
56.207592119827794
 20
70.35294117647058
 10
56.338108080320865
 20
70.35294117647058
 10
56.38235294117647
 20
70.35294117647058
  0
LWPOLYLINE
  5
A2A
330
17
100
AcDbEntity
  8
HIDDEN
100
AcDbPolyline
 90
2
 70
0
 10
52.78371090963295
 20
72.94117647058823
 10
56.4515832080141
 20
72.94117647058823
  0
LWPOLYLINE
  5
A2B
330
17
100
AcDbEntity
  8
HIDDEN
100
AcDbPolyline
 90
2
 70
0
 10
52.78371090963296
 20
72.94117647058823
 10
50.94977476044238
 20
72.94117647058823
  0
LWPOLYLINE
  5
A2C
330
17
100
AcDbEntity
  8
HIDDEN
100
AcDbPolyline
 90
2
 70
0
 10
50.94977476044238
 20
72.94117647058823
 10
52.78371090963295
 20
72.94117647058823
  0
LWPOLYLINE
  5
A2D
330
17
100
AcDbEntity
  8
HIDDEN
100
AcDbPolyline
 90
15
 70
0
 10
56.38235294117647
 20
72.94117647058823
 10
56.338108080320865
 20
72.94117647058823
 10
56.207592119827794
 20
72.94117647058823
 10
55.997349674943585
 20
72.94117647058823
 10
55.717923179750706
 20
72.94117647058823
 10
55.383324245501576
 20
72.94117647058823
 10
55.010331059922905
 20
72.94117647058823
 10
54.61764705882353
 20
72.94117647058823
 10
54.22496305772415
 20
72.94117647058823
 10
53.85196987214549
 20
72.94117647058823
 10
53.51737093789635
 20
72.94117647058823
 10
53.23794444270348
 20
72.94117647058823
 10
53.027701997819264
 20
72.94117647058823
 10
52.89718603732619
 20
72.94117647058823
 10
52.85294117647059
 20
72.94117647058823
  0
LWPOLYLINE
  5
A2E
330
17
100
AcDbEntity
  8
HIDDEN
100
AcDbPolyline
 90
15
 70
0
 10
52.85294117647059
 20
72.94117647058823
 10
52.89718603732619
 20
72.94117647058823
 10
53.027701997819264
 20
72.94117647058823
 10
53.23794444270348
 20
72.94117647058823
 10
53.51737093789635
 20
72.94117647058823
 10
53.85196987214549
 20
72.94117647058823
 10
54.22496305772415
 20
72.94117647058823
 10
54.61764705882353
 20
72.94117647058823
 10
55.010331059922905
 20
72.94117647058823
 10
55.38332424550157
 20
72.94117647058823
 10
55.717923179750706
 20
72.94117647058823
 10
55.997349674943585
 20
72.94117647058823
 10
56.207592119827794
 20
72.94117647058823
 10
56.338108080320865
 20
72.94117647058823
 10
56.38235294117647
 20
72.94117647058823
  0
LWPOLYLINE
  5
A2F
330
17
100
AcDbEntity
  8
HIDDEN
100
AcDbPolyline
 90
2
 70
0
 10
52.78371090963295
 20
70.35294117647058
 10
52.78371090963295
 20
72.94117647058823
  0
LWPOLYLINE
  5
A30
330
17
100
AcDbEntity
  8
HIDDEN
100
AcDbPolyline
 90
2
 70
0
 10
50.94977476044238
 20
70.35294117647058
 10
50.94977476044238
 20
72.94117647058823
  0
LWPOLYLINE
  5
A31
330
17
100
AcDbEntity
  8
HIDDEN
100
AcDbPolyline
 90
2
 70
0
 10
56.38235294117647
 20
70.35294117647058
 10
56.38235294117647
 20
72.94117647058823
  0
LWPOLYLINE
  5
A32
330
17
100
AcDbEntity
  8
HIDDEN
100
AcDbPolyline
 90
2
 70
0
 10
58.28551935720468
 20
70.35294117647058
 10
58.28551935720468
 20
72.94117647058823
  0
LWPOLYLINE
  5
A33
330
17
100
AcDbEntity
  8
HIDDEN
100
AcDbPolyline
 90
2
 70
0
 10
56.4515832080141
 20
70.35294117647058
 10
56.4515832080141
 20
72.94117647058823
  0
LWPOLYLINE
  5
A34
330
17
100
AcDbEntity
  8
HIDDEN
100
AcDbPolyline
 90
2
 70
0
 10
58.28551935720468
 20
70.35294117647058
 10
56.45158320801411
 20
70.35294117647058
  0
LWPOLYLINE
  5
A35
330
17
100
AcDbEntity
  8
HIDDEN
100
AcDbPolyline
 90
2
 70
0
 10
58.28551935720468
 20
72.94117647058823
 10
56.45158320801411
 20
72.94117647058823
  0
LWPOLYLINE
  5
A36
330
17
100
AcDbEntity
  8
HIDDEN
100
AcDbPolyline
 90
2
 70
0
 10
56.4515832080141
 20
70.35294117647058
 10
56.4515832080141
 20
72.94117647058823
  0
LWPOLYLINE
  5
A37
330
17
100
AcDbEntity
  8
HIDDEN
100
AcDbPolyline
 90
2
 70
0
 10
56.4515832080141
 20
70.35294117647058
 10
58.28551935720468
 20
70.35294117647058
  0
LWPOLYLINE
  5
A38
330
17
100
AcDbEntity
  8
HIDDEN
100
AcDbPolyline
 90
2
 70
0
 10
56.4515832080141
 20
72.94117647058823
 10
58.28551935720468
 20
72.94117647058823
  0
LWPOLYLINE
  5
A39
330
17
100
AcDbEntity
  8
HIDDEN
100
AcDbPolyline
 90
2
 70
0
 10
52.78371090963296
 20
70.35294117647058
 10
52.78371090963296
 20
72.94117647058823
  0
LWPOLYLINE
  5
A3A
330
17
100
AcDbEntity
  8
HIDDEN
100
AcDbPolyline
 90
2
 70
0
 10
56.4515832080141
 20
70.35294117647058
 10
52.78371090963295
 20
70.35294117647058
  0
LWPOLYLINE
  5
A3B
330
17
100
AcDbEntity
  8
HIDDEN
100
AcDbPolyline
 90
2
 70
0
 10
56.4515832080141
 20
72.94117647058823
 10
52.78371090963295
 20
72.94117647058823
  0
LWPOLYLINE
  5
A3C
330
17
100
AcDbEntity
  8
HIDDEN
100
AcDbPolyline
 90
2
 70
0
 10
52.78371090963295
 20
70.35294117647058
 10
56.4515832080141
 20
70.35294117647058
  0
LWPOLYLINE
  5
A3D
330
17
100
AcDbEntity
  8
HIDDEN
100
AcDbPolyline
 90
2
 70
0
 10
52.78371090963296
 20
70.35294117647058
 10
50.94977476044238
 20
70.35294117647058
  0
LWPOLYLINE
  5
A3E
330
17
100
AcDbEntity
  8
HIDDEN
100
AcDbPolyline
 90
2
 70
0
 10
50.94977476044238
 20
70.35294117647058
 10
52.78371090963295
 20
70.35294117647058
  0
LWPOLYLINE
  5
A3F
330
17
100
AcDbEntity
  8
HIDDEN
100
AcDbPolyline
 90
15
 70
0
 10
56.38235294117647
 20
70.35294117647058
 10
56.338108080320865
 20
70.35294117647058
 10
56.207592119827794
 20
70.35294117647058
 10
55.997349674943585
 20
70.35294117647058
 10
55.717923179750706
 20
70.35294117647058
 10
55.383324245501576
 20
70.35294117647058
 10
55.010331059922905
 20
70.35294117647058
 10
54.61764705882353
 20
70.35294117647058
 10
54.22496305772415
 20
70.35294117647058
 10
53.85196987214549
 20
70.35294117647058
 10
53.51737093789635
 20
70.35294117647058
 10
53.23794444270348
 20
70.35294117647058
 10
53.027701997819264
 20
70.35294117647058
 10
52.89718603732619
 20
70.35294117647058
 10
52.85294117647059
 20
70.35294117647058
  0
LWPOLYLINE
  5
A40
330
17
100
AcDbEntity
  8
HIDDEN
100
AcDbPolyline
 90
15
 70
0
 10
52.85294117647059
 20
70.35294117647058
 10
52.89718603732619
 20
70.35294117647058
 10
53.027701997819264
 20
70.35294117647058
 10
53.23794444270348
 20
70.35294117647058
 10
53.51737093789635
 20
70.35294117647058
 10
53.85196987214549
 20
70.35294117647058
 10
54.22496305772415
 20
70.35294117647058
 10
54.61764705882353
 20
70.35294117647058
 10
55.010331059922905
 20
70.35294117647058
 10
55.38332424550157
 20
70.35294117647058
 10
55.717923179750706
 20
70.35294117647058
 10
55.997349674943585
 20
70.35294117647058
 10
56.207592119827794
 20
70.35294117647058
 10
56.338108080320865
 20
70.35294117647058
 10
56.38235294117647
 20
70.35294117647058
  0
LWPOLYLINE
  5
A41
330
17
100
AcDbEntity
  8
HIDDEN
100
AcDbPolyline
 90
2
 70
0
 10
52.78371090963295
 20
72.94117647058823
 10
56.4515832080141
 20
72.94117647058823
  0
LWPOLYLINE
  5
A42
330
17
100
AcDbEntity
  8
HIDDEN
100
AcDbPolyline
 90
2
 70
0
 10
52.78371090963296
 20
72.94117647058823
 10
50.94977476044238
 20
72.94117647058823
  0
LWPOLYLINE
  5
A43
330
17
100
AcDbEntity
  8
HIDDEN
100
AcDbPolyline
 90
2
 70
0
 10
50.94977476044238
 20
72.94117647058823
 10
52.78371090963295
 20
72.94117647058823
  0
LWPOLYLINE
  5
A44
330
17
100
AcDbEntity
  8
HIDDEN
100
AcDbPolyline
 90
15
 70
0
 10
56.38235294117647
 20
72.94117647058823
 10
56.338108080320865
 20
72.94117647058823
 10
56.207592119827794
 20
72.94117647058823
 10
55.997349674943585
 20
72.94117647058823
 10
55.717923179750706
 20
72.94117647058823
 10
55.383324245501576
 20
72.94117647058823
 10
55.010331059922905
 20
72.94117647058823
 10
54.61764705882353
 20
72.94117647058823
 10
54.22496305772415
 20
72.94117647058823
 10
53.85196987214549
 20
72.94117647058823
 10
53.51737093789635
 20
72.94117647058823
 10
53.23794444270348
 20
72.94117647058823
 10
53.027701997819264
 20
72.94117647058823
 10
52.89718603732619
 20
72.94117647058823
 10
52.85294117647059
 20
72.94117647058823
  0
LWPOLYLINE
  5
A45
330
17
100
AcDbEntity
  8
HIDDEN
100
AcDbPolyline
 90
15
 70
0
 10
52.85294117647059
 20
72.94117647058823
 10
52.89718603732619
 20
72.94117647058823
 10
53.027701997819264
 20
72.94117647058823
 10
53.23794444270348
 20
72.94117647058823
 10
53.51737093789635
 20
72.94117647058823
 10
53.85196987214549
 20
72.94117647058823
 10
54.22496305772415
 20
72.94117647058823
 10
54.61764705882353
 20
72.94117647058823
 10
55.010331059922905
 20
72.94117647058823
 10
55.38332424550157
 20
72.94117647058823
 10
55.717923179750706
 20
72.94117647058823
 10
55.997349674943585
 20
72.94117647058823
 10
56.207592119827794
 20
72.94117647058823
 10
56.338108080320865
 20
72.94117647058823
 10
56.38235294117647
 20
72.94117647058823
  0
LWPOLYLINE
  5
A46
330
17
100
AcDbEntity
  8
HIDDEN
100
AcDbPolyline
 90
2
 70
0
 10
52.78371090963295
 20
70.35294117647058
 10
52.78371090963295
 20
72.94117647058823
  0
LWPOLYLINE
  5
A47
330
17
100
AcDbEntity
  8
HIDDEN
100
AcDbPolyline
 90
2
 70
0
 10
50.94977476044238
 20
70.35294117647058
 10
50.94977476044238
 20
72.94117647058823
  0
LWPOLYLINE
  5
A48
330
17
100
AcDbEntity
  8
HIDDEN
100
AcDbPolyline
 90
2
 70
0
 10
56.38235294117647
 20
70.35294117647058
 10
56.38235294117647
 20
72.94117647058823
  0
LWPOLYLINE
  5
A49
330
17
100
AcDbEntity
  8
HIDDEN
100
AcDbPolyline
 90
2
 70
0
 10
81.81493112191056
 20
77.41176470588235
 10
81.81493112191056
 20
80.0
  0
LWPOLYLINE
  5
A4A
330
17
100
AcDbEntity
  8
HIDDEN
100
AcDbPolyline
 90
2
 70
0
 10
79.98099497271998
 20
77.41176470588235
 10
79.98099497271998
 20
80.0
  0
LWPOLYLINE
  5
A4B
330
17
100
AcDbEntity
  8
HIDDEN
100
AcDbPolyline
 90
2
 70
0
 10
81.81493112191056
 20
77.41176470588235
 10
79.98099497271998
 20
77.41176470588235
  0
LWPOLYLINE
  5
A4C
330
17
100
AcDbEntity
  8
HIDDEN
100
AcDbPolyline
 90
2
 70
0
 10
81.81493112191056
 20
80.0
 10
79.98099497271998
 20
80.0
  0
LWPOLYLINE
  5
A4D
330
17
100
AcDbEntity
  8
HIDDEN
100
AcDbPolyline
 90
2
 70
0
 10
79.98099497271998
 20
77.41176470588235
 10
79.98099497271998
 20
80.0
  0
LWPOLYLINE
  5
A4E
330
17
100
AcDbEntity
  8
HIDDEN
100
AcDbPolyline
 90
2
 70
0
 10
79.98099497271998
 20
77.41176470588235
 10
81.81493112191056
 20
77.41176470588235
  0
LWPOLYLINE
  5
A4F
330
17
100
AcDbEntity
  8
HIDDEN
100
AcDbPolyline
 90
2
 70
0
 10
79.98099497271998
 20
80.0
 10
81.81493112191056
 20
80.0
  0
LWPOLYLINE
  5
A50
330
17
100
AcDbEntity
  8
HIDDEN
100
AcDbPolyline
 90
2
 70
0
 10
76.31312267433884
 20
77.41176470588235
 10
76.31312267433884
 20
80.0
  0
LWPOLYLINE
  5
A51
330
17
100
AcDbEntity
  8
HIDDEN
100
AcDbPolyline
 90
2
 70
0
 10
79.98099497271998
 20
77.41176470588235
 10
76.31312267433884
 20
77.41176470588235
  0
LWPOLYLINE
  5
A52
330
17
100
AcDbEntity
  8
HIDDEN
100
AcDbPolyline
 90
2
 70
0
 10
79.98099497271998
 20
80.0
 10
76.31312267433884
 20
80.0
  0
LWPOLYLINE
  5
A53
330
17
100
AcDbEntity
  8
HIDDEN
100
AcDbPolyline
 90
2
 70
0
 10
76.31312267433884
 20
77.41176470588235
 10
79.98099497271998
 20
77.41176470588235
  0
LWPOLYLINE
  5
A54
330
17
100
AcDbEntity
  8
HIDDEN
100
AcDbPolyline
 90
2
 70
0
 10
76.31312267433884
 20
77.41176470588235
 10
74.47918652514826
 20
77.41176470588235
  0
LWPOLYLINE
  5
A55
330
17
100
AcDbEntity
  8
HIDDEN
100
AcDbPolyline
 90
2
 70
0
 10
74.47918652514826
 20
77.41176470588235
 10
76.31312267433884
 20
77.41176470588235
  0
LWPOLYLINE
  5
A56
330
17
100
AcDbEntity
  8
HIDDEN
100
AcDbPolyline
 90
15
 70
0
 10
79.91176470588235
 20
77.41176470588235
 10
79.86751984502675
 20
77.41176470588235
 10
79.73700388453369
 20
77.41176470588235
 10
79.52676143964948
 20
77.41176470588235
 10
79.24733494445658
 20
77.41176470588235
 10
78.91273601020745
 20
77.41176470588235
 10
78.53974282462879
 20
77.41176470588235
 10
78.14705882352942
 20
77.41176470588235
 10
77.75437482243004
 20
77.41176470588235
 10
77.38138163685137
 20
77.41176470588235
 10
77.04678270260223
 20
77.41176470588235
 10
76.76735620740936
 20
77.41176470588235
 10
76.55711376252515
 20
77.41176470588235
 10
76.42659780203208
 20
77.41176470588235
 10
76.38235294117646
 20
77.41176470588235
  0
LWPOLYLINE
  5
A57
330
17
100
AcDbEntity
  8
HIDDEN
100
AcDbPolyline
 90
15
 70
0
 10
76.38235294117646
 20
77.41176470588235
 10
76.42659780203208
 20
77.41176470588235
 10
76.55711376252515
 20
77.41176470588235
 10
76.76735620740936
 20
77.41176470588235
 10
77.04678270260223
 20
77.41176470588235
 10
77.38138163685137
 20
77.41176470588235
 10
77.75437482243004
 20
77.41176470588235
 10
78.14705882352942
 20
77.41176470588235
 10
78.53974282462879
 20
77.41176470588235
 10
78.91273601020745
 20
77.41176470588235
 10
79.24733494445658
 20
77.41176470588235
 10
79.52676143964948
 20
77.41176470588235
 10
79.73700388453369
 20
77.41176470588235
 10
79.86751984502675
 20
77.41176470588235
 10
79.91176470588235
 20
77.41176470588235
  0
LWPOLYLINE
  5
A58
330
17
100
AcDbEntity
  8
HIDDEN
100
AcDbPolyline
 90
2
 70
0
 10
76.31312267433884
 20
80.0
 10
79.98099497271998
 20
80.0
  0
LWPOLYLINE
  5
A59
330
17
100
AcDbEntity
  8
HIDDEN
100
AcDbPolyline
 90
2
 70
0
 10
76.31312267433884
 20
80.0
 10
74.47918652514826
 20
80.0
  0
LWPOLYLINE
  5
A5A
330
17
100
AcDbEntity
  8
HIDDEN
100
AcDbPolyline
 90
2
 70
0
 10
74.47918652514826
 20
80.0
 10
76.31312267433884
 20
80.0
  0
LWPOLYLINE
  5
A5B
330
17
100
AcDbEntity
  8
HIDDEN
100
AcDbPolyline
 90
15
 70
0
 10
79.91176470588235
 20
80.0
 10
79.86751984502675
 20
80.0
 10
79.73700388453369
 20
80.0
 10
79.52676143964948
 20
80.0
 10
79.24733494445658
 20
80.0
 10
78.91273601020745
 20
80.0
 10
78.53974282462879
 20
80.0
 10
78.14705882352942
 20
80.0
 10
77.75437482243004
 20
80.0
 10
77.38138163685137
 20
80.0
 10
77.04678270260223
 20
80.0
 10
76.76735620740936
 20
80.0
 10
76.55711376252515
 20
80.0
 10
76.42659780203208
 20
80.0
 10
76.38235294117646
 20
80.0
  0
LWPOLYLINE
  5
A5C
330
17
100
AcDbEntity
  8
HIDDEN
100
AcDbPolyline
 90
15
 70
0
 10
76.38235294117646
 20
80.0
 10
76.42659780203208
 20
80.0
 10
76.55711376252515
 20
80.0
 10
76.76735620740936
 20
80.0
 10
77.04678270260223
 20
80.0
 10
77.38138163685137
 20
80.0
 10
77.75437482243004
 20
80.0
 10
78.14705882352942
 20
80.0
 10
78.53974282462879
 20
80.0
 10
78.91273601020745
 20
80.0
 10
79.24733494445658
 20
80.0
 10
79.52676143964948
 20
80.0
 10
79.73700388453369
 20
80.0
 10
79.86751984502675
 20
80.0
 10
79.91176470588235
 20
80.0
  0
LWPOLYLINE
  5
A5D
330
17
100
AcDbEntity
  8
HIDDEN
100
AcDbPolyline
 90
2
 70
0
 10
76.31312267433884
 20
77.41176470588235
 10
76.31312267433884
 20
80.0
  0
LWPOLYLINE
  5
A5E
330
17
100
AcDbEntity
  8
HIDDEN
100
AcDbPolyline
 90
2
 70
0
 10
74.47918652514826
 20
77.41176470588235
 10
74.47918652514826
 20
80.0
  0
LWPOLYLINE
  5
A5F
330
17
100
AcDbEntity
  8
HIDDEN
100
AcDbPolyline
 90
2
 70
0
 10
79.91176470588235
 20
77.41176470588235
 10
79.91176470588235
 20
80.0
  0
LWPOLYLINE
  5
A60
330
17
100
AcDbEntity
  8
HIDDEN
100
AcDbPolyline
 90
2
 70
0
 10
81.81493112191056
 20
77.41176470588235
 10
81.81493112191056
 20
80.0
  0
LWPOLYLINE
  5
A61
330
17
100
AcDbEntity
  8
HIDDEN
100
AcDbPolyline
 90
2
 70
0
 10
79.98099497271998
 20
77.41176470588235
 10
79.98099497271998
 20
80.0
  0
LWPOLYLINE
  5
A62
330
17
100
AcDbEntity
  8
HIDDEN
100
AcDbPolyline
 90
2
 70
0
 10
81.81493112191056
 20
77.41176470588235
 10
79.98099497271998
 20
77.41176470588235
  0
LWPOLYLINE
  5
A63
330
17
100
AcDbEntity
  8
HIDDEN
100
AcDbPolyline
 90
2
 70
0
 10
81.81493112191056
 20
80.0
 10
79.98099497271998
 20
80.0
  0
LWPOLYLINE
  5
A64
330
17
100
AcDbEntity
  8
HIDDEN
100
AcDbPolyline
 90
2
 70
0
 10
79.98099497271998
 20
77.41176470588235
 10
79.98099497271998
 20
80.0
  0
LWPOLYLINE
  5
A65
330
17
100
AcDbEntity
  8
HIDDEN
100
AcDbPolyline
 90
2
 70
0
 10
79.98099497271998
 20
77.41176470588235
 10
81.81493112191056
 20
77.41176470588235
  0
LWPOLYLINE
  5
A66
330
17
100
AcDbEntity
  8
HIDDEN
100
AcDbPolyline
 90
2
 70
0
 10
79.98099497271998
 20
80.0
 10
81.81493112191056
 20
80.0
  0
LWPOLYLINE
  5
A67
330
17
100
AcDbEntity
  8
HIDDEN
100
AcDbPolyline
 90
2
 70
0
 10
76.31312267433884
 20
77.41176470588235
 10
76.31312267433884
 20
80.0
  0
LWPOLYLINE
  5
A68
330
17
100
AcDbEntity
  8
HIDDEN
100
AcDbPolyline
 90
2
 70
0
 10
79.98099497271998
 20
77.41176470588235
 10
76.31312267433884
 20
77.41176470588235
  0
LWPOLYLINE
  5
A69
330
17
100
AcDbEntity
  8
HIDDEN
100
AcDbPolyline
 90
2
 70
0
 10
79.98099497271998
 20
80.0
 10
76.31312267433884
 20
80.0
  0
LWPOLYLINE
  5
A6A
330
17
100
AcDbEntity
  8
HIDDEN
100
AcDbPolyline
 90
2
 70
0
 10
76.31312267433884
 20
77.41176470588235
 10
79.98099497271998
 20
77.41176470588235
  0
LWPOLYLINE
  5
A6B
330
17
100
AcDbEntity
  8
HIDDEN
100
AcDbPolyline
 90
2
 70
0
 10
76.31312267433884
 20
77.41176470588235
 10
74.47918652514826
 20
77.41176470588235
  0
LWPOLYLINE
  5
A6C
330
17
100
AcDbEntity
  8
HIDDEN
100
AcDbPolyline
 90
2
 70
0
 10
74.47918652514826
 20
77.41176470588235
 10
76.31312267433884
 20
77.41176470588235
  0
LWPOLYLINE
  5
A6D
330
17
100
AcDbEntity
  8
HIDDEN
100
AcDbPolyline
 90
15
 70
0
 10
79.91176470588235
 20
77.41176470588235
 10
79.86751984502675
 20
77.41176470588235
 10
79.73700388453369
 20
77.41176470588235
 10
79.52676143964948
 20
77.41176470588235
 10
79.24733494445658
 20
77.41176470588235
 10
78.91273601020745
 20
77.41176470588235
 10
78.53974282462879
 20
77.41176470588235
 10
78.14705882352942
 20
77.41176470588235
 10
77.75437482243004
 20
77.41176470588235
 10
77.38138163685137
 20
77.41176470588235
 10
77.04678270260223
 20
77.41176470588235
 10
76.76735620740936
 20
77.41176470588235
 10
76.55711376252515
 20
77.41176470588235
 10
76.42659780203208
 20
77.41176470588235
 10
76.38235294117646
 20
77.41176470588235
  0
LWPOLYLINE
  5
A6E
330
17
100
AcDbEntity
  8
HIDDEN
100
AcDbPolyline
 90
15
 70
0
 10
76.38235294117646
 20
77.41176470588235
 10
76.42659780203208
 20
77.41176470588235
 10
76.55711376252515
 20
77.41176470588235
 10
76.76735620740936
 20
77.41176470588235
 10
77.04678270260223
 20
77.41176470588235
 10
77.38138163685137
 20
77.41176470588235
 10
77.75437482243004
 20
77.41176470588235
 10
78.14705882352942
 20
77.41176470588235
 10
78.53974282462879
 20
77.41176470588235
 10
78.91273601020745
 20
77.41176470588235
 10
79.24733494445658
 20
77.41176470588235
 10
79.52676143964948
 20
77.41176470588235
 10
79.73700388453369
 20
77.41176470588235
 10
79.86751984502675
 20
77.41176470588235
 10
79.91176470588235
 20
77.41176470588235
  0
LWPOLYLINE
  5
A6F
330
17
100
AcDbEntity
  8
HIDDEN
100
AcDbPolyline
 90
2
 70
0
 10
76.31312267433884
 20
80.0
 10
79.98099497271998
 20
80.0
  0
LWPOLYLINE
  5
A70
330
17
100
AcDbEntity
  8
HIDDEN
100
AcDbPolyline
 90
2
 70
0
 10
76.31312267433884
 20
80.0
 10
74.47918652514826
 20
80.0
  0
LWPOLYLINE
  5
A71
330
17
100
AcDbEntity
  8
HIDDEN
100
AcDbPolyline
 90
2
 70
0
 10
74.47918652514826
 20
80.0
 10
76.31312267433884
 20
80.0
  0
LWPOLYLINE
  5
A72
330
17
100
AcDbEntity
  8
HIDDEN
100
AcDbPolyline
 90
15
 70
0
 10
79.91176470588235
 20
80.0
 10
79.86751984502675
 20
80.0
 10
79.73700388453369
 20
80.0
 10
79.52676143964948
 20
80.0
 10
79.24733494445658
 20
80.0
 10
78.91273601020745
 20
80.0
 10
78.53974282462879
 20
80.0
 10
78.14705882352942
 20
80.0
 10
77.75437482243004
 20
80.0
 10
77.38138163685137
 20
80.0
 10
77.04678270260223
 20
80.0
 10
76.76735620740936
 20
80.0
 10
76.55711376252515
 20
80.0
 10
76.42659780203208
 20
80.0
 10
76.38235294117646
 20
80.0
  0
LWPOLYLINE
  5
A73
330
17
100
AcDbEntity
  8
HIDDEN
100
AcDbPolyline
 90
15
 70
0
 10
76.38235294117646
 20
80.0
 10
76.42659780203208
 20
80.0
 10
76.55711376252515
 20
80.0
 10
76.76735620740936
 20
80.0
 10
77.04678270260223
 20
80.0
 10
77.38138163685137
 20
80.0
 10
77.75437482243004
 20
80.0
 10
78.14705882352942
 20
80.0
 10
78.53974282462879
 20
80.0
 10
78.91273601020745
 20
80.0
 10
79.24733494445658
 20
80.0
 10
79.52676143964948
 20
80.0
 10
79.73700388453369
 20
80.0
 10
79.86751984502675
 20
80.0
 10
79.91176470588235
 20
80.0
  0
LWPOLYLINE
  5
A74
330
17
100
AcDbEntity
  8
HIDDEN
100
AcDbPolyline
 90
2
 70
0
 10
76.31312267433884
 20
77.41176470588235
 10
76.31312267433884
 20
80.0
  0
LWPOLYLINE
  5
A75
330
17
100
AcDbEntity
  8
HIDDEN
100
AcDbPolyline
 90
2
 70
0
 10
74.47918652514826
 20
77.41176470588235
 10
74.47918652514826
 20
80.0
  0
LWPOLYLINE
  5
A76
330
17
100
AcDbEntity
  8
HIDDEN
100
AcDbPolyline
 90
2
 70
0
 10
79.91176470588235
 20
77.41176470588235
 10
79.91176470588235
 20
80.0
  0
LWPOLYLINE
  5
A77
330
17
100
AcDbEntity
  8
HIDDEN
100
AcDbPolyline
 90
2
 70
0
 10
50.852941176470594
 20
91.74389240750119
 10
53.44117647058823
 20
91.74389240750119
  0
LWPOLYLINE
  5
A78
330
17
100
AcDbEntity
  8
HIDDEN
100
AcDbPolyline
 90
2
 70
0
 10
50.852941176470594
 20
93.57782855669177
 10
53.44117647058823
 20
93.57782855669177
  0
LWPOLYLINE
  5
A79
330
17
100
AcDbEntity
  8
HIDDEN
100
AcDbPolyline
 90
2
 70
0
 10
50.852941176470594
 20
91.74389240750119
 10
50.852941176470594
 20
93.57782855669177
  0
LWPOLYLINE
  5
A7A
330
17
100
AcDbEntity
  8
HIDDEN
100
AcDbPolyline
 90
2
 70
0
 10
53.44117647058823
 20
91.74389240750119
 10
53.44117647058823
 20
93.57782855669177
  0
LWPOLYLINE
  5
A7B
330
17
100
AcDbEntity
  8
HIDDEN
100
AcDbPolyline
 90
2
 70
0
 10
50.852941176470594
 20
93.57782855669177
 10
53.44117647058823
 20
93.57782855669177
  0
LWPOLYLINE
  5
A7C
330
17
100
AcDbEntity
  8
HIDDEN
100
AcDbPolyline
 90
2
 70
0
 10
50.852941176470594
 20
93.57782855669177
 10
50.852941176470594
 20
91.74389240750119
  0
LWPOLYLINE
  5
A7D
330
17
100
AcDbEntity
  8
HIDDEN
100
AcDbPolyline
 90
2
 70
0
 10
53.44117647058823
 20
93.57782855669177
 10
53.44117647058823
 20
91.74389240750119
  0
LWPOLYLINE
  5
A7E
330
17
100
AcDbEntity
  8
HIDDEN
100
AcDbPolyline
 90
2
 70
0
 10
50.852941176470594
 20
97.24570085507293
 10
53.44117647058823
 20
97.24570085507293
  0
LWPOLYLINE
  5
A7F
330
17
100
AcDbEntity
  8
HIDDEN
100
AcDbPolyline
 90
2
 70
0
 10
50.852941176470594
 20
93.57782855669177
 10
50.852941176470594
 20
97.24570085507293
  0
LWPOLYLINE
  5
A80
330
17
100
AcDbEntity
  8
HIDDEN
100
AcDbPolyline
 90
2
 70
0
 10
53.44117647058823
 20
93.57782855669177
 10
53.44117647058823
 20
97.24570085507293
  0
LWPOLYLINE
  5
A81
330
17
100
AcDbEntity
  8
HIDDEN
100
AcDbPolyline
 90
2
 70
0
 10
50.852941176470594
 20
94.58823529411764
 10
50.852941176470594
 20
93.57782855669177
  0
LWPOLYLINE
  5
A82
330
17
100
AcDbEntity
  8
HIDDEN
100
AcDbPolyline
 90
2
 70
0
 10
50.852941176470594
 20
97.24570085507293
 10
50.852941176470594
 20
99.0796370042635
  0
LWPOLYLINE
  5
A83
330
17
100
AcDbEntity
  8
HIDDEN
100
AcDbPolyline
 90
15
 70
0
 10
50.852941176470594
 20
93.6470588235294
 10
50.852941176470594
 20
93.691303684385
 10
50.852941176470594
 20
93.82181964487808
 10
50.852941176470594
 20
94.03206208976229
 10
50.852941176470594
 20
94.31148858495517
 10
50.852941176470594
 20
94.6460875192043
 10
50.852941176470594
 20
95.01908070478297
 10
50.852941176470594
 20
95.41176470588235
 10
50.852941176470594
 20
95.80444870698173
 10
50.852941176470594
 20
96.1774418925604
 10
50.852941176470594
 20
96.51204082680952
 10
50.852941176470594
 20
96.7914673220024
 10
50.852941176470594
 20
97.00170976688662
 10
50.852941176470594
 20
97.13222572737968
 10
50.852941176470594
 20
97.17647058823529
  0
LWPOLYLINE
  5
A84
330
17
100
AcDbEntity
  8
HIDDEN
100
AcDbPolyline
 90
15
 70
0
 10
50.852941176470594
 20
97.17647058823529
 10
50.852941176470594
 20
97.13222572737968
 10
50.852941176470594
 20
97.00170976688662
 10
50.852941176470594
 20
96.7914673220024
 10
50.852941176470594
 20
96.51204082680952
 10
50.852941176470594
 20
96.1774418925604
 10
50.852941176470594
 20
95.80444870698173
 10
50.852941176470594
 20
95.41176470588235
 10
50.852941176470594
 20
95.01908070478297
 10
50.852941176470594
 20
94.6460875192043
 10
50.852941176470594
 20
94.31148858495517
 10
50.852941176470594
 20
94.03206208976229
 10
50.852941176470594
 20
93.82181964487808
 10
50.852941176470594
 20
93.691303684385
 10
50.852941176470594
 20
93.6470588235294
  0
LWPOLYLINE
  5
A85
330
17
100
AcDbEntity
  8
HIDDEN
100
AcDbPolyline
 90
2
 70
0
 10
53.44117647058823
 20
95.76470588235293
 10
53.44117647058823
 20
93.57782855669177
  0
LWPOLYLINE
  5
A86
330
17
100
AcDbEntity
  8
HIDDEN
100
AcDbPolyline
 90
2
 70
0
 10
53.44117647058823
 20
97.24570085507293
 10
53.44117647058823
 20
99.0796370042635
  0
LWPOLYLINE
  5
A87
330
17
100
AcDbEntity
  8
HIDDEN
100
AcDbPolyline
 90
15
 70
0
 10
53.44117647058823
 20
93.6470588235294
 10
53.44117647058823
 20
93.691303684385
 10
53.44117647058823
 20
93.82181964487808
 10
53.44117647058823
 20
94.03206208976229
 10
53.44117647058823
 20
94.31148858495517
 10
53.44117647058823
 20
94.6460875192043
 10
53.44117647058823
 20
95.01908070478297
 10
53.44117647058823
 20
95.41176470588235
 10
53.44117647058823
 20
95.80444870698173
 10
53.44117647058823
 20
96.1774418925604
 10
53.44117647058823
 20
96.51204082680952
 10
53.44117647058823
 20
96.7914673220024
 10
53.44117647058823
 20
97.00170976688662
 10
53.44117647058823
 20
97.13222572737968
 10
53.44117647058823
 20
97.17647058823529
  0
LWPOLYLINE
  5
A88
330
17
100
AcDbEntity
  8
HIDDEN
100
AcDbPolyline
 90
15
 70
0
 10
53.44117647058823
 20
97.17647058823529
 10
53.44117647058823
 20
97.13222572737968
 10
53.44117647058823
 20
97.00170976688662
 10
53.44117647058823
 20
96.7914673220024
 10
53.44117647058823
 20
96.51204082680952
 10
53.44117647058823
 20
96.1774418925604
 10
53.44117647058823
 20
95.80444870698173
 10
53.44117647058823
 20
95.41176470588235
 10
53.44117647058823
 20
95.01908070478297
 10
53.44117647058823
 20
94.6460875192043
 10
53.44117647058823
 20
94.31148858495517
 10
53.44117647058823
 20
94.03206208976229
 10
53.44117647058823
 20
93.82181964487808
 10
53.44117647058823
 20
93.691303684385
 10
53.44117647058823
 20
93.6470588235294
  0
LWPOLYLINE
  5
A89
330
17
100
AcDbEntity
  8
HIDDEN
100
AcDbPolyline
 90
2
 70
0
 10
50.852941176470594
 20
93.6470588235294
 10
53.44117647058823
 20
93.6470588235294
  0
LWPOLYLINE
  5
A8A
330
17
100
AcDbEntity
  8
HIDDEN
100
AcDbPolyline
 90
2
 70
0
 10
55.55882352941177
 20
113.10724032139765
 10
58.14705882352941
 20
113.10724032139765
  0
LWPOLYLINE
  5
A8B
330
17
100
AcDbEntity
  8
HIDDEN
100
AcDbPolyline
 90
2
 70
0
 10
55.55882352941177
 20
111.27330417220708
 10
55.55882352941177
 20
113.10724032139765
  0
LWPOLYLINE
  5
A8C
330
17
100
AcDbEntity
  8
HIDDEN
100
AcDbPolyline
 90
2
 70
0
 10
58.14705882352941
 20
111.27330417220708
 10
58.14705882352941
 20
113.10724032139765
  0
LWPOLYLINE
  5
A8D
330
17
100
AcDbEntity
  8
HIDDEN
100
AcDbPolyline
 90
2
 70
0
 10
58.14705882352941
 20
113.10724032139765
 10
58.14705882352941
 20
111.27330417220708
  0
LWPOLYLINE
  5
A8E
330
17
100
AcDbEntity
  8
HIDDEN
100
AcDbPolyline
 90
2
 70
0
 10
55.55882352941177
 20
116.77511261977881
 10
58.14705882352941
 20
116.77511261977881
  0
LWPOLYLINE
  5
A8F
330
17
100
AcDbEntity
  8
HIDDEN
100
AcDbPolyline
 90
2
 70
0
 10
55.55882352941177
 20
113.10724032139765
 10
55.55882352941177
 20
116.77511261977881
  0
LWPOLYLINE
  5
A90
330
17
100
AcDbEntity
  8
HIDDEN
100
AcDbPolyline
 90
2
 70
0
 10
58.14705882352941
 20
113.10724032139765
 10
58.14705882352941
 20
116.77511261977881
  0
LWPOLYLINE
  5
A91
330
17
100
AcDbEntity
  8
HIDDEN
100
AcDbPolyline
 90
2
 70
0
 10
55.55882352941177
 20
116.77511261977881
 10
55.55882352941177
 20
118.60904876896937
  0
LWPOLYLINE
  5
A92
330
17
100
AcDbEntity
  8
HIDDEN
100
AcDbPolyline
 90
15
 70
0
 10
55.55882352941177
 20
113.17647058823528
 10
55.55882352941177
 20
113.2207154490909
 10
55.55882352941177
 20
113.35123140958396
 10
55.55882352941177
 20
113.56147385446818
 10
55.55882352941177
 20
113.84090034966104
 10
55.55882352941177
 20
114.17549928391018
 10
55.55882352941177
 20
114.54849246948885
 10
55.55882352941177
 20
114.94117647058823
 10
55.55882352941177
 20
115.3338604716876
 10
55.55882352941177
 20
115.70685365726627
 10
55.55882352941177
 20
116.0414525915154
 10
55.55882352941177
 20
116.32087908670829
 10
55.55882352941177
 20
116.5311215315925
 10
55.55882352941177
 20
116.66163749208556
 10
55.55882352941177
 20
116.70588235294116
  0
LWPOLYLINE
  5
A93
330
17
100
AcDbEntity
  8
HIDDEN
100
AcDbPolyline
 90
15
 70
0
 10
55.55882352941177
 20
116.70588235294116
 10
55.55882352941177
 20
116.66163749208556
 10
55.55882352941177
 20
116.5311215315925
 10
55.55882352941177
 20
116.32087908670829
 10
55.55882352941177
 20
116.0414525915154
 10
55.55882352941177
 20
115.70685365726627
 10
55.55882352941177
 20
115.3338604716876
 10
55.55882352941177
 20
114.94117647058823
 10
55.55882352941177
 20
114.54849246948885
 10
55.55882352941177
 20
114.17549928391018
 10
55.55882352941177
 20
113.84090034966104
 10
55.55882352941177
 20
113.56147385446818
 10
55.55882352941177
 20
113.35123140958396
 10
55.55882352941177
 20
113.2207154490909
 10
55.55882352941177
 20
113.17647058823528
  0
LWPOLYLINE
  5
A94
330
17
100
AcDbEntity
  8
HIDDEN
100
AcDbPolyline
 90
2
 70
0
 10
58.14705882352941
 20
116.77511261977881
 10
58.14705882352941
 20
113.10724032139765
  0
LWPOLYLINE
  5
A95
330
17
100
AcDbEntity
  8
HIDDEN
100
AcDbPolyline
 90
2
 70
0
 10
58.14705882352941
 20
116.77511261977881
 10
58.14705882352941
 20
118.60904876896937
  0
LWPOLYLINE
  5
A96
330
17
100
AcDbEntity
  8
HIDDEN
100
AcDbPolyline
 90
2
 70
0
 10
58.14705882352941
 20
118.60904876896937
 10
58.14705882352941
 20
116.77511261977881
  0
LWPOLYLINE
  5
A97
330
17
100
AcDbEntity
  8
HIDDEN
100
AcDbPolyline
 90
15
 70
0
 10
58.14705882352941
 20
113.17647058823528
 10
58.14705882352941
 20
113.2207154490909
 10
58.14705882352941
 20
113.35123140958396
 10
58.14705882352941
 20
113.56147385446818
 10
58.14705882352941
 20
113.84090034966104
 10
58.14705882352941
 20
114.17549928391018
 10
58.14705882352941
 20
114.54849246948885
 10
58.14705882352941
 20
114.94117647058823
 10
58.14705882352941
 20
115.3338604716876
 10
58.14705882352941
 20
115.70685365726627
 10
58.14705882352941
 20
116.0414525915154
 10
58.14705882352941
 20
116.32087908670829
 10
58.14705882352941
 20
116.5311215315925
 10
58.14705882352941
 20
116.66163749208556
 10
58.14705882352941
 20
116.70588235294116
  0
LWPOLYLINE
  5
A98
330
17
100
AcDbEntity
  8
HIDDEN
100
AcDbPolyline
 90
15
 70
0
 10
58.14705882352941
 20
116.70588235294116
 10
58.14705882352941
 20
116.66163749208556
 10
58.14705882352941
 20
116.5311215315925
 10
58.14705882352941
 20
116.32087908670829
 10
58.14705882352941
 20
116.0414525915154
 10
58.14705882352941
 20
115.70685365726627
 10
58.14705882352941
 20
115.3338604716876
 10
58.14705882352941
 20
114.94117647058823
 10
58.14705882352941
 20
114.54849246948885
 10
58.14705882352941
 20
114.17549928391018
 10
58.14705882352941
 20
113.84090034966104
 10
58.14705882352941
 20
113.56147385446818
 10
58.14705882352941
 20
113.35123140958396
 10
58.14705882352941
 20
113.2207154490909
 10
58.14705882352941
 20
113.17647058823528
  0
LWPOLYLINE
  5
A99
330
17
100
AcDbEntity
  8
HIDDEN
100
AcDbPolyline
 90
2
 70
0
 10
55.55882352941177
 20
113.17647058823528
 10
58.14705882352941
 20
113.17647058823528
  0
LWPOLYLINE
  5
A9A
330
17
100
AcDbEntity
  8
HIDDEN
100
AcDbPolyline
 90
2
 70
0
 10
82.25
 20
103.34253443904471
 10
84.83823529411765
 20
103.34253443904471
  0
LWPOLYLINE
  5
A9B
330
17
100
AcDbEntity
  8
HIDDEN
100
AcDbPolyline
 90
2
 70
0
 10
82.25
 20
101.50859828985413
 10
82.25
 20
103.34253443904471
  0
LWPOLYLINE
  5
A9C
330
17
100
AcDbEntity
  8
HIDDEN
100
AcDbPolyline
 90
2
 70
0
 10
84.83823529411765
 20
101.50859828985413
 10
84.83823529411765
 20
103.34253443904471
  0
LWPOLYLINE
  5
A9D
330
17
100
AcDbEntity
  8
HIDDEN
100
AcDbPolyline
 90
2
 70
0
 10
82.25
 20
103.34253443904471
 10
82.25
 20
101.50859828985413
  0
LWPOLYLINE
  5
A9E
330
17
100
AcDbEntity
  8
HIDDEN
100
AcDbPolyline
 90
2
 70
0
 10
82.25
 20
107.01040673742585
 10
84.83823529411765
 20
107.01040673742585
  0
LWPOLYLINE
  5
A9F
330
17
100
AcDbEntity
  8
HIDDEN
100
AcDbPolyline
 90
2
 70
0
 10
82.25
 20
103.34253443904471
 10
82.25
 20
107.01040673742587
  0
LWPOLYLINE
  5
AA0
330
17
100
AcDbEntity
  8
HIDDEN
100
AcDbPolyline
 90
2
 70
0
 10
84.83823529411765
 20
103.34253443904471
 10
84.83823529411765
 20
107.01040673742587
  0
LWPOLYLINE
  5
AA1
330
17
100
AcDbEntity
  8
HIDDEN
100
AcDbPolyline
 90
2
 70
0
 10
82.25
 20
107.01040673742587
 10
82.25
 20
103.34253443904471
  0
LWPOLYLINE
  5
AA2
330
17
100
AcDbEntity
  8
HIDDEN
100
AcDbPolyline
 90
2
 70
0
 10
82.25
 20
107.01040673742585
 10
82.25
 20
108.84434288661643
  0
LWPOLYLINE
  5
AA3
330
17
100
AcDbEntity
  8
HIDDEN
100
AcDbPolyline
 90
2
 70
0
 10
82.25
 20
108.84434288661643
 10
82.25
 20
107.01040673742585
  0
LWPOLYLINE
  5
AA4
330
17
100
AcDbEntity
  8
HIDDEN
100
AcDbPolyline
 90
15
 70
0
 10
82.25
 20
103.41176470588235
 10
82.25
 20
103.45600956673795
 10
82.25
 20
103.58652552723102
 10
82.25
 20
103.79676797211523
 10
82.25
 20
104.07619446730811
 10
82.25
 20
104.41079340155724
 10
82.25
 20
104.7837865871359
 10
82.25
 20
105.17647058823529
 10
82.25
 20
105.56915458933466
 10
82.25
 20
105.94214777491334
 10
82.25
 20
106.27674670916247
 10
82.25
 20
106.55617320435535
 10
82.25
 20
106.76641564923955
 10
82.25
 20
106.89693160973263
 10
82.25
 20
106.94117647058823
  0
LWPOLYLINE
  5
AA5
330
17
100
AcDbEntity
  8
HIDDEN
100
AcDbPolyline
 90
15
 70
0
 10
82.25
 20
106.94117647058823
 10
82.25
 20
106.89693160973263
 10
82.25
 20
106.76641564923955
 10
82.25
 20
106.55617320435535
 10
82.25
 20
106.27674670916247
 10
82.25
 20
105.94214777491334
 10
82.25
 20
105.56915458933466
 10
82.25
 20
105.17647058823529
 10
82.25
 20
104.78378658713592
 10
82.25
 20
104.41079340155724
 10
82.25
 20
104.07619446730811
 10
82.25
 20
103.79676797211523
 10
82.25
 20
103.58652552723102
 10
82.25
 20
103.45600956673795
 10
82.25
 20
103.41176470588235
  0
LWPOLYLINE
  5
AA6
330
17
100
AcDbEntity
  8
HIDDEN
100
AcDbPolyline
 90
2
 70
0
 10
84.83823529411765
 20
107.01040673742585
 10
84.83823529411765
 20
108.84434288661643
  0
LWPOLYLINE
  5
AA7
330
17
100
AcDbEntity
  8
HIDDEN
100
AcDbPolyline
 90
15
 70
0
 10
84.83823529411765
 20
103.41176470588235
 10
84.83823529411765
 20
103.45600956673795
 10
84.83823529411765
 20
103.58652552723102
 10
84.83823529411765
 20
103.79676797211523
 10
84.83823529411765
 20
104.07619446730811
 10
84.83823529411765
 20
104.41079340155724
 10
84.83823529411765
 20
104.7837865871359
 10
84.83823529411765
 20
105.17647058823529
 10
84.83823529411765
 20
105.56915458933466
 10
84.83823529411765
 20
105.94214777491334
 10
84.83823529411765
 20
106.27674670916247
 10
84.83823529411765
 20
106.55617320435535
 10
84.83823529411765
 20
106.76641564923955
 10
84.83823529411765
 20
106.89693160973263
 10
84.83823529411765
 20
106.94117647058823
  0
LWPOLYLINE
  5
AA8
330
17
100
AcDbEntity
  8
HIDDEN
100
AcDbPolyline
 90
15
 70
0
 10
84.83823529411765
 20
106.94117647058823
 10
84.83823529411765
 20
106.89693160973263
 10
84.83823529411765
 20
106.76641564923955
 10
84.83823529411765
 20
106.55617320435535
 10
84.83823529411765
 20
106.27674670916247
 10
84.83823529411765
 20
105.94214777491334
 10
84.83823529411765
 20
105.56915458933466
 10
84.83823529411765
 20
105.17647058823529
 10
84.83823529411765
 20
104.78378658713592
 10
84.83823529411765
 20
104.41079340155724
 10
84.83823529411765
 20
104.07619446730811
 10
84.83823529411765
 20
103.79676797211523
 10
84.83823529411765
 20
103.58652552723102
 10
84.83823529411765
 20
103.45600956673795
 10
84.83823529411765
 20
103.41176470588235
  0
LWPOLYLINE
  5
AA9
330
17
100
AcDbEntity
  8
HIDDEN
100
AcDbPolyline
 90
2
 70
0
 10
82.25
 20
103.41176470588235
 10
84.83823529411764
 20
103.41176470588235
  0
LWPOLYLINE
  5
AAA
330
17
100
AcDbEntity
  8
HIDDEN
100
AcDbPolyline
 90
2
 70
0
 10
82.25
 20
101.50859828985413
 10
84.83823529411765
 20
101.50859828985413
  0
LWPOLYLINE
  5
AAB
330
17
100
AcDbEntity
  8
HIDDEN
100
AcDbPolyline
 90
2
 70
0
 10
82.25
 20
103.34253443904471
 10
84.83823529411765
 20
103.34253443904471
  0
LWPOLYLINE
  5
AAC
330
17
100
AcDbEntity
  8
HIDDEN
100
AcDbPolyline
 90
2
 70
0
 10
82.25
 20
101.50859828985413
 10
82.25
 20
103.34253443904471
  0
LWPOLYLINE
  5
AAD
330
17
100
AcDbEntity
  8
HIDDEN
100
AcDbPolyline
 90
2
 70
0
 10
84.83823529411765
 20
101.50859828985413
 10
84.83823529411765
 20
103.34253443904471
  0
LWPOLYLINE
  5
AAE
330
17
100
AcDbEntity
  8
HIDDEN
100
AcDbPolyline
 90
2
 70
0
 10
82.25
 20
103.34253443904471
 10
84.83823529411765
 20
103.34253443904471
  0
LWPOLYLINE
  5
AAF
330
17
100
AcDbEntity
  8
HIDDEN
100
AcDbPolyline
 90
2
 70
0
 10
82.25
 20
103.34253443904471
 10
82.25
 20
101.50859828985413
  0
LWPOLYLINE
  5
AB0
330
17
100
AcDbEntity
  8
HIDDEN
100
AcDbPolyline
 90
2
 70
0
 10
84.83823529411765
 20
103.34253443904471
 10
84.83823529411765
 20
101.50859828985413
  0
LWPOLYLINE
  5
AB1
330
17
100
AcDbEntity
  8
HIDDEN
100
AcDbPolyline
 90
2
 70
0
 10
82.25
 20
107.01040673742585
 10
84.83823529411765
 20
107.01040673742585
  0
LWPOLYLINE
  5
AB2
330
17
100
AcDbEntity
  8
HIDDEN
100
AcDbPolyline
 90
2
 70
0
 10
82.25
 20
103.34253443904471
 10
82.25
 20
107.01040673742587
  0
LWPOLYLINE
  5
AB3
330
17
100
AcDbEntity
  8
HIDDEN
100
AcDbPolyline
 90
2
 70
0
 10
84.83823529411765
 20
103.34253443904471
 10
84.83823529411765
 20
107.01040673742587
  0
LWPOLYLINE
  5
AB4
330
17
100
AcDbEntity
  8
HIDDEN
100
AcDbPolyline
 90
2
 70
0
 10
82.25
 20
107.01040673742587
 10
82.25
 20
103.34253443904471
  0
LWPOLYLINE
  5
AB5
330
17
100
AcDbEntity
  8
HIDDEN
100
AcDbPolyline
 90
2
 70
0
 10
82.25
 20
107.01040673742585
 10
82.25
 20
108.84434288661643
  0
LWPOLYLINE
  5
AB6
330
17
100
AcDbEntity
  8
HIDDEN
100
AcDbPolyline
 90
2
 70
0
 10
82.25
 20
108.84434288661643
 10
82.25
 20
107.01040673742585
  0
LWPOLYLINE
  5
AB7
330
17
100
AcDbEntity
  8
HIDDEN
100
AcDbPolyline
 90
15
 70
0
 10
82.25
 20
103.41176470588235
 10
82.25
 20
103.45600956673795
 10
82.25
 20
103.58652552723102
 10
82.25
 20
103.79676797211523
 10
82.25
 20
104.07619446730811
 10
82.25
 20
104.41079340155724
 10
82.25
 20
104.7837865871359
 10
82.25
 20
105.17647058823529
 10
82.25
 20
105.56915458933466
 10
82.25
 20
105.94214777491334
 10
82.25
 20
106.27674670916247
 10
82.25
 20
106.55617320435535
 10
82.25
 20
106.76641564923955
 10
82.25
 20
106.89693160973263
 10
82.25
 20
106.94117647058823
  0
LWPOLYLINE
  5
AB8
330
17
100
AcDbEntity
  8
HIDDEN
100
AcDbPolyline
 90
15
 70
0
 10
82.25
 20
106.94117647058823
 10
82.25
 20
106.89693160973263
 10
82.25
 20
106.76641564923955
 10
82.25
 20
106.55617320435535
 10
82.25
 20
106.27674670916247
 10
82.25
 20
105.94214777491334
 10
82.25
 20
105.56915458933466
 10
82.25
 20
105.17647058823529
 10
82.25
 20
104.78378658713592
 10
82.25
 20
104.41079340155724
 10
82.25
 20
104.07619446730811
 10
82.25
 20
103.79676797211523
 10
82.25
 20
103.58652552723102
 10
82.25
 20
103.45600956673795
 10
82.25
 20
103.41176470588235
  0
LWPOLYLINE
  5
AB9
330
17
100
AcDbEntity
  8
HIDDEN
100
AcDbPolyline
 90
2
 70
0
 10
84.83823529411765
 20
107.01040673742587
 10
84.83823529411765
 20
103.34253443904471
  0
LWPOLYLINE
  5
ABA
330
17
100
AcDbEntity
  8
HIDDEN
100
AcDbPolyline
 90
2
 70
0
 10
84.83823529411765
 20
107.01040673742585
 10
84.83823529411765
 20
108.84434288661643
  0
LWPOLYLINE
  5
ABB
330
17
100
AcDbEntity
  8
HIDDEN
100
AcDbPolyline
 90
2
 70
0
 10
84.83823529411765
 20
108.84434288661643
 10
84.83823529411765
 20
107.01040673742585
  0
LWPOLYLINE
  5
ABC
330
17
100
AcDbEntity
  8
HIDDEN
100
AcDbPolyline
 90
15
 70
0
 10
84.83823529411765
 20
103.41176470588235
 10
84.83823529411765
 20
103.45600956673795
 10
84.83823529411765
 20
103.58652552723102
 10
84.83823529411765
 20
103.79676797211523
 10
84.83823529411765
 20
104.07619446730811
 10
84.83823529411765
 20
104.41079340155724
 10
84.83823529411765
 20
104.7837865871359
 10
84.83823529411765
 20
105.17647058823529
 10
84.83823529411765
 20
105.56915458933466
 10
84.83823529411765
 20
105.94214777491334
 10
84.83823529411765
 20
106.27674670916247
 10
84.83823529411765
 20
106.55617320435535
 10
84.83823529411765
 20
106.76641564923955
 10
84.83823529411765
 20
106.89693160973263
 10
84.83823529411765
 20
106.94117647058823
  0
LWPOLYLINE
  5
ABD
330
17
100
AcDbEntity
  8
HIDDEN
100
AcDbPolyline
 90
15
 70
0
 10
84.83823529411765
 20
106.94117647058823
 10
84.83823529411765
 20
106.89693160973263
 10
84.83823529411765
 20
106.76641564923955
 10
84.83823529411765
 20
106.55617320435535
 10
84.83823529411765
 20
106.27674670916247
 10
84.83823529411765
 20
105.94214777491334
 10
84.83823529411765
 20
105.56915458933466
 10
84.83823529411765
 20
105.17647058823529
 10
84.83823529411765
 20
104.78378658713592
 10
84.83823529411765
 20
104.41079340155724
 10
84.83823529411765
 20
104.07619446730811
 10
84.83823529411765
 20
103.79676797211523
 10
84.83823529411765
 20
103.58652552723102
 10
84.83823529411765
 20
103.45600956673795
 10
84.83823529411765
 20
103.41176470588235
  0
LWPOLYLINE
  5
ABE
330
17
100
AcDbEntity
  8
HIDDEN
100
AcDbPolyline
 90
2
 70
0
 10
82.25
 20
107.01040673742587
 10
84.83823529411765
 20
107.01040673742587
  0
LWPOLYLINE
  5
ABF
330
17
100
AcDbEntity
  8
HIDDEN
100
AcDbPolyline
 90
2
 70
0
 10
82.25
 20
108.84434288661643
 10
84.83823529411765
 20
108.84434288661643
  0
LWPOLYLINE
  5
AC0
330
17
100
AcDbEntity
  8
HIDDEN
100
AcDbPolyline
 90
2
 70
0
 10
82.25
 20
103.41176470588235
 10
84.83823529411764
 20
103.41176470588235
  0
LWPOLYLINE
  5
AC1
330
17
100
AcDbEntity
  8
HIDDEN
100
AcDbPolyline
 90
2
 70
0
 10
214.61764705882354
 20
84.0
 10
214.61764705882354
 20
85.17647058823529
  0
LWPOLYLINE
  5
AC2
330
17
100
AcDbEntity
  8
HIDDEN
100
AcDbPolyline
 90
2
 70
0
 10
215.79411764705884
 20
76.94117647058823
 10
215.79411764705884
 20
84.0
  0
LWPOLYLINE
  5
AC3
330
17
100
AcDbEntity
  8
HIDDEN
100
AcDbPolyline
 90
2
 70
0
 10
179.6764705882353
 20
72.94117647058823
 10
179.6764705882353
 20
82.8235294117647
  0
LWPOLYLINE
  5
AC4
330
17
100
AcDbEntity
  8
HIDDEN
100
AcDbPolyline
 90
2
 70
0
 10
238.26470588235293
 20
69.88235294117646
 10
238.26470588235293
 20
74.11764705882352
  0
LWPOLYLINE
  5
AC5
330
17
100
AcDbEntity
  8
HIDDEN
100
AcDbPolyline
 90
2
 70
0
 10
35.911764705882355
 20
69.88235294117646
 10
35.911764705882355
 20
74.11764705882352
  0
LWPOLYLINE
  5
AC6
330
17
100
AcDbEntity
  8
HIDDEN
100
AcDbPolyline
 90
2
 70
0
 10
238.26470588235293
 20
69.88235294117646
 10
238.26470588235293
 20
74.11764705882352
  0
LWPOLYLINE
  5
AC7
330
17
100
AcDbEntity
  8
HIDDEN
100
AcDbPolyline
 90
2
 70
0
 10
179.6764705882353
 20
72.94117647058823
 10
179.6764705882353
 20
82.8235294117647
  0
LWPOLYLINE
  5
AC8
330
17
100
AcDbEntity
  8
HIDDEN
100
AcDbPolyline
 90
2
 70
0
 10
91.44117647058823
 20
72.94117647058823
 10
91.44117647058823
 20
82.8235294117647
  0
LWPOLYLINE
  5
AC9
330
17
100
AcDbEntity
  8
HIDDEN
100
AcDbPolyline
 90
2
 70
0
 10
35.911764705882355
 20
69.88235294117646
 10
35.911764705882355
 20
74.11764705882352
  0
LWPOLYLINE
  5
ACA
330
17
100
AcDbEntity
  8
HIDDEN
100
AcDbPolyline
 90
2
 70
0
 10
91.44117647058823
 20
72.94117647058823
 10
91.44117647058823
 20
82.8235294117647
  0
LWPOLYLINE
  5
ACB
330
17
100
AcDbEntity
  8
HIDDEN
100
AcDbPolyline
 90
2
 70
0
 10
199.3235294117647
 20
99.47058823529412
 10
204.0294117647059
 20
99.47058823529412
  0
LWPOLYLINE
  5
ACC
330
17
100
AcDbEntity
  8
HIDDEN
100
AcDbPolyline
 90
2
 70
0
 10
52.61764705882353
 20
72.94117647058823
 10
52.61764705882353
 20
76.94117647058823
  0
LWPOLYLINE
  5
ACD
330
17
100
AcDbEntity
  8
HIDDEN
100
AcDbPolyline
 90
2
 70
0
 10
38.5
 20
72.94117647058823
 10
38.5
 20
76.94117647058823
  0
LWPOLYLINE
  5
ACE
330
17
100
AcDbEntity
  8
HIDDEN
100
AcDbPolyline
 90
2
 70
0
 10
52.61764705882353
 20
72.94117647058823
 10
52.61764705882353
 20
76.94117647058823
  0
LWPOLYLINE
  5
ACF
330
17
100
AcDbEntity
  8
HIDDEN
100
AcDbPolyline
 90
2
 70
0
 10
38.5
 20
72.94117647058823
 10
38.5
 20
76.94117647058823
  0
LWPOLYLINE
  5
AD0
330
17
100
AcDbEntity
  8
HIDDEN
100
AcDbPolyline
 90
2
 70
0
 10
158.1470588235294
 20
86.35294117647058
 10
158.1470588235294
 20
90.23529411764706
  0
LWPOLYLINE
  5
AD1
330
17
100
AcDbEntity
  8
HIDDEN
100
AcDbPolyline
 90
2
 70
0
 10
76.1470588235294
 20
80.0
 10
76.1470588235294
 20
86.35294117647058
  0
LWPOLYLINE
  5
AD2
330
17
100
AcDbEntity
  8
HIDDEN
100
AcDbPolyline
 90
2
 70
0
 10
76.1470588235294
 20
80.0
 10
76.1470588235294
 20
86.35294117647058
  0
LWPOLYLINE
  5
AD3
330
17
100
AcDbEntity
  8
HIDDEN
100
AcDbPolyline
 90
2
 70
0
 10
179.6764705882353
 20
82.8235294117647
 10
179.6764705882353
 20
90.23529411764706
  0
LWPOLYLINE
  5
AD4
330
17
100
AcDbEntity
  8
HIDDEN
100
AcDbPolyline
 90
2
 70
0
 10
91.44117647058823
 20
82.8235294117647
 10
91.44117647058823
 20
90.23529411764706
  0
LWPOLYLINE
  5
AD5
330
17
100
AcDbEntity
  8
HIDDEN
100
AcDbPolyline
 90
2
 70
0
 10
95.44117647058825
 20
82.8235294117647
 10
95.44117647058825
 20
90.23529411764706
  0
LWPOLYLINE
  5
AD6
330
17
100
AcDbEntity
  8
HIDDEN
100
AcDbPolyline
 90
2
 70
0
 10
183.6764705882353
 20
82.8235294117647
 10
183.6764705882353
 20
90.23529411764706
  0
LWPOLYLINE
  5
AD7
330
17
100
AcDbEntity
  8
HIDDEN
100
AcDbPolyline
 90
2
 70
0
 10
52.61764705882353
 20
76.94117647058823
 10
52.61764705882353
 20
81.6470588235294
  0
LWPOLYLINE
  5
AD8
330
17
100
AcDbEntity
  8
HIDDEN
100
AcDbPolyline
 90
2
 70
0
 10
52.61764705882353
 20
76.94117647058823
 10
52.61764705882353
 20
81.6470588235294
  0
LWPOLYLINE
  5
AD9
330
17
100
AcDbEntity
  8
HIDDEN
100
AcDbPolyline
 90
2
 70
0
 10
53.44117647058823
 20
93.41176470588235
 10
62.85294117647059
 20
93.41176470588235
  0
LWPOLYLINE
  5
ADA
330
17
100
AcDbEntity
  8
HIDDEN
100
AcDbPolyline
 90
2
 70
0
 10
58.14705882352941
 20
112.94117647058823
 10
62.85294117647059
 20
112.94117647058823
  0
LWPOLYLINE
  5
ADB
330
17
100
AcDbEntity
  8
HIDDEN
100
AcDbPolyline
 90
2
 70
0
 10
76.38235294117646
 20
103.17647058823529
 10
79.91176470588235
 20
103.17647058823529
  0
LWPOLYLINE
  5
ADC
330
17
100
AcDbEntity
  8
HIDDEN
100
AcDbPolyline
 90
2
 70
0
 10
76.38235294117646
 20
103.17647058823529
 10
79.91176470588235
 20
103.17647058823529
  0
LWPOLYLINE
  5
ADD
330
17
100
AcDbEntity
  8
HIDDEN
100
AcDbPolyline
 90
2
 70
0
 10
76.1470588235294
 20
86.35294117647058
 10
76.1470588235294
 20
89.29411764705881
  0
LWPOLYLINE
  5
ADE
330
17
100
AcDbEntity
  8
HIDDEN
100
AcDbPolyline
 90
2
 70
0
 10
76.1470588235294
 20
86.35294117647058
 10
76.1470588235294
 20
89.29411764705881
  0
LWPOLYLINE
  5
ADF
330
17
100
AcDbEntity
  8
HIDDEN
100
AcDbPolyline
 90
2
 70
0
 10
76.38235294117646
 20
91.6470588235294
 10
74.04411764705883
 20
91.6470588235294
  0
LWPOLYLINE
  5
AE0
330
17
100
AcDbEntity
  8
HIDDEN
100
AcDbPolyline
 90
2
 70
0
 10
76.38235294117646
 20
103.17647058823529
 10
74.04411764705883
 20
103.17647058823529
  0
LWPOLYLINE
  5
AE1
330
17
100
AcDbEntity
  8
HIDDEN
100
AcDbPolyline
 90
2
 70
0
 10
76.38235294117646
 20
111.17647058823528
 10
74.04411764705883
 20
111.17647058823528
  0
LWPOLYLINE
  5
AE2
330
17
100
AcDbEntity
  8
HIDDEN
100
AcDbPolyline
 90
2
 70
0
 10
76.38235294117646
 20
91.6470588235294
 10
74.04411764705883
 20
91.6470588235294
  0
LWPOLYLINE
  5
AE3
330
17
100
AcDbEntity
  8
HIDDEN
100
AcDbPolyline
 90
2
 70
0
 10
76.38235294117646
 20
101.26470588235293
 10
74.51470588235294
 20
101.26470588235293
  0
LWPOLYLINE
  5
AE4
330
17
100
AcDbEntity
  8
HIDDEN
100
AcDbPolyline
 90
2
 70
0
 10
76.38235294117646
 20
111.17647058823528
 10
74.04411764705883
 20
111.17647058823528
  0
LWPOLYLINE
  5
AE5
330
17
100
AcDbEntity
  8
HIDDEN
100
AcDbPolyline
 90
2
 70
0
 10
76.38235294117646
 20
103.17647058823529
 10
74.04411764705883
 20
103.17647058823529
  0
LWPOLYLINE
  5
AE6
330
17
100
AcDbEntity
  8
HIDDEN
100
AcDbPolyline
 90
2
 70
0
 10
74.51470588235294
 20
101.76470588235294
 10
74.04411764705883
 20
101.76470588235294
  0
LWPOLYLINE
  5
AE7
330
17
100
AcDbEntity
  8
HIDDEN
100
AcDbPolyline
 90
2
 70
0
 10
79.91176470588235
 20
91.6470588235294
 10
82.25
 20
91.6470588235294
  0
LWPOLYLINE
  5
AE8
330
17
100
AcDbEntity
  8
HIDDEN
100
AcDbPolyline
 90
2
 70
0
 10
79.91176470588235
 20
103.17647058823529
 10
82.25
 20
103.17647058823529
  0
LWPOLYLINE
  5
AE9
330
17
100
AcDbEntity
  8
HIDDEN
100
AcDbPolyline
 90
2
 70
0
 10
79.91176470588235
 20
111.17647058823528
 10
82.25
 20
111.17647058823528
  0
LWPOLYLINE
  5
AEA
330
17
100
AcDbEntity
  8
HIDDEN
100
AcDbPolyline
 90
2
 70
0
 10
79.91176470588235
 20
91.6470588235294
 10
82.25
 20
91.6470588235294
  0
LWPOLYLINE
  5
AEB
330
17
100
AcDbEntity
  8
HIDDEN
100
AcDbPolyline
 90
2
 70
0
 10
79.91176470588235
 20
101.26470588235293
 10
81.77941176470588
 20
101.26470588235293
  0
LWPOLYLINE
  5
AEC
330
17
100
AcDbEntity
  8
HIDDEN
100
AcDbPolyline
 90
2
 70
0
 10
79.91176470588235
 20
111.17647058823528
 10
82.25
 20
111.17647058823528
  0
LWPOLYLINE
  5
AED
330
17
100
AcDbEntity
  8
HIDDEN
100
AcDbPolyline
 90
2
 70
0
 10
79.91176470588235
 20
103.17647058823529
 10
82.25
 20
103.17647058823529
  0
LWPOLYLINE
  5
AEE
330
17
100
AcDbEntity
  8
HIDDEN
100
AcDbPolyline
 90
2
 70
0
 10
81.77941176470588
 20
101.76470588235294
 10
82.25
 20
101.76470588235294
  0
LWPOLYLINE
  5
AEF
330
17
100
AcDbEntity
  8
HIDDEN
100
AcDbPolyline
 90
2
 70
0
 10
74.51470588235294
 20
101.44117647058823
 10
76.38235294117646
 20
101.44117647058823
  0
LWPOLYLINE
  5
AF0
330
17
100
AcDbEntity
  8
HIDDEN
100
AcDbPolyline
 90
2
 70
0
 10
79.91176470588235
 20
101.44117647058823
 10
81.77941176470588
 20
101.44117647058823
  0
LWPOLYLINE
  5
AF1
330
17
100
AcDbEntity
  8
HIDDEN
100
AcDbPolyline
 90
2
 70
0
 10
64.61764705882354
 20
117.41176470588235
 10
62.85294117647059
 20
117.41176470588235
  0
LWPOLYLINE
  5
AF2
330
17
100
AcDbEntity
  8
HIDDEN
100
AcDbPolyline
 90
2
 70
0
 10
64.61764705882354
 20
112.47058823529412
 10
62.85294117647059
 20
112.47058823529412
  0
LWPOLYLINE
  5
AF3
330
17
100
AcDbEntity
  8
HIDDEN
100
AcDbPolyline
 90
2
 70
0
 10
64.61764705882354
 20
92.94117647058823
 10
62.85294117647059
 20
92.94117647058823
  0
LWPOLYLINE
  5
AF4
330
17
100
AcDbEntity
  8
HIDDEN
100
AcDbPolyline
 90
2
 70
0
 10
64.61764705882354
 20
97.88235294117646
 10
62.85294117647059
 20
97.88235294117646
  0
LWPOLYLINE
  5
AF5
330
17
100
AcDbEntity
  8
HIDDEN
100
AcDbPolyline
 90
2
 70
0
 10
199.3235294117647
 20
99.5735294117647
 10
204.0294117647059
 20
99.5735294117647
  0
LWPOLYLINE
  5
AF6
330
17
100
AcDbEntity
  8
HIDDEN
100
AcDbPolyline
 90
2
 70
0
 10
91.6764705882353
 20
69.88235294117646
 10
91.6764705882353
 20
90.23529411764706
  0
LWPOLYLINE
  5
AF7
330
17
100
AcDbEntity
  8
HIDDEN
100
AcDbPolyline
 90
2
 70
0
 10
90.14705882352942
 20
90.23529411764706
 10
90.14705882352942
 20
93.05882352941175
  0
LWPOLYLINE
  5
AF8
330
17
100
AcDbEntity
  8
HIDDEN
100
AcDbPolyline
 90
2
 70
0
 10
91.6764705882353
 20
66.70588235294117
 10
91.6764705882353
 20
90.23529411764706
  0
LWPOLYLINE
  5
AF9
330
17
100
AcDbEntity
  8
HIDDEN
100
AcDbPolyline
 90
2
 70
0
 10
179.91176470588238
 20
69.88235294117646
 10
179.91176470588238
 20
90.23529411764706
  0
LWPOLYLINE
  5
AFA
330
17
100
AcDbEntity
  8
HIDDEN
100
AcDbPolyline
 90
2
 70
0
 10
178.38235294117646
 20
90.23529411764706
 10
178.38235294117646
 20
93.05882352941175
  0
LWPOLYLINE
  5
AFB
330
17
100
AcDbEntity
  8
HIDDEN
100
AcDbPolyline
 90
2
 70
0
 10
179.91176470588238
 20
66.70588235294117
 10
179.91176470588238
 20
90.23529411764706
  0
LWPOLYLINE
  5
AFC
330
17
100
AcDbEntity
  8
HIDDEN
100
AcDbPolyline
 90
2
 70
0
 10
52.85294117647059
 20
69.88235294117646
 10
52.85294117647059
 20
81.6470588235294
  0
LWPOLYLINE
  5
AFD
330
17
100
AcDbEntity
  8
HIDDEN
100
AcDbPolyline
 90
2
 70
0
 10
51.32352941176471
 20
81.6470588235294
 10
51.32352941176471
 20
84.47058823529412
  0
LWPOLYLINE
  5
AFE
330
17
100
AcDbEntity
  8
HIDDEN
100
AcDbPolyline
 90
2
 70
0
 10
52.85294117647059
 20
67.52941176470587
 10
52.85294117647059
 20
81.6470588235294
  0
LWPOLYLINE
  5
AFF
330
17
100
AcDbEntity
  8
HIDDEN
100
AcDbPolyline
 90
2
 70
0
 10
74.8529411764706
 20
91.05882352941175
 10
74.8529411764706
 20
92.11764705882352
  0
LWPOLYLINE
  5
B00
330
17
100
AcDbEntity
  8
HIDDEN
100
AcDbPolyline
 90
2
 70
0
 10
76.38235294117646
 20
77.52941176470587
 10
76.38235294117646
 20
89.29411764705881
  0
LWPOLYLINE
  5
B01
330
17
100
AcDbEntity
  8
HIDDEN
100
AcDbPolyline
 90
2
 70
0
 10
74.8529411764706
 20
89.29411764705881
 10
74.8529411764706
 20
92.11764705882352
  0
LWPOLYLINE
  5
B02
330
17
100
AcDbEntity
  8
HIDDEN
100
AcDbPolyline
 90
2
 70
0
 10
76.38235294117646
 20
77.52941176470587
 10
76.38235294117646
 20
89.29411764705881
  0
LWPOLYLINE
  5
B03
330
17
100
AcDbEntity
  8
HIDDEN
100
AcDbPolyline
 90
2
 70
0
 10
50.5
 20
93.6470588235294
 10
64.61764705882354
 20
93.6470588235294
  0
LWPOLYLINE
  5
B04
330
17
100
AcDbEntity
  8
HIDDEN
100
AcDbPolyline
 90
2
 70
0
 10
55.55882352941177
 20
113.17647058823528
 10
64.61764705882354
 20
113.17647058823528
  0
LWPOLYLINE
  5
B05
330
17
100
AcDbEntity
  8
HIDDEN
100
AcDbPolyline
 90
2
 70
0
 10
74.04411764705883
 20
103.41176470588235
 10
84.83823529411765
 20
103.41176470588235
  0
LWPOLYLINE
  5
B06
330
17
100
AcDbEntity
  8
HIDDEN
100
AcDbPolyline
 90
2
 70
0
 10
71.22058823529412
 20
101.88235294117646
 10
74.04411764705883
 20
101.88235294117646
  0
LWPOLYLINE
  5
B07
330
17
100
AcDbEntity
  8
HIDDEN
100
AcDbPolyline
 90
2
 70
0
 10
74.04411764705883
 20
103.41176470588235
 10
88.16176470588235
 20
103.41176470588235
  0
LWPOLYLINE
  5
B08
330
17
100
AcDbEntity
  8
HIDDEN
100
AcDbPolyline
 90
2
 70
0
 10
35.970588235294116
 20
69.88235294117646
 10
35.970588235294116
 20
73.41176470588235
  0
LWPOLYLINE
  5
B09
330
17
100
AcDbEntity
  8
HIDDEN
100
AcDbPolyline
 90
2
 70
0
 10
35.970588235294116
 20
69.88235294117646
 10
35.970588235294116
 20
73.41176470588235
  0
LWPOLYLINE
  5
B0A
330
17
100
AcDbEntity
  8
HIDDEN
100
AcDbPolyline
 90
2
 70
0
 10
238.3235294117647
 20
69.88235294117646
 10
238.3235294117647
 20
73.41176470588235
  0
LWPOLYLINE
  5
B0B
330
17
100
AcDbEntity
  8
HIDDEN
100
AcDbPolyline
 90
2
 70
0
 10
238.3235294117647
 20
69.88235294117646
 10
238.3235294117647
 20
73.41176470588235
  0
LWPOLYLINE
  5
B0C
330
17
100
AcDbEntity
  8
HIDDEN
100
AcDbPolyline
 90
2
 70
0
 10
91.6764705882353
 20
70.35294117647058
 10
91.6764705882353
 20
72.94117647058823
  0
LWPOLYLINE
  5
B0D
330
17
100
AcDbEntity
  8
HIDDEN
100
AcDbPolyline
 90
2
 70
0
 10
91.6764705882353
 20
70.35294117647058
 10
91.6764705882353
 20
72.94117647058823
  0
LWPOLYLINE
  5
B0E
330
17
100
AcDbEntity
  8
HIDDEN
100
AcDbPolyline
 90
2
 70
0
 10
179.91176470588238
 20
70.35294117647058
 10
179.91176470588238
 20
72.94117647058823
  0
LWPOLYLINE
  5
B0F
330
17
100
AcDbEntity
  8
HIDDEN
100
AcDbPolyline
 90
2
 70
0
 10
179.91176470588238
 20
70.35294117647058
 10
179.91176470588238
 20
72.94117647058823
  0
LWPOLYLINE
  5
B10
330
17
100
AcDbEntity
  8
HIDDEN
100
AcDbPolyline
 90
2
 70
0
 10
52.85294117647059
 20
70.35294117647058
 10
52.85294117647059
 20
72.94117647058823
  0
LWPOLYLINE
  5
B11
330
17
100
AcDbEntity
  8
HIDDEN
100
AcDbPolyline
 90
2
 70
0
 10
52.85294117647059
 20
70.35294117647058
 10
52.85294117647059
 20
72.94117647058823
  0
LWPOLYLINE
  5
B12
330
17
100
AcDbEntity
  8
HIDDEN
100
AcDbPolyline
 90
2
 70
0
 10
76.38235294117646
 20
77.41176470588235
 10
76.38235294117646
 20
80.0
  0
LWPOLYLINE
  5
B13
330
17
100
AcDbEntity
  8
HIDDEN
100
AcDbPolyline
 90
2
 70
0
 10
76.38235294117646
 20
77.41176470588235
 10
76.38235294117646
 20
80.0
  0
LWPOLYLINE
  5
B14
330
17
100
AcDbEntity
  8
HIDDEN
100
AcDbPolyline
 90
2
 70
0
 10
50.852941176470594
 20
97.17647058823529
 10
53.44117647058823
 20
97.17647058823529
  0
LWPOLYLINE
  5
B15
330
17
100
AcDbEntity
  8
HIDDEN
100
AcDbPolyline
 90
2
 70
0
 10
55.55882352941177
 20
116.70588235294116
 10
58.14705882352941
 20
116.70588235294116
  0
LWPOLYLINE
  5
B16
330
17
100
AcDbEntity
  8
HIDDEN
100
AcDbPolyline
 90
2
 70
0
 10
82.25
 20
106.94117647058823
 10
84.83823529411764
 20
106.94117647058823
  0
LWPOLYLINE
  5
B17
330
17
100
AcDbEntity
  8
HIDDEN
100
AcDbPolyline
 90
2
 70
0
 10
82.25
 20
106.94117647058823
 10
84.83823529411764
 20
106.94117647058823
  0
LWPOLYLINE
  5
B18
330
17
100
AcDbEntity
  8
OUTLINE
100
AcDbPolyline
 90
15
 70
0
 10
218.1470588235294
 20
85.17647058823529
 10
218.54222756271758
 20
85.17647058823529
 10
218.93242682572816
 20
85.17647058823529
 10
219.31274963043
 20
85.17647058823529
 10
219.67841319688551
 20
85.17647058823529
 10
220.02481909358357
 20
85.17647058823529
 10
220.34761106538377
 20
85.17647058823529
 10
220.64272981595252
 20
85.17647058823529
 10
220.9064640557695
 20
85.17647058823529
 10
221.1354971737469
 20
85.17647058823529
 10
221.32694894553794
 20
85.17647058823529
 10
221.47841175402954
 20
85.17647058823529
 10
221.5879808665241
 20
85.17647058823529
 10
221.65427838785848
 20
85.17647058823529
 10
221.6764705882353
 20
85.17647058823529
  0
LWPOLYLINE
  5
B19
330
17
100
AcDbEntity
  8
OUTLINE
100
AcDbPolyline
 90
2
 70
0
 10
221.6764705882353
 20
84.0
 10
221.6764705882353
 20
85.17647058823529
  0
LWPOLYLINE
  5
B1A
330
17
100
AcDbEntity
  8
OUTLINE
100
AcDbPolyline
 90
15
 70
0
 10
219.3235294117647
 20
84.0
 10
219.6111859687224
 20
84.0
 10
219.88753076047107
 20
84.0
 10
220.1504287624595
 20
84.0
 10
220.39784883928934
 20
84.0
 10
220.62787943715438
 20
84.0
 10
220.83874335239955
 20
84.0
 10
221.02881146209785
 20
84.0
 10
221.1966153105638
 20
84.0
 10
221.3408584545606
 20
84.0
 10
221.46042647954914
 20
84.0
 10
221.55439560959258
 20
84.0
 10
221.62203984439822
 20
84.0
 10
221.6628365683555
 20
84.0
 10
221.6764705882353
 20
84.0
  0
LWPOLYLINE
  5
B1B
330
17
100
AcDbEntity
  8
OUTLINE
100
AcDbPolyline
 90
2
 70
0
 10
220.5
 20
82.8235294117647
 10
220.5
 20
84.0
  0
LWPOLYLINE
  5
B1C
330
17
100
AcDbEntity
  8
OUTLINE
100
AcDbPolyline
 90
2
 70
0
 10
28.735294117647058
 20
76.94117647058823
 10
252.26470588235293
 20
76.94117647058823
  0
LWPOLYLINE
  5
B1D
330
17
100
AcDbEntity
  8
OUTLINE
100
AcDbPolyline
 90
2
 70
0
 10
28.735294117647058
 20
69.88235294117646
 10
33.44117647058823
 20
69.88235294117646
  0
LWPOLYLINE
  5
B1E
330
17
100
AcDbEntity
  8
OUTLINE
100
AcDbPolyline
 90
2
 70
0
 10
42.85294117647059
 20
69.88235294117646
 10
235.79411764705884
 20
69.88235294117646
  0
LWPOLYLINE
  5
B1F
330
17
100
AcDbEntity
  8
OUTLINE
100
AcDbPolyline
 90
2
 70
0
 10
245.20588235294116
 20
69.88235294117646
 10
252.26470588235293
 20
69.88235294117646
  0
LWPOLYLINE
  5
B20
330
17
100
AcDbEntity
  8
OUTLINE
100
AcDbPolyline
 90
2
 70
0
 10
75.79411764705883
 20
82.8235294117647
 10
198.1470588235294
 20
82.8235294117647
  0
LWPOLYLINE
  5
B21
330
17
100
AcDbEntity
  8
OUTLINE
100
AcDbPolyline
 90
2
 70
0
 10
199.3235294117647
 20
76.94117647058823
 10
199.3235294117647
 20
118.11764705882352
  0
LWPOLYLINE
  5
B22
330
17
100
AcDbEntity
  8
OUTLINE
100
AcDbPolyline
 90
2
 70
0
 10
199.3235294117647
 20
118.11764705882352
 10
204.0294117647059
 20
118.11764705882352
  0
LWPOLYLINE
  5
B23
330
17
100
AcDbEntity
  8
OUTLINE
100
AcDbPolyline
 90
2
 70
0
 10
204.0294117647059
 20
99.29411764705881
 10
204.0294117647059
 20
118.11764705882352
  0
LWPOLYLINE
  5
B24
330
17
100
AcDbEntity
  8
OUTLINE
100
AcDbPolyline
 90
2
 70
0
 10
226.38235294117646
 20
76.94117647058823
 10
204.0294117647059
 20
99.29411764705881
  0
LWPOLYLINE
  5
B25
330
17
100
AcDbEntity
  8
OUTLINE
100
AcDbPolyline
 90
2
 70
0
 10
198.1470588235294
 20
76.94117647058823
 10
198.1470588235294
 20
82.8235294117647
  0
LWPOLYLINE
  5
B26
330
17
100
AcDbEntity
  8
OUTLINE
100
AcDbPolyline
 90
2
 70
0
 10
75.79411764705883
 20
76.94117647058823
 10
75.79411764705883
 20
82.8235294117647
  0
LWPOLYLINE
  5
B27
330
17
100
AcDbEntity
  8
OUTLINE
100
AcDbPolyline
 90
2
 70
0
 10
252.26470588235293
 20
69.88235294117646
 10
252.26470588235293
 20
76.94117647058823
  0
LWPOLYLINE
  5
B28
330
17
100
AcDbEntity
  8
OUTLINE
100
AcDbPolyline
 90
2
 70
0
 10
28.735294117647058
 20
69.88235294117646
 10
28.735294117647058
 20
76.94117647058823
  0
LWPOLYLINE
  5
B29
330
17
100
AcDbEntity
  8
OUTLINE
100
AcDbPolyline
 90
15
 70
0
 10
156.97058823529414
 20
92.23529411764706
 10
157.05907795700534
 20
92.23529411764706
 10
157.32010987799146
 20
92.23529411764706
 10
157.7405947677599
 20
92.23529411764706
 10
158.29944775814567
 20
92.23529411764706
 10
158.96864562664393
 20
92.23529411764706
 10
159.71463199780123
 20
92.23529411764706
 10
160.5
 20
92.23529411764706
 10
161.28536800219877
 20
92.23529411764706
 10
162.03135437335607
 20
92.23529411764706
 10
162.70055224185438
 20
92.23529411764706
 10
163.2594052322401
 20
92.23529411764706
 10
163.67989012200854
 20
92.23529411764706
 10
163.94092204299466
 20
92.23529411764706
 10
164.0294117647059
 20
92.23529411764706
  0
LWPOLYLINE
  5
B2A
330
17
100
AcDbEntity
  8
OUTLINE
100
AcDbPolyline
 90
2
 70
0
 10
164.0294117647059
 20
91.05882352941175
 10
164.0294117647059
 20
92.23529411764706
  0
LWPOLYLINE
  5
B2B
330
17
100
AcDbEntity
  8
OUTLINE
100
AcDbPolyline
 90
15
 70
0
 10
156.97058823529414
 20
91.05882352941175
 10
157.05907795700534
 20
91.05882352941175
 10
157.32010987799146
 20
91.05882352941175
 10
157.7405947677599
 20
91.05882352941175
 10
158.29944775814567
 20
91.05882352941175
 10
158.96864562664393
 20
91.05882352941175
 10
159.71463199780123
 20
91.05882352941175
 10
160.5
 20
91.05882352941175
 10
161.28536800219877
 20
91.05882352941175
 10
162.03135437335607
 20
91.05882352941175
 10
162.70055224185438
 20
91.05882352941175
 10
163.2594052322401
 20
91.05882352941175
 10
163.67989012200854
 20
91.05882352941175
 10
163.94092204299466
 20
91.05882352941175
 10
164.0294117647059
 20
91.05882352941175
  0
LWPOLYLINE
  5
B2C
330
17
100
AcDbEntity
  8
OUTLINE
100
AcDbPolyline
 90
2
 70
0
 10
162.8529411764706
 20
90.23529411764706
 10
162.8529411764706
 20
91.05882352941175
  0
LWPOLYLINE
  5
B2D
330
17
100
AcDbEntity
  8
OUTLINE
100
AcDbPolyline
 90
2
 70
0
 10
68.73529411764706
 20
86.35294117647058
 10
81.6764705882353
 20
86.35294117647058
  0
LWPOLYLINE
  5
B2E
330
17
100
AcDbEntity
  8
OUTLINE
100
AcDbPolyline
 90
2
 70
0
 10
188.73529411764707
 20
90.23529411764706
 10
188.73529411764707
 20
111.05882352941177
  0
LWPOLYLINE
  5
B2F
330
17
100
AcDbEntity
  8
OUTLINE
100
AcDbPolyline
 90
2
 70
0
 10
68.73529411764706
 20
76.94117647058823
 10
68.73529411764706
 20
86.35294117647058
  0
LWPOLYLINE
  5
B30
330
17
100
AcDbEntity
  8
OUTLINE
100
AcDbPolyline
 90
2
 70
0
 10
184.0294117647059
 20
93.05882352941175
 10
184.0294117647059
 20
111.05882352941177
  0
LWPOLYLINE
  5
B31
330
17
100
AcDbEntity
  8
OUTLINE
100
AcDbPolyline
 90
2
 70
0
 10
184.0294117647059
 20
111.05882352941177
 10
188.73529411764707
 20
111.05882352941177
  0
LWPOLYLINE
  5
B32
330
17
100
AcDbEntity
  8
OUTLINE
100
AcDbPolyline
 90
2
 70
0
 10
193.44117647058823
 20
82.8235294117647
 10
193.44117647058823
 20
90.23529411764706
  0
LWPOLYLINE
  5
B33
330
17
100
AcDbEntity
  8
OUTLINE
100
AcDbPolyline
 90
2
 70
0
 10
81.6764705882353
 20
82.8235294117647
 10
81.6764705882353
 20
90.23529411764706
  0
LWPOLYLINE
  5
B34
330
17
100
AcDbEntity
  8
OUTLINE
100
AcDbPolyline
 90
2
 70
0
 10
193.44117647058823
 20
90.23529411764706
 10
81.6764705882353
 20
90.23529411764706
  0
LWPOLYLINE
  5
B35
330
17
100
AcDbEntity
  8
OUTLINE
100
AcDbPolyline
 90
2
 70
0
 10
193.44117647058823
 20
82.8235294117647
 10
81.6764705882353
 20
82.8235294117647
  0
LWPOLYLINE
  5
B36
330
17
100
AcDbEntity
  8
OUTLINE
100
AcDbPolyline
 90
2
 70
0
 10
44.029411764705884
 20
76.94117647058823
 10
44.029411764705884
 20
81.6470588235294
  0
LWPOLYLINE
  5
B37
330
17
100
AcDbEntity
  8
OUTLINE
100
AcDbPolyline
 90
2
 70
0
 10
67.55882352941177
 20
76.94117647058823
 10
67.55882352941177
 20
81.6470588235294
  0
LWPOLYLINE
  5
B38
330
17
100
AcDbEntity
  8
OUTLINE
100
AcDbPolyline
 90
2
 70
0
 10
44.029411764705884
 20
81.6470588235294
 10
67.55882352941177
 20
81.6470588235294
  0
LWPOLYLINE
  5
B39
330
17
100
AcDbEntity
  8
OUTLINE
100
AcDbPolyline
 90
2
 70
0
 10
53.44117647058823
 20
95.76470588235293
 10
58.14705882352941
 20
95.76470588235293
  0
LWPOLYLINE
  5
B3A
330
17
100
AcDbEntity
  8
OUTLINE
100
AcDbPolyline
 90
2
 70
0
 10
62.85294117647059
 20
89.88235294117646
 10
62.85294117647059
 20
124.0
  0
LWPOLYLINE
  5
B3B
330
17
100
AcDbEntity
  8
OUTLINE
100
AcDbPolyline
 90
2
 70
0
 10
58.14705882352941
 20
89.88235294117646
 10
62.85294117647059
 20
89.88235294117646
  0
LWPOLYLINE
  5
B3C
330
17
100
AcDbEntity
  8
OUTLINE
100
AcDbPolyline
 90
2
 70
0
 10
58.14705882352941
 20
124.0
 10
62.85294117647059
 20
124.0
  0
LWPOLYLINE
  5
B3D
330
17
100
AcDbEntity
  8
OUTLINE
100
AcDbPolyline
 90
2
 70
0
 10
58.14705882352941
 20
95.76470588235293
 10
58.14705882352941
 20
124.0
  0
LWPOLYLINE
  5
B3E
330
17
100
AcDbEntity
  8
OUTLINE
100
AcDbPolyline
 90
2
 70
0
 10
53.44117647058823
 20
94.58823529411764
 10
53.44117647058823
 20
95.76470588235293
  0
LWPOLYLINE
  5
B3F
330
17
100
AcDbEntity
  8
OUTLINE
100
AcDbPolyline
 90
2
 70
0
 10
46.38235294117647
 20
94.58823529411764
 10
53.44117647058823
 20
94.58823529411764
  0
LWPOLYLINE
  5
B40
330
17
100
AcDbEntity
  8
OUTLINE
100
AcDbPolyline
 90
2
 70
0
 10
58.14705882352941
 20
81.6470588235294
 10
58.14705882352941
 20
95.76470588235293
  0
LWPOLYLINE
  5
B41
330
17
100
AcDbEntity
  8
OUTLINE
100
AcDbPolyline
 90
2
 70
0
 10
46.38235294117647
 20
81.6470588235294
 10
46.38235294117647
 20
94.58823529411764
  0
LWPOLYLINE
  5
B42
330
17
100
AcDbEntity
  8
OUTLINE
100
AcDbPolyline
 90
2
 70
0
 10
76.38235294117646
 20
91.05882352941175
 10
76.38235294117646
 20
119.29411764705881
  0
LWPOLYLINE
  5
B43
330
17
100
AcDbEntity
  8
OUTLINE
100
AcDbPolyline
 90
2
 70
0
 10
76.38235294117646
 20
89.29411764705881
 10
76.38235294117646
 20
91.05882352941175
  0
LWPOLYLINE
  5
B44
330
17
100
AcDbEntity
  8
OUTLINE
100
AcDbPolyline
 90
2
 70
0
 10
76.38235294117646
 20
91.05882352941175
 10
79.91176470588235
 20
91.05882352941175
  0
LWPOLYLINE
  5
B45
330
17
100
AcDbEntity
  8
OUTLINE
100
AcDbPolyline
 90
2
 70
0
 10
79.91176470588235
 20
91.05882352941175
 10
79.91176470588235
 20
119.29411764705881
  0
LWPOLYLINE
  5
B46
330
17
100
AcDbEntity
  8
OUTLINE
100
AcDbPolyline
 90
2
 70
0
 10
76.38235294117646
 20
119.29411764705881
 10
79.91176470588235
 20
119.29411764705881
  0
LWPOLYLINE
  5
B47
330
17
100
AcDbEntity
  8
OUTLINE
100
AcDbPolyline
 90
2
 70
0
 10
79.91176470588235
 20
89.29411764705881
 10
79.91176470588235
 20
91.05882352941175
  0
LWPOLYLINE
  5
B48
330
17
100
AcDbEntity
  8
OUTLINE
100
AcDbPolyline
 90
2
 70
0
 10
79.91176470588235
 20
89.29411764705881
 10
81.6764705882353
 20
89.29411764705881
  0
LWPOLYLINE
  5
B49
330
17
100
AcDbEntity
  8
OUTLINE
100
AcDbPolyline
 90
2
 70
0
 10
68.73529411764706
 20
86.35294117647058
 10
68.73529411764706
 20
89.29411764705881
  0
LWPOLYLINE
  5
B4A
330
17
100
AcDbEntity
  8
OUTLINE
100
AcDbPolyline
 90
2
 70
0
 10
68.73529411764706
 20
89.29411764705881
 10
76.38235294117646
 20
89.29411764705881
  0
LWPOLYLINE
  5
B4B
330
17
100
AcDbEntity
  8
OUTLINE
100
AcDbPolyline
 90
2
 70
0
 10
76.38235294117646
 20
91.05882352941175
 10
76.38235294117646
 20
119.29411764705881
  0
LWPOLYLINE
  5
B4C
330
17
100
AcDbEntity
  8
OUTLINE
100
AcDbPolyline
 90
2
 70
0
 10
76.38235294117646
 20
119.29411764705881
 10
74.04411764705883
 20
119.29411764705881
  0
LWPOLYLINE
  5
B4D
330
17
100
AcDbEntity
  8
OUTLINE
100
AcDbPolyline
 90
2
 70
0
 10
76.38235294117646
 20
91.05882352941175
 10
74.04411764705883
 20
91.05882352941175
  0
LWPOLYLINE
  5
B4E
330
17
100
AcDbEntity
  8
OUTLINE
100
AcDbPolyline
 90
2
 70
0
 10
74.04411764705881
 20
91.05882352941175
 10
74.04411764705881
 20
119.29411764705881
  0
LWPOLYLINE
  5
B4F
330
17
100
AcDbEntity
  8
OUTLINE
100
AcDbPolyline
 90
2
 70
0
 10
79.91176470588235
 20
91.05882352941175
 10
79.91176470588235
 20
119.29411764705881
  0
LWPOLYLINE
  5
B50
330
17
100
AcDbEntity
  8
OUTLINE
100
AcDbPolyline
 90
2
 70
0
 10
79.91176470588235
 20
91.05882352941175
 10
82.25
 20
91.05882352941175
  0
LWPOLYLINE
  5
B51
330
17
100
AcDbEntity
  8
OUTLINE
100
AcDbPolyline
 90
2
 70
0
 10
82.25
 20
91.05882352941175
 10
82.25
 20
119.29411764705881
  0
LWPOLYLINE
  5
B52
330
17
100
AcDbEntity
  8
OUTLINE
100
AcDbPolyline
 90
2
 70
0
 10
79.91176470588235
 20
119.29411764705881
 10
82.25
 20
119.29411764705881
  0
LWPOLYLINE
  5
B53
330
17
100
AcDbEntity
  8
OUTLINE
100
AcDbPolyline
 90
2
 70
0
 10
64.61764705882354
 20
96.6470588235294
 10
64.61764705882354
 20
100.76470588235293
  0
LWPOLYLINE
  5
B54
330
17
100
AcDbEntity
  8
OUTLINE
100
AcDbPolyline
 90
2
 70
0
 10
64.61764705882354
 20
100.76470588235293
 10
64.61764705882354
 20
109.58823529411765
  0
LWPOLYLINE
  5
B55
330
17
100
AcDbEntity
  8
OUTLINE
100
AcDbPolyline
 90
2
 70
0
 10
64.61764705882354
 20
109.58823529411765
 10
64.61764705882354
 20
113.70588235294117
  0
LWPOLYLINE
  5
B56
330
17
100
AcDbEntity
  8
OUTLINE
100
AcDbPolyline
 90
15
 70
0
 10
64.61764705882354
 20
90.17647058823529
 10
64.61764705882354
 20
90.21715628892608
 10
64.61764705882354
 20
90.33870174470584
 10
64.61764705882354
 20
90.53957845094585
 10
64.61764705882354
 20
90.81726026651376
 10
64.61764705882354
 20
91.16825518146403
 10
64.61764705882354
 20
91.5881492310892
 10
64.61764705882354
 20
92.07166200408705
 10
64.61764705882354
 20
92.61271304679643
 10
64.61764705882354
 20
93.20449832843016
 10
64.61764705882354
 20
93.83957580570991
 10
64.61764705882354
 20
94.50995901087832
 10
64.61764705882354
 20
95.20721748616502
 10
64.61764705882354
 20
95.92258280168447
 10
64.61764705882354
 20
96.64705882352938
  0
LWPOLYLINE
  5
B57
330
17
100
AcDbEntity
  8
OUTLINE
100
AcDbPolyline
 90
15
 70
0
 10
64.61764705882354
 20
113.70588235294117
 10
64.61764705882354
 20
114.4303583747861
 10
64.61764705882354
 20
115.14572369030556
 10
64.61764705882354
 20
115.84298216559225
 10
64.61764705882354
 20
116.51336537076065
 10
64.61764705882354
 20
117.14844284804042
 10
64.61764705882354
 20
117.74022812967415
 10
64.61764705882354
 20
118.28127917238353
 10
64.61764705882354
 20
118.76479194538136
 10
64.61764705882354
 20
119.18468599500653
 10
64.61764705882354
 20
119.53568090995682
 10
64.61764705882354
 20
119.81336272552474
 10
64.61764705882354
 20
120.01423943176474
 10
64.61764705882354
 20
120.1357848875445
 10
64.61764705882354
 20
120.17647058823529
  0
LWPOLYLINE
  5
B58
330
17
100
AcDbEntity
  8
OUTLINE
100
AcDbPolyline
 90
2
 70
0
 10
64.61764705882354
 20
100.76470588235293
 10
66.38235294117646
 20
100.76470588235293
  0
LWPOLYLINE
  5
B59
330
17
100
AcDbEntity
  8
OUTLINE
100
AcDbPolyline
 90
2
 70
0
 10
66.38235294117646
 20
100.76470588235293
 10
66.38235294117646
 20
109.58823529411765
  0
LWPOLYLINE
  5
B5A
330
17
100
AcDbEntity
  8
OUTLINE
100
AcDbPolyline
 90
2
 70
0
 10
64.61764705882354
 20
109.58823529411765
 10
66.38235294117646
 20
109.58823529411765
  0
LWPOLYLINE
  5
B5B
330
17
100
AcDbEntity
  8
OUTLINE
100
AcDbPolyline
 90
15
 70
0
 10
251.70588235294122
 20
114.58823529411765
 10
251.70588235294122
 20
114.35226270288774
 10
251.70588235294122
 20
113.65617758025806
 10
251.70588235294122
 20
112.53488454087557
 10
251.70588235294122
 20
111.0446098998469
 10
251.70588235294122
 20
109.2600822505182
 10
251.70588235294122
 20
107.27078526076531
 10
251.70588235294122
 20
105.17647058823529
 10
251.70588235294122
 20
103.08215591570527
 10
251.70588235294122
 20
101.09285892595238
 10
251.70588235294122
 20
99.30833127662368
 10
251.70588235294122
 20
97.81805663559501
 10
251.70588235294122
 20
96.69676359621252
 10
251.70588235294122
 20
96.00067847358284
 10
251.70588235294122
 20
95.76470588235294
  0
LWPOLYLINE
  5
B5C
330
17
100
AcDbEntity
  8
OUTLINE
100
AcDbPolyline
 90
2
 70
0
 10
210.5294117647059
 20
114.58823529411765
 10
251.70588235294122
 20
114.58823529411765
  0
LWPOLYLINE
  5
B5D
330
17
100
AcDbEntity
  8
OUTLINE
100
AcDbPolyline
 90
15
 70
0
 10
210.5294117647059
 20
114.58823529411765
 10
210.5294117647059
 20
114.35226270288774
 10
210.5294117647059
 20
113.65617758025806
 10
210.5294117647059
 20
112.53488454087557
 10
210.5294117647059
 20
111.0446098998469
 10
210.5294117647059
 20
109.2600822505182
 10
210.5294117647059
 20
107.27078526076531
 10
210.5294117647059
 20
105.17647058823529
 10
210.5294117647059
 20
103.08215591570527
 10
210.5294117647059
 20
101.09285892595238
 10
210.5294117647059
 20
99.30833127662368
 10
210.5294117647059
 20
97.81805663559501
 10
210.5294117647059
 20
96.69676359621252
 10
210.5294117647059
 20
96.00067847358284
 10
210.5294117647059
 20
95.76470588235294
  0
LWPOLYLINE
  5
B5E
330
17
100
AcDbEntity
  8
OUTLINE
100
AcDbPolyline
 90
2
 70
0
 10
204.0294117647059
 20
110.77941176470588
 10
210.5294117647059
 20
110.77941176470588
  0
LWPOLYLINE
  5
B5F
330
17
100
AcDbEntity
  8
OUTLINE
100
AcDbPolyline
 90
2
 70
0
 10
198.73529411764707
 20
108.11764705882352
 10
199.3235294117647
 20
108.11764705882352
  0
LWPOLYLINE
  5
B60
330
17
100
AcDbEntity
  8
OUTLINE
100
AcDbPolyline
 90
15
 70
0
 10
198.73529411764707
 20
113.41176470588235
 10
198.73529411764707
 20
113.2052886885562
 10
198.73529411764707
 20
112.59621420625521
 10
198.73529411764707
 20
111.61508279679553
 10
198.73529411764707
 20
110.31109248589544
 10
198.73529411764707
 20
108.74963079273283
 10
198.73529411764707
 20
107.00899592669904
 10
198.73529411764707
 20
105.17647058823529
 10
198.73529411764707
 20
103.34394524977152
 10
198.73529411764707
 20
101.60331038373775
 10
198.73529411764707
 20
100.04184869057514
 10
198.73529411764707
 20
98.73785837967505
 10
198.73529411764707
 20
97.75672697021537
 10
198.73529411764707
 20
97.14765248791439
 10
198.73529411764707
 20
96.94117647058823
  0
LWPOLYLINE
  5
B61
330
17
100
AcDbEntity
  8
OUTLINE
100
AcDbPolyline
 90
2
 70
0
 10
195.20588235294116
 20
113.41176470588235
 10
198.73529411764707
 20
113.41176470588235
  0
LWPOLYLINE
  5
B62
330
17
100
AcDbEntity
  8
OUTLINE
100
AcDbPolyline
 90
15
 70
0
 10
195.20588235294116
 20
113.41176470588235
 10
195.20588235294116
 20
113.2052886885562
 10
195.20588235294116
 20
112.59621420625521
 10
195.20588235294116
 20
111.61508279679553
 10
195.20588235294116
 20
110.31109248589544
 10
195.20588235294116
 20
108.74963079273283
 10
195.20588235294116
 20
107.00899592669904
 10
195.20588235294116
 20
105.17647058823529
 10
195.20588235294116
 20
103.34394524977152
 10
195.20588235294116
 20
101.60331038373775
 10
195.20588235294116
 20
100.04184869057514
 10
195.20588235294116
 20
98.73785837967505
 10
195.20588235294116
 20
97.75672697021537
 10
195.20588235294116
 20
97.14765248791439
 10
195.20588235294116
 20
96.94117647058823
  0
LWPOLYLINE
  5
B63
330
17
100
AcDbEntity
  8
OUTLINE
100
AcDbPolyline
 90
2
 70
0
 10
188.73529411764707
 20
108.11764705882352
 10
195.20588235294116
 20
108.11764705882352
  0
LWPOLYLINE
  5
B64
330
17
100
AcDbEntity
  8
OUTLINE
100
AcDbPolyline
 90
15
 70
0
 10
90.14705882352942
 20
93.05882352941175
 10
90.22964923045987
 20
93.05882352941175
 10
90.47327902338027
 20
93.05882352941175
 10
90.86573158716413
 20
93.05882352941175
 10
91.38732771152416
 20
93.05882352941175
 10
92.01191238878923
 20
93.05882352941175
 10
92.70816633520272
 20
93.05882352941175
 10
93.44117647058823
 20
93.05882352941175
 10
94.17418660597374
 20
93.05882352941175
 10
94.87044055238725
 20
93.05882352941175
 10
95.4950252296523
 20
93.05882352941175
 10
96.01662135401233
 20
93.05882352941175
 10
96.4090739177962
 20
93.05882352941175
 10
96.6527037107166
 20
93.05882352941175
 10
96.73529411764706
 20
93.05882352941175
  0
LWPOLYLINE
  5
B65
330
17
100
AcDbEntity
  8
OUTLINE
100
AcDbPolyline
 90
2
 70
0
 10
96.73529411764706
 20
90.23529411764706
 10
96.73529411764706
 20
93.05882352941175
  0
LWPOLYLINE
  5
B66
330
17
100
AcDbEntity
  8
OUTLINE
100
AcDbPolyline
 90
15
 70
0
 10
90.14705882352942
 20
90.23529411764706
 10
90.22964923045987
 20
90.23529411764706
 10
90.47327902338027
 20
90.23529411764706
 10
90.86573158716413
 20
90.23529411764706
 10
91.38732771152416
 20
90.23529411764706
 10
92.01191238878923
 20
90.23529411764706
 10
92.70816633520272
 20
90.23529411764706
 10
93.44117647058823
 20
90.23529411764706
 10
94.17418660597374
 20
90.23529411764706
 10
94.87044055238725
 20
90.23529411764706
 10
95.4950252296523
 20
90.23529411764706
 10
96.01662135401233
 20
90.23529411764706
 10
96.4090739177962
 20
90.23529411764706
 10
96.6527037107166
 20
90.23529411764706
 10
96.73529411764706
 20
90.23529411764706
  0
LWPOLYLINE
  5
B67
330
17
100
AcDbEntity
  8
OUTLINE
100
AcDbPolyline
 90
2
 70
0
 10
95.20588235294117
 20
66.70588235294117
 10
95.20588235294117
 20
69.88235294117646
  0
LWPOLYLINE
  5
B68
330
17
100
AcDbEntity
  8
OUTLINE
100
AcDbPolyline
 90
15
 70
0
 10
91.6764705882353
 20
66.70588235294117
 10
91.7207154490909
 20
66.70588235294117
 10
91.85123140958396
 20
66.70588235294117
 10
92.06147385446818
 20
66.70588235294117
 10
92.34090034966107
 20
66.70588235294117
 10
92.6754992839102
 20
66.70588235294117
 10
93.04849246948886
 20
66.70588235294117
 10
93.44117647058823
 20
66.70588235294117
 10
93.83386047168761
 20
66.70588235294117
 10
94.20685365726628
 20
66.70588235294117
 10
94.54145259151541
 20
66.70588235294117
 10
94.82087908670829
 20
66.70588235294117
 10
95.0311215315925
 20
66.70588235294117
 10
95.16163749208557
 20
66.70588235294117
 10
95.20588235294117
 20
66.70588235294117
  0
LWPOLYLINE
  5
B69
330
17
100
AcDbEntity
  8
OUTLINE
100
AcDbPolyline
 90
15
 70
0
 10
178.38235294117646
 20
93.05882352941175
 10
178.46494334810694
 20
93.05882352941175
 10
178.70857314102733
 20
93.05882352941175
 10
179.1010257048112
 20
93.05882352941175
 10
179.62262182917124
 20
93.05882352941175
 10
180.24720650643627
 20
93.05882352941175
 10
180.94346045284982
 20
93.05882352941175
 10
181.6764705882353
 20
93.05882352941175
 10
182.4094807236208
 20
93.05882352941175
 10
183.10573467003428
 20
93.05882352941175
 10
183.73031934729937
 20
93.05882352941175
 10
184.2519154716594
 20
93.05882352941175
 10
184.64436803544328
 20
93.05882352941175
 10
184.88799782836367
 20
93.05882352941175
 10
184.97058823529414
 20
93.05882352941175
  0
LWPOLYLINE
  5
B6A
330
17
100
AcDbEntity
  8
OUTLINE
100
AcDbPolyline
 90
2
 70
0
 10
184.97058823529414
 20
90.23529411764706
 10
184.97058823529414
 20
93.05882352941175
  0
LWPOLYLINE
  5
B6B
330
17
100
AcDbEntity
  8
OUTLINE
100
AcDbPolyline
 90
15
 70
0
 10
178.38235294117646
 20
90.23529411764706
 10
178.46494334810694
 20
90.23529411764706
 10
178.70857314102733
 20
90.23529411764706
 10
179.1010257048112
 20
90.23529411764706
 10
179.62262182917124
 20
90.23529411764706
 10
180.24720650643627
 20
90.23529411764706
 10
180.94346045284982
 20
90.23529411764706
 10
181.6764705882353
 20
90.23529411764706
 10
182.4094807236208
 20
90.23529411764706
 10
183.10573467003428
 20
90.23529411764706
 10
183.73031934729937
 20
90.23529411764706
 10
184.2519154716594
 20
90.23529411764706
 10
184.64436803544328
 20
90.23529411764706
 10
184.88799782836367
 20
90.23529411764706
 10
184.97058823529414
 20
90.23529411764706
  0
LWPOLYLINE
  5
B6C
330
17
100
AcDbEntity
  8
OUTLINE
100
AcDbPolyline
 90
2
 70
0
 10
183.44117647058823
 20
66.70588235294117
 10
183.44117647058823
 20
69.88235294117646
  0
LWPOLYLINE
  5
B6D
330
17
100
AcDbEntity
  8
OUTLINE
100
AcDbPolyline
 90
15
 70
0
 10
179.91176470588238
 20
66.70588235294117
 10
179.95600956673798
 20
66.70588235294117
 10
180.086525527231
 20
66.70588235294117
 10
180.29676797211528
 20
66.70588235294117
 10
180.57619446730808
 20
66.70588235294117
 10
180.91079340155727
 20
66.70588235294117
 10
181.28378658713592
 20
66.70588235294117
 10
181.6764705882353
 20
66.70588235294117
 10
182.0691545893347
 20
66.70588235294117
 10
182.44214777491334
 20
66.70588235294117
 10
182.77674670916247
 20
66.70588235294117
 10
183.05617320435533
 20
66.70588235294117
 10
183.2664156492396
 20
66.70588235294117
 10
183.39693160973263
 20
66.70588235294117
 10
183.44117647058823
 20
66.70588235294117
  0
LWPOLYLINE
  5
B6E
330
17
100
AcDbEntity
  8
OUTLINE
100
AcDbPolyline
 90
15
 70
0
 10
51.32352941176471
 20
84.47058823529412
 10
51.406119818695174
 20
84.47058823529412
 10
51.64974961161556
 20
84.47058823529412
 10
52.04220217539943
 20
84.47058823529412
 10
52.56379829975947
 20
84.47058823529412
 10
53.18838297702452
 20
84.47058823529412
 10
53.88463692343802
 20
84.47058823529412
 10
54.61764705882353
 20
84.47058823529412
 10
55.350657194209035
 20
84.47058823529412
 10
56.04691114062254
 20
84.47058823529412
 10
56.67149581788759
 20
84.47058823529412
 10
57.193091942247634
 20
84.47058823529412
 10
57.585544506031496
 20
84.47058823529412
 10
57.829174298951884
 20
84.47058823529412
 10
57.91176470588235
 20
84.47058823529412
  0
LWPOLYLINE
  5
B6F
330
17
100
AcDbEntity
  8
OUTLINE
100
AcDbPolyline
 90
2
 70
0
 10
57.911764705882355
 20
81.6470588235294
 10
57.911764705882355
 20
84.47058823529412
  0
LWPOLYLINE
  5
B70
330
17
100
AcDbEntity
  8
OUTLINE
100
AcDbPolyline
 90
2
 70
0
 10
56.38235294117647
 20
67.52941176470587
 10
56.38235294117647
 20
69.88235294117646
  0
LWPOLYLINE
  5
B71
330
17
100
AcDbEntity
  8
OUTLINE
100
AcDbPolyline
 90
15
 70
0
 10
52.85294117647059
 20
67.52941176470587
 10
52.89718603732619
 20
67.52941176470587
 10
53.027701997819264
 20
67.52941176470587
 10
53.23794444270348
 20
67.52941176470587
 10
53.51737093789635
 20
67.52941176470587
 10
53.85196987214549
 20
67.52941176470587
 10
54.22496305772415
 20
67.52941176470587
 10
54.61764705882353
 20
67.52941176470587
 10
55.010331059922905
 20
67.52941176470587
 10
55.38332424550157
 20
67.52941176470587
 10
55.717923179750706
 20
67.52941176470587
 10
55.997349674943585
 20
67.52941176470587
 10
56.207592119827794
 20
67.52941176470587
 10
56.338108080320865
 20
67.52941176470587
 10
56.38235294117647
 20
67.52941176470587
  0
LWPOLYLINE
  5
B72
330
17
100
AcDbEntity
  8
OUTLINE
100
AcDbPolyline
 90
2
 70
0
 10
81.44117647058823
 20
89.29411764705881
 10
81.44117647058823
 20
91.05882352941175
  0
LWPOLYLINE
  5
B73
330
17
100
AcDbEntity
  8
OUTLINE
100
AcDbPolyline
 90
15
 70
0
 10
74.8529411764706
 20
89.29411764705881
 10
74.86143261336463
 20
89.29411764705881
 10
74.88686314631423
 20
89.29411764705881
 10
74.92910166781881
 20
89.29411764705881
 10
74.98793041653632
 20
89.29411764705881
 10
75.06304609995517
 20
89.29411764705881
 10
75.15406145802348
 20
89.29411764705881
 10
75.26050725967406
 20
89.29411764705881
 10
75.38183472195246
 20
89.29411764705881
 10
75.5174183392758
 20
89.29411764705881
 10
75.66655910823638
 20
89.29411764705881
 10
75.82848813132433
 20
89.29411764705881
 10
76.0023705809906
 20
89.29411764705881
 10
76.18731000361296
 20
89.29411764705881
 10
76.38235294117645
 20
89.29411764705881
  0
LWPOLYLINE
  5
B74
330
17
100
AcDbEntity
  8
OUTLINE
100
AcDbPolyline
 90
15
 70
0
 10
79.91176470588235
 20
89.29411764705881
 10
80.10680764344586
 20
89.29411764705881
 10
80.29174706606823
 20
89.29411764705881
 10
80.46562951573449
 20
89.29411764705881
 10
80.62755853882246
 20
89.29411764705881
 10
80.77669930778302
 20
89.29411764705881
 10
80.91228292510637
 20
89.29411764705881
 10
81.03361038738477
 20
89.29411764705881
 10
81.14005618903536
 20
89.29411764705881
 10
81.23107154710365
 20
89.29411764705881
 10
81.3061872305225
 20
89.29411764705881
 10
81.36501597924
 20
89.29411764705881
 10
81.40725450074459
 20
89.29411764705881
 10
81.43268503369421
 20
89.29411764705881
 10
81.44117647058823
 20
89.29411764705881
  0
LWPOLYLINE
  5
B75
330
17
100
AcDbEntity
  8
OUTLINE
100
AcDbPolyline
 90
15
 70
0
 10
67.44117647058823
 20
98.70588235294117
 10
67.44117647058823
 20
98.62329194601071
 10
67.44117647058823
 20
98.37966215309032
 10
67.44117647058823
 20
97.98720958930645
 10
67.44117647058823
 20
97.46561346494641
 10
67.44117647058823
 20
96.84102878768137
 10
67.44117647058823
 20
96.14477484126786
 10
67.44117647058823
 20
95.41176470588235
 10
67.44117647058823
 20
94.67875457049684
 10
67.44117647058823
 20
93.98250062408333
 10
67.44117647058823
 20
93.35791594681828
 10
67.44117647058823
 20
92.83631982245825
 10
67.44117647058823
 20
92.44386725867437
 10
67.44117647058823
 20
92.20023746575399
 10
67.44117647058823
 20
92.11764705882352
  0
LWPOLYLINE
  5
B76
330
17
100
AcDbEntity
  8
OUTLINE
100
AcDbPolyline
 90
2
 70
0
 10
64.61764705882354
 20
98.70588235294117
 10
67.44117647058823
 20
98.70588235294117
  0
LWPOLYLINE
  5
B77
330
17
100
AcDbEntity
  8
OUTLINE
100
AcDbPolyline
 90
2
 70
0
 10
50.5
 20
97.17647058823529
 10
50.852941176470594
 20
97.17647058823529
  0
LWPOLYLINE
  5
B78
330
17
100
AcDbEntity
  8
OUTLINE
100
AcDbPolyline
 90
2
 70
0
 10
53.44117647058823
 20
97.17647058823529
 10
58.14705882352941
 20
97.17647058823529
  0
LWPOLYLINE
  5
B79
330
17
100
AcDbEntity
  8
OUTLINE
100
AcDbPolyline
 90
15
 70
0
 10
50.5
 20
97.17647058823529
 10
50.5
 20
97.15746924053757
 10
50.5
 20
97.10087438882063
 10
50.5
 20
97.0079047953339
 10
50.5
 20
96.8805625473247
 10
50.5
 20
96.72158994236818
 10
50.5
 20
96.53441043337106
 10
50.5
 20
96.32305490498997
 10
50.5
 20
96.09207486909187
 10
50.5
 20
95.84644444857987
 10
50.5
 20
95.5914532603493
 10
50.5
 20
95.33259250412456
 10
50.5
 20
95.0754367102379
 10
50.5
 20
94.82552369289505
 10
50.5
 20
94.58823529411765
  0
LWPOLYLINE
  5
B7A
330
17
100
AcDbEntity
  8
OUTLINE
100
AcDbPolyline
 90
15
 70
0
 10
67.44117647058823
 20
118.23529411764704
 10
67.44117647058823
 20
118.1527037107166
 10
67.44117647058823
 20
117.90907391779619
 10
67.44117647058823
 20
117.51662135401233
 10
67.44117647058823
 20
116.9950252296523
 10
67.44117647058823
 20
116.37044055238724
 10
67.44117647058823
 20
115.67418660597374
 10
67.44117647058823
 20
114.94117647058823
 10
67.44117647058823
 20
114.20816633520272
 10
67.44117647058823
 20
113.51191238878921
 10
67.44117647058823
 20
112.88732771152416
 10
67.44117647058823
 20
112.36573158716413
 10
67.44117647058823
 20
111.97327902338026
 10
67.44117647058823
 20
111.72964923045987
 10
67.44117647058823
 20
111.6470588235294
  0
LWPOLYLINE
  5
B7B
330
17
100
AcDbEntity
  8
OUTLINE
100
AcDbPolyline
 90
2
 70
0
 10
64.61764705882354
 20
118.23529411764704
 10
67.44117647058823
 20
118.23529411764704
  0
LWPOLYLINE
  5
B7C
330
17
100
AcDbEntity
  8
OUTLINE
100
AcDbPolyline
 90
2
 70
0
 10
50.5
 20
116.70588235294116
 10
55.55882352941177
 20
116.70588235294116
  0
LWPOLYLINE
  5
B7D
330
17
100
AcDbEntity
  8
OUTLINE
100
AcDbPolyline
 90
15
 70
0
 10
50.5
 20
116.70588235294116
 10
50.5
 20
116.66163749208556
 10
50.5
 20
116.5311215315925
 10
50.5
 20
116.32087908670829
 10
50.5
 20
116.0414525915154
 10
50.5
 20
115.70685365726627
 10
50.5
 20
115.3338604716876
 10
50.5
 20
114.94117647058823
 10
50.5
 20
114.54849246948885
 10
50.5
 20
114.17549928391018
 10
50.5
 20
113.84090034966104
 10
50.5
 20
113.56147385446818
 10
50.5
 20
113.35123140958396
 10
50.5
 20
113.2207154490909
 10
50.5
 20
113.17647058823528
  0
LWPOLYLINE
  5
B7E
330
17
100
AcDbEntity
  8
OUTLINE
100
AcDbPolyline
 90
2
 70
0
 10
71.22058823529412
 20
108.47058823529412
 10
74.04411764705883
 20
108.47058823529412
  0
LWPOLYLINE
  5
B7F
330
17
100
AcDbEntity
  8
OUTLINE
100
AcDbPolyline
 90
15
 70
0
 10
71.22058823529412
 20
108.47058823529412
 10
71.22058823529412
 20
108.38799782836364
 10
71.22058823529412
 20
108.14436803544325
 10
71.22058823529412
 20
107.75191547165939
 10
71.22058823529412
 20
107.23031934729934
 10
71.22058823529412
 20
106.60573467003431
 10
71.22058823529412
 20
105.90948072362079
 10
71.22058823529412
 20
105.17647058823529
 10
71.22058823529412
 20
104.44346045284979
 10
71.22058823529412
 20
103.74720650643627
 10
71.22058823529412
 20
103.12262182917122
 10
71.22058823529412
 20
102.60102570481119
 10
71.22058823529412
 20
102.20857314102733
 10
71.22058823529412
 20
101.96494334810693
 10
71.22058823529412
 20
101.88235294117646
  0
LWPOLYLINE
  5
B80
330
17
100
AcDbEntity
  8
OUTLINE
100
AcDbPolyline
 90
15
 70
0
 10
88.16176470588235
 20
106.94117647058823
 10
88.16176470588235
 20
106.89693160973263
 10
88.16176470588235
 20
106.76641564923955
 10
88.16176470588235
 20
106.55617320435535
 10
88.16176470588235
 20
106.27674670916247
 10
88.16176470588235
 20
105.94214777491334
 10
88.16176470588235
 20
105.56915458933466
 10
88.16176470588235
 20
105.17647058823529
 10
88.16176470588235
 20
104.78378658713592
 10
88.16176470588235
 20
104.41079340155724
 10
88.16176470588235
 20
104.07619446730811
 10
88.16176470588235
 20
103.79676797211523
 10
88.16176470588235
 20
103.58652552723102
 10
88.16176470588235
 20
103.45600956673795
 10
88.16176470588235
 20
103.41176470588235
  0
LWPOLYLINE
  5
B81
330
17
100
AcDbEntity
  8
OUTLINE
100
AcDbPolyline
 90
2
 70
0
 10
84.83823529411765
 20
106.94117647058823
 10
88.16176470588235
 20
106.94117647058823
  0
LWPOLYLINE
  5
B82
330
17
100
AcDbEntity
  8
OUTLINE
100
AcDbPolyline
 90
2
 70
0
 10
33.44117647058823
 20
63.99999999999999
 10
33.44117647058823
 20
69.88235294117646
  0
LWPOLYLINE
  5
B83
330
17
100
AcDbEntity
  8
OUTLINE
100
AcDbPolyline
 90
2
 70
0
 10
33.44117647058823
 20
63.99999999999999
 10
42.85294117647059
 20
63.99999999999999
  0
LWPOLYLINE
  5
B84
330
17
100
AcDbEntity
  8
OUTLINE
100
AcDbPolyline
 90
2
 70
0
 10
42.85294117647059
 20
63.99999999999999
 10
42.85294117647059
 20
69.88235294117646
  0
LWPOLYLINE
  5
B85
330
17
100
AcDbEntity
  8
OUTLINE
100
AcDbPolyline
 90
2
 70
0
 10
33.44117647058823
 20
69.88235294117646
 10
42.85294117647059
 20
69.88235294117646
  0
LWPOLYLINE
  5
B86
330
17
100
AcDbEntity
  8
OUTLINE
100
AcDbPolyline
 90
2
 70
0
 10
235.79411764705884
 20
63.99999999999999
 10
235.79411764705884
 20
69.88235294117646
  0
LWPOLYLINE
  5
B87
330
17
100
AcDbEntity
  8
OUTLINE
100
AcDbPolyline
 90
2
 70
0
 10
235.79411764705884
 20
63.99999999999999
 10
245.20588235294116
 20
63.99999999999999
  0
LWPOLYLINE
  5
B88
330
17
100
AcDbEntity
  8
OUTLINE
100
AcDbPolyline
 90
2
 70
0
 10
245.20588235294116
 20
63.99999999999999
 10
245.20588235294116
 20
69.88235294117646
  0
LWPOLYLINE
  5
B89
330
17
100
AcDbEntity
  8
OUTLINE
100
AcDbPolyline
 90
2
 70
0
 10
235.79411764705884
 20
69.88235294117646
 10
245.20588235294116
 20
69.88235294117646
  0
LWPOLYLINE
  5
B8A
330
17
100
AcDbEntity
  8
OUTLINE
100
AcDbPolyline
 90
2
 70
0
 10
50.852941176470594
 20
97.24570085507293
 10
50.852941176470594
 20
94.58823529411764
  0
LWPOLYLINE
  5
B8B
330
17
100
AcDbEntity
  8
OUTLINE
100
AcDbPolyline
 90
2
 70
0
 10
50.852941176470594
 20
99.0796370042635
 10
50.852941176470594
 20
97.24570085507293
  0
LWPOLYLINE
  5
B8C
330
17
100
AcDbEntity
  8
OUTLINE
100
AcDbPolyline
 90
2
 70
0
 10
53.44117647058823
 20
97.24570085507293
 10
53.44117647058823
 20
95.76470588235293
  0
LWPOLYLINE
  5
B8D
330
17
100
AcDbEntity
  8
OUTLINE
100
AcDbPolyline
 90
2
 70
0
 10
53.44117647058823
 20
99.0796370042635
 10
53.44117647058823
 20
97.24570085507293
  0
LWPOLYLINE
  5
B8E
330
17
100
AcDbEntity
  8
OUTLINE
100
AcDbPolyline
 90
2
 70
0
 10
50.852941176470594
 20
97.24570085507293
 10
53.44117647058823
 20
97.24570085507293
  0
LWPOLYLINE
  5
B8F
330
17
100
AcDbEntity
  8
OUTLINE
100
AcDbPolyline
 90
2
 70
0
 10
50.852941176470594
 20
99.0796370042635
 10
53.44117647058823
 20
99.0796370042635
  0
LWPOLYLINE
  5
B90
330
17
100
AcDbEntity
  8
OUTLINE
100
AcDbPolyline
 90
2
 70
0
 10
55.55882352941177
 20
111.27330417220708
 10
58.14705882352941
 20
111.27330417220708
  0
LWPOLYLINE
  5
B91
330
17
100
AcDbEntity
  8
OUTLINE
100
AcDbPolyline
 90
2
 70
0
 10
55.55882352941177
 20
113.10724032139765
 10
58.14705882352941
 20
113.10724032139765
  0
LWPOLYLINE
  5
B92
330
17
100
AcDbEntity
  8
OUTLINE
100
AcDbPolyline
 90
2
 70
0
 10
55.55882352941177
 20
113.10724032139765
 10
55.55882352941177
 20
111.27330417220708
  0
LWPOLYLINE
  5
B93
330
17
100
AcDbEntity
  8
OUTLINE
100
AcDbPolyline
 90
2
 70
0
 10
55.55882352941177
 20
116.77511261977881
 10
55.55882352941177
 20
113.10724032139765
  0
LWPOLYLINE
  5
B94
330
17
100
AcDbEntity
  8
OUTLINE
100
AcDbPolyline
 90
2
 70
0
 10
55.55882352941177
 20
118.60904876896937
 10
55.55882352941177
 20
116.77511261977881
  0
LWPOLYLINE
  5
B95
330
17
100
AcDbEntity
  8
OUTLINE
100
AcDbPolyline
 90
2
 70
0
 10
55.55882352941177
 20
116.77511261977881
 10
58.14705882352941
 20
116.77511261977881
  0
LWPOLYLINE
  5
B96
330
17
100
AcDbEntity
  8
OUTLINE
100
AcDbPolyline
 90
2
 70
0
 10
55.55882352941177
 20
118.60904876896937
 10
58.14705882352941
 20
118.60904876896937
  0
LWPOLYLINE
  5
B97
330
17
100
AcDbEntity
  8
OUTLINE
100
AcDbPolyline
 90
2
 70
0
 10
82.25
 20
101.50859828985413
 10
84.83823529411765
 20
101.50859828985413
  0
LWPOLYLINE
  5
B98
330
17
100
AcDbEntity
  8
OUTLINE
100
AcDbPolyline
 90
2
 70
0
 10
82.25
 20
103.34253443904471
 10
84.83823529411765
 20
103.34253443904471
  0
LWPOLYLINE
  5
B99
330
17
100
AcDbEntity
  8
OUTLINE
100
AcDbPolyline
 90
2
 70
0
 10
84.83823529411765
 20
103.34253443904471
 10
84.83823529411765
 20
101.50859828985413
  0
LWPOLYLINE
  5
B9A
330
17
100
AcDbEntity
  8
OUTLINE
100
AcDbPolyline
 90
2
 70
0
 10
84.83823529411765
 20
107.01040673742587
 10
84.83823529411765
 20
103.34253443904471
  0
LWPOLYLINE
  5
B9B
330
17
100
AcDbEntity
  8
OUTLINE
100
AcDbPolyline
 90
2
 70
0
 10
84.83823529411765
 20
108.84434288661643
 10
84.83823529411765
 20
107.01040673742585
  0
LWPOLYLINE
  5
B9C
330
17
100
AcDbEntity
  8
OUTLINE
100
AcDbPolyline
 90
2
 70
0
 10
82.25
 20
107.01040673742587
 10
84.83823529411765
 20
107.01040673742587
  0
LWPOLYLINE
  5
B9D
330
17
100
AcDbEntity
  8
OUTLINE
100
AcDbPolyline
 90
2
 70
0
 10
82.25
 20
108.84434288661643
 10
84.83823529411765
 20
108.84434288661643
  0
LWPOLYLINE
  5
B9E
330
17
100
AcDbEntity
  8
OUTLINE
100
AcDbPolyline
 90
2
 70
0
 10
62.85294117647059
 20
96.6470588235294
 10
64.61764705882354
 20
96.6470588235294
  0
LWPOLYLINE
  5
B9F
330
17
100
AcDbEntity
  8
OUTLINE
100
AcDbPolyline
 90
2
 70
0
 10
62.85294117647059
 20
113.70588235294117
 10
64.61764705882354
 20
113.70588235294117
  0
LWPOLYLINE
  5
BA0
330
17
100
AcDbEntity
  8
OUTLINE
100
AcDbPolyline
 90
2
 70
0
 10
156.97058823529414
 20
91.05882352941175
 10
156.97058823529414
 20
92.23529411764706
  0
LWPOLYLINE
  5
BA1
330
17
100
AcDbEntity
  8
OUTLINE
100
AcDbPolyline
 90
2
 70
0
 10
158.1470588235294
 20
90.23529411764706
 10
158.1470588235294
 20
91.05882352941175
  0
LWPOLYLINE
  5
BA2
330
17
100
AcDbEntity
  8
OUTLINE
100
AcDbPolyline
 90
2
 70
0
 10
64.61764705882354
 20
90.17647058823529
 10
62.85294117647059
 20
90.17647058823529
  0
LWPOLYLINE
  5
BA3
330
17
100
AcDbEntity
  8
OUTLINE
100
AcDbPolyline
 90
2
 70
0
 10
64.61764705882354
 20
120.17647058823529
 10
62.85294117647059
 20
120.17647058823529
  0
LWPOLYLINE
  5
BA4
330
17
100
AcDbEntity
  8
OUTLINE
100
AcDbPolyline
 90
2
 70
0
 10
210.5294117647059
 20
95.76470588235293
 10
251.70588235294122
 20
95.76470588235293
  0
LWPOLYLINE
  5
BA5
330
17
100
AcDbEntity
  8
OUTLINE
100
AcDbPolyline
 90
2
 70
0
 10
204.0294117647059
 20
99.5735294117647
 10
210.5294117647059
 20
99.5735294117647
  0
LWPOLYLINE
  5
BA6
330
17
100
AcDbEntity
  8
OUTLINE
100
AcDbPolyline
 90
2
 70
0
 10
198.73529411764707
 20
102.23529411764704
 10
199.3235294117647
 20
102.23529411764704
  0
LWPOLYLINE
  5
BA7
330
17
100
AcDbEntity
  8
OUTLINE
100
AcDbPolyline
 90
2
 70
0
 10
195.20588235294116
 20
96.94117647058823
 10
198.73529411764707
 20
96.94117647058823
  0
LWPOLYLINE
  5
BA8
330
17
100
AcDbEntity
  8
OUTLINE
100
AcDbPolyline
 90
2
 70
0
 10
188.73529411764707
 20
102.23529411764704
 10
195.20588235294116
 20
102.23529411764704
  0
LWPOLYLINE
  5
BA9
330
17
100
AcDbEntity
  8
OUTLINE
100
AcDbPolyline
 90
2
 70
0
 10
90.14705882352942
 20
90.23529411764706
 10
90.14705882352942
 20
93.05882352941175
  0
LWPOLYLINE
  5
BAA
330
17
100
AcDbEntity
  8
OUTLINE
100
AcDbPolyline
 90
2
 70
0
 10
91.6764705882353
 20
66.70588235294117
 10
91.6764705882353
 20
69.88235294117646
  0
LWPOLYLINE
  5
BAB
330
17
100
AcDbEntity
  8
OUTLINE
100
AcDbPolyline
 90
2
 70
0
 10
178.38235294117646
 20
90.23529411764706
 10
178.38235294117646
 20
93.05882352941175
  0
LWPOLYLINE
  5
BAC
330
17
100
AcDbEntity
  8
OUTLINE
100
AcDbPolyline
 90
2
 70
0
 10
179.91176470588238
 20
66.70588235294117
 10
179.91176470588238
 20
69.88235294117646
  0
LWPOLYLINE
  5
BAD
330
17
100
AcDbEntity
  8
OUTLINE
100
AcDbPolyline
 90
2
 70
0
 10
51.32352941176471
 20
81.6470588235294
 10
51.32352941176471
 20
84.47058823529412
  0
LWPOLYLINE
  5
BAE
330
17
100
AcDbEntity
  8
OUTLINE
100
AcDbPolyline
 90
2
 70
0
 10
52.85294117647059
 20
67.52941176470587
 10
52.85294117647059
 20
69.88235294117646
  0
LWPOLYLINE
  5
BAF
330
17
100
AcDbEntity
  8
OUTLINE
100
AcDbPolyline
 90
2
 70
0
 10
74.8529411764706
 20
89.29411764705881
 10
74.8529411764706
 20
91.05882352941175
  0
LWPOLYLINE
  5
BB0
330
17
100
AcDbEntity
  8
OUTLINE
100
AcDbPolyline
 90
2
 70
0
 10
64.61764705882354
 20
92.11764705882352
 10
67.44117647058823
 20
92.11764705882352
  0
LWPOLYLINE
  5
BB1
330
17
100
AcDbEntity
  8
OUTLINE
100
AcDbPolyline
 90
2
 70
0
 10
64.61764705882354
 20
111.6470588235294
 10
67.44117647058823
 20
111.6470588235294
  0
LWPOLYLINE
  5
BB2
330
17
100
AcDbEntity
  8
OUTLINE
100
AcDbPolyline
 90
2
 70
0
 10
50.5
 20
113.17647058823528
 10
55.55882352941177
 20
113.17647058823528
  0
LWPOLYLINE
  5
BB3
330
17
100
AcDbEntity
  8
OUTLINE
100
AcDbPolyline
 90
2
 70
0
 10
71.22058823529412
 20
101.88235294117646
 10
74.04411764705883
 20
101.88235294117646
  0
LWPOLYLINE
  5
BB4
330
17
100
AcDbEntity
  8
OUTLINE
100
AcDbPolyline
 90
2
 70
0
 10
84.83823529411765
 20
103.41176470588235
 10
88.16176470588235
 20
103.41176470588235
  0
TEXT
  5
BB5
330
17
100
AcDbEntity
  8
TEXT
100
AcDbText
 10
18.0
 20
57.0
 30
0.0
 40
2.6
  1
SIDE / X travel toward sensor  (view scale 1.18:1)
100
AcDbText
  0
LWPOLYLINE
  5
BB6
330
17
100
AcDbEntity
  8
DIM
100
AcDbPolyline
 90
2
 70
0
 10
28.735294117647058
 20
53.0
 10
252.26470588235293
 20
53.0
  0
LWPOLYLINE
  5
BB7
330
17
100
AcDbEntity
  8
DIM
100
AcDbPolyline
 90
2
 70
0
 10
27.735294117647058
 20
52.0
 10
29.735294117647058
 20
54.0
  0
LWPOLYLINE
  5
BB8
330
17
100
AcDbEntity
  8
DIM
100
AcDbPolyline
 90
2
 70
0
 10
251.26470588235293
 20
52.0
 10
253.26470588235293
 20
54.0
  0
TEXT
  5
BB9
330
17
100
AcDbEntity
  8
DIM
100
AcDbText
 10
134.9
 20
55.0
 30
0.0
 40
2.8
  1
190 BASE
100
AcDbText
  0
TEXT
  5
BBA
330
17
100
AcDbEntity
  8
TEXT
100
AcDbText
 10
278.0
 20
249.0
 30
0.0
 40
2.6
  1
1  P01 base with remote micrometer panel
100
AcDbText
  0
TEXT
  5
BBB
330
17
100
AcDbEntity
  8
TEXT
100
AcDbText
 10
278.0
 20
238.0
 30
0.0
 40
2.6
  1
2  P02 block1 carriage + removable pair cassette
100
AcDbText
  0
TEXT
  5
BBC
330
17
100
AcDbEntity
  8
TEXT
100
AcDbText
 10
278.0
 20
227.0
 30
0.0
 40
2.6
  1
3  P03 keepers, two identical prints
100
AcDbText
  0
TEXT
  5
BBD
330
17
100
AcDbEntity
  8
TEXT
100
AcDbText
 10
278.0
 20
216.0
 30
0.0
 40
2.6
  1
4  P04 block2, sensor at offset sensitive center
100
AcDbText
  0
TEXT
  5
BBE
330
17
100
AcDbEntity
  8
TEXT
100
AcDbText
 10
278.0
 20
205.0
 30
0.0
 40
2.6
  1
5  P05 spacer; 3mm nominal supplied
100
AcDbText
  0
TEXT
  5
BBF
330
17
100
AcDbEntity
  8
TEXT
100
AcDbText
 10
278.0
 20
194.0
 30
0.0
 40
2.6
  1
6  P06 disk retaining cups, two prints
100
AcDbText
  0
TEXT
  5
BC0
330
17
100
AcDbEntity
  8
TEXT
100
AcDbText
 10
278.0
 20
183.0
 30
0.0
 40
2.6
  1
7  McMaster19725A12 micrometer head
100
AcDbText
  0
TEXT
  5
BC1
330
17
100
AcDbEntity
  8
TEXT
100
AcDbText
 10
278.0
 20
172.0
 30
0.0
 40
2.6
  1
8  P07 optional TPU return band (not shown)
100
AcDbText
  0
TEXT
  5
BC2
330
17
100
AcDbEntity
  8
TEXT
100
AcDbText
 10
278.0
 20
161.0
 30
0.0
 40
2.6
  1
Illustrated magnet face gap g = 6.9125 mm
100
AcDbText
  0
TEXT
  5
BC3
330
17
100
AcDbEntity
  8
TEXT
100
AcDbText
 10
278.0
 20
150.0
 30
0.0
 40
2.6
  1
Fine stroke13mm; typical usable g >=0.5mm
100
AcDbText
  0
TEXT
  5
BC4
330
17
100
AcDbEntity
  8
TEXT
100
AcDbText
 10
278.0
 20
139.0
 30
0.0
 40
2.6
  1
Alternate block2 location shifts sensor -12mm
100
AcDbText
  0
TEXT
  5
BC5
330
17
100
AcDbEntity
  8
TEXT
100
AcDbText
 10
278.0
 20
128.0
 30
0.0
 40
2.6
  1
Observe south pole toward active sensor face
100
AcDbText
  0
TEXT
  5
BC6
330
17
100
AcDbEntity
  8
TEXT
100
AcDbText
 10
278.0
 20
117.0
 30
0.0
 40
2.6
  1
0.01mm head division is NOT fixture accuracy
100
AcDbText
  0
TEXT
  5
BC7
330
17
100
AcDbEntity
  8
TEXT
100
AcDbText
 10
278.0
 20
106.0
 30
0.0
 40
2.6
  1
Re-zero and measure actual face gap every setup
100
AcDbText
  0
ENDSEC
  0
SECTION
  2
OBJECTS
  0
DICTIONARY
  5
A
330
0
100
AcDbDictionary
281
1
  3
ACAD_COLOR
350
B
  3
ACAD_GROUP
350
C
  3
ACAD_LAYOUT
350
D
  3
ACAD_MATERIAL
350
E
  3
ACAD_MLEADERSTYLE
350
F
  3
ACAD_MLINESTYLE
350
10
  3
ACAD_PLOTSETTINGS
350
11
  3
ACAD_PLOTSTYLENAME
350
12
  3
ACAD_SCALELIST
350
14
  3
ACAD_TABLESTYLE
350
15
  3
ACAD_VISUALSTYLE
350
16
  3
EZDXF_META
350
2D
  0
DICTIONARY
  5
B
330
A
100
AcDbDictionary
281
1
  0
DICTIONARY
  5
C
330
A
100
AcDbDictionary
281
1
  0
DICTIONARY
  5
D
330
A
100
AcDbDictionary
281
1
  3
Model
350
1A
  3
Layout1
350
1E
  0
DICTIONARY
  5
E
330
A
100
AcDbDictionary
281
1
  3
ByBlock
350
1F
  3
ByLayer
350
20
  3
Global
350
21
  0
DICTIONARY
  5
F
330
A
100
AcDbDictionary
281
1
  3
Standard
350
2C
  0
DICTIONARY
  5
10
330
A
100
AcDbDictionary
281
1
  3
Standard
350
22
  0
DICTIONARY
  5
11
330
A
100
AcDbDictionary
281
1
  0
ACDBDICTIONARYWDFLT
  5
12
330
A
100
AcDbDictionary
281
1
  3
Normal
350
13
100
AcDbDictionaryWithDefault
340
13
  0
ACDBPLACEHOLDER
  5
13
330
12
  0
DICTIONARY
  5
14
330
A
100
AcDbDictionary
281
1
  0
DICTIONARY
  5
15
330
A
100
AcDbDictionary
281
1
  0
DICTIONARY
  5
16
330
A
100
AcDbDictionary
281
1
  0
LAYOUT
  5
1A
330
D
100
AcDbPlotSettings
  1

  4
A3
  6

 40
7.5
 41
20.0
 42
7.5
 43
20.0
 44
420.0
 45
297.0
 46
0.0
 47
0.0
 48
0.0
 49
0.0
140
0.0
141
0.0
142
1.0
143
1.0
 70
1024
 72
1
 73
0
 74
5
  7

 75
16
 76
0
 77
2
 78
300
147
1.0
148
0.0
149
0.0
100
AcDbLayout
  1
Model
 70
1
 71
0
 10
0.0
 20
0.0
 11
420.0
 21
297.0
 12
0.0
 22
0.0
 32
0.0
 14
1e+20
 24
1e+20
 34
1e+20
 15
-1e+20
 25
-1e+20
 35
-1e+20
146
0.0
 13
0.0
 23
0.0
 33
0.0
 16
1.0
 26
0.0
 36
0.0
 17
0.0
 27
1.0
 37
0.0
 76
1
330
17
  0
LAYOUT
  5
1E
330
D
100
AcDbPlotSettings
  1

  4
A3
  6

 40
7.5
 41
20.0
 42
7.5
 43
20.0
 44
420.0
 45
297.0
 46
0.0
 47
0.0
 48
0.0
 49
0.0
140
0.0
141
0.0
142
1.0
143
1.0
 70
0
 72
1
 73
0
 74
5
  7

 75
16
 76
0
 77
2
 78
300
147
1.0
148
0.0
149
0.0
100
AcDbLayout
  1
Layout1
 70
1
 71
1
 10
0.0
 20
0.0
 11
420.0
 21
297.0
 12
0.0
 22
0.0
 32
0.0
 14
1e+20
 24
1e+20
 34
1e+20
 15
-1e+20
 25
-1e+20
 35
-1e+20
146
0.0
 13
0.0
 23
0.0
 33
0.0
 16
1.0
 26
0.0
 36
0.0
 17
0.0
 27
1.0
 37
0.0
 76
1
330
1B
  0
MATERIAL
  5
1F
102
{ACAD_REACTORS
330
E
102
}
330
E
100
AcDbMaterial
  1
ByBlock
  2

 70
0
 40
1.0
 71
1
 41
1.0
 91
-1023410177
 42
1.0
 72
1
  3

 73
1
 74
1
 75
1
 44
0.5
 73
0
 45
1.0
 46
1.0
 77
1
  4

 78
1
 79
1
170
1
 48
1.0
171
1
  6

172
1
173
1
174
1
140
1.0
141
1.0
175
1
  7

176
1
177
1
178
1
143
1.0
179
1
  8

270
1
271
1
272
1
145
1.0
146
1.0
273
1
  9

274
1
275
1
276
1
 42
1.0
 72
1
  3

 73
1
 74
1
 75
1
 94
63
  0
MATERIAL
  5
20
102
{ACAD_REACTORS
330
E
102
}
330
E
100
AcDbMaterial
  1
ByLayer
  2

 70
0
 40
1.0
 71
1
 41
1.0
 91
-1023410177
 42
1.0
 72
1
  3

 73
1
 74
1
 75
1
 44
0.5
 73
0
 45
1.0
 46
1.0
 77
1
  4

 78
1
 79
1
170
1
 48
1.0
171
1
  6

172
1
173
1
174
1
140
1.0
141
1.0
175
1
  7

176
1
177
1
178
1
143
1.0
179
1
  8

270
1
271
1
272
1
145
1.0
146
1.0
273
1
  9

274
1
275
1
276
1
 42
1.0
 72
1
  3

 73
1
 74
1
 75
1
 94
63
  0
MATERIAL
  5
21
102
{ACAD_REACTORS
330
E
102
}
330
E
100
AcDbMaterial
  1
Global
  2

 70
0
 40
1.0
 71
1
 41
1.0
 91
-1023410177
 42
1.0
 72
1
  3

 73
1
 74
1
 75
1
 44
0.5
 73
0
 45
1.0
 46
1.0
 77
1
  4

 78
1
 79
1
170
1
 48
1.0
171
1
  6

172
1
173
1
174
1
140
1.0
141
1.0
175
1
  7

176
1
177
1
178
1
143
1.0
179
1
  8

270
1
271
1
272
1
145
1.0
146
1.0
273
1
  9

274
1
275
1
276
1
 42
1.0
 72
1
  3

 73
1
 74
1
 75
1
 94
63
  0
MLINESTYLE
  5
22
102
{ACAD_REACTORS
330
10
102
}
330
10
100
AcDbMlineStyle
  2
Standard
 70
0
  3

 62
256
 51
90.0
 52
90.0
 71
2
 49
0.5
 62
256
  6
BYLAYER
 49
-0.5
 62
256
  6
BYLAYER
  0
MLEADERSTYLE
  5
2C
102
{ACAD_REACTORS
330
F
102
}
330
F
100
AcDbMLeaderStyle
179
2
170
2
171
1
172
0
 90
2
 40
0.0
 41
0.0
173
1
 91
-1056964608
 92
-2
290
1
 42
2.0
291
1
 43
8.0
  3
Standard
 44
4.0
300

342
29
174
1
175
1
176
0
178
1
 93
-1056964608
 45
4.0
292
0
297
0
 46
4.0
 94
-1056964608
 47
1.0
 49
1.0
140
1.0
294
1
141
0.0
177
0
142
1.0
295
0
296
0
143
3.75
271
0
272
9
273
9
  0
DICTIONARY
  5
2D
330
A
100
AcDbDictionary
280
1
281
1
  3
CREATED_BY_EZDXF
350
2E
  3
WRITTEN_BY_EZDXF
350
BCA
  0
DICTIONARYVAR
  5
2E
330
2D
100
DictionaryVariables
280
0
  1
1.4.4 @ 2026-09-10T02:54:35.439965+00:00
  0
DICTIONARYVAR
  5
BCA
330
2D
100
DictionaryVariables
280
0
  1
1.4.4 @ 2026-09-10T02:54:36.075108+00:00
  0
ENDSEC
  0
EOF
