  0
SECTION
  2
HEADER
  9
$ACADVER
  1
AC1015
  9
$ACADMAINTVER
 70
6
  9
$DWGCODEPAGE
  3
ANSI_1252
  9
$INSBASE
 10
0.0
 20
0.0
 30
0.0
  9
$EXTMIN
 10
1e+20
 20
1e+20
 30
1e+20
  9
$EXTMAX
 10
-1e+20
 20
-1e+20
 30
-1e+20
  9
$LIMMIN
 10
0.0
 20
0.0
  9
$LIMMAX
 10
420.0
 20
297.0
  9
$ORTHOMODE
 70
0
  9
$REGENMODE
 70
1
  9
$FILLMODE
 70
1
  9
$QTEXTMODE
 70
0
  9
$MIRRTEXT
 70
1
  9
$LTSCALE
 40
1.0
  9
$ATTMODE
 70
1
  9
$TEXTSIZE
 40
2.5
  9
$TRACEWID
 40
1.0
  9
$TEXTSTYLE
  7
Standard
  9
$CLAYER
  8
0
  9
$CELTYPE
  6
ByLayer
  9
$CECOLOR
 62
256
  9
$CELTSCALE
 40
1.0
  9
$DISPSILH
 70
0
  9
$DIMSCALE
 40
1.0
  9
$DIMASZ
 40
2.5
  9
$DIMEXO
 40
0.625
  9
$DIMDLI
 40
3.75
  9
$DIMRND
 40
0.0
  9
$DIMDLE
 40
0.0
  9
$DIMEXE
 40
1.25
  9
$DIMTP
 40
0.0
  9
$DIMTM
 40
0.0
  9
$DIMTXT
 40
2.5
  9
$DIMCEN
 40
2.5
  9
$DIMTSZ
 40
0.0
  9
$DIMTOL
 70
0
  9
$DIMLIM
 70
0
  9
$DIMTIH
 70
0
  9
$DIMTOH
 70
0
  9
$DIMSE1
 70
0
  9
$DIMSE2
 70
0
  9
$DIMTAD
 70
1
  9
$DIMZIN
 70
8
  9
$DIMBLK
  1

  9
$DIMASO
 70
1
  9
$DIMSHO
 70
1
  9
$DIMPOST
  1

  9
$DIMAPOST
  1

  9
$DIMALT
 70
0
  9
$DIMALTD
 70
3
  9
$DIMALTF
 40
0.03937007874
  9
$DIMLFAC
 40
1.0
  9
$DIMTOFL
 70
1
  9
$DIMTVP
 40
0.0
  9
$DIMTIX
 70
0
  9
$DIMSOXD
 70
0
  9
$DIMSAH
 70
0
  9
$DIMBLK1
  1

  9
$DIMBLK2
  1

  9
$DIMSTYLE
  2
ISO-25
  9
$DIMCLRD
 70
0
  9
$DIMCLRE
 70
0
  9
$DIMCLRT
 70
0
  9
$DIMTFAC
 40
1.0
  9
$DIMGAP
 40
0.625
  9
$DIMJUST
 70
0
  9
$DIMSD1
 70
0
  9
$DIMSD2
 70
0
  9
$DIMTOLJ
 70
0
  9
$DIMTZIN
 70
8
  9
$DIMALTZ
 70
0
  9
$DIMALTTZ
 70
0
  9
$DIMUPT
 70
0
  9
$DIMDEC
 70
2
  9
$DIMTDEC
 70
2
  9
$DIMALTU
 70
2
  9
$DIMALTTD
 70
3
  9
$DIMTXSTY
  7
Standard
  9
$DIMAUNIT
 70
0
  9
$DIMADEC
 70
0
  9
$DIMALTRND
 40
0.0
  9
$DIMAZIN
 70
0
  9
$DIMDSEP
 70
44
  9
$DIMATFIT
 70
3
  9
$DIMFRAC
 70
0
  9
$DIMLDRBLK
  1

  9
$DIMLUNIT
 70
2
  9
$DIMLWD
 70
-2
  9
$DIMLWE
 70
-2
  9
$DIMTMOVE
 70
0
  9
$LUNITS
 70
2
  9
$LUPREC
 70
4
  9
$SKETCHINC
 40
1.0
  9
$FILLETRAD
 40
10.0
  9
$AUNITS
 70
0
  9
$AUPREC
 70
2
  9
$MENU
  1
.
  9
$ELEVATION
 40
0.0
  9
$PELEVATION
 40
0.0
  9
$THICKNESS
 40
0.0
  9
$LIMCHECK
 70
0
  9
$CHAMFERA
 40
0.0
  9
$CHAMFERB
 40
0.0
  9
$CHAMFERC
 40
0.0
  9
$CHAMFERD
 40
0.0
  9
$SKPOLY
 70
0
  9
$TDCREATE
 40
2461293.912916667
  9
$TDUCREATE
 40
2458532.153996898
  9
$TDUPDATE
 40
2461293.912916667
  9
$TDUUPDATE
 40
2458532.1544311
  9
$TDINDWG
 40
0.0
  9
$TDUSRTIMER
 40
0.0
  9
$USRTIMER
 70
1
  9
$ANGBASE
 50
0.0
  9
$ANGDIR
 70
0
  9
$PDMODE
 70
0
  9
$PDSIZE
 40
0.0
  9
$PLINEWID
 40
0.0
  9
$SPLFRAME
 70
0
  9
$SPLINETYPE
 70
6
  9
$SPLINESEGS
 70
8
  9
$HANDSEED
  5
325
  9
$SURFTAB1
 70
6
  9
$SURFTAB2
 70
6
  9
$SURFTYPE
 70
6
  9
$SURFU
 70
6
  9
$SURFV
 70
6
  9
$UCSBASE
  2

  9
$UCSNAME
  2

  9
$UCSORG
 10
0.0
 20
0.0
 30
0.0
  9
$UCSXDIR
 10
1.0
 20
0.0
 30
0.0
  9
$UCSYDIR
 10
0.0
 20
1.0
 30
0.0
  9
$UCSORTHOREF
  2

  9
$UCSORTHOVIEW
 70
0
  9
$UCSORGTOP
 10
0.0
 20
0.0
 30
0.0
  9
$UCSORGBOTTOM
 10
0.0
 20
0.0
 30
0.0
  9
$UCSORGLEFT
 10
0.0
 20
0.0
 30
0.0
  9
$UCSORGRIGHT
 10
0.0
 20
0.0
 30
0.0
  9
$UCSORGFRONT
 10
0.0
 20
0.0
 30
0.0
  9
$UCSORGBACK
 10
0.0
 20
0.0
 30
0.0
  9
$PUCSBASE
  2

  9
$PUCSNAME
  2

  9
$PUCSORG
 10
0.0
 20
0.0
 30
0.0
  9
$PUCSXDIR
 10
1.0
 20
0.0
 30
0.0
  9
$PUCSYDIR
 10
0.0
 20
1.0
 30
0.0
  9
$PUCSORTHOREF
  2

  9
$PUCSORTHOVIEW
 70
0
  9
$PUCSORGTOP
 10
0.0
 20
0.0
 30
0.0
  9
$PUCSORGBOTTOM
 10
0.0
 20
0.0
 30
0.0
  9
$PUCSORGLEFT
 10
0.0
 20
0.0
 30
0.0
  9
$PUCSORGRIGHT
 10
0.0
 20
0.0
 30
0.0
  9
$PUCSORGFRONT
 10
0.0
 20
0.0
 30
0.0
  9
$PUCSORGBACK
 10
0.0
 20
0.0
 30
0.0
  9
$USERI1
 70
0
  9
$USERI2
 70
0
  9
$USERI3
 70
0
  9
$USERI4
 70
0
  9
$USERI5
 70
0
  9
$USERR1
 40
0.0
  9
$USERR2
 40
0.0
  9
$USERR3
 40
0.0
  9
$USERR4
 40
0.0
  9
$USERR5
 40
0.0
  9
$WORLDVIEW
 70
1
  9
$SHADEDGE
 70
3
  9
$SHADEDIF
 70
70
  9
$TILEMODE
 70
1
  9
$MAXACTVP
 70
64
  9
$PINSBASE
 10
0.0
 20
0.0
 30
0.0
  9
$PLIMCHECK
 70
0
  9
$PEXTMIN
 10
1e+20
 20
1e+20
 30
1e+20
  9
$PEXTMAX
 10
-1e+20
 20
-1e+20
 30
-1e+20
  9
$PLIMMIN
 10
0.0
 20
0.0
  9
$PLIMMAX
 10
420.0
 20
297.0
  9
$UNITMODE
 70
0
  9
$VISRETAIN
 70
1
  9
$PLINEGEN
 70
0
  9
$PSLTSCALE
 70
1
  9
$TREEDEPTH
 70
3020
  9
$CMLSTYLE
  2
Standard
  9
$CMLJUST
 70
0
  9
$CMLSCALE
 40
20.0
  9
$PROXYGRAPHICS
 70
1
  9
$MEASUREMENT
 70
1
  9
$CELWEIGHT
370
-1
  9
$ENDCAPS
280
0
  9
$JOINSTYLE
280
0
  9
$LWDISPLAY
290
0
  9
$INSUNITS
 70
4
  9
$HYPERLINKBASE
  1

  9
$STYLESHEET
  1

  9
$XEDIT
290
1
  9
$CEPSNTYPE
380
0
  9
$PSTYLEMODE
290
1
  9
$FINGERPRINTGUID
  2
{7FFB2526-FAC2-4B6D-8759-7D4E6FB7EFA7}
  9
$VERSIONGUID
  2
{6994C743-E09A-409B-A3D2-7F8D7A2D19CA}
  9
$EXTNAMES
290
1
  9
$PSVPSCALE
 40
0.0
  9
$OLESTARTUP
290
0
  0
ENDSEC
  0
SECTION
  2
CLASSES
  0
CLASS
  1
ACDBDICTIONARYWDFLT
  2
AcDbDictionaryWithDefault
  3
ObjectDBX Classes
 90
0
280
0
281
0
  0
CLASS
  1
SUN
  2
AcDbSun
  3
SCENEOE
 90
1153
280
0
281
0
  0
CLASS
  1
VISUALSTYLE
  2
AcDbVisualStyle
  3
ObjectDBX Classes
 90
4095
280
0
281
0
  0
CLASS
  1
MATERIAL
  2
AcDbMaterial
  3
ObjectDBX Classes
 90
1153
280
0
281
0
  0
CLASS
  1
SCALE
  2
AcDbScale
  3
ObjectDBX Classes
 90
1153
280
0
281
0
  0
CLASS
  1
TABLESTYLE
  2
AcDbTableStyle
  3
ObjectDBX Classes
 90
4095
280
0
281
0
  0
CLASS
  1
MLEADERSTYLE
  2
AcDbMLeaderStyle
  3
ACDB_MLEADERSTYLE_CLASS
 90
4095
280
0
281
0
  0
CLASS
  1
DICTIONARYVAR
  2
AcDbDictionaryVar
  3
ObjectDBX Classes
 90
0
280
0
281
0
  0
CLASS
  1
CELLSTYLEMAP
  2
AcDbCellStyleMap
  3
ObjectDBX Classes
 90
1152
280
0
281
0
  0
CLASS
  1
MENTALRAYRENDERSETTINGS
  2
AcDbMentalRayRenderSettings
  3
SCENEOE
 90
1024
280
0
281
0
  0
CLASS
  1
ACDBDETAILVIEWSTYLE
  2
AcDbDetailViewStyle
  3
ObjectDBX Classes
 90
1025
280
0
281
0
  0
CLASS
  1
ACDBSECTIONVIEWSTYLE
  2
AcDbSectionViewStyle
  3
ObjectDBX Classes
 90
1025
280
0
281
0
  0
CLASS
  1
RASTERVARIABLES
  2
AcDbRasterVariables
  3
ISM
 90
0
280
0
281
0
  0
CLASS
  1
ACDBPLACEHOLDER
  2
AcDbPlaceHolder
  3
ObjectDBX Classes
 90
0
280
0
281
0
  0
CLASS
  1
LAYOUT
  2
AcDbLayout
  3
ObjectDBX Classes
 90
0
280
0
281
0
  0
ENDSEC
  0
SECTION
  2
TABLES
  0
TABLE
  2
VPORT
  5
8
330
0
100
AcDbSymbolTable
 70
1
  0
VPORT
  5
23
330
8
100
AcDbSymbolTableRecord
100
AcDbViewportTableRecord
  2
*Active
 70
0
 10
0.0
 20
0.0
 11
1.0
 21
1.0
 12
0.0
 22
0.0
 13
0.0
 23
0.0
 14
0.5
 24
0.5
 15
0.5
 25
0.5
 16
0.0
 26
0.0
 36
1.0
 17
0.0
 27
0.0
 37
0.0
 40
1000.0
 41
1.34
 42
50.0
 43
0.0
 44
0.0
 50
0.0
 51
0.0
 71
0
 72
1000
 73
1
 74
3
 75
0
 76
0
 77
0
 78
0
281
0
 65
0
146
0.0
  0
ENDTAB
  0
TABLE
  2
LTYPE
  5
2
330
0
100
AcDbSymbolTable
 70
3
  0
LTYPE
  5
24
330
2
100
AcDbSymbolTableRecord
100
AcDbLinetypeTableRecord
  2
ByBlock
 70
0
  3

 72
65
 73
0
 40
0.0
  0
LTYPE
  5
25
330
2
100
AcDbSymbolTableRecord
100
AcDbLinetypeTableRecord
  2
ByLayer
 70
0
  3

 72
65
 73
0
 40
0.0
  0
LTYPE
  5
26
330
2
100
AcDbSymbolTableRecord
100
AcDbLinetypeTableRecord
  2
Continuous
 70
0
  3

 72
65
 73
0
 40
0.0
  0
ENDTAB
  0
TABLE
  2
LAYER
  5
1
330
0
100
AcDbSymbolTable
 70
6
  0
LAYER
  5
27
330
1
100
AcDbSymbolTableRecord
100
AcDbLayerTableRecord
  2
0
 70
0
 62
7
  6
Continuous
370
-3
390
13
  0
LAYER
  5
28
330
1
100
AcDbSymbolTableRecord
100
AcDbLayerTableRecord
  2
Defpoints
 70
0
 62
7
  6
Continuous
290
0
370
-3
390
13
  0
LAYER
  5
2F
330
1
100
AcDbSymbolTableRecord
100
AcDbLayerTableRecord
  2
OUTLINE
 70
0
 62
7
  6
Continuous
370
-3
390
13
  0
LAYER
  5
30
330
1
100
AcDbSymbolTableRecord
100
AcDbLayerTableRecord
  2
HIDDEN
 70
0
 62
8
  6
Continuous
370
-3
390
13
  0
LAYER
  5
31
330
1
100
AcDbSymbolTableRecord
100
AcDbLayerTableRecord
  2
DIM
 70
0
 62
4
  6
Continuous
370
-3
390
13
  0
LAYER
  5
32
330
1
100
AcDbSymbolTableRecord
100
AcDbLayerTableRecord
  2
TEXT
 70
0
 62
7
  6
Continuous
370
-3
390
13
  0
ENDTAB
  0
TABLE
  2
STYLE
  5
5
330
0
100
AcDbSymbolTable
 70
1
  0
STYLE
  5
29
330
5
100
AcDbSymbolTableRecord
100
AcDbTextStyleTableRecord
  2
Standard
 70
0
 40
0.0
 41
1.0
 50
0.0
 71
0
 42
2.5
  3
txt
  4

  0
ENDTAB
  0
TABLE
  2
VIEW
  5
7
330
0
100
AcDbSymbolTable
 70
0
  0
ENDTAB
  0
TABLE
  2
UCS
  5
6
330
0
100
AcDbSymbolTable
 70
0
  0
ENDTAB
  0
TABLE
  2
APPID
  5
3
330
0
100
AcDbSymbolTable
 70
3
  0
APPID
  5
2A
330
3
100
AcDbSymbolTableRecord
100
AcDbRegAppTableRecord
  2
ACAD
 70
0
  0
APPID
  5
322
330
3
100
AcDbSymbolTableRecord
100
AcDbRegAppTableRecord
  2
HATCHBACKGROUNDCOLOR
 70
0
  0
APPID
  5
323
330
3
100
AcDbSymbolTableRecord
100
AcDbRegAppTableRecord
  2
EZDXF
 70
0
  0
ENDTAB
  0
TABLE
  2
DIMSTYLE
  5
4
330
0
100
AcDbSymbolTable
 70
1
100
AcDbDimStyleTable
  0
DIMSTYLE
105
2B
330
4
100
AcDbSymbolTableRecord
100
AcDbDimStyleTableRecord
  2
Standard
 70
0
  3

  4

 40
1.0
 41
2.5
 42
0.625
 43
3.75
 44
1.25
 45
0.0
 46
0.0
 47
0.0
 48
0.0
140
2.5
141
2.5
142
0.0
143
0.03937007874
144
1.0
145
0.0
146
1.0
147
0.625
148
0.0
 71
0
 72
0
 73
0
 74
0
 75
0
 76
0
 77
1
 78
8
 79
3
170
0
171
3
172
1
173
0
174
0
175
0
176
0
177
0
178
0
179
2
271
2
272
2
273
2
274
3
275
0
276
0
277
2
278
44
279
0
280
0
281
0
282
0
283
0
284
8
285
0
286
0
288
0
289
3
371
-2
372
-2
  0
ENDTAB
  0
TABLE
  2
BLOCK_RECORD
  5
9
330
0
100
AcDbSymbolTable
 70
2
  0
BLOCK_RECORD
  5
17
330
9
100
AcDbSymbolTableRecord
100
AcDbBlockTableRecord
  2
*Model_Space
340
1A
  0
BLOCK_RECORD
  5
1B
330
9
100
AcDbSymbolTableRecord
100
AcDbBlockTableRecord
  2
*Paper_Space
340
1E
  0
ENDTAB
  0
ENDSEC
  0
SECTION
  2
BLOCKS
  0
BLOCK
  5
18
330
17
100
AcDbEntity
  8
0
100
AcDbBlockBegin
  2
*Model_Space
 70
0
 10
0.0
 20
0.0
 30
0.0
  3
*Model_Space
  1

  0
ENDBLK
  5
19
330
17
100
AcDbEntity
  8
0
100
AcDbBlockEnd
  0
BLOCK
  5
1C
330
1B
100
AcDbEntity
  8
0
100
AcDbBlockBegin
  2
*Paper_Space
 70
0
 10
0.0
 20
0.0
 30
0.0
  3
*Paper_Space
  1

  0
ENDBLK
  5
1D
330
1B
100
AcDbEntity
  8
0
100
AcDbBlockEnd
  0
ENDSEC
  0
SECTION
  2
ENTITIES
  0
LWPOLYLINE
  5
33
330
17
100
AcDbEntity
  8
OUTLINE
100
AcDbPolyline
 90
5
 70
0
 10
8.0
 20
8.0
 10
412.0
 20
8.0
 10
412.0
 20
289.0
 10
8.0
 20
289.0
 10
8.0
 20
8.0
  0
TEXT
  5
34
330
17
100
AcDbEntity
  8
TEXT
100
AcDbText
 10
15.0
 20
278.0
 30
0.0
 40
5.0
  1
P01  |  P01 BASE
100
AcDbText
  0
TEXT
  5
35
330
17
100
AcDbEntity
  8
TEXT
100
AcDbText
 10
15.0
 20
270.0
 30
0.0
 40
2.6
  1
Prototype Rev A | Units mm | Dimensions control; do not scale printed pages
100
AcDbText
  0
LWPOLYLINE
  5
36
330
17
100
AcDbEntity
  8
OUTLINE
100
AcDbPolyline
 90
2
 70
0
 10
8.0
 20
32.0
 10
412.0
 20
32.0
  0
TEXT
  5
37
330
17
100
AcDbEntity
  8
TEXT
100
AcDbText
 10
15.0
 20
22.0
 30
0.0
 40
3.0
  1
HF-01  /  MAGNET-SENSOR CHARACTERIZATION
100
AcDbText
  0
TEXT
  5
38
330
17
100
AcDbEntity
  8
TEXT
100
AcDbText
 10
15.0
 20
15.0
 30
0.0
 40
2.4
  1
REV A  |  2026-09-09  |  Printed parts + McMaster COTS  |  Room-temperature bench prototype
100
AcDbText
  0
TEXT
  5
39
330
17
100
AcDbEntity
  8
TEXT
100
AcDbText
 10
332.0
 20
20.0
 30
0.0
 40
3.0
  1
P01  |  A3  |  MM
100
AcDbText
  0
LWPOLYLINE
  5
3A
330
17
100
AcDbEntity
  8
HIDDEN
100
AcDbPolyline
 90
29
 70
0
 10
168.73684210526315
 20
218.05263157894737
 10
168.6695433432249
 20
218.64992461219853
 10
168.47102169805385
 20
219.21726687868397
 10
168.15123187399314
 20
219.72620946814712
 10
167.72620946814712
 20
220.15123187399314
 10
167.21726687868397
 20
220.47102169805387
 10
166.64992461219853
 20
220.6695433432249
 10
166.05263157894737
 20
220.73684210526315
 10
165.4553385456962
 20
220.6695433432249
 10
164.88799627921077
 20
220.47102169805387
 10
164.37905368974762
 20
220.15123187399314
 10
163.9540312839016
 20
219.72620946814712
 10
163.6342414598409
 20
219.21726687868397
 10
163.43571981466985
 20
218.64992461219853
 10
163.3684210526316
 20
218.05263157894737
 10
163.43571981466985
 20
217.4553385456962
 10
163.6342414598409
 20
216.88799627921077
 10
163.9540312839016
 20
216.37905368974762
 10
164.37905368974762
 20
215.9540312839016
 10
164.88799627921077
 20
215.63424145984087
 10
165.4553385456962
 20
215.43571981466985
 10
166.05263157894737
 20
215.3684210526316
 10
166.64992461219853
 20
215.43571981466985
 10
167.21726687868397
 20
215.63424145984087
 10
167.72620946814712
 20
215.9540312839016
 10
168.15123187399314
 20
216.37905368974762
 10
168.47102169805385
 20
216.88799627921077
 10
168.6695433432249
 20
217.4553385456962
 10
168.73684210526315
 20
218.05263157894737
  0
LWPOLYLINE
  5
3B
330
17
100
AcDbEntity
  8
HIDDEN
100
AcDbPolyline
 90
24
 70
0
 10
167.8421052631579
 20
218.05263157894737
 10
167.77574672472764
 20
218.53542580101782
 10
167.58159261866214
 20
218.98241338427394
 10
167.27404246681232
 20
219.3604433044977
 10
166.8759058569926
 20
219.64147881187793
 10
166.41671076019944
 20
219.80467678848416
 10
165.93051357608428
 20
219.83793358697255
 10
165.45337332558879
 20
219.73878270273894
 10
165.02067731832076
 20
219.51457770328184
 10
164.66451663768683
 20
219.18194684774136
 10
164.41130609204288
 20
218.76555984498802
 10
164.27982514919813
 20
218.29629821417223
 10
164.27982514919813
 20
217.80896494372251
 10
164.41130609204285
 20
217.33970331290672
 10
164.66451663768683
 20
216.92331631015338
 10
165.02067731832076
 20
216.5906854546129
 10
165.45337332558876
 20
216.3664804551558
 10
165.93051357608428
 20
216.2673295709222
 10
166.41671076019944
 20
216.30058636941058
 10
166.8759058569926
 20
216.4637843460168
 10
167.27404246681232
 20
216.74481985339705
 10
167.58159261866214
 20
217.1228497736208
 10
167.77574672472764
 20
217.5698373568769
 10
167.8421052631579
 20
218.05263157894737
  0
LWPOLYLINE
  5
3C
330
17
100
AcDbEntity
  8
HIDDEN
100
AcDbPolyline
 90
24
 70
0
 10
167.8421052631579
 20
218.05263157894737
 10
167.77574672472764
 20
218.53542580101782
 10
167.58159261866214
 20
218.98241338427394
 10
167.27404246681232
 20
219.3604433044977
 10
166.8759058569926
 20
219.64147881187793
 10
166.41671076019944
 20
219.80467678848416
 10
165.93051357608428
 20
219.83793358697255
 10
165.45337332558879
 20
219.73878270273894
 10
165.02067731832076
 20
219.51457770328184
 10
164.66451663768683
 20
219.18194684774136
 10
164.41130609204288
 20
218.76555984498802
 10
164.27982514919813
 20
218.29629821417223
 10
164.27982514919813
 20
217.80896494372251
 10
164.41130609204285
 20
217.33970331290672
 10
164.66451663768683
 20
216.92331631015338
 10
165.02067731832076
 20
216.5906854546129
 10
165.45337332558876
 20
216.3664804551558
 10
165.93051357608428
 20
216.2673295709222
 10
166.41671076019944
 20
216.30058636941058
 10
166.8759058569926
 20
216.4637843460168
 10
167.27404246681232
 20
216.74481985339705
 10
167.58159261866214
 20
217.1228497736208
 10
167.77574672472764
 20
217.5698373568769
 10
167.8421052631579
 20
218.05263157894737
  0
LWPOLYLINE
  5
3D
330
17
100
AcDbEntity
  8
HIDDEN
100
AcDbPolyline
 90
2
 70
0
 10
57.78947368421053
 20
191.83684210526314
 10
57.78947368421053
 20
196.31052631578947
  0
LWPOLYLINE
  5
3E
330
17
100
AcDbEntity
  8
HIDDEN
100
AcDbPolyline
 90
2
 70
0
 10
57.78947368421053
 20
196.31052631578947
 10
150.8421052631579
 20
196.31052631578947
  0
LWPOLYLINE
  5
3F
330
17
100
AcDbEntity
  8
HIDDEN
100
AcDbPolyline
 90
2
 70
0
 10
150.8421052631579
 20
191.83684210526314
 10
150.8421052631579
 20
196.31052631578947
  0
LWPOLYLINE
  5
40
330
17
100
AcDbEntity
  8
HIDDEN
100
AcDbPolyline
 90
2
 70
0
 10
57.78947368421053
 20
191.83684210526314
 10
150.8421052631579
 20
191.83684210526314
  0
LWPOLYLINE
  5
41
330
17
100
AcDbEntity
  8
HIDDEN
100
AcDbPolyline
 90
2
 70
0
 10
151.73684210526315
 20
194.78947368421052
 10
151.73684210526315
 20
225.21052631578948
  0
LWPOLYLINE
  5
42
330
17
100
AcDbEntity
  8
HIDDEN
100
AcDbPolyline
 90
2
 70
0
 10
151.73684210526315
 20
225.21052631578948
 10
172.31578947368422
 20
225.21052631578948
  0
LWPOLYLINE
  5
43
330
17
100
AcDbEntity
  8
HIDDEN
100
AcDbPolyline
 90
2
 70
0
 10
155.31578947368422
 20
221.6315789473684
 10
172.31578947368422
 20
221.6315789473684
  0
LWPOLYLINE
  5
44
330
17
100
AcDbEntity
  8
HIDDEN
100
AcDbPolyline
 90
2
 70
0
 10
155.31578947368422
 20
198.3684210526316
 10
155.31578947368422
 20
221.6315789473684
  0
LWPOLYLINE
  5
45
330
17
100
AcDbEntity
  8
HIDDEN
100
AcDbPolyline
 90
2
 70
0
 10
155.31578947368422
 20
198.3684210526316
 10
172.31578947368422
 20
198.3684210526316
  0
LWPOLYLINE
  5
46
330
17
100
AcDbEntity
  8
HIDDEN
100
AcDbPolyline
 90
2
 70
0
 10
172.31578947368422
 20
194.78947368421052
 10
151.73684210526315
 20
194.78947368421052
  0
LWPOLYLINE
  5
47
330
17
100
AcDbEntity
  8
HIDDEN
100
AcDbPolyline
 90
2
 70
0
 10
57.78947368421053
 20
223.68947368421053
 10
57.78947368421053
 20
228.16315789473686
  0
LWPOLYLINE
  5
48
330
17
100
AcDbEntity
  8
HIDDEN
100
AcDbPolyline
 90
2
 70
0
 10
57.78947368421053
 20
228.16315789473686
 10
150.8421052631579
 20
228.16315789473686
  0
LWPOLYLINE
  5
49
330
17
100
AcDbEntity
  8
HIDDEN
100
AcDbPolyline
 90
2
 70
0
 10
150.8421052631579
 20
223.68947368421053
 10
150.8421052631579
 20
228.16315789473686
  0
LWPOLYLINE
  5
4A
330
17
100
AcDbEntity
  8
HIDDEN
100
AcDbPolyline
 90
2
 70
0
 10
57.78947368421053
 20
223.68947368421053
 10
150.8421052631579
 20
223.68947368421053
  0
LWPOLYLINE
  5
4B
330
17
100
AcDbEntity
  8
HIDDEN
100
AcDbPolyline
 90
22
 70
0
 10
139.83684210526314
 20
226.10526315789474
 10
139.76926600459052
 20
226.55360129160397
 10
139.57254213567012
 20
226.9621026146336
 10
139.26415027756408
 20
227.294469991754
 10
138.87149240022046
 20
227.52117112293777
 10
138.429457879192
 20
227.62206261781768
 10
137.97732342150854
 20
227.58817982431867
 10
137.55526315789473
 20
227.42253337733527
 10
137.20077899495357
 20
227.13984169060944
 10
136.94536840619054
 20
226.7652231610788
 10
136.81172574326808
 20
226.33196428907848
 10
136.81172574326808
 20
225.87856202671097
 10
136.94536840619054
 20
225.44530315471067
 10
137.20077899495357
 20
225.07068462518004
 10
137.55526315789473
 20
224.7879929384542
 10
137.97732342150854
 20
224.6223464914708
 10
138.429457879192
 20
224.58846369797178
 10
138.87149240022046
 20
224.6893551928517
 10
139.26415027756408
 20
224.91605632403548
 10
139.57254213567012
 20
225.24842370115587
 10
139.76926600459052
 20
225.6569250241855
 10
139.83684210526314
 20
226.10526315789474
  0
LWPOLYLINE
  5
4C
330
17
100
AcDbEntity
  8
HIDDEN
100
AcDbPolyline
 90
2
 70
0
 10
141.31193350221565
 20
226.10526315789474
 10
139.81386148794994
 20
228.7
  0
LWPOLYLINE
  5
4D
330
17
100
AcDbEntity
  8
HIDDEN
100
AcDbPolyline
 90
2
 70
0
 10
139.81386148794994
 20
223.51052631578946
 10
141.31193350221565
 20
226.10526315789474
  0
LWPOLYLINE
  5
4E
330
17
100
AcDbEntity
  8
HIDDEN
100
AcDbPolyline
 90
2
 70
0
 10
139.81386148794994
 20
228.7
 10
136.81771745941847
 20
228.7
  0
LWPOLYLINE
  5
4F
330
17
100
AcDbEntity
  8
HIDDEN
100
AcDbPolyline
 90
2
 70
0
 10
136.81771745941847
 20
223.51052631578946
 10
139.81386148794994
 20
223.51052631578946
  0
LWPOLYLINE
  5
50
330
17
100
AcDbEntity
  8
HIDDEN
100
AcDbPolyline
 90
2
 70
0
 10
136.81771745941847
 20
228.7
 10
135.3196454451528
 20
226.10526315789474
  0
LWPOLYLINE
  5
51
330
17
100
AcDbEntity
  8
HIDDEN
100
AcDbPolyline
 90
2
 70
0
 10
135.3196454451528
 20
226.10526315789474
 10
136.81771745941847
 20
223.51052631578946
  0
LWPOLYLINE
  5
52
330
17
100
AcDbEntity
  8
HIDDEN
100
AcDbPolyline
 90
2
 70
0
 10
136.81771745941847
 20
223.51052631578946
 10
135.3196454451528
 20
226.10526315789474
  0
LWPOLYLINE
  5
53
330
17
100
AcDbEntity
  8
HIDDEN
100
AcDbPolyline
 90
2
 70
0
 10
22.0
 20
178.68421052631578
 10
22.0
 20
241.31578947368422
  0
LWPOLYLINE
  5
54
330
17
100
AcDbEntity
  8
HIDDEN
100
AcDbPolyline
 90
2
 70
0
 10
22.0
 20
241.31578947368422
 10
192.0
 20
241.31578947368422
  0
LWPOLYLINE
  5
55
330
17
100
AcDbEntity
  8
HIDDEN
100
AcDbPolyline
 90
2
 70
0
 10
22.0
 20
178.68421052631578
 10
192.0
 20
178.68421052631578
  0
LWPOLYLINE
  5
56
330
17
100
AcDbEntity
  8
HIDDEN
100
AcDbPolyline
 90
2
 70
0
 10
192.0
 20
178.68421052631578
 10
192.0
 20
241.31578947368422
  0
LWPOLYLINE
  5
57
330
17
100
AcDbEntity
  8
HIDDEN
100
AcDbPolyline
 90
23
 70
0
 10
30.857894736842105
 20
181.3684210526316
 10
30.78903279198675
 20
181.847366399262
 10
30.588025742655113
 20
182.2875104423061
 10
30.27115798454909
 20
182.65319532903382
 10
29.864100258945314
 20
182.91479544473427
 10
29.39982996190669
 20
183.05111750382918
 10
28.915959511777523
 20
183.05111750382918
 10
28.4516892147389
 20
182.91479544473427
 10
28.04463148913512
 20
182.65319532903382
 10
27.727763731029096
 20
182.2875104423061
 10
27.52675668169746
 20
181.847366399262
 10
27.457894736842107
 20
181.3684210526316
 10
27.52675668169746
 20
180.88947570600115
 10
27.727763731029096
 20
180.44933166295706
 10
28.04463148913512
 20
180.08364677622933
 10
28.4516892147389
 20
179.8220466605289
 10
28.91595951177752
 20
179.685724601434
 10
29.39982996190669
 20
179.685724601434
 10
29.86410025894531
 20
179.82204666052888
 10
30.271157984549088
 20
180.08364677622933
 10
30.588025742655113
 20
180.44933166295706
 10
30.78903279198675
 20
180.88947570600115
 10
30.857894736842105
 20
181.36842105263156
  0
LWPOLYLINE
  5
58
330
17
100
AcDbEntity
  8
HIDDEN
100
AcDbPolyline
 90
2
 70
0
 10
29.449296406786917
 20
189.33157894736843
 10
32.445440435318346
 20
189.33157894736843
  0
LWPOLYLINE
  5
59
330
17
100
AcDbEntity
  8
HIDDEN
100
AcDbPolyline
 90
2
 70
0
 10
27.951224392521205
 20
186.73684210526315
 10
29.44929640678692
 20
189.33157894736843
  0
LWPOLYLINE
  5
5A
330
17
100
AcDbEntity
  8
HIDDEN
100
AcDbPolyline
 90
2
 70
0
 10
32.445440435318346
 20
189.33157894736843
 10
33.94351244958406
 20
186.73684210526315
  0
LWPOLYLINE
  5
5B
330
17
100
AcDbEntity
  8
HIDDEN
100
AcDbPolyline
 90
2
 70
0
 10
29.449296406786917
 20
184.1421052631579
 10
27.951224392521205
 20
186.73684210526315
  0
LWPOLYLINE
  5
5C
330
17
100
AcDbEntity
  8
HIDDEN
100
AcDbPolyline
 90
2
 70
0
 10
33.943512449584055
 20
186.73684210526315
 10
32.445440435318346
 20
184.1421052631579
  0
LWPOLYLINE
  5
5D
330
17
100
AcDbEntity
  8
HIDDEN
100
AcDbPolyline
 90
2
 70
0
 10
32.445440435318346
 20
184.1421052631579
 10
29.449296406786917
 20
184.1421052631579
  0
LWPOLYLINE
  5
5E
330
17
100
AcDbEntity
  8
HIDDEN
100
AcDbPolyline
 90
2
 70
0
 10
40.18613851205008
 20
189.33157894736843
 10
43.182282540581504
 20
189.33157894736843
  0
LWPOLYLINE
  5
5F
330
17
100
AcDbEntity
  8
HIDDEN
100
AcDbPolyline
 90
2
 70
0
 10
38.68806649778436
 20
186.73684210526315
 10
40.18613851205008
 20
189.33157894736843
  0
LWPOLYLINE
  5
60
330
17
100
AcDbEntity
  8
HIDDEN
100
AcDbPolyline
 90
2
 70
0
 10
43.182282540581504
 20
189.33157894736843
 10
44.68035455484722
 20
186.73684210526315
  0
LWPOLYLINE
  5
61
330
17
100
AcDbEntity
  8
HIDDEN
100
AcDbPolyline
 90
2
 70
0
 10
40.18613851205008
 20
184.1421052631579
 10
38.68806649778436
 20
186.73684210526315
  0
LWPOLYLINE
  5
62
330
17
100
AcDbEntity
  8
HIDDEN
100
AcDbPolyline
 90
2
 70
0
 10
44.68035455484721
 20
186.73684210526315
 10
43.1822825405815
 20
184.1421052631579
  0
LWPOLYLINE
  5
63
330
17
100
AcDbEntity
  8
HIDDEN
100
AcDbPolyline
 90
2
 70
0
 10
43.1822825405815
 20
184.1421052631579
 10
40.18613851205008
 20
184.1421052631579
  0
LWPOLYLINE
  5
64
330
17
100
AcDbEntity
  8
HIDDEN
100
AcDbPolyline
 90
2
 70
0
 10
69.71245430152376
 20
196.48947368421054
 10
72.7085983300552
 20
196.48947368421054
  0
LWPOLYLINE
  5
65
330
17
100
AcDbEntity
  8
HIDDEN
100
AcDbPolyline
 90
2
 70
0
 10
68.21438228725805
 20
193.89473684210526
 10
69.71245430152376
 20
196.48947368421054
  0
LWPOLYLINE
  5
66
330
17
100
AcDbEntity
  8
HIDDEN
100
AcDbPolyline
 90
2
 70
0
 10
72.7085983300552
 20
196.48947368421054
 10
74.2066703443209
 20
193.89473684210526
  0
LWPOLYLINE
  5
67
330
17
100
AcDbEntity
  8
HIDDEN
100
AcDbPolyline
 90
2
 70
0
 10
69.71245430152376
 20
191.3
 10
68.21438228725805
 20
193.89473684210526
  0
LWPOLYLINE
  5
68
330
17
100
AcDbEntity
  8
HIDDEN
100
AcDbPolyline
 90
2
 70
0
 10
74.20667034432091
 20
193.89473684210526
 10
72.7085983300552
 20
191.3
  0
LWPOLYLINE
  5
69
330
17
100
AcDbEntity
  8
HIDDEN
100
AcDbPolyline
 90
2
 70
0
 10
72.7085983300552
 20
191.3
 10
69.71245430152376
 20
191.3
  0
LWPOLYLINE
  5
6A
330
17
100
AcDbEntity
  8
HIDDEN
100
AcDbPolyline
 90
2
 70
0
 10
136.81771745941847
 20
196.48947368421054
 10
139.81386148794994
 20
196.48947368421054
  0
LWPOLYLINE
  5
6B
330
17
100
AcDbEntity
  8
HIDDEN
100
AcDbPolyline
 90
2
 70
0
 10
135.3196454451528
 20
193.89473684210526
 10
136.81771745941847
 20
196.48947368421054
  0
LWPOLYLINE
  5
6C
330
17
100
AcDbEntity
  8
HIDDEN
100
AcDbPolyline
 90
2
 70
0
 10
139.81386148794994
 20
196.48947368421054
 10
141.31193350221565
 20
193.89473684210526
  0
LWPOLYLINE
  5
6D
330
17
100
AcDbEntity
  8
HIDDEN
100
AcDbPolyline
 90
2
 70
0
 10
136.81771745941847
 20
191.29999999999998
 10
135.3196454451528
 20
193.89473684210526
  0
LWPOLYLINE
  5
6E
330
17
100
AcDbEntity
  8
HIDDEN
100
AcDbPolyline
 90
2
 70
0
 10
141.31193350221565
 20
193.89473684210526
 10
139.81386148794994
 20
191.29999999999998
  0
LWPOLYLINE
  5
6F
330
17
100
AcDbEntity
  8
HIDDEN
100
AcDbPolyline
 90
2
 70
0
 10
139.81386148794994
 20
191.3
 10
136.81771745941847
 20
191.3
  0
LWPOLYLINE
  5
70
330
17
100
AcDbEntity
  8
HIDDEN
100
AcDbPolyline
 90
23
 70
0
 10
184.7526315789474
 20
181.3684210526316
 10
184.68376963409202
 20
181.847366399262
 10
184.4827625847604
 20
182.2875104423061
 10
184.16589482665435
 20
182.65319532903382
 10
183.75883710105057
 20
182.91479544473427
 10
183.29456680401196
 20
183.05111750382918
 10
182.81069635388278
 20
183.05111750382918
 10
182.34642605684417
 20
182.91479544473427
 10
181.9393683312404
 20
182.65319532903382
 10
181.62250057313435
 20
182.2875104423061
 10
181.42149352380272
 20
181.847366399262
 10
181.35263157894735
 20
181.3684210526316
 10
181.42149352380272
 20
180.88947570600115
 10
181.62250057313435
 20
180.44933166295706
 10
181.9393683312404
 20
180.08364677622933
 10
182.34642605684417
 20
179.8220466605289
 10
182.81069635388278
 20
179.685724601434
 10
183.29456680401194
 20
179.685724601434
 10
183.75883710105057
 20
179.82204666052888
 10
184.16589482665435
 20
180.08364677622933
 10
184.4827625847604
 20
180.44933166295706
 10
184.68376963409202
 20
180.88947570600115
 10
184.7526315789474
 20
181.36842105263156
  0
LWPOLYLINE
  5
71
330
17
100
AcDbEntity
  8
HIDDEN
100
AcDbPolyline
 90
2
 70
0
 10
29.449296406786917
 20
235.8578947368421
 10
32.445440435318346
 20
235.8578947368421
  0
LWPOLYLINE
  5
72
330
17
100
AcDbEntity
  8
HIDDEN
100
AcDbPolyline
 90
2
 70
0
 10
27.951224392521205
 20
233.26315789473685
 10
29.44929640678692
 20
235.8578947368421
  0
LWPOLYLINE
  5
73
330
17
100
AcDbEntity
  8
HIDDEN
100
AcDbPolyline
 90
2
 70
0
 10
32.445440435318346
 20
235.8578947368421
 10
33.94351244958406
 20
233.26315789473685
  0
LWPOLYLINE
  5
74
330
17
100
AcDbEntity
  8
HIDDEN
100
AcDbPolyline
 90
2
 70
0
 10
29.449296406786917
 20
230.66842105263157
 10
27.951224392521205
 20
233.26315789473685
  0
LWPOLYLINE
  5
75
330
17
100
AcDbEntity
  8
HIDDEN
100
AcDbPolyline
 90
2
 70
0
 10
33.94351244958406
 20
233.26315789473685
 10
32.445440435318346
 20
230.66842105263157
  0
LWPOLYLINE
  5
76
330
17
100
AcDbEntity
  8
HIDDEN
100
AcDbPolyline
 90
2
 70
0
 10
32.445440435318346
 20
230.66842105263157
 10
29.449296406786917
 20
230.66842105263157
  0
LWPOLYLINE
  5
77
330
17
100
AcDbEntity
  8
HIDDEN
100
AcDbPolyline
 90
2
 70
0
 10
40.18613851205008
 20
235.8578947368421
 10
43.182282540581504
 20
235.8578947368421
  0
LWPOLYLINE
  5
78
330
17
100
AcDbEntity
  8
HIDDEN
100
AcDbPolyline
 90
2
 70
0
 10
38.68806649778436
 20
233.26315789473685
 10
40.18613851205008
 20
235.8578947368421
  0
LWPOLYLINE
  5
79
330
17
100
AcDbEntity
  8
HIDDEN
100
AcDbPolyline
 90
2
 70
0
 10
43.18228254058151
 20
235.8578947368421
 10
44.68035455484722
 20
233.26315789473685
  0
LWPOLYLINE
  5
7A
330
17
100
AcDbEntity
  8
HIDDEN
100
AcDbPolyline
 90
2
 70
0
 10
40.18613851205008
 20
230.66842105263157
 10
38.68806649778436
 20
233.26315789473685
  0
LWPOLYLINE
  5
7B
330
17
100
AcDbEntity
  8
HIDDEN
100
AcDbPolyline
 90
2
 70
0
 10
44.68035455484722
 20
233.26315789473685
 10
43.182282540581504
 20
230.66842105263157
  0
LWPOLYLINE
  5
7C
330
17
100
AcDbEntity
  8
HIDDEN
100
AcDbPolyline
 90
2
 70
0
 10
43.1822825405815
 20
230.66842105263157
 10
40.18613851205008
 20
230.66842105263157
  0
LWPOLYLINE
  5
7D
330
17
100
AcDbEntity
  8
HIDDEN
100
AcDbPolyline
 90
23
 70
0
 10
30.857894736842105
 20
238.6315789473684
 10
30.78903279198675
 20
239.11052429399885
 10
30.588025742655113
 20
239.55066833704294
 10
30.27115798454909
 20
239.91635322377067
 10
29.864100258945314
 20
240.17795333947112
 10
29.39982996190669
 20
240.314275398566
 10
28.915959511777523
 20
240.314275398566
 10
28.4516892147389
 20
240.17795333947112
 10
28.04463148913512
 20
239.91635322377067
 10
27.727763731029096
 20
239.55066833704294
 10
27.52675668169746
 20
239.11052429399885
 10
27.457894736842107
 20
238.6315789473684
 10
27.52675668169746
 20
238.152633600738
 10
27.727763731029096
 20
237.7124895576939
 10
28.04463148913512
 20
237.34680467096618
 10
28.4516892147389
 20
237.08520455526573
 10
28.91595951177752
 20
236.94888249617082
 10
29.39982996190669
 20
236.94888249617082
 10
29.86410025894531
 20
237.08520455526573
 10
30.271157984549088
 20
237.34680467096618
 10
30.588025742655113
 20
237.7124895576939
 10
30.78903279198675
 20
238.152633600738
 10
30.857894736842105
 20
238.6315789473684
  0
LWPOLYLINE
  5
7E
330
17
100
AcDbEntity
  8
HIDDEN
100
AcDbPolyline
 90
2
 70
0
 10
69.71245430152376
 20
228.7
 10
72.7085983300552
 20
228.7
  0
LWPOLYLINE
  5
7F
330
17
100
AcDbEntity
  8
HIDDEN
100
AcDbPolyline
 90
2
 70
0
 10
68.21438228725805
 20
226.10526315789474
 10
69.71245430152376
 20
228.70000000000002
  0
LWPOLYLINE
  5
80
330
17
100
AcDbEntity
  8
HIDDEN
100
AcDbPolyline
 90
2
 70
0
 10
72.7085983300552
 20
228.7
 10
74.2066703443209
 20
226.10526315789474
  0
LWPOLYLINE
  5
81
330
17
100
AcDbEntity
  8
HIDDEN
100
AcDbPolyline
 90
2
 70
0
 10
69.71245430152376
 20
223.51052631578946
 10
68.21438228725805
 20
226.10526315789474
  0
LWPOLYLINE
  5
82
330
17
100
AcDbEntity
  8
HIDDEN
100
AcDbPolyline
 90
2
 70
0
 10
74.20667034432091
 20
226.10526315789474
 10
72.7085983300552
 20
223.51052631578946
  0
LWPOLYLINE
  5
83
330
17
100
AcDbEntity
  8
HIDDEN
100
AcDbPolyline
 90
2
 70
0
 10
72.7085983300552
 20
223.51052631578946
 10
69.71245430152376
 20
223.51052631578946
  0
LWPOLYLINE
  5
84
330
17
100
AcDbEntity
  8
HIDDEN
100
AcDbPolyline
 90
2
 70
0
 10
136.81771745941847
 20
228.7
 10
139.81386148794994
 20
228.7
  0
LWPOLYLINE
  5
85
330
17
100
AcDbEntity
  8
HIDDEN
100
AcDbPolyline
 90
2
 70
0
 10
135.3196454451528
 20
226.10526315789474
 10
136.81771745941847
 20
228.70000000000002
  0
LWPOLYLINE
  5
86
330
17
100
AcDbEntity
  8
HIDDEN
100
AcDbPolyline
 90
2
 70
0
 10
139.81386148794994
 20
228.7
 10
141.31193350221565
 20
226.10526315789474
  0
LWPOLYLINE
  5
87
330
17
100
AcDbEntity
  8
HIDDEN
100
AcDbPolyline
 90
2
 70
0
 10
141.31193350221565
 20
226.10526315789474
 10
139.81386148794994
 20
223.51052631578946
  0
LWPOLYLINE
  5
88
330
17
100
AcDbEntity
  8
HIDDEN
100
AcDbPolyline
 90
2
 70
0
 10
139.81386148794994
 20
223.51052631578946
 10
136.81771745941847
 20
223.51052631578946
  0
LWPOLYLINE
  5
89
330
17
100
AcDbEntity
  8
HIDDEN
100
AcDbPolyline
 90
23
 70
0
 10
184.7526315789474
 20
238.6315789473684
 10
184.68376963409202
 20
239.11052429399885
 10
184.4827625847604
 20
239.55066833704294
 10
184.16589482665435
 20
239.91635322377067
 10
183.75883710105057
 20
240.17795333947112
 10
183.29456680401196
 20
240.314275398566
 10
182.81069635388278
 20
240.314275398566
 10
182.34642605684417
 20
240.17795333947112
 10
181.9393683312404
 20
239.91635322377067
 10
181.62250057313435
 20
239.55066833704294
 10
181.42149352380272
 20
239.11052429399885
 10
181.35263157894735
 20
238.6315789473684
 10
181.42149352380272
 20
238.152633600738
 10
181.62250057313435
 20
237.7124895576939
 10
181.9393683312404
 20
237.34680467096618
 10
182.34642605684417
 20
237.08520455526573
 10
182.81069635388278
 20
236.94888249617082
 10
183.29456680401194
 20
236.94888249617082
 10
183.75883710105057
 20
237.08520455526573
 10
184.16589482665435
 20
237.34680467096618
 10
184.4827625847604
 20
237.7124895576939
 10
184.68376963409202
 20
238.152633600738
 10
184.7526315789474
 20
238.6315789473684
  0
LWPOLYLINE
  5
8A
330
17
100
AcDbEntity
  8
HIDDEN
100
AcDbPolyline
 90
23
 70
0
 10
184.7526315789474
 20
238.6315789473684
 10
184.68376963409202
 20
239.11052429399885
 10
184.4827625847604
 20
239.55066833704294
 10
184.16589482665435
 20
239.91635322377067
 10
183.75883710105057
 20
240.17795333947112
 10
183.29456680401196
 20
240.314275398566
 10
182.81069635388278
 20
240.314275398566
 10
182.34642605684417
 20
240.17795333947112
 10
181.9393683312404
 20
239.91635322377067
 10
181.62250057313435
 20
239.55066833704294
 10
181.42149352380272
 20
239.11052429399885
 10
181.35263157894735
 20
238.6315789473684
 10
181.42149352380272
 20
238.152633600738
 10
181.62250057313435
 20
237.7124895576939
 10
181.9393683312404
 20
237.34680467096618
 10
182.34642605684417
 20
237.08520455526573
 10
182.81069635388278
 20
236.94888249617082
 10
183.29456680401194
 20
236.94888249617082
 10
183.75883710105057
 20
237.08520455526573
 10
184.16589482665435
 20
237.34680467096618
 10
184.4827625847604
 20
237.7124895576939
 10
184.68376963409202
 20
238.152633600738
 10
184.7526315789474
 20
238.6315789473684
  0
LWPOLYLINE
  5
8B
330
17
100
AcDbEntity
  8
HIDDEN
100
AcDbPolyline
 90
2
 70
0
 10
69.71245430152376
 20
223.51052631578946
 10
72.7085983300552
 20
223.51052631578946
  0
LWPOLYLINE
  5
8C
330
17
100
AcDbEntity
  8
HIDDEN
100
AcDbPolyline
 90
2
 70
0
 10
74.2066703443209
 20
226.10526315789474
 10
72.7085983300552
 20
228.7
  0
LWPOLYLINE
  5
8D
330
17
100
AcDbEntity
  8
HIDDEN
100
AcDbPolyline
 90
2
 70
0
 10
72.7085983300552
 20
223.51052631578946
 10
74.20667034432091
 20
226.10526315789474
  0
LWPOLYLINE
  5
8E
330
17
100
AcDbEntity
  8
HIDDEN
100
AcDbPolyline
 90
2
 70
0
 10
72.7085983300552
 20
228.7
 10
69.71245430152376
 20
228.7
  0
LWPOLYLINE
  5
8F
330
17
100
AcDbEntity
  8
HIDDEN
100
AcDbPolyline
 90
2
 70
0
 10
69.71245430152376
 20
228.7
 10
68.21438228725805
 20
226.10526315789474
  0
LWPOLYLINE
  5
90
330
17
100
AcDbEntity
  8
HIDDEN
100
AcDbPolyline
 90
2
 70
0
 10
68.21438228725805
 20
226.10526315789474
 10
69.71245430152376
 20
223.51052631578946
  0
LWPOLYLINE
  5
91
330
17
100
AcDbEntity
  8
HIDDEN
100
AcDbPolyline
 90
22
 70
0
 10
72.73157894736843
 20
226.10526315789474
 10
72.66400284669577
 20
226.55360129160397
 10
72.46727897777538
 20
226.9621026146336
 10
72.15888711966934
 20
227.294469991754
 10
71.76622924232572
 20
227.52117112293777
 10
71.32419472129725
 20
227.62206261781768
 10
70.87206026361382
 20
227.58817982431867
 10
70.44999999999999
 20
227.42253337733527
 10
70.09551583705884
 20
227.13984169060944
 10
69.8401052482958
 20
226.7652231610788
 10
69.70646258537336
 20
226.33196428907848
 10
69.70646258537336
 20
225.87856202671097
 10
69.8401052482958
 20
225.44530315471067
 10
70.09551583705884
 20
225.07068462518004
 10
70.44999999999999
 20
224.7879929384542
 10
70.87206026361382
 20
224.6223464914708
 10
71.32419472129725
 20
224.58846369797178
 10
71.76622924232572
 20
224.6893551928517
 10
72.15888711966934
 20
224.91605632403548
 10
72.46727897777538
 20
225.24842370115587
 10
72.66400284669577
 20
225.6569250241855
 10
72.73157894736843
 20
226.10526315789474
  0
LWPOLYLINE
  5
92
330
17
100
AcDbEntity
  8
HIDDEN
100
AcDbPolyline
 90
23
 70
0
 10
30.857894736842105
 20
238.6315789473684
 10
30.78903279198675
 20
239.11052429399885
 10
30.588025742655113
 20
239.55066833704294
 10
30.27115798454909
 20
239.91635322377067
 10
29.864100258945314
 20
240.17795333947112
 10
29.39982996190669
 20
240.314275398566
 10
28.915959511777523
 20
240.314275398566
 10
28.4516892147389
 20
240.17795333947112
 10
28.04463148913512
 20
239.91635322377067
 10
27.727763731029096
 20
239.55066833704294
 10
27.52675668169746
 20
239.11052429399885
 10
27.457894736842107
 20
238.6315789473684
 10
27.52675668169746
 20
238.152633600738
 10
27.727763731029096
 20
237.7124895576939
 10
28.04463148913512
 20
237.34680467096618
 10
28.4516892147389
 20
237.08520455526573
 10
28.91595951177752
 20
236.94888249617082
 10
29.39982996190669
 20
236.94888249617082
 10
29.86410025894531
 20
237.08520455526573
 10
30.271157984549088
 20
237.34680467096618
 10
30.588025742655113
 20
237.7124895576939
 10
30.78903279198675
 20
238.152633600738
 10
30.857894736842105
 20
238.6315789473684
  0
LWPOLYLINE
  5
93
330
17
100
AcDbEntity
  8
HIDDEN
100
AcDbPolyline
 90
2
 70
0
 10
40.18613851205008
 20
230.66842105263157
 10
43.1822825405815
 20
230.66842105263157
  0
LWPOLYLINE
  5
94
330
17
100
AcDbEntity
  8
HIDDEN
100
AcDbPolyline
 90
2
 70
0
 10
44.68035455484721
 20
233.26315789473685
 10
43.182282540581504
 20
235.8578947368421
  0
LWPOLYLINE
  5
95
330
17
100
AcDbEntity
  8
HIDDEN
100
AcDbPolyline
 90
2
 70
0
 10
43.1822825405815
 20
230.66842105263157
 10
44.68035455484721
 20
233.26315789473685
  0
LWPOLYLINE
  5
96
330
17
100
AcDbEntity
  8
HIDDEN
100
AcDbPolyline
 90
2
 70
0
 10
43.182282540581504
 20
235.8578947368421
 10
40.18613851205008
 20
235.8578947368421
  0
LWPOLYLINE
  5
97
330
17
100
AcDbEntity
  8
HIDDEN
100
AcDbPolyline
 90
2
 70
0
 10
40.18613851205008
 20
235.8578947368421
 10
38.68806649778436
 20
233.26315789473685
  0
LWPOLYLINE
  5
98
330
17
100
AcDbEntity
  8
HIDDEN
100
AcDbPolyline
 90
2
 70
0
 10
38.68806649778436
 20
233.26315789473685
 10
40.18613851205008
 20
230.66842105263157
  0
LWPOLYLINE
  5
99
330
17
100
AcDbEntity
  8
HIDDEN
100
AcDbPolyline
 90
22
 70
0
 10
43.205263157894734
 20
233.26315789473685
 10
43.13768705722208
 20
233.71149602844605
 10
42.940963188301694
 20
234.11999735147572
 10
42.63257133019565
 20
234.4523647285961
 10
42.23991345285204
 20
234.67906585977988
 10
41.79787893182356
 20
234.77995735465979
 10
41.34574447414013
 20
234.74607456116078
 10
40.92368421052632
 20
234.58042811417738
 10
40.569200047585156
 20
234.29773642745155
 10
40.313789458822114
 20
233.92311789792092
 10
40.180146795899674
 20
233.4898590259206
 10
40.180146795899674
 20
233.03645676355308
 10
40.313789458822114
 20
232.60319789155278
 10
40.569200047585156
 20
232.22857936202212
 10
40.92368421052632
 20
231.9458876752963
 10
41.34574447414013
 20
231.78024122831292
 10
41.79787893182356
 20
231.74635843481389
 10
42.23991345285204
 20
231.84724992969382
 10
42.63257133019565
 20
232.07395106087756
 10
42.940963188301694
 20
232.40631843799798
 10
43.13768705722208
 20
232.81481976102762
 10
43.205263157894734
 20
233.26315789473685
  0
LWPOLYLINE
  5
9A
330
17
100
AcDbEntity
  8
HIDDEN
100
AcDbPolyline
 90
2
 70
0
 10
29.449296406786917
 20
230.66842105263157
 10
32.445440435318346
 20
230.66842105263157
  0
LWPOLYLINE
  5
9B
330
17
100
AcDbEntity
  8
HIDDEN
100
AcDbPolyline
 90
2
 70
0
 10
33.943512449584055
 20
233.26315789473685
 10
32.445440435318346
 20
235.8578947368421
  0
LWPOLYLINE
  5
9C
330
17
100
AcDbEntity
  8
HIDDEN
100
AcDbPolyline
 90
2
 70
0
 10
32.445440435318346
 20
230.66842105263157
 10
33.943512449584055
 20
233.26315789473685
  0
LWPOLYLINE
  5
9D
330
17
100
AcDbEntity
  8
HIDDEN
100
AcDbPolyline
 90
2
 70
0
 10
32.445440435318346
 20
235.8578947368421
 10
29.449296406786917
 20
235.8578947368421
  0
LWPOLYLINE
  5
9E
330
17
100
AcDbEntity
  8
HIDDEN
100
AcDbPolyline
 90
2
 70
0
 10
29.449296406786917
 20
235.8578947368421
 10
27.951224392521205
 20
233.26315789473685
  0
LWPOLYLINE
  5
9F
330
17
100
AcDbEntity
  8
HIDDEN
100
AcDbPolyline
 90
2
 70
0
 10
27.951224392521205
 20
233.26315789473685
 10
29.449296406786917
 20
230.66842105263157
  0
LWPOLYLINE
  5
A0
330
17
100
AcDbEntity
  8
HIDDEN
100
AcDbPolyline
 90
22
 70
0
 10
32.46842105263158
 20
233.26315789473685
 10
32.400844951958916
 20
233.71149602844605
 10
32.204121083038544
 20
234.11999735147572
 10
31.895729224932495
 20
234.4523647285961
 10
31.503071347588886
 20
234.67906585977988
 10
31.061036826560404
 20
234.77995735465979
 10
30.608902368876976
 20
234.74607456116078
 10
30.18684210526316
 20
234.58042811417738
 10
29.832357942322
 20
234.29773642745155
 10
29.576947353558953
 20
233.92311789792092
 10
29.443304690636516
 20
233.4898590259206
 10
29.443304690636516
 20
233.03645676355308
 10
29.57694735355895
 20
232.60319789155278
 10
29.832357942322
 20
232.22857936202212
 10
30.186842105263157
 20
231.9458876752963
 10
30.608902368876976
 20
231.78024122831292
 10
31.061036826560404
 20
231.74635843481389
 10
31.503071347588886
 20
231.84724992969382
 10
31.895729224932495
 20
232.07395106087756
 10
32.204121083038544
 20
232.40631843799798
 10
32.400844951958916
 20
232.81481976102762
 10
32.46842105263158
 20
233.26315789473685
  0
LWPOLYLINE
  5
A1
330
17
100
AcDbEntity
  8
HIDDEN
100
AcDbPolyline
 90
23
 70
0
 10
184.7526315789474
 20
181.3684210526316
 10
184.68376963409202
 20
181.847366399262
 10
184.4827625847604
 20
182.2875104423061
 10
184.16589482665435
 20
182.65319532903382
 10
183.75883710105057
 20
182.91479544473427
 10
183.29456680401196
 20
183.05111750382918
 10
182.81069635388278
 20
183.05111750382918
 10
182.34642605684417
 20
182.91479544473427
 10
181.9393683312404
 20
182.65319532903382
 10
181.62250057313435
 20
182.2875104423061
 10
181.42149352380272
 20
181.847366399262
 10
181.35263157894735
 20
181.3684210526316
 10
181.42149352380272
 20
180.88947570600115
 10
181.62250057313435
 20
180.44933166295706
 10
181.9393683312404
 20
180.08364677622933
 10
182.34642605684417
 20
179.8220466605289
 10
182.81069635388278
 20
179.685724601434
 10
183.29456680401194
 20
179.685724601434
 10
183.75883710105057
 20
179.82204666052888
 10
184.16589482665435
 20
180.08364677622933
 10
184.4827625847604
 20
180.44933166295706
 10
184.68376963409202
 20
180.88947570600115
 10
184.7526315789474
 20
181.36842105263156
  0
LWPOLYLINE
  5
A2
330
17
100
AcDbEntity
  8
HIDDEN
100
AcDbPolyline
 90
2
 70
0
 10
136.81771745941847
 20
191.3
 10
139.81386148794994
 20
191.3
  0
LWPOLYLINE
  5
A3
330
17
100
AcDbEntity
  8
HIDDEN
100
AcDbPolyline
 90
2
 70
0
 10
141.31193350221565
 20
193.89473684210526
 10
139.81386148794994
 20
196.48947368421054
  0
LWPOLYLINE
  5
A4
330
17
100
AcDbEntity
  8
HIDDEN
100
AcDbPolyline
 90
2
 70
0
 10
139.81386148794994
 20
191.3
 10
141.31193350221565
 20
193.89473684210526
  0
LWPOLYLINE
  5
A5
330
17
100
AcDbEntity
  8
HIDDEN
100
AcDbPolyline
 90
2
 70
0
 10
139.81386148794994
 20
196.48947368421054
 10
136.81771745941847
 20
196.48947368421054
  0
LWPOLYLINE
  5
A6
330
17
100
AcDbEntity
  8
HIDDEN
100
AcDbPolyline
 90
2
 70
0
 10
136.81771745941847
 20
196.48947368421054
 10
135.3196454451528
 20
193.89473684210526
  0
LWPOLYLINE
  5
A7
330
17
100
AcDbEntity
  8
HIDDEN
100
AcDbPolyline
 90
2
 70
0
 10
135.3196454451528
 20
193.89473684210526
 10
136.81771745941847
 20
191.3
  0
LWPOLYLINE
  5
A8
330
17
100
AcDbEntity
  8
HIDDEN
100
AcDbPolyline
 90
22
 70
0
 10
139.83684210526314
 20
193.89473684210526
 10
139.76926600459052
 20
194.3430749758145
 10
139.57254213567012
 20
194.75157629884416
 10
139.26415027756408
 20
195.08394367596452
 10
138.87149240022046
 20
195.3106448071483
 10
138.429457879192
 20
195.41153630202822
 10
137.97732342150854
 20
195.3776535085292
 10
137.55526315789473
 20
195.2120070615458
 10
137.20077899495357
 20
194.92931537481996
 10
136.94536840619054
 20
194.55469684528933
 10
136.81172574326808
 20
194.12143797328903
 10
136.81172574326808
 20
193.66803571092152
 10
136.94536840619054
 20
193.2347768389212
 10
137.20077899495357
 20
192.86015830939056
 10
137.55526315789473
 20
192.57746662266473
 10
137.97732342150854
 20
192.41182017568133
 10
138.429457879192
 20
192.37793738218232
 10
138.87149240022046
 20
192.47882887706223
 10
139.26415027756408
 20
192.705530008246
 10
139.57254213567012
 20
193.0378973853664
 10
139.76926600459052
 20
193.44639870839606
 10
139.83684210526314
 20
193.89473684210526
  0
LWPOLYLINE
  5
A9
330
17
100
AcDbEntity
  8
HIDDEN
100
AcDbPolyline
 90
22
 70
0
 10
72.73157894736843
 20
193.89473684210526
 10
72.66400284669577
 20
194.3430749758145
 10
72.46727897777538
 20
194.75157629884416
 10
72.15888711966934
 20
195.08394367596452
 10
71.76622924232572
 20
195.3106448071483
 10
71.32419472129725
 20
195.41153630202822
 10
70.87206026361382
 20
195.3776535085292
 10
70.44999999999999
 20
195.2120070615458
 10
70.09551583705884
 20
194.92931537481996
 10
69.8401052482958
 20
194.55469684528933
 10
69.70646258537336
 20
194.12143797328903
 10
69.70646258537336
 20
193.66803571092152
 10
69.8401052482958
 20
193.2347768389212
 10
70.09551583705884
 20
192.86015830939056
 10
70.44999999999999
 20
192.57746662266473
 10
70.87206026361382
 20
192.41182017568133
 10
71.32419472129725
 20
192.37793738218232
 10
71.76622924232572
 20
192.47882887706223
 10
72.15888711966934
 20
192.705530008246
 10
72.46727897777538
 20
193.0378973853664
 10
72.66400284669577
 20
193.44639870839606
 10
72.73157894736843
 20
193.89473684210526
  0
LWPOLYLINE
  5
AA
330
17
100
AcDbEntity
  8
HIDDEN
100
AcDbPolyline
 90
2
 70
0
 10
74.2066703443209
 20
193.89473684210526
 10
72.7085983300552
 20
196.48947368421054
  0
LWPOLYLINE
  5
AB
330
17
100
AcDbEntity
  8
HIDDEN
100
AcDbPolyline
 90
2
 70
0
 10
72.7085983300552
 20
191.3
 10
74.20667034432091
 20
193.89473684210526
  0
LWPOLYLINE
  5
AC
330
17
100
AcDbEntity
  8
HIDDEN
100
AcDbPolyline
 90
2
 70
0
 10
72.7085983300552
 20
196.48947368421054
 10
69.71245430152376
 20
196.48947368421054
  0
LWPOLYLINE
  5
AD
330
17
100
AcDbEntity
  8
HIDDEN
100
AcDbPolyline
 90
2
 70
0
 10
69.71245430152376
 20
191.3
 10
72.7085983300552
 20
191.3
  0
LWPOLYLINE
  5
AE
330
17
100
AcDbEntity
  8
HIDDEN
100
AcDbPolyline
 90
2
 70
0
 10
69.71245430152376
 20
196.48947368421054
 10
68.21438228725805
 20
193.89473684210526
  0
LWPOLYLINE
  5
AF
330
17
100
AcDbEntity
  8
HIDDEN
100
AcDbPolyline
 90
2
 70
0
 10
68.21438228725805
 20
193.89473684210526
 10
69.71245430152376
 20
191.3
  0
LWPOLYLINE
  5
B0
330
17
100
AcDbEntity
  8
HIDDEN
100
AcDbPolyline
 90
2
 70
0
 10
40.18613851205008
 20
184.1421052631579
 10
43.1822825405815
 20
184.1421052631579
  0
LWPOLYLINE
  5
B1
330
17
100
AcDbEntity
  8
HIDDEN
100
AcDbPolyline
 90
2
 70
0
 10
44.68035455484721
 20
186.73684210526315
 10
43.182282540581504
 20
189.33157894736843
  0
LWPOLYLINE
  5
B2
330
17
100
AcDbEntity
  8
HIDDEN
100
AcDbPolyline
 90
2
 70
0
 10
43.1822825405815
 20
184.1421052631579
 10
44.68035455484721
 20
186.73684210526315
  0
LWPOLYLINE
  5
B3
330
17
100
AcDbEntity
  8
HIDDEN
100
AcDbPolyline
 90
2
 70
0
 10
43.182282540581504
 20
189.33157894736843
 10
40.18613851205008
 20
189.33157894736843
  0
LWPOLYLINE
  5
B4
330
17
100
AcDbEntity
  8
HIDDEN
100
AcDbPolyline
 90
2
 70
0
 10
40.18613851205008
 20
189.33157894736843
 10
38.68806649778436
 20
186.73684210526315
  0
LWPOLYLINE
  5
B5
330
17
100
AcDbEntity
  8
HIDDEN
100
AcDbPolyline
 90
2
 70
0
 10
38.68806649778436
 20
186.73684210526315
 10
40.18613851205008
 20
184.1421052631579
  0
LWPOLYLINE
  5
B6
330
17
100
AcDbEntity
  8
HIDDEN
100
AcDbPolyline
 90
22
 70
0
 10
43.205263157894734
 20
186.73684210526315
 10
43.13768705722208
 20
187.18518023897238
 10
42.940963188301694
 20
187.59368156200205
 10
42.63257133019565
 20
187.92604893912244
 10
42.23991345285204
 20
188.15275007030618
 10
41.79787893182356
 20
188.25364156518611
 10
41.34574447414013
 20
188.21975877168708
 10
40.92368421052632
 20
188.0541123247037
 10
40.569200047585156
 20
187.77142063797788
 10
40.313789458822114
 20
187.39680210844722
 10
40.180146795899674
 20
186.96354323644692
 10
40.180146795899674
 20
186.5101409740794
 10
40.313789458822114
 20
186.07688210207908
 10
40.569200047585156
 20
185.70226357254845
 10
40.92368421052632
 20
185.41957188582262
 10
41.34574447414013
 20
185.25392543883922
 10
41.79787893182356
 20
185.22004264534021
 10
42.23991345285204
 20
185.32093414022012
 10
42.63257133019565
 20
185.5476352714039
 10
42.940963188301694
 20
185.88000264852428
 10
43.13768705722208
 20
186.28850397155395
 10
43.205263157894734
 20
186.73684210526315
  0
LWPOLYLINE
  5
B7
330
17
100
AcDbEntity
  8
HIDDEN
100
AcDbPolyline
 90
2
 70
0
 10
29.449296406786917
 20
184.1421052631579
 10
32.445440435318346
 20
184.1421052631579
  0
LWPOLYLINE
  5
B8
330
17
100
AcDbEntity
  8
HIDDEN
100
AcDbPolyline
 90
2
 70
0
 10
33.943512449584055
 20
186.73684210526315
 10
32.445440435318346
 20
189.33157894736843
  0
LWPOLYLINE
  5
B9
330
17
100
AcDbEntity
  8
HIDDEN
100
AcDbPolyline
 90
2
 70
0
 10
32.445440435318346
 20
184.1421052631579
 10
33.943512449584055
 20
186.73684210526315
  0
LWPOLYLINE
  5
BA
330
17
100
AcDbEntity
  8
HIDDEN
100
AcDbPolyline
 90
2
 70
0
 10
32.445440435318346
 20
189.33157894736843
 10
29.449296406786917
 20
189.33157894736843
  0
LWPOLYLINE
  5
BB
330
17
100
AcDbEntity
  8
HIDDEN
100
AcDbPolyline
 90
2
 70
0
 10
29.449296406786917
 20
189.33157894736843
 10
27.951224392521205
 20
186.73684210526315
  0
LWPOLYLINE
  5
BC
330
17
100
AcDbEntity
  8
HIDDEN
100
AcDbPolyline
 90
2
 70
0
 10
27.951224392521205
 20
186.73684210526315
 10
29.449296406786917
 20
184.1421052631579
  0
LWPOLYLINE
  5
BD
330
17
100
AcDbEntity
  8
HIDDEN
100
AcDbPolyline
 90
22
 70
0
 10
32.46842105263158
 20
186.73684210526315
 10
32.400844951958916
 20
187.18518023897238
 10
32.204121083038544
 20
187.59368156200205
 10
31.895729224932495
 20
187.92604893912244
 10
31.503071347588886
 20
188.15275007030618
 10
31.061036826560404
 20
188.25364156518611
 10
30.608902368876976
 20
188.21975877168708
 10
30.18684210526316
 20
188.0541123247037
 10
29.832357942322
 20
187.77142063797788
 10
29.576947353558953
 20
187.39680210844722
 10
29.443304690636516
 20
186.96354323644692
 10
29.443304690636516
 20
186.5101409740794
 10
29.57694735355895
 20
186.07688210207908
 10
29.832357942322
 20
185.70226357254845
 10
30.186842105263157
 20
185.41957188582262
 10
30.608902368876976
 20
185.25392543883922
 10
31.061036826560404
 20
185.22004264534021
 10
31.503071347588886
 20
185.32093414022012
 10
31.895729224932495
 20
185.5476352714039
 10
32.204121083038544
 20
185.88000264852428
 10
32.400844951958916
 20
186.28850397155395
 10
32.46842105263158
 20
186.73684210526315
  0
LWPOLYLINE
  5
BE
330
17
100
AcDbEntity
  8
HIDDEN
100
AcDbPolyline
 90
23
 70
0
 10
30.857894736842105
 20
181.3684210526316
 10
30.78903279198675
 20
181.847366399262
 10
30.588025742655113
 20
182.2875104423061
 10
30.27115798454909
 20
182.65319532903382
 10
29.864100258945314
 20
182.91479544473427
 10
29.39982996190669
 20
183.05111750382918
 10
28.915959511777523
 20
183.05111750382918
 10
28.4516892147389
 20
182.91479544473427
 10
28.04463148913512
 20
182.65319532903382
 10
27.727763731029096
 20
182.2875104423061
 10
27.52675668169746
 20
181.847366399262
 10
27.457894736842107
 20
181.3684210526316
 10
27.52675668169746
 20
180.88947570600115
 10
27.727763731029096
 20
180.44933166295706
 10
28.04463148913512
 20
180.08364677622933
 10
28.4516892147389
 20
179.8220466605289
 10
28.91595951177752
 20
179.685724601434
 10
29.39982996190669
 20
179.685724601434
 10
29.86410025894531
 20
179.82204666052888
 10
30.271157984549088
 20
180.08364677622933
 10
30.588025742655113
 20
180.44933166295706
 10
30.78903279198675
 20
180.88947570600115
 10
30.857894736842105
 20
181.36842105263156
  0
LWPOLYLINE
  5
BF
330
17
100
AcDbEntity
  8
HIDDEN
100
AcDbPolyline
 90
2
 70
0
 10
155.31578947368422
 20
198.3684210526316
 10
155.31578947368422
 20
194.78947368421052
  0
LWPOLYLINE
  5
C0
330
17
100
AcDbEntity
  8
HIDDEN
100
AcDbPolyline
 90
2
 70
0
 10
155.31578947368422
 20
225.21052631578948
 10
155.31578947368422
 20
221.6315789473684
  0
LWPOLYLINE
  5
C1
330
17
100
AcDbEntity
  8
HIDDEN
100
AcDbPolyline
 90
15
 70
0
 10
155.31578947368422
 20
210.0
 10
155.31578947368422
 20
209.51413310238328
 10
155.31578947368422
 20
209.03437626291063
 10
155.31578947368422
 20
208.5667627021998
 10
155.31578947368422
 20
208.1171729320925
 10
155.31578947368422
 20
207.6912608048058
 10
155.31578947368422
 20
207.29438241246038
 10
155.31578947368422
 20
206.93152873111416
 10
155.31578947368422
 20
206.6072628563427
 10
155.31578947368422
 20
206.32566261966463
 10
155.31578947368422
 20
206.09026930744452
 10
155.31578947368422
 20
205.90404312716186
 10
155.31578947368422
 20
205.76932598108468
 10
155.31578947368422
 20
205.68781201548958
 10
155.31578947368422
 20
205.66052631578947
  0
LWPOLYLINE
  5
C2
330
17
100
AcDbEntity
  8
HIDDEN
100
AcDbPolyline
 90
15
 70
0
 10
155.31578947368422
 20
205.66052631578947
 10
155.31578947368422
 20
205.76932598108468
 10
155.31578947368422
 20
206.09026930744452
 10
155.31578947368422
 20
206.6072628563427
 10
155.31578947368422
 20
207.29438241246038
 10
155.31578947368422
 20
208.1171729320925
 10
155.31578947368422
 20
209.03437626291063
 10
155.31578947368422
 20
210.0
 10
155.31578947368422
 20
210.96562373708937
 10
155.31578947368422
 20
211.8828270679075
 10
155.31578947368422
 20
212.70561758753962
 10
155.31578947368422
 20
213.3927371436573
 10
155.31578947368422
 20
213.90973069255548
 10
155.31578947368422
 20
214.23067401891532
 10
155.31578947368422
 20
214.33947368421053
  0
LWPOLYLINE
  5
C3
330
17
100
AcDbEntity
  8
HIDDEN
100
AcDbPolyline
 90
15
 70
0
 10
155.31578947368422
 20
214.33947368421053
 10
155.31578947368422
 20
214.31218798451042
 10
155.31578947368422
 20
214.23067401891532
 10
155.31578947368422
 20
214.09595687283814
 10
155.31578947368422
 20
213.90973069255548
 10
155.31578947368422
 20
213.67433738033537
 10
155.31578947368422
 20
213.3927371436573
 10
155.31578947368422
 20
213.06847126888584
 10
155.31578947368422
 20
212.70561758753962
 10
155.31578947368422
 20
212.3087391951942
 10
155.31578947368422
 20
211.8828270679075
 10
155.31578947368422
 20
211.4332372978002
 10
155.31578947368422
 20
210.96562373708937
 10
155.31578947368422
 20
210.48586689761672
 10
155.31578947368422
 20
210.00000000000003
  0
LWPOLYLINE
  5
C4
330
17
100
AcDbEntity
  8
HIDDEN
100
AcDbPolyline
 90
15
 70
0
 10
151.73684210526315
 20
210.0
 10
151.73684210526315
 20
209.51413310238328
 10
151.73684210526315
 20
209.03437626291063
 10
151.73684210526315
 20
208.5667627021998
 10
151.73684210526315
 20
208.1171729320925
 10
151.73684210526315
 20
207.6912608048058
 10
151.73684210526315
 20
207.29438241246038
 10
151.73684210526315
 20
206.93152873111416
 10
151.73684210526315
 20
206.6072628563427
 10
151.73684210526315
 20
206.32566261966463
 10
151.73684210526315
 20
206.09026930744452
 10
151.73684210526315
 20
205.90404312716186
 10
151.73684210526315
 20
205.76932598108468
 10
151.73684210526315
 20
205.68781201548958
 10
151.73684210526315
 20
205.66052631578947
  0
LWPOLYLINE
  5
C5
330
17
100
AcDbEntity
  8
HIDDEN
100
AcDbPolyline
 90
15
 70
0
 10
151.73684210526315
 20
205.66052631578947
 10
151.73684210526315
 20
205.76932598108468
 10
151.73684210526315
 20
206.09026930744452
 10
151.73684210526315
 20
206.6072628563427
 10
151.73684210526315
 20
207.29438241246038
 10
151.73684210526315
 20
208.1171729320925
 10
151.73684210526315
 20
209.03437626291063
 10
151.73684210526315
 20
210.0
 10
151.73684210526315
 20
210.96562373708937
 10
151.73684210526315
 20
211.8828270679075
 10
151.73684210526315
 20
212.70561758753962
 10
151.73684210526315
 20
213.3927371436573
 10
151.73684210526315
 20
213.90973069255548
 10
151.73684210526315
 20
214.23067401891532
 10
151.73684210526315
 20
214.33947368421053
  0
LWPOLYLINE
  5
C6
330
17
100
AcDbEntity
  8
HIDDEN
100
AcDbPolyline
 90
15
 70
0
 10
151.73684210526315
 20
214.33947368421053
 10
151.73684210526315
 20
214.31218798451042
 10
151.73684210526315
 20
214.23067401891532
 10
151.73684210526315
 20
214.09595687283814
 10
151.73684210526315
 20
213.90973069255548
 10
151.73684210526315
 20
213.67433738033537
 10
151.73684210526315
 20
213.3927371436573
 10
151.73684210526315
 20
213.06847126888584
 10
151.73684210526315
 20
212.70561758753962
 10
151.73684210526315
 20
212.3087391951942
 10
151.73684210526315
 20
211.8828270679075
 10
151.73684210526315
 20
211.4332372978002
 10
151.73684210526315
 20
210.96562373708937
 10
151.73684210526315
 20
210.48586689761672
 10
151.73684210526315
 20
210.00000000000003
  0
LWPOLYLINE
  5
C7
330
17
100
AcDbEntity
  8
HIDDEN
100
AcDbPolyline
 90
2
 70
0
 10
151.73684210526315
 20
205.66052631578947
 10
155.31578947368422
 20
205.66052631578947
  0
LWPOLYLINE
  5
C8
330
17
100
AcDbEntity
  8
HIDDEN
100
AcDbPolyline
 90
2
 70
0
 10
151.73684210526315
 20
214.33947368421053
 10
155.31578947368422
 20
214.33947368421053
  0
LWPOLYLINE
  5
C9
330
17
100
AcDbEntity
  8
OUTLINE
100
AcDbPolyline
 90
29
 70
0
 10
168.73684210526315
 20
218.05263157894737
 10
168.6695433432249
 20
218.64992461219853
 10
168.47102169805385
 20
219.21726687868397
 10
168.15123187399314
 20
219.72620946814712
 10
167.72620946814712
 20
220.15123187399314
 10
167.21726687868397
 20
220.47102169805387
 10
166.64992461219853
 20
220.6695433432249
 10
166.05263157894737
 20
220.73684210526315
 10
165.4553385456962
 20
220.6695433432249
 10
164.88799627921077
 20
220.47102169805387
 10
164.37905368974762
 20
220.15123187399314
 10
163.9540312839016
 20
219.72620946814712
 10
163.6342414598409
 20
219.21726687868397
 10
163.43571981466985
 20
218.64992461219853
 10
163.3684210526316
 20
218.05263157894737
 10
163.43571981466985
 20
217.4553385456962
 10
163.6342414598409
 20
216.88799627921077
 10
163.9540312839016
 20
216.37905368974762
 10
164.37905368974762
 20
215.9540312839016
 10
164.88799627921077
 20
215.63424145984087
 10
165.4553385456962
 20
215.43571981466985
 10
166.05263157894737
 20
215.3684210526316
 10
166.64992461219853
 20
215.43571981466985
 10
167.21726687868397
 20
215.63424145984087
 10
167.72620946814712
 20
215.9540312839016
 10
168.15123187399314
 20
216.37905368974762
 10
168.47102169805385
 20
216.88799627921077
 10
168.6695433432249
 20
217.4553385456962
 10
168.73684210526315
 20
218.05263157894737
  0
LWPOLYLINE
  5
CA
330
17
100
AcDbEntity
  8
OUTLINE
100
AcDbPolyline
 90
2
 70
0
 10
22.0
 20
178.68421052631578
 10
22.0
 20
241.31578947368422
  0
LWPOLYLINE
  5
CB
330
17
100
AcDbEntity
  8
OUTLINE
100
AcDbPolyline
 90
2
 70
0
 10
22.0
 20
178.68421052631578
 10
192.0
 20
178.68421052631578
  0
LWPOLYLINE
  5
CC
330
17
100
AcDbEntity
  8
OUTLINE
100
AcDbPolyline
 90
2
 70
0
 10
192.0
 20
178.68421052631578
 10
192.0
 20
241.31578947368422
  0
LWPOLYLINE
  5
CD
330
17
100
AcDbEntity
  8
OUTLINE
100
AcDbPolyline
 90
2
 70
0
 10
22.0
 20
241.31578947368422
 10
192.0
 20
241.31578947368422
  0
LWPOLYLINE
  5
CE
330
17
100
AcDbEntity
  8
OUTLINE
100
AcDbPolyline
 90
22
 70
0
 10
32.46842105263158
 20
186.73684210526315
 10
32.400844951958916
 20
187.18518023897238
 10
32.204121083038544
 20
187.59368156200205
 10
31.895729224932495
 20
187.92604893912244
 10
31.503071347588886
 20
188.15275007030618
 10
31.061036826560404
 20
188.25364156518611
 10
30.608902368876976
 20
188.21975877168708
 10
30.18684210526316
 20
188.0541123247037
 10
29.832357942322
 20
187.77142063797788
 10
29.576947353558953
 20
187.39680210844722
 10
29.443304690636516
 20
186.96354323644692
 10
29.443304690636516
 20
186.5101409740794
 10
29.57694735355895
 20
186.07688210207908
 10
29.832357942322
 20
185.70226357254845
 10
30.186842105263157
 20
185.41957188582262
 10
30.608902368876976
 20
185.25392543883922
 10
31.061036826560404
 20
185.22004264534021
 10
31.503071347588886
 20
185.32093414022012
 10
31.895729224932495
 20
185.5476352714039
 10
32.204121083038544
 20
185.88000264852428
 10
32.400844951958916
 20
186.28850397155395
 10
32.46842105263158
 20
186.73684210526315
  0
LWPOLYLINE
  5
CF
330
17
100
AcDbEntity
  8
OUTLINE
100
AcDbPolyline
 90
22
 70
0
 10
43.205263157894734
 20
186.73684210526315
 10
43.13768705722208
 20
187.18518023897238
 10
42.940963188301694
 20
187.59368156200205
 10
42.63257133019565
 20
187.92604893912244
 10
42.23991345285204
 20
188.15275007030618
 10
41.79787893182356
 20
188.25364156518611
 10
41.34574447414013
 20
188.21975877168708
 10
40.92368421052632
 20
188.0541123247037
 10
40.569200047585156
 20
187.77142063797788
 10
40.313789458822114
 20
187.39680210844722
 10
40.180146795899674
 20
186.96354323644692
 10
40.180146795899674
 20
186.5101409740794
 10
40.313789458822114
 20
186.07688210207908
 10
40.569200047585156
 20
185.70226357254845
 10
40.92368421052632
 20
185.41957188582262
 10
41.34574447414013
 20
185.25392543883922
 10
41.79787893182356
 20
185.22004264534021
 10
42.23991345285204
 20
185.32093414022012
 10
42.63257133019565
 20
185.5476352714039
 10
42.940963188301694
 20
185.88000264852428
 10
43.13768705722208
 20
186.28850397155395
 10
43.205263157894734
 20
186.73684210526315
  0
LWPOLYLINE
  5
D0
330
17
100
AcDbEntity
  8
OUTLINE
100
AcDbPolyline
 90
22
 70
0
 10
32.46842105263158
 20
233.26315789473685
 10
32.400844951958916
 20
233.71149602844605
 10
32.204121083038544
 20
234.11999735147572
 10
31.895729224932495
 20
234.4523647285961
 10
31.503071347588886
 20
234.67906585977988
 10
31.061036826560404
 20
234.77995735465979
 10
30.608902368876976
 20
234.74607456116078
 10
30.18684210526316
 20
234.58042811417738
 10
29.832357942322
 20
234.29773642745155
 10
29.576947353558953
 20
233.92311789792092
 10
29.443304690636516
 20
233.4898590259206
 10
29.443304690636516
 20
233.03645676355308
 10
29.57694735355895
 20
232.60319789155278
 10
29.832357942322
 20
232.22857936202212
 10
30.186842105263157
 20
231.9458876752963
 10
30.608902368876976
 20
231.78024122831292
 10
31.061036826560404
 20
231.74635843481389
 10
31.503071347588886
 20
231.84724992969382
 10
31.895729224932495
 20
232.07395106087756
 10
32.204121083038544
 20
232.40631843799798
 10
32.400844951958916
 20
232.81481976102762
 10
32.46842105263158
 20
233.26315789473685
  0
LWPOLYLINE
  5
D1
330
17
100
AcDbEntity
  8
OUTLINE
100
AcDbPolyline
 90
22
 70
0
 10
43.205263157894734
 20
233.26315789473685
 10
43.13768705722208
 20
233.71149602844605
 10
42.940963188301694
 20
234.11999735147572
 10
42.63257133019565
 20
234.4523647285961
 10
42.23991345285204
 20
234.67906585977988
 10
41.79787893182356
 20
234.77995735465979
 10
41.34574447414013
 20
234.74607456116078
 10
40.92368421052632
 20
234.58042811417738
 10
40.569200047585156
 20
234.29773642745155
 10
40.313789458822114
 20
233.92311789792092
 10
40.180146795899674
 20
233.4898590259206
 10
40.180146795899674
 20
233.03645676355308
 10
40.313789458822114
 20
232.60319789155278
 10
40.569200047585156
 20
232.22857936202212
 10
40.92368421052632
 20
231.9458876752963
 10
41.34574447414013
 20
231.78024122831292
 10
41.79787893182356
 20
231.74635843481389
 10
42.23991345285204
 20
231.84724992969382
 10
42.63257133019565
 20
232.07395106087756
 10
42.940963188301694
 20
232.40631843799798
 10
43.13768705722208
 20
232.81481976102762
 10
43.205263157894734
 20
233.26315789473685
  0
LWPOLYLINE
  5
D2
330
17
100
AcDbEntity
  8
OUTLINE
100
AcDbPolyline
 90
2
 70
0
 10
172.31578947368422
 20
225.21052631578948
 10
172.31578947368422
 20
221.6315789473684
  0
LWPOLYLINE
  5
D3
330
17
100
AcDbEntity
  8
OUTLINE
100
AcDbPolyline
 90
2
 70
0
 10
172.31578947368422
 20
198.3684210526316
 10
172.31578947368422
 20
194.78947368421052
  0
LWPOLYLINE
  5
D4
330
17
100
AcDbEntity
  8
OUTLINE
100
AcDbPolyline
 90
2
 70
0
 10
57.78947368421053
 20
223.68947368421053
 10
150.8421052631579
 20
223.68947368421053
  0
LWPOLYLINE
  5
D5
330
17
100
AcDbEntity
  8
OUTLINE
100
AcDbPolyline
 90
2
 70
0
 10
57.78947368421053
 20
223.68947368421053
 10
57.78947368421053
 20
228.16315789473686
  0
LWPOLYLINE
  5
D6
330
17
100
AcDbEntity
  8
OUTLINE
100
AcDbPolyline
 90
2
 70
0
 10
57.78947368421053
 20
228.16315789473686
 10
150.8421052631579
 20
228.16315789473686
  0
LWPOLYLINE
  5
D7
330
17
100
AcDbEntity
  8
OUTLINE
100
AcDbPolyline
 90
2
 70
0
 10
150.8421052631579
 20
223.68947368421053
 10
150.8421052631579
 20
228.16315789473686
  0
LWPOLYLINE
  5
D8
330
17
100
AcDbEntity
  8
OUTLINE
100
AcDbPolyline
 90
22
 70
0
 10
72.73157894736843
 20
226.10526315789474
 10
72.66400284669577
 20
226.55360129160397
 10
72.46727897777538
 20
226.9621026146336
 10
72.15888711966934
 20
227.294469991754
 10
71.76622924232572
 20
227.52117112293777
 10
71.32419472129725
 20
227.62206261781768
 10
70.87206026361382
 20
227.58817982431867
 10
70.44999999999999
 20
227.42253337733527
 10
70.09551583705884
 20
227.13984169060944
 10
69.8401052482958
 20
226.7652231610788
 10
69.70646258537336
 20
226.33196428907848
 10
69.70646258537336
 20
225.87856202671097
 10
69.8401052482958
 20
225.44530315471067
 10
70.09551583705884
 20
225.07068462518004
 10
70.44999999999999
 20
224.7879929384542
 10
70.87206026361382
 20
224.6223464914708
 10
71.32419472129725
 20
224.58846369797178
 10
71.76622924232572
 20
224.6893551928517
 10
72.15888711966934
 20
224.91605632403548
 10
72.46727897777538
 20
225.24842370115587
 10
72.66400284669577
 20
225.6569250241855
 10
72.73157894736843
 20
226.10526315789474
  0
LWPOLYLINE
  5
D9
330
17
100
AcDbEntity
  8
OUTLINE
100
AcDbPolyline
 90
22
 70
0
 10
139.83684210526314
 20
226.10526315789474
 10
139.76926600459052
 20
226.55360129160397
 10
139.57254213567012
 20
226.9621026146336
 10
139.26415027756408
 20
227.294469991754
 10
138.87149240022046
 20
227.52117112293777
 10
138.429457879192
 20
227.62206261781768
 10
137.97732342150854
 20
227.58817982431867
 10
137.55526315789473
 20
227.42253337733527
 10
137.20077899495357
 20
227.13984169060944
 10
136.94536840619054
 20
226.7652231610788
 10
136.81172574326808
 20
226.33196428907848
 10
136.81172574326808
 20
225.87856202671097
 10
136.94536840619054
 20
225.44530315471067
 10
137.20077899495357
 20
225.07068462518004
 10
137.55526315789473
 20
224.7879929384542
 10
137.97732342150854
 20
224.6223464914708
 10
138.429457879192
 20
224.58846369797178
 10
138.87149240022046
 20
224.6893551928517
 10
139.26415027756408
 20
224.91605632403548
 10
139.57254213567012
 20
225.24842370115587
 10
139.76926600459052
 20
225.6569250241855
 10
139.83684210526314
 20
226.10526315789474
  0
LWPOLYLINE
  5
DA
330
17
100
AcDbEntity
  8
OUTLINE
100
AcDbPolyline
 90
22
 70
0
 10
139.83684210526314
 20
193.89473684210526
 10
139.76926600459052
 20
194.3430749758145
 10
139.57254213567012
 20
194.75157629884416
 10
139.26415027756408
 20
195.08394367596452
 10
138.87149240022046
 20
195.3106448071483
 10
138.429457879192
 20
195.41153630202822
 10
137.97732342150854
 20
195.3776535085292
 10
137.55526315789473
 20
195.2120070615458
 10
137.20077899495357
 20
194.92931537481996
 10
136.94536840619054
 20
194.55469684528933
 10
136.81172574326808
 20
194.12143797328903
 10
136.81172574326808
 20
193.66803571092152
 10
136.94536840619054
 20
193.2347768389212
 10
137.20077899495357
 20
192.86015830939056
 10
137.55526315789473
 20
192.57746662266473
 10
137.97732342150854
 20
192.41182017568133
 10
138.429457879192
 20
192.37793738218232
 10
138.87149240022046
 20
192.47882887706223
 10
139.26415027756408
 20
192.705530008246
 10
139.57254213567012
 20
193.0378973853664
 10
139.76926600459052
 20
193.44639870839606
 10
139.83684210526314
 20
193.89473684210526
  0
LWPOLYLINE
  5
DB
330
17
100
AcDbEntity
  8
OUTLINE
100
AcDbPolyline
 90
2
 70
0
 10
57.78947368421053
 20
191.83684210526314
 10
57.78947368421053
 20
196.31052631578947
  0
LWPOLYLINE
  5
DC
330
17
100
AcDbEntity
  8
OUTLINE
100
AcDbPolyline
 90
2
 70
0
 10
57.78947368421053
 20
196.31052631578947
 10
150.8421052631579
 20
196.31052631578947
  0
LWPOLYLINE
  5
DD
330
17
100
AcDbEntity
  8
OUTLINE
100
AcDbPolyline
 90
2
 70
0
 10
57.78947368421053
 20
191.83684210526314
 10
150.8421052631579
 20
191.83684210526314
  0
LWPOLYLINE
  5
DE
330
17
100
AcDbEntity
  8
OUTLINE
100
AcDbPolyline
 90
2
 70
0
 10
150.8421052631579
 20
191.83684210526314
 10
150.8421052631579
 20
196.31052631578947
  0
LWPOLYLINE
  5
DF
330
17
100
AcDbEntity
  8
OUTLINE
100
AcDbPolyline
 90
22
 70
0
 10
72.73157894736843
 20
193.89473684210526
 10
72.66400284669577
 20
194.3430749758145
 10
72.46727897777538
 20
194.75157629884416
 10
72.15888711966934
 20
195.08394367596452
 10
71.76622924232572
 20
195.3106448071483
 10
71.32419472129725
 20
195.41153630202822
 10
70.87206026361382
 20
195.3776535085292
 10
70.44999999999999
 20
195.2120070615458
 10
70.09551583705884
 20
194.92931537481996
 10
69.8401052482958
 20
194.55469684528933
 10
69.70646258537336
 20
194.12143797328903
 10
69.70646258537336
 20
193.66803571092152
 10
69.8401052482958
 20
193.2347768389212
 10
70.09551583705884
 20
192.86015830939056
 10
70.44999999999999
 20
192.57746662266473
 10
70.87206026361382
 20
192.41182017568133
 10
71.32419472129725
 20
192.37793738218232
 10
71.76622924232572
 20
192.47882887706223
 10
72.15888711966934
 20
192.705530008246
 10
72.46727897777538
 20
193.0378973853664
 10
72.66400284669577
 20
193.44639870839606
 10
72.73157894736843
 20
193.89473684210526
  0
LWPOLYLINE
  5
E0
330
17
100
AcDbEntity
  8
OUTLINE
100
AcDbPolyline
 90
2
 70
0
 10
151.73684210526315
 20
194.78947368421052
 10
155.31578947368422
 20
194.78947368421052
  0
LWPOLYLINE
  5
E1
330
17
100
AcDbEntity
  8
OUTLINE
100
AcDbPolyline
 90
2
 70
0
 10
172.31578947368422
 20
194.78947368421052
 10
155.31578947368422
 20
194.78947368421052
  0
LWPOLYLINE
  5
E2
330
17
100
AcDbEntity
  8
OUTLINE
100
AcDbPolyline
 90
2
 70
0
 10
151.73684210526315
 20
194.78947368421052
 10
151.73684210526315
 20
225.21052631578948
  0
LWPOLYLINE
  5
E3
330
17
100
AcDbEntity
  8
OUTLINE
100
AcDbPolyline
 90
2
 70
0
 10
151.73684210526315
 20
225.21052631578948
 10
155.31578947368422
 20
225.21052631578948
  0
LWPOLYLINE
  5
E4
330
17
100
AcDbEntity
  8
OUTLINE
100
AcDbPolyline
 90
2
 70
0
 10
155.31578947368422
 20
194.78947368421052
 10
155.31578947368422
 20
225.21052631578948
  0
LWPOLYLINE
  5
E5
330
17
100
AcDbEntity
  8
OUTLINE
100
AcDbPolyline
 90
2
 70
0
 10
172.31578947368422
 20
198.3684210526316
 10
155.31578947368422
 20
198.3684210526316
  0
LWPOLYLINE
  5
E6
330
17
100
AcDbEntity
  8
OUTLINE
100
AcDbPolyline
 90
2
 70
0
 10
172.31578947368422
 20
221.6315789473684
 10
155.31578947368422
 20
221.6315789473684
  0
LWPOLYLINE
  5
E7
330
17
100
AcDbEntity
  8
OUTLINE
100
AcDbPolyline
 90
2
 70
0
 10
172.31578947368422
 20
225.21052631578948
 10
155.31578947368422
 20
225.21052631578948
  0
TEXT
  5
E8
330
17
100
AcDbEntity
  8
TEXT
100
AcDbText
 10
22.0
 20
165.0
 30
0.0
 40
2.6
  1
TOP  (view scale 0.89:1)
100
AcDbText
  0
LWPOLYLINE
  5
E9
330
17
100
AcDbEntity
  8
HIDDEN
100
AcDbPolyline
 90
15
 70
0
 10
168.73684210526315
 20
93.28947368421053
 10
168.6695433432249
 20
93.28947368421053
 10
168.47102169805385
 20
93.28947368421053
 10
168.15123187399314
 20
93.28947368421053
 10
167.72620946814712
 20
93.28947368421053
 10
167.21726687868397
 20
93.28947368421053
 10
166.64992461219853
 20
93.28947368421053
 10
166.05263157894737
 20
93.28947368421053
 10
165.4553385456962
 20
93.28947368421053
 10
164.88799627921077
 20
93.28947368421053
 10
164.37905368974762
 20
93.28947368421053
 10
163.9540312839016
 20
93.28947368421053
 10
163.6342414598409
 20
93.28947368421053
 10
163.43571981466985
 20
93.28947368421053
 10
163.3684210526316
 20
93.28947368421053
  0
LWPOLYLINE
  5
EA
330
17
100
AcDbEntity
  8
HIDDEN
100
AcDbPolyline
 90
15
 70
0
 10
163.3684210526316
 20
93.28947368421053
 10
163.3852988050234
 20
93.28947368421053
 10
163.43571981466985
 20
93.28947368421053
 10
163.51905000811965
 20
93.28947368421053
 10
163.6342414598409
 20
93.28947368421053
 10
163.77984557049248
 20
93.28947368421053
 10
163.9540312839016
 20
93.28947368421053
 10
164.15460811365716
 20
93.28947368421053
 10
164.37905368974762
 20
93.28947368421053
 10
164.62454547882726
 20
93.28947368421053
 10
164.88799627921077
 20
93.28947368421053
 10
165.16609304422562
 20
93.28947368421053
 10
165.4553385456962
 20
93.28947368421053
 10
165.75209535361742
 20
93.28947368421053
 10
166.05263157894734
 20
93.28947368421053
  0
LWPOLYLINE
  5
EB
330
17
100
AcDbEntity
  8
HIDDEN
100
AcDbPolyline
 90
15
 70
0
 10
168.73684210526315
 20
92.39473684210526
 10
168.6695433432249
 20
92.39473684210526
 10
168.47102169805385
 20
92.39473684210526
 10
168.15123187399314
 20
92.39473684210526
 10
167.72620946814712
 20
92.39473684210526
 10
167.21726687868397
 20
92.39473684210526
 10
166.64992461219853
 20
92.39473684210526
 10
166.05263157894737
 20
92.39473684210526
 10
165.4553385456962
 20
92.39473684210526
 10
164.88799627921077
 20
92.39473684210526
 10
164.37905368974762
 20
92.39473684210526
 10
163.9540312839016
 20
92.39473684210526
 10
163.6342414598409
 20
92.39473684210526
 10
163.43571981466985
 20
92.39473684210526
 10
163.3684210526316
 20
92.39473684210526
  0
LWPOLYLINE
  5
EC
330
17
100
AcDbEntity
  8
HIDDEN
100
AcDbPolyline
 90
15
 70
0
 10
163.3684210526316
 20
92.39473684210526
 10
163.39337912243818
 20
92.39473684210526
 10
163.46778920637865
 20
92.39473684210526
 10
163.5902675589897
 20
92.39473684210526
 10
163.75853654724335
 20
92.39473684210526
 10
163.96946700588683
 20
92.39473684210526
 10
164.21913642805296
 20
92.39473684210526
 10
164.50290190901734
 20
92.39473684210526
 10
164.81548648662428
 20
92.39473684210526
 10
165.15107727277734
 20
92.39473684210526
 10
165.5034335511206
 20
92.39473684210526
 10
165.86600283070325
 20
92.39473684210526
 10
166.2320426974705
 20
92.39473684210526
 10
166.59474619760306
 20
92.39473684210526
 10
166.9473684210526
 20
92.39473684210526
  0
LWPOLYLINE
  5
ED
330
17
100
AcDbEntity
  8
HIDDEN
100
AcDbPolyline
 90
15
 70
0
 10
167.8421052631579
 20
92.39473684210526
 10
167.79723942179905
 20
92.39473684210526
 10
167.6648916583517
 20
92.39473684210526
 10
167.45169844231123
 20
92.39473684210526
 10
167.16835017174722
 20
92.39473684210526
 10
166.82905511210512
 20
92.39473684210526
 10
166.45082693444814
 20
92.39473684210526
 10
166.05263157894737
 20
92.39473684210526
 10
165.6544362234466
 20
92.39473684210526
 10
165.27620804578962
 20
92.39473684210526
 10
164.93691298614752
 20
92.39473684210526
 10
164.6535647155835
 20
92.39473684210526
 10
164.44037149954303
 20
92.39473684210526
 10
164.3080237360957
 20
92.39473684210526
 10
164.26315789473685
 20
92.39473684210526
  0
LWPOLYLINE
  5
EE
330
17
100
AcDbEntity
  8
HIDDEN
100
AcDbPolyline
 90
15
 70
0
 10
164.26315789473685
 20
92.39473684210526
 10
164.3080237360957
 20
92.39473684210526
 10
164.44037149954303
 20
92.39473684210526
 10
164.6535647155835
 20
92.39473684210526
 10
164.93691298614752
 20
92.39473684210526
 10
165.27620804578962
 20
92.39473684210526
 10
165.6544362234466
 20
92.39473684210526
 10
166.05263157894737
 20
92.39473684210526
 10
166.45082693444814
 20
92.39473684210526
 10
166.82905511210512
 20
92.39473684210526
 10
167.16835017174722
 20
92.39473684210526
 10
167.45169844231123
 20
92.39473684210526
 10
167.6648916583517
 20
92.39473684210526
 10
167.79723942179905
 20
92.39473684210526
 10
167.8421052631579
 20
92.39473684210526
  0
LWPOLYLINE
  5
EF
330
17
100
AcDbEntity
  8
HIDDEN
100
AcDbPolyline
 90
2
 70
0
 10
167.8421052631579
 20
87.02631578947368
 10
167.8421052631579
 20
91.5
  0
LWPOLYLINE
  5
F0
330
17
100
AcDbEntity
  8
HIDDEN
100
AcDbPolyline
 90
15
 70
0
 10
167.8421052631579
 20
87.02631578947368
 10
167.79723942179905
 20
87.02631578947368
 10
167.6648916583517
 20
87.02631578947368
 10
167.45169844231123
 20
87.02631578947368
 10
167.16835017174722
 20
87.02631578947368
 10
166.82905511210512
 20
87.02631578947368
 10
166.45082693444814
 20
87.02631578947368
 10
166.05263157894737
 20
87.02631578947368
 10
165.6544362234466
 20
87.02631578947368
 10
165.27620804578962
 20
87.02631578947368
 10
164.93691298614752
 20
87.02631578947368
 10
164.6535647155835
 20
87.02631578947368
 10
164.44037149954303
 20
87.02631578947368
 10
164.3080237360957
 20
87.02631578947368
 10
164.26315789473685
 20
87.02631578947368
  0
LWPOLYLINE
  5
F1
330
17
100
AcDbEntity
  8
HIDDEN
100
AcDbPolyline
 90
15
 70
0
 10
164.26315789473685
 20
87.02631578947368
 10
164.3080237360957
 20
87.02631578947368
 10
164.44037149954303
 20
87.02631578947368
 10
164.6535647155835
 20
87.02631578947368
 10
164.93691298614752
 20
87.02631578947368
 10
165.27620804578962
 20
87.02631578947368
 10
165.6544362234466
 20
87.02631578947368
 10
166.05263157894737
 20
87.02631578947368
 10
166.45082693444814
 20
87.02631578947368
 10
166.82905511210512
 20
87.02631578947368
 10
167.16835017174722
 20
87.02631578947368
 10
167.45169844231123
 20
87.02631578947368
 10
167.6648916583517
 20
87.02631578947368
 10
167.79723942179905
 20
87.02631578947368
 10
167.8421052631579
 20
87.02631578947368
  0
LWPOLYLINE
  5
F2
330
17
100
AcDbEntity
  8
HIDDEN
100
AcDbPolyline
 90
2
 70
0
 10
22.0
 20
87.02631578947368
 10
192.0
 20
87.02631578947368
  0
LWPOLYLINE
  5
F3
330
17
100
AcDbEntity
  8
HIDDEN
100
AcDbPolyline
 90
15
 70
0
 10
32.46842105263158
 20
87.02631578947368
 10
32.43028508747656
 20
87.02631578947368
 10
32.31778948854631
 20
87.02631578947368
 10
32.1365752549119
 20
87.02631578947368
 10
31.895729224932495
 20
87.02631578947368
 10
31.607328424236705
 20
87.02631578947368
 10
31.28583447322829
 20
87.02631578947368
 10
30.94736842105263
 20
87.02631578947368
 10
30.608902368876976
 20
87.02631578947368
 10
30.287408417868555
 20
87.02631578947368
 10
29.99900761717277
 20
87.02631578947368
 10
29.758161587193364
 20
87.02631578947368
 10
29.576947353558953
 20
87.02631578947368
 10
29.464451754628698
 20
87.02631578947368
 10
29.426315789473684
 20
87.02631578947368
  0
LWPOLYLINE
  5
F4
330
17
100
AcDbEntity
  8
HIDDEN
100
AcDbPolyline
 90
15
 70
0
 10
29.426315789473684
 20
87.02631578947368
 10
29.464451754628698
 20
87.02631578947368
 10
29.576947353558953
 20
87.02631578947368
 10
29.758161587193364
 20
87.02631578947368
 10
29.99900761717277
 20
87.02631578947368
 10
30.287408417868555
 20
87.02631578947368
 10
30.608902368876976
 20
87.02631578947368
 10
30.94736842105263
 20
87.02631578947368
 10
31.28583447322829
 20
87.02631578947368
 10
31.607328424236705
 20
87.02631578947368
 10
31.895729224932495
 20
87.02631578947368
 10
32.1365752549119
 20
87.02631578947368
 10
32.31778948854631
 20
87.02631578947368
 10
32.43028508747656
 20
87.02631578947368
 10
32.46842105263158
 20
87.02631578947368
  0
LWPOLYLINE
  5
F5
330
17
100
AcDbEntity
  8
HIDDEN
100
AcDbPolyline
 90
15
 70
0
 10
43.205263157894734
 20
87.02631578947368
 10
43.16712719273972
 20
87.02631578947368
 10
43.05463159380947
 20
87.02631578947368
 10
42.873417360175054
 20
87.02631578947368
 10
42.63257133019565
 20
87.02631578947368
 10
42.34417052949986
 20
87.02631578947368
 10
42.02267657849144
 20
87.02631578947368
 10
41.684210526315795
 20
87.02631578947368
 10
41.34574447414013
 20
87.02631578947368
 10
41.02425052313171
 20
87.02631578947368
 10
40.73584972243593
 20
87.02631578947368
 10
40.49500369245652
 20
87.02631578947368
 10
40.313789458822114
 20
87.02631578947368
 10
40.20129385989186
 20
87.02631578947368
 10
40.16315789473684
 20
87.02631578947368
  0
LWPOLYLINE
  5
F6
330
17
100
AcDbEntity
  8
HIDDEN
100
AcDbPolyline
 90
15
 70
0
 10
40.16315789473684
 20
87.02631578947368
 10
40.20129385989186
 20
87.02631578947368
 10
40.313789458822114
 20
87.02631578947368
 10
40.49500369245652
 20
87.02631578947368
 10
40.73584972243593
 20
87.02631578947368
 10
41.02425052313171
 20
87.02631578947368
 10
41.34574447414013
 20
87.02631578947368
 10
41.684210526315795
 20
87.02631578947368
 10
42.02267657849144
 20
87.02631578947368
 10
42.34417052949986
 20
87.02631578947368
 10
42.63257133019565
 20
87.02631578947368
 10
42.873417360175054
 20
87.02631578947368
 10
43.05463159380947
 20
87.02631578947368
 10
43.16712719273972
 20
87.02631578947368
 10
43.205263157894734
 20
87.02631578947368
  0
LWPOLYLINE
  5
F7
330
17
100
AcDbEntity
  8
HIDDEN
100
AcDbPolyline
 90
2
 70
0
 10
57.78947368421053
 20
87.02631578947368
 10
150.8421052631579
 20
87.02631578947368
  0
LWPOLYLINE
  5
F8
330
17
100
AcDbEntity
  8
HIDDEN
100
AcDbPolyline
 90
2
 70
0
 10
57.78947368421053
 20
87.02631578947368
 10
150.8421052631579
 20
87.02631578947368
  0
LWPOLYLINE
  5
F9
330
17
100
AcDbEntity
  8
HIDDEN
100
AcDbPolyline
 90
15
 70
0
 10
32.46842105263158
 20
87.02631578947368
 10
32.43028508747656
 20
87.02631578947368
 10
32.31778948854631
 20
87.02631578947368
 10
32.1365752549119
 20
87.02631578947368
 10
31.895729224932495
 20
87.02631578947368
 10
31.607328424236705
 20
87.02631578947368
 10
31.28583447322829
 20
87.02631578947368
 10
30.94736842105263
 20
87.02631578947368
 10
30.608902368876976
 20
87.02631578947368
 10
30.287408417868555
 20
87.02631578947368
 10
29.99900761717277
 20
87.02631578947368
 10
29.758161587193364
 20
87.02631578947368
 10
29.576947353558953
 20
87.02631578947368
 10
29.464451754628698
 20
87.02631578947368
 10
29.426315789473684
 20
87.02631578947368
  0
LWPOLYLINE
  5
FA
330
17
100
AcDbEntity
  8
HIDDEN
100
AcDbPolyline
 90
15
 70
0
 10
29.426315789473684
 20
87.02631578947368
 10
29.464451754628698
 20
87.02631578947368
 10
29.576947353558953
 20
87.02631578947368
 10
29.758161587193364
 20
87.02631578947368
 10
29.99900761717277
 20
87.02631578947368
 10
30.287408417868555
 20
87.02631578947368
 10
30.608902368876976
 20
87.02631578947368
 10
30.94736842105263
 20
87.02631578947368
 10
31.28583447322829
 20
87.02631578947368
 10
31.607328424236705
 20
87.02631578947368
 10
31.895729224932495
 20
87.02631578947368
 10
32.1365752549119
 20
87.02631578947368
 10
32.31778948854631
 20
87.02631578947368
 10
32.43028508747656
 20
87.02631578947368
 10
32.46842105263158
 20
87.02631578947368
  0
LWPOLYLINE
  5
FB
330
17
100
AcDbEntity
  8
HIDDEN
100
AcDbPolyline
 90
15
 70
0
 10
43.205263157894734
 20
87.02631578947368
 10
43.16712719273972
 20
87.02631578947368
 10
43.05463159380947
 20
87.02631578947368
 10
42.873417360175054
 20
87.02631578947368
 10
42.63257133019565
 20
87.02631578947368
 10
42.34417052949986
 20
87.02631578947368
 10
42.02267657849144
 20
87.02631578947368
 10
41.684210526315795
 20
87.02631578947368
 10
41.34574447414013
 20
87.02631578947368
 10
41.02425052313171
 20
87.02631578947368
 10
40.73584972243593
 20
87.02631578947368
 10
40.49500369245652
 20
87.02631578947368
 10
40.313789458822114
 20
87.02631578947368
 10
40.20129385989186
 20
87.02631578947368
 10
40.16315789473684
 20
87.02631578947368
  0
LWPOLYLINE
  5
FC
330
17
100
AcDbEntity
  8
HIDDEN
100
AcDbPolyline
 90
15
 70
0
 10
40.16315789473684
 20
87.02631578947368
 10
40.20129385989186
 20
87.02631578947368
 10
40.313789458822114
 20
87.02631578947368
 10
40.49500369245652
 20
87.02631578947368
 10
40.73584972243593
 20
87.02631578947368
 10
41.02425052313171
 20
87.02631578947368
 10
41.34574447414013
 20
87.02631578947368
 10
41.684210526315795
 20
87.02631578947368
 10
42.02267657849144
 20
87.02631578947368
 10
42.34417052949986
 20
87.02631578947368
 10
42.63257133019565
 20
87.02631578947368
 10
42.873417360175054
 20
87.02631578947368
 10
43.05463159380947
 20
87.02631578947368
 10
43.16712719273972
 20
87.02631578947368
 10
43.205263157894734
 20
87.02631578947368
  0
LWPOLYLINE
  5
FD
330
17
100
AcDbEntity
  8
HIDDEN
100
AcDbPolyline
 90
2
 70
0
 10
151.73684210526315
 20
87.02631578947368
 10
172.31578947368422
 20
87.02631578947368
  0
LWPOLYLINE
  5
FE
330
17
100
AcDbEntity
  8
HIDDEN
100
AcDbPolyline
 90
2
 70
0
 10
155.31578947368422
 20
87.02631578947368
 10
172.31578947368422
 20
87.02631578947368
  0
LWPOLYLINE
  5
FF
330
17
100
AcDbEntity
  8
HIDDEN
100
AcDbPolyline
 90
2
 70
0
 10
155.31578947368422
 20
87.02631578947368
 10
172.31578947368422
 20
87.02631578947368
  0
LWPOLYLINE
  5
100
330
17
100
AcDbEntity
  8
HIDDEN
100
AcDbPolyline
 90
2
 70
0
 10
172.31578947368422
 20
87.02631578947368
 10
151.73684210526315
 20
87.02631578947368
  0
LWPOLYLINE
  5
101
330
17
100
AcDbEntity
  8
HIDDEN
100
AcDbPolyline
 90
2
 70
0
 10
57.78947368421053
 20
87.02631578947368
 10
150.8421052631579
 20
87.02631578947368
  0
LWPOLYLINE
  5
102
330
17
100
AcDbEntity
  8
HIDDEN
100
AcDbPolyline
 90
2
 70
0
 10
57.78947368421053
 20
87.02631578947368
 10
150.8421052631579
 20
87.02631578947368
  0
LWPOLYLINE
  5
103
330
17
100
AcDbEntity
  8
HIDDEN
100
AcDbPolyline
 90
2
 70
0
 10
150.8421052631579
 20
87.02631578947368
 10
150.8421052631579
 20
91.5
  0
LWPOLYLINE
  5
104
330
17
100
AcDbEntity
  8
HIDDEN
100
AcDbPolyline
 90
2
 70
0
 10
57.78947368421053
 20
91.5
 10
150.8421052631579
 20
91.5
  0
LWPOLYLINE
  5
105
330
17
100
AcDbEntity
  8
HIDDEN
100
AcDbPolyline
 90
2
 70
0
 10
57.78947368421053
 20
87.02631578947368
 10
57.78947368421053
 20
91.5
  0
LWPOLYLINE
  5
106
330
17
100
AcDbEntity
  8
HIDDEN
100
AcDbPolyline
 90
2
 70
0
 10
57.78947368421053
 20
91.5
 10
150.8421052631579
 20
91.5
  0
LWPOLYLINE
  5
107
330
17
100
AcDbEntity
  8
HIDDEN
100
AcDbPolyline
 90
15
 70
0
 10
72.73157894736843
 20
91.5
 10
72.69344298221341
 20
91.5
 10
72.58094738328316
 20
91.5
 10
72.39973314964874
 20
91.5
 10
72.15888711966934
 20
91.5
 10
71.87048631897355
 20
91.5
 10
71.54899236796513
 20
91.5
 10
71.21052631578948
 20
91.5
 10
70.87206026361382
 20
91.5
 10
70.5505663126054
 20
91.5
 10
70.26216551190961
 20
91.5
 10
70.02131948193022
 20
91.5
 10
69.8401052482958
 20
91.5
 10
69.72760964936555
 20
91.5
 10
69.68947368421053
 20
91.5
  0
LWPOLYLINE
  5
108
330
17
100
AcDbEntity
  8
HIDDEN
100
AcDbPolyline
 90
15
 70
0
 10
69.68947368421053
 20
91.5
 10
69.72760964936555
 20
91.5
 10
69.8401052482958
 20
91.5
 10
70.02131948193022
 20
91.5
 10
70.26216551190961
 20
91.5
 10
70.5505663126054
 20
91.5
 10
70.87206026361382
 20
91.5
 10
71.21052631578948
 20
91.5
 10
71.54899236796513
 20
91.5
 10
71.87048631897355
 20
91.5
 10
72.15888711966934
 20
91.5
 10
72.39973314964874
 20
91.5
 10
72.58094738328316
 20
91.5
 10
72.69344298221341
 20
91.5
 10
72.73157894736843
 20
91.5
  0
LWPOLYLINE
  5
109
330
17
100
AcDbEntity
  8
HIDDEN
100
AcDbPolyline
 90
15
 70
0
 10
139.83684210526314
 20
91.5
 10
139.79870614010815
 20
91.5
 10
139.6862105411779
 20
91.5
 10
139.50499630754348
 20
91.5
 10
139.26415027756408
 20
91.5
 10
138.9757494768683
 20
91.5
 10
138.65425552585987
 20
91.5
 10
138.31578947368422
 20
91.5
 10
137.97732342150854
 20
91.5
 10
137.65582947050012
 20
91.5
 10
137.36742866980433
 20
91.5
 10
137.12658263982496
 20
91.5
 10
136.94536840619054
 20
91.5
 10
136.8328728072603
 20
91.5
 10
136.7947368421053
 20
91.5
  0
LWPOLYLINE
  5
10A
330
17
100
AcDbEntity
  8
HIDDEN
100
AcDbPolyline
 90
15
 70
0
 10
136.7947368421053
 20
91.5
 10
136.8328728072603
 20
91.5
 10
136.94536840619054
 20
91.5
 10
137.12658263982496
 20
91.5
 10
137.36742866980433
 20
91.5
 10
137.65582947050012
 20
91.5
 10
137.97732342150854
 20
91.5
 10
138.31578947368422
 20
91.5
 10
138.65425552585987
 20
91.5
 10
138.9757494768683
 20
91.5
 10
139.26415027756408
 20
91.5
 10
139.50499630754348
 20
91.5
 10
139.6862105411779
 20
91.5
 10
139.79870614010815
 20
91.5
 10
139.83684210526314
 20
91.5
  0
LWPOLYLINE
  5
10B
330
17
100
AcDbEntity
  8
HIDDEN
100
AcDbPolyline
 90
2
 70
0
 10
139.83684210526314
 20
83.98421052631579
 10
139.83684210526314
 20
91.5
  0
LWPOLYLINE
  5
10C
330
17
100
AcDbEntity
  8
HIDDEN
100
AcDbPolyline
 90
15
 70
0
 10
139.83684210526314
 20
83.98421052631579
 10
139.79870614010815
 20
83.98421052631579
 10
139.6862105411779
 20
83.98421052631579
 10
139.50499630754348
 20
83.98421052631579
 10
139.26415027756408
 20
83.98421052631579
 10
138.9757494768683
 20
83.98421052631579
 10
138.65425552585987
 20
83.98421052631579
 10
138.31578947368422
 20
83.98421052631579
 10
137.97732342150854
 20
83.98421052631579
 10
137.65582947050012
 20
83.98421052631579
 10
137.36742866980433
 20
83.98421052631579
 10
137.12658263982496
 20
83.98421052631579
 10
136.94536840619054
 20
83.98421052631579
 10
136.8328728072603
 20
83.98421052631579
 10
136.7947368421053
 20
83.98421052631579
  0
LWPOLYLINE
  5
10D
330
17
100
AcDbEntity
  8
HIDDEN
100
AcDbPolyline
 90
15
 70
0
 10
136.7947368421053
 20
83.98421052631579
 10
136.8328728072603
 20
83.98421052631579
 10
136.94536840619054
 20
83.98421052631579
 10
137.12658263982496
 20
83.98421052631579
 10
137.36742866980433
 20
83.98421052631579
 10
137.65582947050012
 20
83.98421052631579
 10
137.97732342150854
 20
83.98421052631579
 10
138.31578947368422
 20
83.98421052631579
 10
138.65425552585987
 20
83.98421052631579
 10
138.9757494768683
 20
83.98421052631579
 10
139.26415027756408
 20
83.98421052631579
 10
139.50499630754348
 20
83.98421052631579
 10
139.6862105411779
 20
83.98421052631579
 10
139.79870614010815
 20
83.98421052631579
 10
139.83684210526314
 20
83.98421052631579
  0
LWPOLYLINE
  5
10E
330
17
100
AcDbEntity
  8
HIDDEN
100
AcDbPolyline
 90
2
 70
0
 10
141.31193350221565
 20
83.98421052631579
 10
139.81386148794994
 20
83.98421052631579
  0
LWPOLYLINE
  5
10F
330
17
100
AcDbEntity
  8
HIDDEN
100
AcDbPolyline
 90
2
 70
0
 10
139.81386148794994
 20
83.98421052631579
 10
141.31193350221565
 20
83.98421052631579
  0
LWPOLYLINE
  5
110
330
17
100
AcDbEntity
  8
HIDDEN
100
AcDbPolyline
 90
2
 70
0
 10
139.81386148794994
 20
83.98421052631579
 10
136.81771745941847
 20
83.98421052631579
  0
LWPOLYLINE
  5
111
330
17
100
AcDbEntity
  8
HIDDEN
100
AcDbPolyline
 90
2
 70
0
 10
136.81771745941847
 20
83.98421052631579
 10
139.81386148794994
 20
83.98421052631579
  0
LWPOLYLINE
  5
112
330
17
100
AcDbEntity
  8
HIDDEN
100
AcDbPolyline
 90
2
 70
0
 10
136.81771745941847
 20
83.98421052631579
 10
135.3196454451528
 20
83.98421052631579
  0
LWPOLYLINE
  5
113
330
17
100
AcDbEntity
  8
HIDDEN
100
AcDbPolyline
 90
2
 70
0
 10
135.3196454451528
 20
83.98421052631579
 10
136.81771745941847
 20
83.98421052631579
  0
LWPOLYLINE
  5
114
330
17
100
AcDbEntity
  8
HIDDEN
100
AcDbPolyline
 90
2
 70
0
 10
136.81771745941847
 20
81.65789473684211
 10
135.3196454451528
 20
81.65789473684211
  0
LWPOLYLINE
  5
115
330
17
100
AcDbEntity
  8
HIDDEN
100
AcDbPolyline
 90
2
 70
0
 10
136.81771745941847
 20
81.65789473684211
 10
136.81771745941847
 20
83.98421052631579
  0
LWPOLYLINE
  5
116
330
17
100
AcDbEntity
  8
HIDDEN
100
AcDbPolyline
 90
2
 70
0
 10
135.3196454451528
 20
81.65789473684211
 10
135.3196454451528
 20
83.98421052631579
  0
LWPOLYLINE
  5
117
330
17
100
AcDbEntity
  8
HIDDEN
100
AcDbPolyline
 90
2
 70
0
 10
22.0
 20
81.65789473684211
 10
192.0
 20
81.65789473684211
  0
LWPOLYLINE
  5
118
330
17
100
AcDbEntity
  8
HIDDEN
100
AcDbPolyline
 90
15
 70
0
 10
30.857894736842105
 20
81.65789473684211
 10
30.81527218755121
 20
81.65789473684211
 10
30.689541812276218
 20
81.65789473684211
 10
30.487008257037758
 20
81.65789473684211
 10
30.21782740000195
 20
81.65789473684211
 10
29.895497093341955
 20
81.65789473684211
 10
29.53618032456784
 20
81.65789473684211
 10
29.157894736842106
 20
81.65789473684211
 10
28.77960914911637
 20
81.65789473684211
 10
28.420292380342257
 20
81.65789473684211
 10
28.097962073682258
 20
81.65789473684211
 10
27.828781216646455
 20
81.65789473684211
 10
27.626247661407994
 20
81.65789473684211
 10
27.500517286133004
 20
81.65789473684211
 10
27.457894736842107
 20
81.65789473684211
  0
LWPOLYLINE
  5
119
330
17
100
AcDbEntity
  8
HIDDEN
100
AcDbPolyline
 90
15
 70
0
 10
27.457894736842107
 20
81.65789473684211
 10
27.500517286133004
 20
81.65789473684211
 10
27.626247661407994
 20
81.65789473684211
 10
27.828781216646455
 20
81.65789473684211
 10
28.097962073682258
 20
81.65789473684211
 10
28.420292380342257
 20
81.65789473684211
 10
28.77960914911637
 20
81.65789473684211
 10
29.157894736842106
 20
81.65789473684211
 10
29.536180324567837
 20
81.65789473684211
 10
29.89549709334195
 20
81.65789473684211
 10
30.21782740000195
 20
81.65789473684211
 10
30.487008257037758
 20
81.65789473684211
 10
30.689541812276218
 20
81.65789473684211
 10
30.81527218755121
 20
81.65789473684211
 10
30.857894736842105
 20
81.65789473684211
  0
LWPOLYLINE
  5
11A
330
17
100
AcDbEntity
  8
HIDDEN
100
AcDbPolyline
 90
2
 70
0
 10
29.449296406786917
 20
81.65789473684211
 10
32.445440435318346
 20
81.65789473684211
  0
LWPOLYLINE
  5
11B
330
17
100
AcDbEntity
  8
HIDDEN
100
AcDbPolyline
 90
2
 70
0
 10
27.951224392521205
 20
81.65789473684211
 10
29.44929640678692
 20
81.65789473684211
  0
LWPOLYLINE
  5
11C
330
17
100
AcDbEntity
  8
HIDDEN
100
AcDbPolyline
 90
2
 70
0
 10
32.445440435318346
 20
81.65789473684211
 10
33.94351244958406
 20
81.65789473684211
  0
LWPOLYLINE
  5
11D
330
17
100
AcDbEntity
  8
HIDDEN
100
AcDbPolyline
 90
2
 70
0
 10
29.449296406786917
 20
81.65789473684211
 10
27.951224392521205
 20
81.65789473684211
  0
LWPOLYLINE
  5
11E
330
17
100
AcDbEntity
  8
HIDDEN
100
AcDbPolyline
 90
2
 70
0
 10
33.943512449584055
 20
81.65789473684211
 10
32.445440435318346
 20
81.65789473684211
  0
LWPOLYLINE
  5
11F
330
17
100
AcDbEntity
  8
HIDDEN
100
AcDbPolyline
 90
2
 70
0
 10
32.445440435318346
 20
81.65789473684211
 10
29.449296406786917
 20
81.65789473684211
  0
LWPOLYLINE
  5
120
330
17
100
AcDbEntity
  8
HIDDEN
100
AcDbPolyline
 90
2
 70
0
 10
40.18613851205008
 20
81.65789473684211
 10
43.182282540581504
 20
81.65789473684211
  0
LWPOLYLINE
  5
121
330
17
100
AcDbEntity
  8
HIDDEN
100
AcDbPolyline
 90
2
 70
0
 10
38.68806649778436
 20
81.65789473684211
 10
40.18613851205008
 20
81.65789473684211
  0
LWPOLYLINE
  5
122
330
17
100
AcDbEntity
  8
HIDDEN
100
AcDbPolyline
 90
2
 70
0
 10
43.182282540581504
 20
81.65789473684211
 10
44.68035455484722
 20
81.65789473684211
  0
LWPOLYLINE
  5
123
330
17
100
AcDbEntity
  8
HIDDEN
100
AcDbPolyline
 90
2
 70
0
 10
40.18613851205008
 20
81.65789473684211
 10
38.68806649778436
 20
81.65789473684211
  0
LWPOLYLINE
  5
124
330
17
100
AcDbEntity
  8
HIDDEN
100
AcDbPolyline
 90
2
 70
0
 10
44.68035455484721
 20
81.65789473684211
 10
43.1822825405815
 20
81.65789473684211
  0
LWPOLYLINE
  5
125
330
17
100
AcDbEntity
  8
HIDDEN
100
AcDbPolyline
 90
2
 70
0
 10
43.1822825405815
 20
81.65789473684211
 10
40.18613851205008
 20
81.65789473684211
  0
LWPOLYLINE
  5
126
330
17
100
AcDbEntity
  8
HIDDEN
100
AcDbPolyline
 90
2
 70
0
 10
69.71245430152376
 20
81.65789473684211
 10
72.7085983300552
 20
81.65789473684211
  0
LWPOLYLINE
  5
127
330
17
100
AcDbEntity
  8
HIDDEN
100
AcDbPolyline
 90
2
 70
0
 10
68.21438228725805
 20
81.65789473684211
 10
69.71245430152376
 20
81.65789473684211
  0
LWPOLYLINE
  5
128
330
17
100
AcDbEntity
  8
HIDDEN
100
AcDbPolyline
 90
2
 70
0
 10
72.7085983300552
 20
81.65789473684211
 10
74.2066703443209
 20
81.65789473684211
  0
LWPOLYLINE
  5
129
330
17
100
AcDbEntity
  8
HIDDEN
100
AcDbPolyline
 90
2
 70
0
 10
69.71245430152376
 20
81.65789473684211
 10
68.21438228725805
 20
81.65789473684211
  0
LWPOLYLINE
  5
12A
330
17
100
AcDbEntity
  8
HIDDEN
100
AcDbPolyline
 90
2
 70
0
 10
74.20667034432091
 20
81.65789473684211
 10
72.7085983300552
 20
81.65789473684211
  0
LWPOLYLINE
  5
12B
330
17
100
AcDbEntity
  8
HIDDEN
100
AcDbPolyline
 90
2
 70
0
 10
72.7085983300552
 20
81.65789473684211
 10
69.71245430152376
 20
81.65789473684211
  0
LWPOLYLINE
  5
12C
330
17
100
AcDbEntity
  8
HIDDEN
100
AcDbPolyline
 90
2
 70
0
 10
136.81771745941847
 20
81.65789473684211
 10
139.81386148794994
 20
81.65789473684211
  0
LWPOLYLINE
  5
12D
330
17
100
AcDbEntity
  8
HIDDEN
100
AcDbPolyline
 90
2
 70
0
 10
135.3196454451528
 20
81.65789473684211
 10
136.81771745941847
 20
81.65789473684211
  0
LWPOLYLINE
  5
12E
330
17
100
AcDbEntity
  8
HIDDEN
100
AcDbPolyline
 90
2
 70
0
 10
139.81386148794994
 20
81.65789473684211
 10
141.31193350221565
 20
81.65789473684211
  0
LWPOLYLINE
  5
12F
330
17
100
AcDbEntity
  8
HIDDEN
100
AcDbPolyline
 90
2
 70
0
 10
136.81771745941847
 20
81.65789473684211
 10
135.3196454451528
 20
81.65789473684211
  0
LWPOLYLINE
  5
130
330
17
100
AcDbEntity
  8
HIDDEN
100
AcDbPolyline
 90
2
 70
0
 10
141.31193350221565
 20
81.65789473684211
 10
139.81386148794994
 20
81.65789473684211
  0
LWPOLYLINE
  5
131
330
17
100
AcDbEntity
  8
HIDDEN
100
AcDbPolyline
 90
2
 70
0
 10
139.81386148794994
 20
81.65789473684211
 10
136.81771745941847
 20
81.65789473684211
  0
LWPOLYLINE
  5
132
330
17
100
AcDbEntity
  8
HIDDEN
100
AcDbPolyline
 90
15
 70
0
 10
184.7526315789474
 20
81.65789473684211
 10
184.71000902965645
 20
81.65789473684211
 10
184.58427865438148
 20
81.65789473684211
 10
184.38174509914302
 20
81.65789473684211
 10
184.11256424210723
 20
81.65789473684211
 10
183.79023393544722
 20
81.65789473684211
 10
183.43091716667308
 20
81.65789473684211
 10
183.05263157894737
 20
81.65789473684211
 10
182.67434599122166
 20
81.65789473684211
 10
182.31502922244752
 20
81.65789473684211
 10
181.9926989157875
 20
81.65789473684211
 10
181.72351805875172
 20
81.65789473684211
 10
181.52098450351326
 20
81.65789473684211
 10
181.3952541282383
 20
81.65789473684211
 10
181.35263157894735
 20
81.65789473684211
  0
LWPOLYLINE
  5
133
330
17
100
AcDbEntity
  8
HIDDEN
100
AcDbPolyline
 90
15
 70
0
 10
181.35263157894735
 20
81.65789473684211
 10
181.3952541282383
 20
81.65789473684211
 10
181.52098450351326
 20
81.65789473684211
 10
181.72351805875172
 20
81.65789473684211
 10
181.9926989157875
 20
81.65789473684211
 10
182.31502922244752
 20
81.65789473684211
 10
182.67434599122166
 20
81.65789473684211
 10
183.05263157894737
 20
81.65789473684211
 10
183.43091716667308
 20
81.65789473684211
 10
183.79023393544722
 20
81.65789473684211
 10
184.11256424210723
 20
81.65789473684211
 10
184.38174509914302
 20
81.65789473684211
 10
184.58427865438148
 20
81.65789473684211
 10
184.71000902965645
 20
81.65789473684211
 10
184.7526315789474
 20
81.65789473684211
  0
LWPOLYLINE
  5
134
330
17
100
AcDbEntity
  8
HIDDEN
100
AcDbPolyline
 90
2
 70
0
 10
29.449296406786917
 20
81.65789473684211
 10
32.445440435318346
 20
81.65789473684211
  0
LWPOLYLINE
  5
135
330
17
100
AcDbEntity
  8
HIDDEN
100
AcDbPolyline
 90
2
 70
0
 10
27.951224392521205
 20
81.65789473684211
 10
29.44929640678692
 20
81.65789473684211
  0
LWPOLYLINE
  5
136
330
17
100
AcDbEntity
  8
HIDDEN
100
AcDbPolyline
 90
2
 70
0
 10
32.445440435318346
 20
81.65789473684211
 10
33.94351244958406
 20
81.65789473684211
  0
LWPOLYLINE
  5
137
330
17
100
AcDbEntity
  8
HIDDEN
100
AcDbPolyline
 90
2
 70
0
 10
29.449296406786917
 20
81.65789473684211
 10
27.951224392521205
 20
81.65789473684211
  0
LWPOLYLINE
  5
138
330
17
100
AcDbEntity
  8
HIDDEN
100
AcDbPolyline
 90
2
 70
0
 10
33.94351244958406
 20
81.65789473684211
 10
32.445440435318346
 20
81.65789473684211
  0
LWPOLYLINE
  5
139
330
17
100
AcDbEntity
  8
HIDDEN
100
AcDbPolyline
 90
2
 70
0
 10
32.445440435318346
 20
81.65789473684211
 10
29.449296406786917
 20
81.65789473684211
  0
LWPOLYLINE
  5
13A
330
17
100
AcDbEntity
  8
HIDDEN
100
AcDbPolyline
 90
2
 70
0
 10
40.18613851205008
 20
81.65789473684211
 10
43.182282540581504
 20
81.65789473684211
  0
LWPOLYLINE
  5
13B
330
17
100
AcDbEntity
  8
HIDDEN
100
AcDbPolyline
 90
2
 70
0
 10
38.68806649778436
 20
81.65789473684211
 10
40.18613851205008
 20
81.65789473684211
  0
LWPOLYLINE
  5
13C
330
17
100
AcDbEntity
  8
HIDDEN
100
AcDbPolyline
 90
2
 70
0
 10
43.18228254058151
 20
81.65789473684211
 10
44.68035455484722
 20
81.65789473684211
  0
LWPOLYLINE
  5
13D
330
17
100
AcDbEntity
  8
HIDDEN
100
AcDbPolyline
 90
2
 70
0
 10
40.18613851205008
 20
81.65789473684211
 10
38.68806649778436
 20
81.65789473684211
  0
LWPOLYLINE
  5
13E
330
17
100
AcDbEntity
  8
HIDDEN
100
AcDbPolyline
 90
2
 70
0
 10
44.68035455484722
 20
81.65789473684211
 10
43.182282540581504
 20
81.65789473684211
  0
LWPOLYLINE
  5
13F
330
17
100
AcDbEntity
  8
HIDDEN
100
AcDbPolyline
 90
2
 70
0
 10
43.1822825405815
 20
81.65789473684211
 10
40.18613851205008
 20
81.65789473684211
  0
LWPOLYLINE
  5
140
330
17
100
AcDbEntity
  8
HIDDEN
100
AcDbPolyline
 90
15
 70
0
 10
30.857894736842105
 20
81.65789473684211
 10
30.81527218755121
 20
81.65789473684211
 10
30.689541812276218
 20
81.65789473684211
 10
30.487008257037758
 20
81.65789473684211
 10
30.21782740000195
 20
81.65789473684211
 10
29.895497093341955
 20
81.65789473684211
 10
29.53618032456784
 20
81.65789473684211
 10
29.157894736842106
 20
81.65789473684211
 10
28.77960914911637
 20
81.65789473684211
 10
28.420292380342257
 20
81.65789473684211
 10
28.097962073682258
 20
81.65789473684211
 10
27.828781216646455
 20
81.65789473684211
 10
27.626247661407994
 20
81.65789473684211
 10
27.500517286133004
 20
81.65789473684211
 10
27.457894736842107
 20
81.65789473684211
  0
LWPOLYLINE
  5
141
330
17
100
AcDbEntity
  8
HIDDEN
100
AcDbPolyline
 90
15
 70
0
 10
27.457894736842107
 20
81.65789473684211
 10
27.500517286133004
 20
81.65789473684211
 10
27.626247661407994
 20
81.65789473684211
 10
27.828781216646455
 20
81.65789473684211
 10
28.097962073682258
 20
81.65789473684211
 10
28.420292380342257
 20
81.65789473684211
 10
28.77960914911637
 20
81.65789473684211
 10
29.157894736842106
 20
81.65789473684211
 10
29.536180324567837
 20
81.65789473684211
 10
29.89549709334195
 20
81.65789473684211
 10
30.21782740000195
 20
81.65789473684211
 10
30.487008257037758
 20
81.65789473684211
 10
30.689541812276218
 20
81.65789473684211
 10
30.81527218755121
 20
81.65789473684211
 10
30.857894736842105
 20
81.65789473684211
  0
LWPOLYLINE
  5
142
330
17
100
AcDbEntity
  8
HIDDEN
100
AcDbPolyline
 90
2
 70
0
 10
69.71245430152376
 20
81.65789473684211
 10
72.7085983300552
 20
81.65789473684211
  0
LWPOLYLINE
  5
143
330
17
100
AcDbEntity
  8
HIDDEN
100
AcDbPolyline
 90
2
 70
0
 10
68.21438228725805
 20
81.65789473684211
 10
69.71245430152376
 20
81.65789473684211
  0
LWPOLYLINE
  5
144
330
17
100
AcDbEntity
  8
HIDDEN
100
AcDbPolyline
 90
2
 70
0
 10
72.7085983300552
 20
81.65789473684211
 10
74.2066703443209
 20
81.65789473684211
  0
LWPOLYLINE
  5
145
330
17
100
AcDbEntity
  8
HIDDEN
100
AcDbPolyline
 90
2
 70
0
 10
69.71245430152376
 20
81.65789473684211
 10
68.21438228725805
 20
81.65789473684211
  0
LWPOLYLINE
  5
146
330
17
100
AcDbEntity
  8
HIDDEN
100
AcDbPolyline
 90
2
 70
0
 10
74.20667034432091
 20
81.65789473684211
 10
72.7085983300552
 20
81.65789473684211
  0
LWPOLYLINE
  5
147
330
17
100
AcDbEntity
  8
HIDDEN
100
AcDbPolyline
 90
2
 70
0
 10
72.7085983300552
 20
81.65789473684211
 10
69.71245430152376
 20
81.65789473684211
  0
LWPOLYLINE
  5
148
330
17
100
AcDbEntity
  8
HIDDEN
100
AcDbPolyline
 90
2
 70
0
 10
136.81771745941847
 20
81.65789473684211
 10
139.81386148794994
 20
81.65789473684211
  0
LWPOLYLINE
  5
149
330
17
100
AcDbEntity
  8
HIDDEN
100
AcDbPolyline
 90
2
 70
0
 10
135.3196454451528
 20
81.65789473684211
 10
136.81771745941847
 20
81.65789473684211
  0
LWPOLYLINE
  5
14A
330
17
100
AcDbEntity
  8
HIDDEN
100
AcDbPolyline
 90
2
 70
0
 10
139.81386148794994
 20
81.65789473684211
 10
141.31193350221565
 20
81.65789473684211
  0
LWPOLYLINE
  5
14B
330
17
100
AcDbEntity
  8
HIDDEN
100
AcDbPolyline
 90
2
 70
0
 10
141.31193350221565
 20
81.65789473684211
 10
139.81386148794994
 20
81.65789473684211
  0
LWPOLYLINE
  5
14C
330
17
100
AcDbEntity
  8
HIDDEN
100
AcDbPolyline
 90
2
 70
0
 10
139.81386148794994
 20
81.65789473684211
 10
136.81771745941847
 20
81.65789473684211
  0
LWPOLYLINE
  5
14D
330
17
100
AcDbEntity
  8
HIDDEN
100
AcDbPolyline
 90
15
 70
0
 10
184.7526315789474
 20
81.65789473684211
 10
184.71000902965645
 20
81.65789473684211
 10
184.58427865438148
 20
81.65789473684211
 10
184.38174509914302
 20
81.65789473684211
 10
184.11256424210723
 20
81.65789473684211
 10
183.79023393544722
 20
81.65789473684211
 10
183.43091716667308
 20
81.65789473684211
 10
183.05263157894737
 20
81.65789473684211
 10
182.67434599122166
 20
81.65789473684211
 10
182.31502922244752
 20
81.65789473684211
 10
181.9926989157875
 20
81.65789473684211
 10
181.72351805875172
 20
81.65789473684211
 10
181.52098450351326
 20
81.65789473684211
 10
181.3952541282383
 20
81.65789473684211
 10
181.35263157894735
 20
81.65789473684211
  0
LWPOLYLINE
  5
14E
330
17
100
AcDbEntity
  8
HIDDEN
100
AcDbPolyline
 90
15
 70
0
 10
181.35263157894735
 20
81.65789473684211
 10
181.3952541282383
 20
81.65789473684211
 10
181.52098450351326
 20
81.65789473684211
 10
181.72351805875172
 20
81.65789473684211
 10
181.9926989157875
 20
81.65789473684211
 10
182.31502922244752
 20
81.65789473684211
 10
182.67434599122166
 20
81.65789473684211
 10
183.05263157894737
 20
81.65789473684211
 10
183.43091716667308
 20
81.65789473684211
 10
183.79023393544722
 20
81.65789473684211
 10
184.11256424210723
 20
81.65789473684211
 10
184.38174509914302
 20
81.65789473684211
 10
184.58427865438148
 20
81.65789473684211
 10
184.71000902965645
 20
81.65789473684211
 10
184.7526315789474
 20
81.65789473684211
  0
LWPOLYLINE
  5
14F
330
17
100
AcDbEntity
  8
HIDDEN
100
AcDbPolyline
 90
2
 70
0
 10
184.7526315789474
 20
81.65789473684211
 10
184.7526315789474
 20
84.87894736842105
  0
LWPOLYLINE
  5
150
330
17
100
AcDbEntity
  8
HIDDEN
100
AcDbPolyline
 90
15
 70
0
 10
184.7526315789474
 20
84.87894736842105
 10
184.71000902965645
 20
84.87894736842105
 10
184.58427865438148
 20
84.87894736842105
 10
184.38174509914302
 20
84.87894736842105
 10
184.11256424210723
 20
84.87894736842105
 10
183.79023393544722
 20
84.87894736842105
 10
183.43091716667308
 20
84.87894736842105
 10
183.05263157894737
 20
84.87894736842105
 10
182.67434599122166
 20
84.87894736842105
 10
182.31502922244752
 20
84.87894736842105
 10
181.9926989157875
 20
84.87894736842105
 10
181.72351805875172
 20
84.87894736842105
 10
181.52098450351326
 20
84.87894736842105
 10
181.3952541282383
 20
84.87894736842105
 10
181.35263157894735
 20
84.87894736842105
  0
LWPOLYLINE
  5
151
330
17
100
AcDbEntity
  8
HIDDEN
100
AcDbPolyline
 90
15
 70
0
 10
181.35263157894735
 20
84.87894736842105
 10
181.3952541282383
 20
84.87894736842105
 10
181.52098450351326
 20
84.87894736842105
 10
181.72351805875172
 20
84.87894736842105
 10
181.9926989157875
 20
84.87894736842105
 10
182.31502922244752
 20
84.87894736842105
 10
182.67434599122166
 20
84.87894736842105
 10
183.05263157894737
 20
84.87894736842105
 10
183.43091716667308
 20
84.87894736842105
 10
183.79023393544722
 20
84.87894736842105
 10
184.11256424210723
 20
84.87894736842105
 10
184.38174509914302
 20
84.87894736842105
 10
184.58427865438148
 20
84.87894736842105
 10
184.71000902965645
 20
84.87894736842105
 10
184.7526315789474
 20
84.87894736842105
  0
LWPOLYLINE
  5
152
330
17
100
AcDbEntity
  8
HIDDEN
100
AcDbPolyline
 90
2
 70
0
 10
72.7085983300552
 20
81.65789473684211
 10
72.7085983300552
 20
83.98421052631579
  0
LWPOLYLINE
  5
153
330
17
100
AcDbEntity
  8
HIDDEN
100
AcDbPolyline
 90
2
 70
0
 10
69.71245430152376
 20
83.98421052631579
 10
72.7085983300552
 20
83.98421052631579
  0
LWPOLYLINE
  5
154
330
17
100
AcDbEntity
  8
HIDDEN
100
AcDbPolyline
 90
2
 70
0
 10
69.71245430152376
 20
81.65789473684211
 10
69.71245430152376
 20
83.98421052631579
  0
LWPOLYLINE
  5
155
330
17
100
AcDbEntity
  8
HIDDEN
100
AcDbPolyline
 90
2
 70
0
 10
74.2066703443209
 20
83.98421052631579
 10
72.7085983300552
 20
83.98421052631579
  0
LWPOLYLINE
  5
156
330
17
100
AcDbEntity
  8
HIDDEN
100
AcDbPolyline
 90
2
 70
0
 10
72.7085983300552
 20
83.98421052631579
 10
74.20667034432091
 20
83.98421052631579
  0
LWPOLYLINE
  5
157
330
17
100
AcDbEntity
  8
HIDDEN
100
AcDbPolyline
 90
2
 70
0
 10
72.7085983300552
 20
83.98421052631579
 10
69.71245430152376
 20
83.98421052631579
  0
LWPOLYLINE
  5
158
330
17
100
AcDbEntity
  8
HIDDEN
100
AcDbPolyline
 90
2
 70
0
 10
69.71245430152376
 20
83.98421052631579
 10
68.21438228725805
 20
83.98421052631579
  0
LWPOLYLINE
  5
159
330
17
100
AcDbEntity
  8
HIDDEN
100
AcDbPolyline
 90
2
 70
0
 10
68.21438228725805
 20
83.98421052631579
 10
69.71245430152376
 20
83.98421052631579
  0
LWPOLYLINE
  5
15A
330
17
100
AcDbEntity
  8
HIDDEN
100
AcDbPolyline
 90
15
 70
0
 10
72.73157894736843
 20
83.98421052631579
 10
72.69344298221341
 20
83.98421052631579
 10
72.58094738328316
 20
83.98421052631579
 10
72.39973314964874
 20
83.98421052631579
 10
72.15888711966934
 20
83.98421052631579
 10
71.87048631897355
 20
83.98421052631579
 10
71.54899236796513
 20
83.98421052631579
 10
71.21052631578948
 20
83.98421052631579
 10
70.87206026361382
 20
83.98421052631579
 10
70.5505663126054
 20
83.98421052631579
 10
70.26216551190961
 20
83.98421052631579
 10
70.02131948193022
 20
83.98421052631579
 10
69.8401052482958
 20
83.98421052631579
 10
69.72760964936555
 20
83.98421052631579
 10
69.68947368421053
 20
83.98421052631579
  0
LWPOLYLINE
  5
15B
330
17
100
AcDbEntity
  8
HIDDEN
100
AcDbPolyline
 90
15
 70
0
 10
69.68947368421053
 20
83.98421052631579
 10
69.72760964936555
 20
83.98421052631579
 10
69.8401052482958
 20
83.98421052631579
 10
70.02131948193022
 20
83.98421052631579
 10
70.26216551190961
 20
83.98421052631579
 10
70.5505663126054
 20
83.98421052631579
 10
70.87206026361382
 20
83.98421052631579
 10
71.21052631578948
 20
83.98421052631579
 10
71.54899236796513
 20
83.98421052631579
 10
71.87048631897355
 20
83.98421052631579
 10
72.15888711966934
 20
83.98421052631579
 10
72.39973314964874
 20
83.98421052631579
 10
72.58094738328316
 20
83.98421052631579
 10
72.69344298221341
 20
83.98421052631579
 10
72.73157894736843
 20
83.98421052631579
  0
LWPOLYLINE
  5
15C
330
17
100
AcDbEntity
  8
HIDDEN
100
AcDbPolyline
 90
2
 70
0
 10
74.2066703443209
 20
81.65789473684211
 10
74.2066703443209
 20
83.98421052631579
  0
LWPOLYLINE
  5
15D
330
17
100
AcDbEntity
  8
HIDDEN
100
AcDbPolyline
 90
2
 70
0
 10
68.21438228725805
 20
81.65789473684211
 10
68.21438228725805
 20
83.98421052631579
  0
LWPOLYLINE
  5
15E
330
17
100
AcDbEntity
  8
HIDDEN
100
AcDbPolyline
 90
2
 70
0
 10
72.7085983300552
 20
81.65789473684211
 10
72.7085983300552
 20
83.98421052631579
  0
LWPOLYLINE
  5
15F
330
17
100
AcDbEntity
  8
HIDDEN
100
AcDbPolyline
 90
2
 70
0
 10
69.71245430152376
 20
81.65789473684211
 10
69.71245430152376
 20
83.98421052631579
  0
LWPOLYLINE
  5
160
330
17
100
AcDbEntity
  8
HIDDEN
100
AcDbPolyline
 90
2
 70
0
 10
30.857894736842105
 20
81.65789473684211
 10
30.857894736842105
 20
84.87894736842105
  0
LWPOLYLINE
  5
161
330
17
100
AcDbEntity
  8
HIDDEN
100
AcDbPolyline
 90
15
 70
0
 10
30.857894736842105
 20
84.87894736842105
 10
30.81527218755121
 20
84.87894736842105
 10
30.689541812276218
 20
84.87894736842105
 10
30.487008257037758
 20
84.87894736842105
 10
30.21782740000195
 20
84.87894736842105
 10
29.895497093341955
 20
84.87894736842105
 10
29.53618032456784
 20
84.87894736842105
 10
29.157894736842106
 20
84.87894736842105
 10
28.77960914911637
 20
84.87894736842105
 10
28.420292380342257
 20
84.87894736842105
 10
28.097962073682258
 20
84.87894736842105
 10
27.828781216646455
 20
84.87894736842105
 10
27.626247661407994
 20
84.87894736842105
 10
27.500517286133004
 20
84.87894736842105
 10
27.457894736842107
 20
84.87894736842105
  0
LWPOLYLINE
  5
162
330
17
100
AcDbEntity
  8
HIDDEN
100
AcDbPolyline
 90
15
 70
0
 10
27.457894736842107
 20
84.87894736842105
 10
27.500517286133004
 20
84.87894736842105
 10
27.626247661407994
 20
84.87894736842105
 10
27.828781216646455
 20
84.87894736842105
 10
28.097962073682258
 20
84.87894736842105
 10
28.420292380342257
 20
84.87894736842105
 10
28.77960914911637
 20
84.87894736842105
 10
29.157894736842106
 20
84.87894736842105
 10
29.536180324567837
 20
84.87894736842105
 10
29.89549709334195
 20
84.87894736842105
 10
30.21782740000195
 20
84.87894736842105
 10
30.487008257037758
 20
84.87894736842105
 10
30.689541812276218
 20
84.87894736842105
 10
30.81527218755121
 20
84.87894736842105
 10
30.857894736842105
 20
84.87894736842105
  0
LWPOLYLINE
  5
163
330
17
100
AcDbEntity
  8
HIDDEN
100
AcDbPolyline
 90
2
 70
0
 10
43.1822825405815
 20
81.65789473684211
 10
43.1822825405815
 20
83.98421052631579
  0
LWPOLYLINE
  5
164
330
17
100
AcDbEntity
  8
HIDDEN
100
AcDbPolyline
 90
2
 70
0
 10
40.18613851205008
 20
83.98421052631579
 10
43.1822825405815
 20
83.98421052631579
  0
LWPOLYLINE
  5
165
330
17
100
AcDbEntity
  8
HIDDEN
100
AcDbPolyline
 90
2
 70
0
 10
40.18613851205008
 20
81.65789473684211
 10
40.18613851205008
 20
83.98421052631579
  0
LWPOLYLINE
  5
166
330
17
100
AcDbEntity
  8
HIDDEN
100
AcDbPolyline
 90
2
 70
0
 10
44.68035455484721
 20
83.98421052631579
 10
43.182282540581504
 20
83.98421052631579
  0
LWPOLYLINE
  5
167
330
17
100
AcDbEntity
  8
HIDDEN
100
AcDbPolyline
 90
2
 70
0
 10
43.1822825405815
 20
83.98421052631579
 10
44.68035455484721
 20
83.98421052631579
  0
LWPOLYLINE
  5
168
330
17
100
AcDbEntity
  8
HIDDEN
100
AcDbPolyline
 90
2
 70
0
 10
43.182282540581504
 20
83.98421052631579
 10
40.18613851205008
 20
83.98421052631579
  0
LWPOLYLINE
  5
169
330
17
100
AcDbEntity
  8
HIDDEN
100
AcDbPolyline
 90
2
 70
0
 10
40.18613851205008
 20
83.98421052631579
 10
38.68806649778436
 20
83.98421052631579
  0
LWPOLYLINE
  5
16A
330
17
100
AcDbEntity
  8
HIDDEN
100
AcDbPolyline
 90
2
 70
0
 10
38.68806649778436
 20
83.98421052631579
 10
40.18613851205008
 20
83.98421052631579
  0
LWPOLYLINE
  5
16B
330
17
100
AcDbEntity
  8
HIDDEN
100
AcDbPolyline
 90
15
 70
0
 10
43.205263157894734
 20
83.98421052631579
 10
43.16712719273972
 20
83.98421052631579
 10
43.05463159380947
 20
83.98421052631579
 10
42.873417360175054
 20
83.98421052631579
 10
42.63257133019565
 20
83.98421052631579
 10
42.34417052949986
 20
83.98421052631579
 10
42.02267657849144
 20
83.98421052631579
 10
41.684210526315795
 20
83.98421052631579
 10
41.34574447414013
 20
83.98421052631579
 10
41.02425052313171
 20
83.98421052631579
 10
40.73584972243593
 20
83.98421052631579
 10
40.49500369245652
 20
83.98421052631579
 10
40.313789458822114
 20
83.98421052631579
 10
40.20129385989186
 20
83.98421052631579
 10
40.16315789473684
 20
83.98421052631579
  0
LWPOLYLINE
  5
16C
330
17
100
AcDbEntity
  8
HIDDEN
100
AcDbPolyline
 90
15
 70
0
 10
40.16315789473684
 20
83.98421052631579
 10
40.20129385989186
 20
83.98421052631579
 10
40.313789458822114
 20
83.98421052631579
 10
40.49500369245652
 20
83.98421052631579
 10
40.73584972243593
 20
83.98421052631579
 10
41.02425052313171
 20
83.98421052631579
 10
41.34574447414013
 20
83.98421052631579
 10
41.684210526315795
 20
83.98421052631579
 10
42.02267657849144
 20
83.98421052631579
 10
42.34417052949986
 20
83.98421052631579
 10
42.63257133019565
 20
83.98421052631579
 10
42.873417360175054
 20
83.98421052631579
 10
43.05463159380947
 20
83.98421052631579
 10
43.16712719273972
 20
83.98421052631579
 10
43.205263157894734
 20
83.98421052631579
  0
LWPOLYLINE
  5
16D
330
17
100
AcDbEntity
  8
HIDDEN
100
AcDbPolyline
 90
2
 70
0
 10
44.68035455484721
 20
81.65789473684211
 10
44.68035455484721
 20
83.98421052631579
  0
LWPOLYLINE
  5
16E
330
17
100
AcDbEntity
  8
HIDDEN
100
AcDbPolyline
 90
2
 70
0
 10
38.68806649778436
 20
81.65789473684211
 10
38.68806649778436
 20
83.98421052631579
  0
LWPOLYLINE
  5
16F
330
17
100
AcDbEntity
  8
HIDDEN
100
AcDbPolyline
 90
2
 70
0
 10
43.182282540581504
 20
81.65789473684211
 10
43.182282540581504
 20
83.98421052631579
  0
LWPOLYLINE
  5
170
330
17
100
AcDbEntity
  8
HIDDEN
100
AcDbPolyline
 90
2
 70
0
 10
40.18613851205008
 20
81.65789473684211
 10
40.18613851205008
 20
83.98421052631579
  0
LWPOLYLINE
  5
171
330
17
100
AcDbEntity
  8
HIDDEN
100
AcDbPolyline
 90
2
 70
0
 10
32.445440435318346
 20
81.65789473684211
 10
32.445440435318346
 20
83.98421052631579
  0
LWPOLYLINE
  5
172
330
17
100
AcDbEntity
  8
HIDDEN
100
AcDbPolyline
 90
2
 70
0
 10
29.449296406786917
 20
83.98421052631579
 10
32.445440435318346
 20
83.98421052631579
  0
LWPOLYLINE
  5
173
330
17
100
AcDbEntity
  8
HIDDEN
100
AcDbPolyline
 90
2
 70
0
 10
29.449296406786917
 20
81.65789473684211
 10
29.449296406786917
 20
83.98421052631579
  0
LWPOLYLINE
  5
174
330
17
100
AcDbEntity
  8
HIDDEN
100
AcDbPolyline
 90
2
 70
0
 10
33.943512449584055
 20
83.98421052631579
 10
32.445440435318346
 20
83.98421052631579
  0
LWPOLYLINE
  5
175
330
17
100
AcDbEntity
  8
HIDDEN
100
AcDbPolyline
 90
2
 70
0
 10
32.445440435318346
 20
83.98421052631579
 10
33.943512449584055
 20
83.98421052631579
  0
LWPOLYLINE
  5
176
330
17
100
AcDbEntity
  8
HIDDEN
100
AcDbPolyline
 90
2
 70
0
 10
32.445440435318346
 20
83.98421052631579
 10
29.449296406786917
 20
83.98421052631579
  0
LWPOLYLINE
  5
177
330
17
100
AcDbEntity
  8
HIDDEN
100
AcDbPolyline
 90
2
 70
0
 10
29.449296406786917
 20
83.98421052631579
 10
27.951224392521205
 20
83.98421052631579
  0
LWPOLYLINE
  5
178
330
17
100
AcDbEntity
  8
HIDDEN
100
AcDbPolyline
 90
2
 70
0
 10
27.951224392521205
 20
83.98421052631579
 10
29.449296406786917
 20
83.98421052631579
  0
LWPOLYLINE
  5
179
330
17
100
AcDbEntity
  8
HIDDEN
100
AcDbPolyline
 90
15
 70
0
 10
32.46842105263158
 20
83.98421052631579
 10
32.43028508747656
 20
83.98421052631579
 10
32.31778948854631
 20
83.98421052631579
 10
32.1365752549119
 20
83.98421052631579
 10
31.895729224932495
 20
83.98421052631579
 10
31.607328424236705
 20
83.98421052631579
 10
31.28583447322829
 20
83.98421052631579
 10
30.94736842105263
 20
83.98421052631579
 10
30.608902368876976
 20
83.98421052631579
 10
30.287408417868555
 20
83.98421052631579
 10
29.99900761717277
 20
83.98421052631579
 10
29.758161587193364
 20
83.98421052631579
 10
29.576947353558953
 20
83.98421052631579
 10
29.464451754628698
 20
83.98421052631579
 10
29.426315789473684
 20
83.98421052631579
  0
LWPOLYLINE
  5
17A
330
17
100
AcDbEntity
  8
HIDDEN
100
AcDbPolyline
 90
15
 70
0
 10
29.426315789473684
 20
83.98421052631579
 10
29.464451754628698
 20
83.98421052631579
 10
29.576947353558953
 20
83.98421052631579
 10
29.758161587193364
 20
83.98421052631579
 10
29.99900761717277
 20
83.98421052631579
 10
30.287408417868555
 20
83.98421052631579
 10
30.608902368876976
 20
83.98421052631579
 10
30.94736842105263
 20
83.98421052631579
 10
31.28583447322829
 20
83.98421052631579
 10
31.607328424236705
 20
83.98421052631579
 10
31.895729224932495
 20
83.98421052631579
 10
32.1365752549119
 20
83.98421052631579
 10
32.31778948854631
 20
83.98421052631579
 10
32.43028508747656
 20
83.98421052631579
 10
32.46842105263158
 20
83.98421052631579
  0
LWPOLYLINE
  5
17B
330
17
100
AcDbEntity
  8
HIDDEN
100
AcDbPolyline
 90
2
 70
0
 10
33.943512449584055
 20
81.65789473684211
 10
33.943512449584055
 20
83.98421052631579
  0
LWPOLYLINE
  5
17C
330
17
100
AcDbEntity
  8
HIDDEN
100
AcDbPolyline
 90
2
 70
0
 10
27.951224392521205
 20
81.65789473684211
 10
27.951224392521205
 20
83.98421052631579
  0
LWPOLYLINE
  5
17D
330
17
100
AcDbEntity
  8
HIDDEN
100
AcDbPolyline
 90
2
 70
0
 10
32.445440435318346
 20
81.65789473684211
 10
32.445440435318346
 20
83.98421052631579
  0
LWPOLYLINE
  5
17E
330
17
100
AcDbEntity
  8
HIDDEN
100
AcDbPolyline
 90
2
 70
0
 10
29.449296406786917
 20
81.65789473684211
 10
29.449296406786917
 20
83.98421052631579
  0
LWPOLYLINE
  5
17F
330
17
100
AcDbEntity
  8
HIDDEN
100
AcDbPolyline
 90
2
 70
0
 10
184.7526315789474
 20
81.65789473684211
 10
184.7526315789474
 20
84.87894736842105
  0
LWPOLYLINE
  5
180
330
17
100
AcDbEntity
  8
HIDDEN
100
AcDbPolyline
 90
15
 70
0
 10
184.7526315789474
 20
84.87894736842105
 10
184.71000902965645
 20
84.87894736842105
 10
184.58427865438148
 20
84.87894736842105
 10
184.38174509914302
 20
84.87894736842105
 10
184.11256424210723
 20
84.87894736842105
 10
183.79023393544722
 20
84.87894736842105
 10
183.43091716667308
 20
84.87894736842105
 10
183.05263157894737
 20
84.87894736842105
 10
182.67434599122166
 20
84.87894736842105
 10
182.31502922244752
 20
84.87894736842105
 10
181.9926989157875
 20
84.87894736842105
 10
181.72351805875172
 20
84.87894736842105
 10
181.52098450351326
 20
84.87894736842105
 10
181.3952541282383
 20
84.87894736842105
 10
181.35263157894735
 20
84.87894736842105
  0
LWPOLYLINE
  5
181
330
17
100
AcDbEntity
  8
HIDDEN
100
AcDbPolyline
 90
15
 70
0
 10
181.35263157894735
 20
84.87894736842105
 10
181.3952541282383
 20
84.87894736842105
 10
181.52098450351326
 20
84.87894736842105
 10
181.72351805875172
 20
84.87894736842105
 10
181.9926989157875
 20
84.87894736842105
 10
182.31502922244752
 20
84.87894736842105
 10
182.67434599122166
 20
84.87894736842105
 10
183.05263157894737
 20
84.87894736842105
 10
183.43091716667308
 20
84.87894736842105
 10
183.79023393544722
 20
84.87894736842105
 10
184.11256424210723
 20
84.87894736842105
 10
184.38174509914302
 20
84.87894736842105
 10
184.58427865438148
 20
84.87894736842105
 10
184.71000902965645
 20
84.87894736842105
 10
184.7526315789474
 20
84.87894736842105
  0
LWPOLYLINE
  5
182
330
17
100
AcDbEntity
  8
HIDDEN
100
AcDbPolyline
 90
2
 70
0
 10
139.81386148794994
 20
81.65789473684211
 10
139.81386148794994
 20
83.98421052631579
  0
LWPOLYLINE
  5
183
330
17
100
AcDbEntity
  8
HIDDEN
100
AcDbPolyline
 90
2
 70
0
 10
136.81771745941847
 20
83.98421052631579
 10
139.81386148794994
 20
83.98421052631579
  0
LWPOLYLINE
  5
184
330
17
100
AcDbEntity
  8
HIDDEN
100
AcDbPolyline
 90
2
 70
0
 10
136.81771745941847
 20
81.65789473684211
 10
136.81771745941847
 20
83.98421052631579
  0
LWPOLYLINE
  5
185
330
17
100
AcDbEntity
  8
HIDDEN
100
AcDbPolyline
 90
2
 70
0
 10
141.31193350221565
 20
83.98421052631579
 10
139.81386148794994
 20
83.98421052631579
  0
LWPOLYLINE
  5
186
330
17
100
AcDbEntity
  8
HIDDEN
100
AcDbPolyline
 90
2
 70
0
 10
139.81386148794994
 20
83.98421052631579
 10
141.31193350221565
 20
83.98421052631579
  0
LWPOLYLINE
  5
187
330
17
100
AcDbEntity
  8
HIDDEN
100
AcDbPolyline
 90
2
 70
0
 10
139.81386148794994
 20
83.98421052631579
 10
136.81771745941847
 20
83.98421052631579
  0
LWPOLYLINE
  5
188
330
17
100
AcDbEntity
  8
HIDDEN
100
AcDbPolyline
 90
2
 70
0
 10
136.81771745941847
 20
83.98421052631579
 10
135.3196454451528
 20
83.98421052631579
  0
LWPOLYLINE
  5
189
330
17
100
AcDbEntity
  8
HIDDEN
100
AcDbPolyline
 90
2
 70
0
 10
135.3196454451528
 20
83.98421052631579
 10
136.81771745941847
 20
83.98421052631579
  0
LWPOLYLINE
  5
18A
330
17
100
AcDbEntity
  8
HIDDEN
100
AcDbPolyline
 90
15
 70
0
 10
139.83684210526314
 20
83.98421052631579
 10
139.79870614010815
 20
83.98421052631579
 10
139.6862105411779
 20
83.98421052631579
 10
139.50499630754348
 20
83.98421052631579
 10
139.26415027756408
 20
83.98421052631579
 10
138.9757494768683
 20
83.98421052631579
 10
138.65425552585987
 20
83.98421052631579
 10
138.31578947368422
 20
83.98421052631579
 10
137.97732342150854
 20
83.98421052631579
 10
137.65582947050012
 20
83.98421052631579
 10
137.36742866980433
 20
83.98421052631579
 10
137.12658263982496
 20
83.98421052631579
 10
136.94536840619054
 20
83.98421052631579
 10
136.8328728072603
 20
83.98421052631579
 10
136.7947368421053
 20
83.98421052631579
  0
LWPOLYLINE
  5
18B
330
17
100
AcDbEntity
  8
HIDDEN
100
AcDbPolyline
 90
15
 70
0
 10
136.7947368421053
 20
83.98421052631579
 10
136.8328728072603
 20
83.98421052631579
 10
136.94536840619054
 20
83.98421052631579
 10
137.12658263982496
 20
83.98421052631579
 10
137.36742866980433
 20
83.98421052631579
 10
137.65582947050012
 20
83.98421052631579
 10
137.97732342150854
 20
83.98421052631579
 10
138.31578947368422
 20
83.98421052631579
 10
138.65425552585987
 20
83.98421052631579
 10
138.9757494768683
 20
83.98421052631579
 10
139.26415027756408
 20
83.98421052631579
 10
139.50499630754348
 20
83.98421052631579
 10
139.6862105411779
 20
83.98421052631579
 10
139.79870614010815
 20
83.98421052631579
 10
139.83684210526314
 20
83.98421052631579
  0
LWPOLYLINE
  5
18C
330
17
100
AcDbEntity
  8
HIDDEN
100
AcDbPolyline
 90
2
 70
0
 10
139.83684210526314
 20
83.98421052631579
 10
139.83684210526314
 20
91.5
  0
LWPOLYLINE
  5
18D
330
17
100
AcDbEntity
  8
HIDDEN
100
AcDbPolyline
 90
15
 70
0
 10
139.83684210526314
 20
91.5
 10
139.79870614010815
 20
91.5
 10
139.6862105411779
 20
91.5
 10
139.50499630754348
 20
91.5
 10
139.26415027756408
 20
91.5
 10
138.9757494768683
 20
91.5
 10
138.65425552585987
 20
91.5
 10
138.31578947368422
 20
91.5
 10
137.97732342150854
 20
91.5
 10
137.65582947050012
 20
91.5
 10
137.36742866980433
 20
91.5
 10
137.12658263982496
 20
91.5
 10
136.94536840619054
 20
91.5
 10
136.8328728072603
 20
91.5
 10
136.7947368421053
 20
91.5
  0
LWPOLYLINE
  5
18E
330
17
100
AcDbEntity
  8
HIDDEN
100
AcDbPolyline
 90
15
 70
0
 10
136.7947368421053
 20
91.5
 10
136.8328728072603
 20
91.5
 10
136.94536840619054
 20
91.5
 10
137.12658263982496
 20
91.5
 10
137.36742866980433
 20
91.5
 10
137.65582947050012
 20
91.5
 10
137.97732342150854
 20
91.5
 10
138.31578947368422
 20
91.5
 10
138.65425552585987
 20
91.5
 10
138.9757494768683
 20
91.5
 10
139.26415027756408
 20
91.5
 10
139.50499630754348
 20
91.5
 10
139.6862105411779
 20
91.5
 10
139.79870614010815
 20
91.5
 10
139.83684210526314
 20
91.5
  0
LWPOLYLINE
  5
18F
330
17
100
AcDbEntity
  8
HIDDEN
100
AcDbPolyline
 90
2
 70
0
 10
57.78947368421053
 20
91.5
 10
150.8421052631579
 20
91.5
  0
LWPOLYLINE
  5
190
330
17
100
AcDbEntity
  8
HIDDEN
100
AcDbPolyline
 90
15
 70
0
 10
72.73157894736843
 20
91.5
 10
72.69344298221341
 20
91.5
 10
72.58094738328316
 20
91.5
 10
72.39973314964874
 20
91.5
 10
72.15888711966934
 20
91.5
 10
71.87048631897355
 20
91.5
 10
71.54899236796513
 20
91.5
 10
71.21052631578948
 20
91.5
 10
70.87206026361382
 20
91.5
 10
70.5505663126054
 20
91.5
 10
70.26216551190961
 20
91.5
 10
70.02131948193022
 20
91.5
 10
69.8401052482958
 20
91.5
 10
69.72760964936555
 20
91.5
 10
69.68947368421053
 20
91.5
  0
LWPOLYLINE
  5
191
330
17
100
AcDbEntity
  8
HIDDEN
100
AcDbPolyline
 90
15
 70
0
 10
69.68947368421053
 20
91.5
 10
69.72760964936555
 20
91.5
 10
69.8401052482958
 20
91.5
 10
70.02131948193022
 20
91.5
 10
70.26216551190961
 20
91.5
 10
70.5505663126054
 20
91.5
 10
70.87206026361382
 20
91.5
 10
71.21052631578948
 20
91.5
 10
71.54899236796513
 20
91.5
 10
71.87048631897355
 20
91.5
 10
72.15888711966934
 20
91.5
 10
72.39973314964874
 20
91.5
 10
72.58094738328316
 20
91.5
 10
72.69344298221341
 20
91.5
 10
72.73157894736843
 20
91.5
  0
LWPOLYLINE
  5
192
330
17
100
AcDbEntity
  8
HIDDEN
100
AcDbPolyline
 90
2
 70
0
 10
72.73157894736843
 20
83.98421052631579
 10
72.73157894736843
 20
91.5
  0
LWPOLYLINE
  5
193
330
17
100
AcDbEntity
  8
HIDDEN
100
AcDbPolyline
 90
15
 70
0
 10
72.73157894736843
 20
83.98421052631579
 10
72.69344298221341
 20
83.98421052631579
 10
72.58094738328316
 20
83.98421052631579
 10
72.39973314964874
 20
83.98421052631579
 10
72.15888711966934
 20
83.98421052631579
 10
71.87048631897355
 20
83.98421052631579
 10
71.54899236796513
 20
83.98421052631579
 10
71.21052631578948
 20
83.98421052631579
 10
70.87206026361382
 20
83.98421052631579
 10
70.5505663126054
 20
83.98421052631579
 10
70.26216551190961
 20
83.98421052631579
 10
70.02131948193022
 20
83.98421052631579
 10
69.8401052482958
 20
83.98421052631579
 10
69.72760964936555
 20
83.98421052631579
 10
69.68947368421053
 20
83.98421052631579
  0
LWPOLYLINE
  5
194
330
17
100
AcDbEntity
  8
HIDDEN
100
AcDbPolyline
 90
15
 70
0
 10
69.68947368421053
 20
83.98421052631579
 10
69.72760964936555
 20
83.98421052631579
 10
69.8401052482958
 20
83.98421052631579
 10
70.02131948193022
 20
83.98421052631579
 10
70.26216551190961
 20
83.98421052631579
 10
70.5505663126054
 20
83.98421052631579
 10
70.87206026361382
 20
83.98421052631579
 10
71.21052631578948
 20
83.98421052631579
 10
71.54899236796513
 20
83.98421052631579
 10
71.87048631897355
 20
83.98421052631579
 10
72.15888711966934
 20
83.98421052631579
 10
72.39973314964874
 20
83.98421052631579
 10
72.58094738328316
 20
83.98421052631579
 10
72.69344298221341
 20
83.98421052631579
 10
72.73157894736843
 20
83.98421052631579
  0
LWPOLYLINE
  5
195
330
17
100
AcDbEntity
  8
HIDDEN
100
AcDbPolyline
 90
2
 70
0
 10
74.2066703443209
 20
83.98421052631579
 10
72.7085983300552
 20
83.98421052631579
  0
LWPOLYLINE
  5
196
330
17
100
AcDbEntity
  8
HIDDEN
100
AcDbPolyline
 90
2
 70
0
 10
72.7085983300552
 20
83.98421052631579
 10
74.20667034432091
 20
83.98421052631579
  0
LWPOLYLINE
  5
197
330
17
100
AcDbEntity
  8
HIDDEN
100
AcDbPolyline
 90
2
 70
0
 10
72.7085983300552
 20
83.98421052631579
 10
69.71245430152376
 20
83.98421052631579
  0
LWPOLYLINE
  5
198
330
17
100
AcDbEntity
  8
HIDDEN
100
AcDbPolyline
 90
2
 70
0
 10
69.71245430152376
 20
83.98421052631579
 10
72.7085983300552
 20
83.98421052631579
  0
LWPOLYLINE
  5
199
330
17
100
AcDbEntity
  8
HIDDEN
100
AcDbPolyline
 90
2
 70
0
 10
69.71245430152376
 20
83.98421052631579
 10
68.21438228725805
 20
83.98421052631579
  0
LWPOLYLINE
  5
19A
330
17
100
AcDbEntity
  8
HIDDEN
100
AcDbPolyline
 90
2
 70
0
 10
68.21438228725805
 20
83.98421052631579
 10
69.71245430152376
 20
83.98421052631579
  0
LWPOLYLINE
  5
19B
330
17
100
AcDbEntity
  8
HIDDEN
100
AcDbPolyline
 90
2
 70
0
 10
141.31193350221565
 20
81.65789473684211
 10
141.31193350221565
 20
83.98421052631579
  0
LWPOLYLINE
  5
19C
330
17
100
AcDbEntity
  8
HIDDEN
100
AcDbPolyline
 90
2
 70
0
 10
135.3196454451528
 20
81.65789473684211
 10
135.3196454451528
 20
83.98421052631579
  0
LWPOLYLINE
  5
19D
330
17
100
AcDbEntity
  8
HIDDEN
100
AcDbPolyline
 90
2
 70
0
 10
139.81386148794994
 20
81.65789473684211
 10
139.81386148794994
 20
83.98421052631579
  0
LWPOLYLINE
  5
19E
330
17
100
AcDbEntity
  8
HIDDEN
100
AcDbPolyline
 90
2
 70
0
 10
136.81771745941847
 20
81.65789473684211
 10
136.81771745941847
 20
83.98421052631579
  0
LWPOLYLINE
  5
19F
330
17
100
AcDbEntity
  8
HIDDEN
100
AcDbPolyline
 90
2
 70
0
 10
72.7085983300552
 20
81.65789473684211
 10
72.7085983300552
 20
83.98421052631579
  0
LWPOLYLINE
  5
1A0
330
17
100
AcDbEntity
  8
HIDDEN
100
AcDbPolyline
 90
2
 70
0
 10
69.71245430152376
 20
81.65789473684211
 10
69.71245430152376
 20
83.98421052631579
  0
LWPOLYLINE
  5
1A1
330
17
100
AcDbEntity
  8
HIDDEN
100
AcDbPolyline
 90
2
 70
0
 10
74.2066703443209
 20
81.65789473684211
 10
74.2066703443209
 20
83.98421052631579
  0
LWPOLYLINE
  5
1A2
330
17
100
AcDbEntity
  8
HIDDEN
100
AcDbPolyline
 90
2
 70
0
 10
68.21438228725805
 20
81.65789473684211
 10
68.21438228725805
 20
83.98421052631579
  0
LWPOLYLINE
  5
1A3
330
17
100
AcDbEntity
  8
HIDDEN
100
AcDbPolyline
 90
2
 70
0
 10
72.7085983300552
 20
81.65789473684211
 10
72.7085983300552
 20
83.98421052631579
  0
LWPOLYLINE
  5
1A4
330
17
100
AcDbEntity
  8
HIDDEN
100
AcDbPolyline
 90
2
 70
0
 10
69.71245430152376
 20
81.65789473684211
 10
69.71245430152376
 20
83.98421052631579
  0
LWPOLYLINE
  5
1A5
330
17
100
AcDbEntity
  8
HIDDEN
100
AcDbPolyline
 90
2
 70
0
 10
43.1822825405815
 20
81.65789473684211
 10
43.1822825405815
 20
83.98421052631579
  0
LWPOLYLINE
  5
1A6
330
17
100
AcDbEntity
  8
HIDDEN
100
AcDbPolyline
 90
2
 70
0
 10
40.18613851205008
 20
83.98421052631579
 10
43.1822825405815
 20
83.98421052631579
  0
LWPOLYLINE
  5
1A7
330
17
100
AcDbEntity
  8
HIDDEN
100
AcDbPolyline
 90
2
 70
0
 10
40.18613851205008
 20
81.65789473684211
 10
40.18613851205008
 20
83.98421052631579
  0
LWPOLYLINE
  5
1A8
330
17
100
AcDbEntity
  8
HIDDEN
100
AcDbPolyline
 90
2
 70
0
 10
44.68035455484721
 20
83.98421052631579
 10
43.182282540581504
 20
83.98421052631579
  0
LWPOLYLINE
  5
1A9
330
17
100
AcDbEntity
  8
HIDDEN
100
AcDbPolyline
 90
2
 70
0
 10
43.1822825405815
 20
83.98421052631579
 10
44.68035455484721
 20
83.98421052631579
  0
LWPOLYLINE
  5
1AA
330
17
100
AcDbEntity
  8
HIDDEN
100
AcDbPolyline
 90
2
 70
0
 10
43.182282540581504
 20
83.98421052631579
 10
40.18613851205008
 20
83.98421052631579
  0
LWPOLYLINE
  5
1AB
330
17
100
AcDbEntity
  8
HIDDEN
100
AcDbPolyline
 90
2
 70
0
 10
40.18613851205008
 20
83.98421052631579
 10
38.68806649778436
 20
83.98421052631579
  0
LWPOLYLINE
  5
1AC
330
17
100
AcDbEntity
  8
HIDDEN
100
AcDbPolyline
 90
2
 70
0
 10
38.68806649778436
 20
83.98421052631579
 10
40.18613851205008
 20
83.98421052631579
  0
LWPOLYLINE
  5
1AD
330
17
100
AcDbEntity
  8
HIDDEN
100
AcDbPolyline
 90
15
 70
0
 10
43.205263157894734
 20
83.98421052631579
 10
43.16712719273972
 20
83.98421052631579
 10
43.05463159380947
 20
83.98421052631579
 10
42.873417360175054
 20
83.98421052631579
 10
42.63257133019565
 20
83.98421052631579
 10
42.34417052949986
 20
83.98421052631579
 10
42.02267657849144
 20
83.98421052631579
 10
41.684210526315795
 20
83.98421052631579
 10
41.34574447414013
 20
83.98421052631579
 10
41.02425052313171
 20
83.98421052631579
 10
40.73584972243593
 20
83.98421052631579
 10
40.49500369245652
 20
83.98421052631579
 10
40.313789458822114
 20
83.98421052631579
 10
40.20129385989186
 20
83.98421052631579
 10
40.16315789473684
 20
83.98421052631579
  0
LWPOLYLINE
  5
1AE
330
17
100
AcDbEntity
  8
HIDDEN
100
AcDbPolyline
 90
15
 70
0
 10
40.16315789473684
 20
83.98421052631579
 10
40.20129385989186
 20
83.98421052631579
 10
40.313789458822114
 20
83.98421052631579
 10
40.49500369245652
 20
83.98421052631579
 10
40.73584972243593
 20
83.98421052631579
 10
41.02425052313171
 20
83.98421052631579
 10
41.34574447414013
 20
83.98421052631579
 10
41.684210526315795
 20
83.98421052631579
 10
42.02267657849144
 20
83.98421052631579
 10
42.34417052949986
 20
83.98421052631579
 10
42.63257133019565
 20
83.98421052631579
 10
42.873417360175054
 20
83.98421052631579
 10
43.05463159380947
 20
83.98421052631579
 10
43.16712719273972
 20
83.98421052631579
 10
43.205263157894734
 20
83.98421052631579
  0
LWPOLYLINE
  5
1AF
330
17
100
AcDbEntity
  8
HIDDEN
100
AcDbPolyline
 90
2
 70
0
 10
44.68035455484721
 20
81.65789473684211
 10
44.68035455484721
 20
83.98421052631579
  0
LWPOLYLINE
  5
1B0
330
17
100
AcDbEntity
  8
HIDDEN
100
AcDbPolyline
 90
2
 70
0
 10
38.68806649778436
 20
81.65789473684211
 10
38.68806649778436
 20
83.98421052631579
  0
LWPOLYLINE
  5
1B1
330
17
100
AcDbEntity
  8
HIDDEN
100
AcDbPolyline
 90
2
 70
0
 10
43.182282540581504
 20
81.65789473684211
 10
43.182282540581504
 20
83.98421052631579
  0
LWPOLYLINE
  5
1B2
330
17
100
AcDbEntity
  8
HIDDEN
100
AcDbPolyline
 90
2
 70
0
 10
40.18613851205008
 20
81.65789473684211
 10
40.18613851205008
 20
83.98421052631579
  0
LWPOLYLINE
  5
1B3
330
17
100
AcDbEntity
  8
HIDDEN
100
AcDbPolyline
 90
2
 70
0
 10
32.445440435318346
 20
81.65789473684211
 10
32.445440435318346
 20
83.98421052631579
  0
LWPOLYLINE
  5
1B4
330
17
100
AcDbEntity
  8
HIDDEN
100
AcDbPolyline
 90
2
 70
0
 10
29.449296406786917
 20
83.98421052631579
 10
32.445440435318346
 20
83.98421052631579
  0
LWPOLYLINE
  5
1B5
330
17
100
AcDbEntity
  8
HIDDEN
100
AcDbPolyline
 90
2
 70
0
 10
29.449296406786917
 20
81.65789473684211
 10
29.449296406786917
 20
83.98421052631579
  0
LWPOLYLINE
  5
1B6
330
17
100
AcDbEntity
  8
HIDDEN
100
AcDbPolyline
 90
2
 70
0
 10
33.943512449584055
 20
83.98421052631579
 10
32.445440435318346
 20
83.98421052631579
  0
LWPOLYLINE
  5
1B7
330
17
100
AcDbEntity
  8
HIDDEN
100
AcDbPolyline
 90
2
 70
0
 10
32.445440435318346
 20
83.98421052631579
 10
33.943512449584055
 20
83.98421052631579
  0
LWPOLYLINE
  5
1B8
330
17
100
AcDbEntity
  8
HIDDEN
100
AcDbPolyline
 90
2
 70
0
 10
32.445440435318346
 20
83.98421052631579
 10
29.449296406786917
 20
83.98421052631579
  0
LWPOLYLINE
  5
1B9
330
17
100
AcDbEntity
  8
HIDDEN
100
AcDbPolyline
 90
2
 70
0
 10
29.449296406786917
 20
83.98421052631579
 10
27.951224392521205
 20
83.98421052631579
  0
LWPOLYLINE
  5
1BA
330
17
100
AcDbEntity
  8
HIDDEN
100
AcDbPolyline
 90
2
 70
0
 10
27.951224392521205
 20
83.98421052631579
 10
29.449296406786917
 20
83.98421052631579
  0
LWPOLYLINE
  5
1BB
330
17
100
AcDbEntity
  8
HIDDEN
100
AcDbPolyline
 90
15
 70
0
 10
32.46842105263158
 20
83.98421052631579
 10
32.43028508747656
 20
83.98421052631579
 10
32.31778948854631
 20
83.98421052631579
 10
32.1365752549119
 20
83.98421052631579
 10
31.895729224932495
 20
83.98421052631579
 10
31.607328424236705
 20
83.98421052631579
 10
31.28583447322829
 20
83.98421052631579
 10
30.94736842105263
 20
83.98421052631579
 10
30.608902368876976
 20
83.98421052631579
 10
30.287408417868555
 20
83.98421052631579
 10
29.99900761717277
 20
83.98421052631579
 10
29.758161587193364
 20
83.98421052631579
 10
29.576947353558953
 20
83.98421052631579
 10
29.464451754628698
 20
83.98421052631579
 10
29.426315789473684
 20
83.98421052631579
  0
LWPOLYLINE
  5
1BC
330
17
100
AcDbEntity
  8
HIDDEN
100
AcDbPolyline
 90
15
 70
0
 10
29.426315789473684
 20
83.98421052631579
 10
29.464451754628698
 20
83.98421052631579
 10
29.576947353558953
 20
83.98421052631579
 10
29.758161587193364
 20
83.98421052631579
 10
29.99900761717277
 20
83.98421052631579
 10
30.287408417868555
 20
83.98421052631579
 10
30.608902368876976
 20
83.98421052631579
 10
30.94736842105263
 20
83.98421052631579
 10
31.28583447322829
 20
83.98421052631579
 10
31.607328424236705
 20
83.98421052631579
 10
31.895729224932495
 20
83.98421052631579
 10
32.1365752549119
 20
83.98421052631579
 10
32.31778948854631
 20
83.98421052631579
 10
32.43028508747656
 20
83.98421052631579
 10
32.46842105263158
 20
83.98421052631579
  0
LWPOLYLINE
  5
1BD
330
17
100
AcDbEntity
  8
HIDDEN
100
AcDbPolyline
 90
2
 70
0
 10
33.943512449584055
 20
81.65789473684211
 10
33.943512449584055
 20
83.98421052631579
  0
LWPOLYLINE
  5
1BE
330
17
100
AcDbEntity
  8
HIDDEN
100
AcDbPolyline
 90
2
 70
0
 10
27.951224392521205
 20
81.65789473684211
 10
27.951224392521205
 20
83.98421052631579
  0
LWPOLYLINE
  5
1BF
330
17
100
AcDbEntity
  8
HIDDEN
100
AcDbPolyline
 90
2
 70
0
 10
32.445440435318346
 20
81.65789473684211
 10
32.445440435318346
 20
83.98421052631579
  0
LWPOLYLINE
  5
1C0
330
17
100
AcDbEntity
  8
HIDDEN
100
AcDbPolyline
 90
2
 70
0
 10
29.449296406786917
 20
81.65789473684211
 10
29.449296406786917
 20
83.98421052631579
  0
LWPOLYLINE
  5
1C1
330
17
100
AcDbEntity
  8
HIDDEN
100
AcDbPolyline
 90
2
 70
0
 10
30.857894736842105
 20
81.65789473684211
 10
30.857894736842105
 20
84.87894736842105
  0
LWPOLYLINE
  5
1C2
330
17
100
AcDbEntity
  8
HIDDEN
100
AcDbPolyline
 90
15
 70
0
 10
30.857894736842105
 20
84.87894736842105
 10
30.81527218755121
 20
84.87894736842105
 10
30.689541812276218
 20
84.87894736842105
 10
30.487008257037758
 20
84.87894736842105
 10
30.21782740000195
 20
84.87894736842105
 10
29.895497093341955
 20
84.87894736842105
 10
29.53618032456784
 20
84.87894736842105
 10
29.157894736842106
 20
84.87894736842105
 10
28.77960914911637
 20
84.87894736842105
 10
28.420292380342257
 20
84.87894736842105
 10
28.097962073682258
 20
84.87894736842105
 10
27.828781216646455
 20
84.87894736842105
 10
27.626247661407994
 20
84.87894736842105
 10
27.500517286133004
 20
84.87894736842105
 10
27.457894736842107
 20
84.87894736842105
  0
LWPOLYLINE
  5
1C3
330
17
100
AcDbEntity
  8
HIDDEN
100
AcDbPolyline
 90
15
 70
0
 10
27.457894736842107
 20
84.87894736842105
 10
27.500517286133004
 20
84.87894736842105
 10
27.626247661407994
 20
84.87894736842105
 10
27.828781216646455
 20
84.87894736842105
 10
28.097962073682258
 20
84.87894736842105
 10
28.420292380342257
 20
84.87894736842105
 10
28.77960914911637
 20
84.87894736842105
 10
29.157894736842106
 20
84.87894736842105
 10
29.536180324567837
 20
84.87894736842105
 10
29.89549709334195
 20
84.87894736842105
 10
30.21782740000195
 20
84.87894736842105
 10
30.487008257037758
 20
84.87894736842105
 10
30.689541812276218
 20
84.87894736842105
 10
30.81527218755121
 20
84.87894736842105
 10
30.857894736842105
 20
84.87894736842105
  0
LWPOLYLINE
  5
1C4
330
17
100
AcDbEntity
  8
HIDDEN
100
AcDbPolyline
 90
2
 70
0
 10
136.81771745941847
 20
81.65789473684211
 10
136.81771745941847
 20
83.98421052631579
  0
LWPOLYLINE
  5
1C5
330
17
100
AcDbEntity
  8
HIDDEN
100
AcDbPolyline
 90
2
 70
0
 10
139.81386148794994
 20
81.65789473684211
 10
139.81386148794994
 20
83.98421052631579
  0
LWPOLYLINE
  5
1C6
330
17
100
AcDbEntity
  8
HIDDEN
100
AcDbPolyline
 90
2
 70
0
 10
139.81386148794994
 20
81.65789473684211
 10
139.81386148794994
 20
83.98421052631579
  0
LWPOLYLINE
  5
1C7
330
17
100
AcDbEntity
  8
HIDDEN
100
AcDbPolyline
 90
2
 70
0
 10
141.31193350221565
 20
81.65789473684211
 10
141.31193350221565
 20
83.98421052631579
  0
LWPOLYLINE
  5
1C8
330
17
100
AcDbEntity
  8
HIDDEN
100
AcDbPolyline
 90
2
 70
0
 10
72.73157894736843
 20
83.98421052631579
 10
72.73157894736843
 20
91.5
  0
LWPOLYLINE
  5
1C9
330
17
100
AcDbEntity
  8
HIDDEN
100
AcDbPolyline
 90
2
 70
0
 10
150.8421052631579
 20
87.02631578947368
 10
150.8421052631579
 20
91.5
  0
LWPOLYLINE
  5
1CA
330
17
100
AcDbEntity
  8
HIDDEN
100
AcDbPolyline
 90
2
 70
0
 10
57.78947368421053
 20
87.02631578947368
 10
57.78947368421053
 20
91.5
  0
LWPOLYLINE
  5
1CB
330
17
100
AcDbEntity
  8
HIDDEN
100
AcDbPolyline
 90
2
 70
0
 10
151.73684210526315
 20
118.34210526315789
 10
155.31578947368422
 20
118.34210526315789
  0
LWPOLYLINE
  5
1CC
330
17
100
AcDbEntity
  8
HIDDEN
100
AcDbPolyline
 90
2
 70
0
 10
172.31578947368422
 20
87.02631578947368
 10
155.31578947368422
 20
104.02631578947368
  0
LWPOLYLINE
  5
1CD
330
17
100
AcDbEntity
  8
HIDDEN
100
AcDbPolyline
 90
2
 70
0
 10
155.31578947368422
 20
104.02631578947368
 10
155.31578947368422
 20
87.02631578947368
  0
LWPOLYLINE
  5
1CE
330
17
100
AcDbEntity
  8
HIDDEN
100
AcDbPolyline
 90
2
 70
0
 10
155.31578947368422
 20
104.02631578947368
 10
155.31578947368422
 20
118.34210526315789
  0
LWPOLYLINE
  5
1CF
330
17
100
AcDbEntity
  8
HIDDEN
100
AcDbPolyline
 90
2
 70
0
 10
155.31578947368422
 20
104.02631578947368
 10
155.31578947368422
 20
87.02631578947368
  0
LWPOLYLINE
  5
1D0
330
17
100
AcDbEntity
  8
HIDDEN
100
AcDbPolyline
 90
15
 70
0
 10
155.31578947368422
 20
112.83947368421053
 10
155.31578947368422
 20
112.73067401891534
 10
155.31578947368422
 20
112.4097306925555
 10
155.31578947368422
 20
111.89273714365733
 10
155.31578947368422
 20
111.2056175875396
 10
155.31578947368422
 20
110.38282706790751
 10
155.31578947368422
 20
109.46562373708937
 10
155.31578947368422
 20
108.5
 10
155.31578947368422
 20
107.53437626291063
 10
155.31578947368422
 20
106.6171729320925
 10
155.31578947368422
 20
105.7943824124604
 10
155.31578947368422
 20
105.10726285634269
 10
155.31578947368422
 20
104.59026930744452
 10
155.31578947368422
 20
104.26932598108468
 10
155.31578947368422
 20
104.16052631578948
  0
LWPOLYLINE
  5
1D1
330
17
100
AcDbEntity
  8
HIDDEN
100
AcDbPolyline
 90
15
 70
0
 10
155.31578947368422
 20
104.16052631578947
 10
155.31578947368422
 20
104.26932598108468
 10
155.31578947368422
 20
104.5902693074445
 10
155.31578947368422
 20
105.10726285634269
 10
155.31578947368422
 20
105.7943824124604
 10
155.31578947368422
 20
106.6171729320925
 10
155.31578947368422
 20
107.53437626291063
 10
155.31578947368422
 20
108.5
 10
155.31578947368422
 20
109.46562373708937
 10
155.31578947368422
 20
110.38282706790751
 10
155.31578947368422
 20
111.2056175875396
 10
155.31578947368422
 20
111.89273714365733
 10
155.31578947368422
 20
112.4097306925555
 10
155.31578947368422
 20
112.73067401891534
 10
155.31578947368422
 20
112.83947368421053
  0
LWPOLYLINE
  5
1D2
330
17
100
AcDbEntity
  8
HIDDEN
100
AcDbPolyline
 90
2
 70
0
 10
151.73684210526315
 20
112.83947368421053
 10
155.31578947368422
 20
112.83947368421053
  0
LWPOLYLINE
  5
1D3
330
17
100
AcDbEntity
  8
HIDDEN
100
AcDbPolyline
 90
15
 70
0
 10
151.73684210526315
 20
112.83947368421053
 10
151.73684210526315
 20
112.73067401891534
 10
151.73684210526315
 20
112.4097306925555
 10
151.73684210526315
 20
111.89273714365733
 10
151.73684210526315
 20
111.2056175875396
 10
151.73684210526315
 20
110.38282706790751
 10
151.73684210526315
 20
109.46562373708937
 10
151.73684210526315
 20
108.5
 10
151.73684210526315
 20
107.53437626291063
 10
151.73684210526315
 20
106.6171729320925
 10
151.73684210526315
 20
105.7943824124604
 10
151.73684210526315
 20
105.10726285634269
 10
151.73684210526315
 20
104.59026930744452
 10
151.73684210526315
 20
104.26932598108468
 10
151.73684210526315
 20
104.16052631578948
  0
LWPOLYLINE
  5
1D4
330
17
100
AcDbEntity
  8
HIDDEN
100
AcDbPolyline
 90
15
 70
0
 10
151.73684210526315
 20
104.16052631578947
 10
151.73684210526315
 20
104.26932598108468
 10
151.73684210526315
 20
104.5902693074445
 10
151.73684210526315
 20
105.10726285634269
 10
151.73684210526315
 20
105.7943824124604
 10
151.73684210526315
 20
106.6171729320925
 10
151.73684210526315
 20
107.53437626291063
 10
151.73684210526315
 20
108.5
 10
151.73684210526315
 20
109.46562373708937
 10
151.73684210526315
 20
110.38282706790751
 10
151.73684210526315
 20
111.2056175875396
 10
151.73684210526315
 20
111.89273714365733
 10
151.73684210526315
 20
112.4097306925555
 10
151.73684210526315
 20
112.73067401891534
 10
151.73684210526315
 20
112.83947368421053
  0
LWPOLYLINE
  5
1D5
330
17
100
AcDbEntity
  8
HIDDEN
100
AcDbPolyline
 90
2
 70
0
 10
172.31578947368422
 20
87.02631578947368
 10
155.31578947368422
 20
104.02631578947368
  0
LWPOLYLINE
  5
1D6
330
17
100
AcDbEntity
  8
HIDDEN
100
AcDbPolyline
 90
2
 70
0
 10
172.31578947368422
 20
87.02631578947368
 10
155.31578947368422
 20
104.02631578947368
  0
LWPOLYLINE
  5
1D7
330
17
100
AcDbEntity
  8
HIDDEN
100
AcDbPolyline
 90
2
 70
0
 10
151.73684210526315
 20
87.02631578947368
 10
151.73684210526315
 20
118.34210526315789
  0
LWPOLYLINE
  5
1D8
330
17
100
AcDbEntity
  8
HIDDEN
100
AcDbPolyline
 90
2
 70
0
 10
43.205263157894734
 20
83.98421052631579
 10
43.205263157894734
 20
87.02631578947368
  0
LWPOLYLINE
  5
1D9
330
17
100
AcDbEntity
  8
HIDDEN
100
AcDbPolyline
 90
2
 70
0
 10
32.46842105263158
 20
83.98421052631579
 10
32.46842105263158
 20
87.02631578947368
  0
LWPOLYLINE
  5
1DA
330
17
100
AcDbEntity
  8
HIDDEN
100
AcDbPolyline
 90
2
 70
0
 10
150.8421052631579
 20
87.02631578947368
 10
150.8421052631579
 20
91.5
  0
LWPOLYLINE
  5
1DB
330
17
100
AcDbEntity
  8
HIDDEN
100
AcDbPolyline
 90
2
 70
0
 10
57.78947368421053
 20
87.02631578947368
 10
57.78947368421053
 20
91.5
  0
LWPOLYLINE
  5
1DC
330
17
100
AcDbEntity
  8
HIDDEN
100
AcDbPolyline
 90
2
 70
0
 10
43.205263157894734
 20
83.98421052631579
 10
43.205263157894734
 20
87.02631578947368
  0
LWPOLYLINE
  5
1DD
330
17
100
AcDbEntity
  8
HIDDEN
100
AcDbPolyline
 90
2
 70
0
 10
32.46842105263158
 20
83.98421052631579
 10
32.46842105263158
 20
87.02631578947368
  0
LWPOLYLINE
  5
1DE
330
17
100
AcDbEntity
  8
HIDDEN
100
AcDbPolyline
 90
2
 70
0
 10
192.0
 20
81.65789473684211
 10
192.0
 20
87.02631578947368
  0
LWPOLYLINE
  5
1DF
330
17
100
AcDbEntity
  8
HIDDEN
100
AcDbPolyline
 90
2
 70
0
 10
22.0
 20
81.65789473684211
 10
22.0
 20
87.02631578947368
  0
LWPOLYLINE
  5
1E0
330
17
100
AcDbEntity
  8
HIDDEN
100
AcDbPolyline
 90
2
 70
0
 10
163.3684210526316
 20
92.39473684210526
 10
163.3684210526316
 20
93.28947368421053
  0
LWPOLYLINE
  5
1E1
330
17
100
AcDbEntity
  8
HIDDEN
100
AcDbPolyline
 90
2
 70
0
 10
164.26315789473685
 20
87.02631578947368
 10
164.26315789473685
 20
92.39473684210526
  0
LWPOLYLINE
  5
1E2
330
17
100
AcDbEntity
  8
HIDDEN
100
AcDbPolyline
 90
2
 70
0
 10
136.7947368421053
 20
83.98421052631579
 10
136.7947368421053
 20
91.5
  0
LWPOLYLINE
  5
1E3
330
17
100
AcDbEntity
  8
HIDDEN
100
AcDbPolyline
 90
2
 70
0
 10
181.35263157894735
 20
81.65789473684211
 10
181.35263157894735
 20
84.87894736842105
  0
LWPOLYLINE
  5
1E4
330
17
100
AcDbEntity
  8
HIDDEN
100
AcDbPolyline
 90
2
 70
0
 10
27.457894736842107
 20
81.65789473684211
 10
27.457894736842107
 20
84.87894736842105
  0
LWPOLYLINE
  5
1E5
330
17
100
AcDbEntity
  8
HIDDEN
100
AcDbPolyline
 90
2
 70
0
 10
181.35263157894735
 20
81.65789473684211
 10
181.35263157894735
 20
84.87894736842105
  0
LWPOLYLINE
  5
1E6
330
17
100
AcDbEntity
  8
HIDDEN
100
AcDbPolyline
 90
2
 70
0
 10
136.7947368421053
 20
83.98421052631579
 10
136.7947368421053
 20
91.5
  0
LWPOLYLINE
  5
1E7
330
17
100
AcDbEntity
  8
HIDDEN
100
AcDbPolyline
 90
2
 70
0
 10
69.68947368421053
 20
83.98421052631579
 10
69.68947368421053
 20
91.5
  0
LWPOLYLINE
  5
1E8
330
17
100
AcDbEntity
  8
HIDDEN
100
AcDbPolyline
 90
2
 70
0
 10
27.457894736842107
 20
81.65789473684211
 10
27.457894736842107
 20
84.87894736842105
  0
LWPOLYLINE
  5
1E9
330
17
100
AcDbEntity
  8
HIDDEN
100
AcDbPolyline
 90
2
 70
0
 10
69.68947368421053
 20
83.98421052631579
 10
69.68947368421053
 20
91.5
  0
LWPOLYLINE
  5
1EA
330
17
100
AcDbEntity
  8
HIDDEN
100
AcDbPolyline
 90
2
 70
0
 10
151.73684210526315
 20
104.16052631578947
 10
155.31578947368422
 20
104.16052631578947
  0
LWPOLYLINE
  5
1EB
330
17
100
AcDbEntity
  8
HIDDEN
100
AcDbPolyline
 90
2
 70
0
 10
40.16315789473684
 20
83.98421052631579
 10
40.16315789473684
 20
87.02631578947368
  0
LWPOLYLINE
  5
1EC
330
17
100
AcDbEntity
  8
HIDDEN
100
AcDbPolyline
 90
2
 70
0
 10
29.426315789473684
 20
83.98421052631579
 10
29.426315789473684
 20
87.02631578947368
  0
LWPOLYLINE
  5
1ED
330
17
100
AcDbEntity
  8
HIDDEN
100
AcDbPolyline
 90
2
 70
0
 10
40.16315789473684
 20
83.98421052631579
 10
40.16315789473684
 20
87.02631578947368
  0
LWPOLYLINE
  5
1EE
330
17
100
AcDbEntity
  8
HIDDEN
100
AcDbPolyline
 90
2
 70
0
 10
29.426315789473684
 20
83.98421052631579
 10
29.426315789473684
 20
87.02631578947368
  0
LWPOLYLINE
  5
1EF
330
17
100
AcDbEntity
  8
OUTLINE
100
AcDbPolyline
 90
15
 70
0
 10
166.05263157894737
 20
93.28947368421053
 10
166.35316780427732
 20
93.28947368421053
 10
166.64992461219853
 20
93.28947368421053
 10
166.93917011366912
 20
93.28947368421053
 10
167.21726687868397
 20
93.28947368421053
 10
167.48071767906748
 20
93.28947368421053
 10
167.72620946814712
 20
93.28947368421053
 10
167.95065504423758
 20
93.28947368421053
 10
168.15123187399314
 20
93.28947368421053
 10
168.32541758740226
 20
93.28947368421053
 10
168.47102169805385
 20
93.28947368421053
 10
168.5862131497751
 20
93.28947368421053
 10
168.6695433432249
 20
93.28947368421053
 10
168.71996435287133
 20
93.28947368421053
 10
168.73684210526315
 20
93.28947368421053
  0
LWPOLYLINE
  5
1F0
330
17
100
AcDbEntity
  8
OUTLINE
100
AcDbPolyline
 90
2
 70
0
 10
168.73684210526315
 20
92.39473684210526
 10
168.73684210526315
 20
93.28947368421053
  0
LWPOLYLINE
  5
1F1
330
17
100
AcDbEntity
  8
OUTLINE
100
AcDbPolyline
 90
15
 70
0
 10
166.94736842105263
 20
92.39473684210526
 10
167.16613880252837
 20
92.39473684210526
 10
167.37630628888456
 20
92.39473684210526
 10
167.57624713776528
 20
92.39473684210526
 10
167.764416617249
 20
92.39473684210526
 10
167.93936094036215
 20
92.39473684210526
 10
168.09972849695652
 20
92.39473684210526
 10
168.24428029617442
 20
92.39473684210526
 10
168.3718995388235
 20
92.39473684210526
 10
168.4816002457053
 20
92.39473684210526
 10
168.57253487523607
 20
92.39473684210526
 10
168.64400087150594
 20
92.39473684210526
 10
168.69544609218704
 20
92.39473684210526
 10
168.72647307435454
 20
92.39473684210526
 10
168.73684210526315
 20
92.39473684210526
  0
LWPOLYLINE
  5
1F2
330
17
100
AcDbEntity
  8
OUTLINE
100
AcDbPolyline
 90
2
 70
0
 10
167.8421052631579
 20
91.5
 10
167.8421052631579
 20
92.39473684210526
  0
LWPOLYLINE
  5
1F3
330
17
100
AcDbEntity
  8
OUTLINE
100
AcDbPolyline
 90
2
 70
0
 10
22.0
 20
87.02631578947368
 10
192.0
 20
87.02631578947368
  0
LWPOLYLINE
  5
1F4
330
17
100
AcDbEntity
  8
OUTLINE
100
AcDbPolyline
 90
2
 70
0
 10
22.0
 20
81.65789473684211
 10
192.0
 20
81.65789473684211
  0
LWPOLYLINE
  5
1F5
330
17
100
AcDbEntity
  8
OUTLINE
100
AcDbPolyline
 90
2
 70
0
 10
57.78947368421053
 20
91.5
 10
150.8421052631579
 20
91.5
  0
LWPOLYLINE
  5
1F6
330
17
100
AcDbEntity
  8
OUTLINE
100
AcDbPolyline
 90
2
 70
0
 10
151.73684210526315
 20
87.02631578947368
 10
151.73684210526315
 20
118.34210526315789
  0
LWPOLYLINE
  5
1F7
330
17
100
AcDbEntity
  8
OUTLINE
100
AcDbPolyline
 90
2
 70
0
 10
151.73684210526315
 20
118.34210526315789
 10
155.31578947368422
 20
118.34210526315789
  0
LWPOLYLINE
  5
1F8
330
17
100
AcDbEntity
  8
OUTLINE
100
AcDbPolyline
 90
2
 70
0
 10
155.31578947368422
 20
104.02631578947368
 10
155.31578947368422
 20
118.34210526315789
  0
LWPOLYLINE
  5
1F9
330
17
100
AcDbEntity
  8
OUTLINE
100
AcDbPolyline
 90
2
 70
0
 10
172.31578947368422
 20
87.02631578947368
 10
155.31578947368422
 20
104.02631578947368
  0
LWPOLYLINE
  5
1FA
330
17
100
AcDbEntity
  8
OUTLINE
100
AcDbPolyline
 90
2
 70
0
 10
150.8421052631579
 20
87.02631578947368
 10
150.8421052631579
 20
91.5
  0
LWPOLYLINE
  5
1FB
330
17
100
AcDbEntity
  8
OUTLINE
100
AcDbPolyline
 90
2
 70
0
 10
57.78947368421053
 20
87.02631578947368
 10
57.78947368421053
 20
91.5
  0
LWPOLYLINE
  5
1FC
330
17
100
AcDbEntity
  8
OUTLINE
100
AcDbPolyline
 90
2
 70
0
 10
192.0
 20
81.65789473684211
 10
192.0
 20
87.02631578947368
  0
LWPOLYLINE
  5
1FD
330
17
100
AcDbEntity
  8
OUTLINE
100
AcDbPolyline
 90
2
 70
0
 10
22.0
 20
81.65789473684211
 10
22.0
 20
87.02631578947368
  0
TEXT
  5
1FE
330
17
100
AcDbEntity
  8
TEXT
100
AcDbText
 10
22.0
 20
63.0
 30
0.0
 40
2.6
  1
FRONT  (view scale 0.89:1)
100
AcDbText
  0
LWPOLYLINE
  5
1FF
330
17
100
AcDbEntity
  8
HIDDEN
100
AcDbPolyline
 90
15
 70
0
 10
285.0975609756098
 20
194.41463414634146
 10
284.46673673219846
 20
194.41463414634146
 10
283.8438454696608
 20
194.41463414634146
 10
283.2367204070331
 20
194.41463414634146
 10
282.6529964942401
 20
194.41463414634146
 10
282.1000143981697
 20
194.41463414634146
 10
281.5847281895276
 20
194.41463414634146
 10
281.1136178913636
 20
194.41463414634146
 10
280.6926079890216
 20
194.41463414634146
 10
280.32699292629917
 20
194.41463414634146
 10
280.0213705247449
 20
194.41463414634146
 10
279.7795841633846
 20
194.41463414634146
 10
279.604674446
 20
194.41463414634146
 10
279.49884096377224
 20
194.41463414634146
 10
279.4634146341463
 20
194.41463414634146
  0
LWPOLYLINE
  5
200
330
17
100
AcDbEntity
  8
HIDDEN
100
AcDbPolyline
 90
15
 70
0
 10
279.4634146341463
 20
194.41463414634146
 10
279.604674446
 20
194.41463414634146
 10
280.0213705247449
 20
194.41463414634146
 10
280.6926079890216
 20
194.41463414634146
 10
281.5847281895276
 20
194.41463414634146
 10
282.6529964942401
 20
194.41463414634146
 10
283.8438454696608
 20
194.41463414634146
 10
285.0975609756098
 20
194.41463414634146
 10
286.3512764815587
 20
194.41463414634146
 10
287.5421254569794
 20
194.41463414634146
 10
288.6103937616919
 20
194.41463414634146
 10
289.50251396219795
 20
194.41463414634146
 10
290.1737514264746
 20
194.41463414634146
 10
290.5904475052196
 20
194.41463414634146
 10
290.7317073170732
 20
194.41463414634146
  0
LWPOLYLINE
  5
201
330
17
100
AcDbEntity
  8
HIDDEN
100
AcDbPolyline
 90
15
 70
0
 10
290.7317073170732
 20
194.41463414634146
 10
290.69628098744727
 20
194.41463414634146
 10
290.5904475052196
 20
194.41463414634146
 10
290.415537787835
 20
194.41463414634146
 10
290.1737514264746
 20
194.41463414634146
 10
289.86812902492034
 20
194.41463414634146
 10
289.50251396219795
 20
194.41463414634146
 10
289.0815040598559
 20
194.41463414634146
 10
288.6103937616919
 20
194.41463414634146
 10
288.09510755304984
 20
194.41463414634146
 10
287.5421254569794
 20
194.41463414634146
 10
286.9584015441864
 20
194.41463414634146
 10
286.3512764815587
 20
194.41463414634146
 10
285.7283852190211
 20
194.41463414634146
 10
285.0975609756098
 20
194.41463414634146
  0
LWPOLYLINE
  5
202
330
17
100
AcDbEntity
  8
HIDDEN
100
AcDbPolyline
 90
15
 70
0
 10
285.0975609756098
 20
192.53658536585365
 10
284.46673673219846
 20
192.53658536585365
 10
283.8438454696608
 20
192.53658536585365
 10
283.2367204070331
 20
192.53658536585365
 10
282.6529964942401
 20
192.53658536585365
 10
282.1000143981697
 20
192.53658536585365
 10
281.5847281895276
 20
192.53658536585365
 10
281.1136178913636
 20
192.53658536585365
 10
280.6926079890216
 20
192.53658536585365
 10
280.32699292629917
 20
192.53658536585365
 10
280.0213705247449
 20
192.53658536585365
 10
279.7795841633846
 20
192.53658536585365
 10
279.604674446
 20
192.53658536585365
 10
279.49884096377224
 20
192.53658536585365
 10
279.4634146341463
 20
192.53658536585365
  0
LWPOLYLINE
  5
203
330
17
100
AcDbEntity
  8
HIDDEN
100
AcDbPolyline
 90
15
 70
0
 10
279.4634146341463
 20
192.53658536585365
 10
279.604674446
 20
192.53658536585365
 10
280.0213705247449
 20
192.53658536585365
 10
280.6926079890216
 20
192.53658536585365
 10
281.5847281895276
 20
192.53658536585365
 10
282.6529964942401
 20
192.53658536585365
 10
283.8438454696608
 20
192.53658536585365
 10
285.0975609756098
 20
192.53658536585365
 10
286.3512764815587
 20
192.53658536585365
 10
287.5421254569794
 20
192.53658536585365
 10
288.6103937616919
 20
192.53658536585365
 10
289.50251396219795
 20
192.53658536585365
 10
290.1737514264746
 20
192.53658536585365
 10
290.5904475052196
 20
192.53658536585365
 10
290.7317073170732
 20
192.53658536585365
  0
LWPOLYLINE
  5
204
330
17
100
AcDbEntity
  8
HIDDEN
100
AcDbPolyline
 90
15
 70
0
 10
290.7317073170732
 20
192.53658536585365
 10
290.69628098744727
 20
192.53658536585365
 10
290.5904475052196
 20
192.53658536585365
 10
290.415537787835
 20
192.53658536585365
 10
290.1737514264746
 20
192.53658536585365
 10
289.86812902492034
 20
192.53658536585365
 10
289.50251396219795
 20
192.53658536585365
 10
289.0815040598559
 20
192.53658536585365
 10
288.6103937616919
 20
192.53658536585365
 10
288.09510755304984
 20
192.53658536585365
 10
287.5421254569794
 20
192.53658536585365
 10
286.9584015441864
 20
192.53658536585365
 10
286.3512764815587
 20
192.53658536585365
 10
285.7283852190211
 20
192.53658536585365
 10
285.0975609756098
 20
192.53658536585365
  0
LWPOLYLINE
  5
205
330
17
100
AcDbEntity
  8
HIDDEN
100
AcDbPolyline
 90
15
 70
0
 10
285.0975609756098
 20
192.53658536585365
 10
284.6770114800022
 20
192.53658536585365
 10
284.26175063831045
 20
192.53658536585365
 10
283.85700059655863
 20
192.53658536585365
 10
283.4678513213633
 20
192.53658536585365
 10
283.09919659064974
 20
192.53658536585365
 10
282.75567245155503
 20
192.53658536585365
 10
282.44159891944565
 20
192.53658536585365
 10
282.16092565121767
 20
192.53658536585365
 10
281.91718227606935
 20
192.53658536585365
 10
281.7134340083665
 20
192.53658536585365
 10
281.55224310079296
 20
192.53658536585365
 10
281.43563662253655
 20
192.53658536585365
 10
281.3650809677181
 20
192.53658536585365
 10
281.3414634146342
 20
192.53658536585365
  0
LWPOLYLINE
  5
206
330
17
100
AcDbEntity
  8
HIDDEN
100
AcDbPolyline
 90
15
 70
0
 10
281.3414634146342
 20
192.53658536585365
 10
281.43563662253655
 20
192.53658536585365
 10
281.7134340083665
 20
192.53658536585365
 10
282.16092565121767
 20
192.53658536585365
 10
282.75567245155503
 20
192.53658536585365
 10
283.4678513213633
 20
192.53658536585365
 10
284.26175063831045
 20
192.53658536585365
 10
285.0975609756098
 20
192.53658536585365
 10
285.93337131290906
 20
192.53658536585365
 10
286.7272706298562
 20
192.53658536585365
 10
287.43944949966453
 20
192.53658536585365
 10
288.0341963000019
 20
192.53658536585365
 10
288.481687942853
 20
192.53658536585365
 10
288.75948532868296
 20
192.53658536585365
 10
288.8536585365854
 20
192.53658536585365
  0
LWPOLYLINE
  5
207
330
17
100
AcDbEntity
  8
HIDDEN
100
AcDbPolyline
 90
15
 70
0
 10
288.8536585365854
 20
192.53658536585365
 10
288.8300409835015
 20
192.53658536585365
 10
288.75948532868296
 20
192.53658536585365
 10
288.64287885042654
 20
192.53658536585365
 10
288.481687942853
 20
192.53658536585365
 10
288.27793967515015
 20
192.53658536585365
 10
288.0341963000019
 20
192.53658536585365
 10
287.75352303177385
 20
192.53658536585365
 10
287.43944949966453
 20
192.53658536585365
 10
287.0959253605698
 20
192.53658536585365
 10
286.7272706298562
 20
192.53658536585365
 10
286.33812135466087
 20
192.53658536585365
 10
285.93337131290906
 20
192.53658536585365
 10
285.5181104712173
 20
192.53658536585365
 10
285.0975609756098
 20
192.53658536585365
  0
LWPOLYLINE
  5
208
330
17
100
AcDbEntity
  8
HIDDEN
100
AcDbPolyline
 90
15
 70
0
 10
285.0975609756098
 20
181.26829268292684
 10
284.6770114800022
 20
181.26829268292684
 10
284.26175063831045
 20
181.26829268292684
 10
283.85700059655863
 20
181.26829268292684
 10
283.4678513213633
 20
181.26829268292684
 10
283.09919659064974
 20
181.26829268292684
 10
282.75567245155503
 20
181.26829268292684
 10
282.44159891944565
 20
181.26829268292684
 10
282.16092565121767
 20
181.26829268292684
 10
281.91718227606935
 20
181.26829268292684
 10
281.7134340083665
 20
181.26829268292684
 10
281.55224310079296
 20
181.26829268292684
 10
281.43563662253655
 20
181.26829268292684
 10
281.3650809677181
 20
181.26829268292684
 10
281.3414634146342
 20
181.26829268292684
  0
LWPOLYLINE
  5
209
330
17
100
AcDbEntity
  8
HIDDEN
100
AcDbPolyline
 90
15
 70
0
 10
281.3414634146342
 20
181.26829268292684
 10
281.43563662253655
 20
181.26829268292684
 10
281.7134340083665
 20
181.26829268292684
 10
282.16092565121767
 20
181.26829268292684
 10
282.75567245155503
 20
181.26829268292684
 10
283.4678513213633
 20
181.26829268292684
 10
284.26175063831045
 20
181.26829268292684
 10
285.0975609756098
 20
181.26829268292684
 10
285.93337131290906
 20
181.26829268292684
 10
286.7272706298562
 20
181.26829268292684
 10
287.43944949966453
 20
181.26829268292684
 10
288.0341963000019
 20
181.26829268292684
 10
288.481687942853
 20
181.26829268292684
 10
288.75948532868296
 20
181.26829268292684
 10
288.8536585365854
 20
181.26829268292684
  0
LWPOLYLINE
  5
20A
330
17
100
AcDbEntity
  8
HIDDEN
100
AcDbPolyline
 90
15
 70
0
 10
288.8536585365854
 20
181.26829268292684
 10
288.8300409835015
 20
181.26829268292684
 10
288.75948532868296
 20
181.26829268292684
 10
288.64287885042654
 20
181.26829268292684
 10
288.481687942853
 20
181.26829268292684
 10
288.27793967515015
 20
181.26829268292684
 10
288.0341963000019
 20
181.26829268292684
 10
287.75352303177385
 20
181.26829268292684
 10
287.43944949966453
 20
181.26829268292684
 10
287.0959253605698
 20
181.26829268292684
 10
286.7272706298562
 20
181.26829268292684
 10
286.33812135466087
 20
181.26829268292684
 10
285.93337131290906
 20
181.26829268292684
 10
285.5181104712173
 20
181.26829268292684
 10
285.0975609756098
 20
181.26829268292684
  0
LWPOLYLINE
  5
20B
330
17
100
AcDbEntity
  8
HIDDEN
100
AcDbPolyline
 90
2
 70
0
 10
367.7317073170732
 20
181.26829268292684
 10
236.2682926829268
 20
181.26829268292684
  0
LWPOLYLINE
  5
20C
330
17
100
AcDbEntity
  8
HIDDEN
100
AcDbPolyline
 90
15
 70
0
 10
350.8292682926829
 20
181.26829268292684
 10
350.4718012214165
 20
181.26829268292684
 10
350.1188295059785
 20
181.26829268292684
 10
349.77479197048945
 20
181.26829268292684
 10
349.4440150865735
 20
181.26829268292684
 10
349.1306585654669
 20
181.26829268292684
 10
348.83866304723637
 20
181.26829268292684
 10
348.57170054494344
 20
181.26829268292684
 10
348.33312826694964
 20
181.26829268292684
 10
348.1259463980736
 20
181.26829268292684
 10
347.95276037052616
 20
181.26829268292684
 10
347.81574809908864
 20
181.26829268292684
 10
347.7166325925707
 20
181.26829268292684
 10
347.65666028597497
 20
181.26829268292684
 10
347.63658536585365
 20
181.26829268292684
  0
LWPOLYLINE
  5
20D
330
17
100
AcDbEntity
  8
HIDDEN
100
AcDbPolyline
 90
15
 70
0
 10
347.63658536585365
 20
181.26829268292684
 10
347.7166325925707
 20
181.26829268292684
 10
347.95276037052616
 20
181.26829268292684
 10
348.33312826694964
 20
181.26829268292684
 10
348.83866304723637
 20
181.26829268292684
 10
349.4440150865735
 20
181.26829268292684
 10
350.1188295059785
 20
181.26829268292684
 10
350.8292682926829
 20
181.26829268292684
 10
351.53970707938737
 20
181.26829268292684
 10
352.2145214987924
 20
181.26829268292684
 10
352.81987353812946
 20
181.26829268292684
 10
353.32540831841624
 20
181.26829268292684
 10
353.70577621483966
 20
181.26829268292684
 10
353.9419039927951
 20
181.26829268292684
 10
354.0219512195122
 20
181.26829268292684
  0
LWPOLYLINE
  5
20E
330
17
100
AcDbEntity
  8
HIDDEN
100
AcDbPolyline
 90
15
 70
0
 10
354.0219512195122
 20
181.26829268292684
 10
354.00187629939086
 20
181.26829268292684
 10
353.9419039927951
 20
181.26829268292684
 10
353.8427884862772
 20
181.26829268292684
 10
353.70577621483966
 20
181.26829268292684
 10
353.53259018729227
 20
181.26829268292684
 10
353.32540831841624
 20
181.26829268292684
 10
353.08683604042244
 20
181.26829268292684
 10
352.81987353812946
 20
181.26829268292684
 10
352.52787801989894
 20
181.26829268292684
 10
352.2145214987924
 20
181.26829268292684
 10
351.8837446148764
 20
181.26829268292684
 10
351.53970707938737
 20
181.26829268292684
 10
351.1867353639493
 20
181.26829268292684
 10
350.82926829268297
 20
181.26829268292684
  0
LWPOLYLINE
  5
20F
330
17
100
AcDbEntity
  8
HIDDEN
100
AcDbPolyline
 90
15
 70
0
 10
350.8292682926829
 20
181.26829268292684
 10
350.4718012214165
 20
181.26829268292684
 10
350.1188295059785
 20
181.26829268292684
 10
349.77479197048945
 20
181.26829268292684
 10
349.4440150865735
 20
181.26829268292684
 10
349.1306585654669
 20
181.26829268292684
 10
348.83866304723637
 20
181.26829268292684
 10
348.57170054494344
 20
181.26829268292684
 10
348.33312826694964
 20
181.26829268292684
 10
348.1259463980736
 20
181.26829268292684
 10
347.95276037052616
 20
181.26829268292684
 10
347.81574809908864
 20
181.26829268292684
 10
347.7166325925707
 20
181.26829268292684
 10
347.65666028597497
 20
181.26829268292684
 10
347.63658536585365
 20
181.26829268292684
  0
LWPOLYLINE
  5
210
330
17
100
AcDbEntity
  8
HIDDEN
100
AcDbPolyline
 90
15
 70
0
 10
347.63658536585365
 20
181.26829268292684
 10
347.7166325925707
 20
181.26829268292684
 10
347.95276037052616
 20
181.26829268292684
 10
348.33312826694964
 20
181.26829268292684
 10
348.83866304723637
 20
181.26829268292684
 10
349.4440150865735
 20
181.26829268292684
 10
350.1188295059785
 20
181.26829268292684
 10
350.8292682926829
 20
181.26829268292684
 10
351.53970707938737
 20
181.26829268292684
 10
352.2145214987924
 20
181.26829268292684
 10
352.81987353812946
 20
181.26829268292684
 10
353.32540831841624
 20
181.26829268292684
 10
353.70577621483966
 20
181.26829268292684
 10
353.9419039927951
 20
181.26829268292684
 10
354.0219512195122
 20
181.26829268292684
  0
LWPOLYLINE
  5
211
330
17
100
AcDbEntity
  8
HIDDEN
100
AcDbPolyline
 90
15
 70
0
 10
354.0219512195122
 20
181.26829268292684
 10
354.00187629939086
 20
181.26829268292684
 10
353.9419039927951
 20
181.26829268292684
 10
353.8427884862772
 20
181.26829268292684
 10
353.70577621483966
 20
181.26829268292684
 10
353.53259018729227
 20
181.26829268292684
 10
353.32540831841624
 20
181.26829268292684
 10
353.08683604042244
 20
181.26829268292684
 10
352.81987353812946
 20
181.26829268292684
 10
352.52787801989894
 20
181.26829268292684
 10
352.2145214987924
 20
181.26829268292684
 10
351.8837446148764
 20
181.26829268292684
 10
351.53970707938737
 20
181.26829268292684
 10
351.1867353639493
 20
181.26829268292684
 10
350.82926829268297
 20
181.26829268292684
  0
LWPOLYLINE
  5
212
330
17
100
AcDbEntity
  8
HIDDEN
100
AcDbPolyline
 90
2
 70
0
 10
340.12439024390244
 20
181.26829268292684
 10
330.73414634146343
 20
181.26829268292684
  0
LWPOLYLINE
  5
213
330
17
100
AcDbEntity
  8
HIDDEN
100
AcDbPolyline
 90
2
 70
0
 10
340.12439024390244
 20
181.26829268292684
 10
330.73414634146343
 20
181.26829268292684
  0
LWPOLYLINE
  5
214
330
17
100
AcDbEntity
  8
HIDDEN
100
AcDbPolyline
 90
15
 70
0
 10
253.1707317073171
 20
181.26829268292684
 10
252.81326463605066
 20
181.26829268292684
 10
252.46029292061263
 20
181.26829268292684
 10
252.11625538512362
 20
181.26829268292684
 10
251.7854785012076
 20
181.26829268292684
 10
251.47212198010104
 20
181.26829268292684
 10
251.18012646187054
 20
181.26829268292684
 10
250.9131639595776
 20
181.26829268292684
 10
250.67459168158376
 20
181.26829268292684
 10
250.46740981270776
 20
181.26829268292684
 10
250.29422378516034
 20
181.26829268292684
 10
250.1572115137228
 20
181.26829268292684
 10
250.05809600720488
 20
181.26829268292684
 10
249.99812370060914
 20
181.26829268292684
 10
249.97804878048782
 20
181.26829268292684
  0
LWPOLYLINE
  5
215
330
17
100
AcDbEntity
  8
HIDDEN
100
AcDbPolyline
 90
15
 70
0
 10
249.97804878048782
 20
181.26829268292684
 10
250.05809600720488
 20
181.26829268292684
 10
250.29422378516034
 20
181.26829268292684
 10
250.67459168158376
 20
181.26829268292684
 10
251.18012646187054
 20
181.26829268292684
 10
251.7854785012076
 20
181.26829268292684
 10
252.46029292061263
 20
181.26829268292684
 10
253.1707317073171
 20
181.26829268292684
 10
253.8811704940215
 20
181.26829268292684
 10
254.55598491342656
 20
181.26829268292684
 10
255.1613369527636
 20
181.26829268292684
 10
255.66687173305036
 20
181.26829268292684
 10
256.04723962947384
 20
181.26829268292684
 10
256.2833674074293
 20
181.26829268292684
 10
256.36341463414635
 20
181.26829268292684
  0
LWPOLYLINE
  5
216
330
17
100
AcDbEntity
  8
HIDDEN
100
AcDbPolyline
 90
15
 70
0
 10
256.36341463414635
 20
181.26829268292684
 10
256.34333971402503
 20
181.26829268292684
 10
256.2833674074293
 20
181.26829268292684
 10
256.18425190091136
 20
181.26829268292684
 10
256.04723962947384
 20
181.26829268292684
 10
255.8740536019264
 20
181.26829268292684
 10
255.66687173305036
 20
181.26829268292684
 10
255.42829945505656
 20
181.26829268292684
 10
255.16133695276363
 20
181.26829268292684
 10
254.8693414345331
 20
181.26829268292684
 10
254.55598491342656
 20
181.26829268292684
 10
254.22520802951053
 20
181.26829268292684
 10
253.8811704940215
 20
181.26829268292684
 10
253.5281987785835
 20
181.26829268292684
 10
253.1707317073171
 20
181.26829268292684
  0
LWPOLYLINE
  5
217
330
17
100
AcDbEntity
  8
HIDDEN
100
AcDbPolyline
 90
15
 70
0
 10
253.1707317073171
 20
181.26829268292684
 10
252.81326463605066
 20
181.26829268292684
 10
252.46029292061263
 20
181.26829268292684
 10
252.11625538512362
 20
181.26829268292684
 10
251.7854785012076
 20
181.26829268292684
 10
251.47212198010104
 20
181.26829268292684
 10
251.18012646187054
 20
181.26829268292684
 10
250.9131639595776
 20
181.26829268292684
 10
250.67459168158376
 20
181.26829268292684
 10
250.46740981270776
 20
181.26829268292684
 10
250.29422378516034
 20
181.26829268292684
 10
250.1572115137228
 20
181.26829268292684
 10
250.05809600720488
 20
181.26829268292684
 10
249.99812370060914
 20
181.26829268292684
 10
249.97804878048782
 20
181.26829268292684
  0
LWPOLYLINE
  5
218
330
17
100
AcDbEntity
  8
HIDDEN
100
AcDbPolyline
 90
15
 70
0
 10
249.97804878048782
 20
181.26829268292684
 10
250.05809600720488
 20
181.26829268292684
 10
250.29422378516034
 20
181.26829268292684
 10
250.67459168158376
 20
181.26829268292684
 10
251.18012646187054
 20
181.26829268292684
 10
251.7854785012076
 20
181.26829268292684
 10
252.46029292061263
 20
181.26829268292684
 10
253.1707317073171
 20
181.26829268292684
 10
253.8811704940215
 20
181.26829268292684
 10
254.55598491342656
 20
181.26829268292684
 10
255.1613369527636
 20
181.26829268292684
 10
255.66687173305036
 20
181.26829268292684
 10
256.04723962947384
 20
181.26829268292684
 10
256.2833674074293
 20
181.26829268292684
 10
256.36341463414635
 20
181.26829268292684
  0
LWPOLYLINE
  5
219
330
17
100
AcDbEntity
  8
HIDDEN
100
AcDbPolyline
 90
15
 70
0
 10
256.36341463414635
 20
181.26829268292684
 10
256.34333971402503
 20
181.26829268292684
 10
256.2833674074293
 20
181.26829268292684
 10
256.18425190091136
 20
181.26829268292684
 10
256.04723962947384
 20
181.26829268292684
 10
255.8740536019264
 20
181.26829268292684
 10
255.66687173305036
 20
181.26829268292684
 10
255.42829945505656
 20
181.26829268292684
 10
255.16133695276363
 20
181.26829268292684
 10
254.8693414345331
 20
181.26829268292684
 10
254.55598491342656
 20
181.26829268292684
 10
254.22520802951053
 20
181.26829268292684
 10
253.8811704940215
 20
181.26829268292684
 10
253.5281987785835
 20
181.26829268292684
 10
253.1707317073171
 20
181.26829268292684
  0
LWPOLYLINE
  5
21A
330
17
100
AcDbEntity
  8
HIDDEN
100
AcDbPolyline
 90
2
 70
0
 10
333.9268292682927
 20
181.26829268292684
 10
270.0731707317073
 20
181.26829268292684
  0
LWPOLYLINE
  5
21B
330
17
100
AcDbEntity
  8
HIDDEN
100
AcDbPolyline
 90
2
 70
0
 10
270.0731707317073
 20
181.26829268292684
 10
277.5853658536585
 20
181.26829268292684
  0
LWPOLYLINE
  5
21C
330
17
100
AcDbEntity
  8
HIDDEN
100
AcDbPolyline
 90
2
 70
0
 10
326.4146341463415
 20
181.26829268292684
 10
277.5853658536585
 20
181.26829268292684
  0
LWPOLYLINE
  5
21D
330
17
100
AcDbEntity
  8
HIDDEN
100
AcDbPolyline
 90
2
 70
0
 10
326.4146341463415
 20
181.26829268292684
 10
333.9268292682927
 20
181.26829268292684
  0
LWPOLYLINE
  5
21E
330
17
100
AcDbEntity
  8
HIDDEN
100
AcDbPolyline
 90
2
 70
0
 10
273.26585365853657
 20
181.26829268292684
 10
263.87560975609756
 20
181.26829268292684
  0
LWPOLYLINE
  5
21F
330
17
100
AcDbEntity
  8
HIDDEN
100
AcDbPolyline
 90
2
 70
0
 10
273.26585365853657
 20
181.26829268292684
 10
263.87560975609756
 20
181.26829268292684
  0
LWPOLYLINE
  5
220
330
17
100
AcDbEntity
  8
HIDDEN
100
AcDbPolyline
 90
2
 70
0
 10
273.26585365853657
 20
181.26829268292684
 10
273.26585365853657
 20
190.65853658536585
  0
LWPOLYLINE
  5
221
330
17
100
AcDbEntity
  8
HIDDEN
100
AcDbPolyline
 90
2
 70
0
 10
273.26585365853657
 20
190.65853658536585
 10
263.87560975609756
 20
190.65853658536585
  0
LWPOLYLINE
  5
222
330
17
100
AcDbEntity
  8
HIDDEN
100
AcDbPolyline
 90
15
 70
0
 10
268.1951219512195
 20
190.65853658536585
 10
267.8376548799531
 20
190.65853658536585
 10
267.4846831645151
 20
190.65853658536585
 10
267.14064562902604
 20
190.65853658536585
 10
266.80986874511007
 20
190.65853658536585
 10
266.4965122240035
 20
190.65853658536585
 10
266.20451670577296
 20
190.65853658536585
 10
265.93755420348003
 20
190.65853658536585
 10
265.69898192548624
 20
190.65853658536585
 10
265.4918000566102
 20
190.65853658536585
 10
265.31861402906276
 20
190.65853658536585
 10
265.18160175762523
 20
190.65853658536585
 10
265.0824862511073
 20
190.65853658536585
 10
265.02251394451156
 20
190.65853658536585
 10
265.00243902439024
 20
190.65853658536585
  0
LWPOLYLINE
  5
223
330
17
100
AcDbEntity
  8
HIDDEN
100
AcDbPolyline
 90
15
 70
0
 10
265.00243902439024
 20
190.65853658536585
 10
265.0824862511073
 20
190.65853658536585
 10
265.31861402906276
 20
190.65853658536585
 10
265.69898192548624
 20
190.65853658536585
 10
266.20451670577296
 20
190.65853658536585
 10
266.80986874511007
 20
190.65853658536585
 10
267.4846831645151
 20
190.65853658536585
 10
268.1951219512195
 20
190.65853658536585
 10
268.90556073792396
 20
190.65853658536585
 10
269.580375157329
 20
190.65853658536585
 10
270.18572719666605
 20
190.65853658536585
 10
270.69126197695283
 20
190.65853658536585
 10
271.07162987337625
 20
190.65853658536585
 10
271.3077576513317
 20
190.65853658536585
 10
271.38780487804877
 20
190.65853658536585
  0
LWPOLYLINE
  5
224
330
17
100
AcDbEntity
  8
HIDDEN
100
AcDbPolyline
 90
15
 70
0
 10
271.38780487804877
 20
190.65853658536585
 10
271.36772995792745
 20
190.65853658536585
 10
271.3077576513317
 20
190.65853658536585
 10
271.2086421448138
 20
190.65853658536585
 10
271.07162987337625
 20
190.65853658536585
 10
270.89844384582887
 20
190.65853658536585
 10
270.69126197695283
 20
190.65853658536585
 10
270.45268969895903
 20
190.65853658536585
 10
270.18572719666605
 20
190.65853658536585
 10
269.89373167843553
 20
190.65853658536585
 10
269.580375157329
 20
190.65853658536585
 10
269.24959827341297
 20
190.65853658536585
 10
268.90556073792396
 20
190.65853658536585
 10
268.5525890224859
 20
190.65853658536585
 10
268.19512195121956
 20
190.65853658536585
  0
LWPOLYLINE
  5
225
330
17
100
AcDbEntity
  8
HIDDEN
100
AcDbPolyline
 90
15
 70
0
 10
268.1951219512195
 20
190.65853658536585
 10
267.8376548799531
 20
190.65853658536585
 10
267.4846831645151
 20
190.65853658536585
 10
267.14064562902604
 20
190.65853658536585
 10
266.80986874511007
 20
190.65853658536585
 10
266.4965122240035
 20
190.65853658536585
 10
266.20451670577296
 20
190.65853658536585
 10
265.93755420348003
 20
190.65853658536585
 10
265.69898192548624
 20
190.65853658536585
 10
265.4918000566102
 20
190.65853658536585
 10
265.31861402906276
 20
190.65853658536585
 10
265.18160175762523
 20
190.65853658536585
 10
265.0824862511073
 20
190.65853658536585
 10
265.02251394451156
 20
190.65853658536585
 10
265.00243902439024
 20
190.65853658536585
  0
LWPOLYLINE
  5
226
330
17
100
AcDbEntity
  8
HIDDEN
100
AcDbPolyline
 90
15
 70
0
 10
265.00243902439024
 20
190.65853658536585
 10
265.0824862511073
 20
190.65853658536585
 10
265.31861402906276
 20
190.65853658536585
 10
265.69898192548624
 20
190.65853658536585
 10
266.20451670577296
 20
190.65853658536585
 10
266.80986874511007
 20
190.65853658536585
 10
267.4846831645151
 20
190.65853658536585
 10
268.1951219512195
 20
190.65853658536585
 10
268.90556073792396
 20
190.65853658536585
 10
269.580375157329
 20
190.65853658536585
 10
270.18572719666605
 20
190.65853658536585
 10
270.69126197695283
 20
190.65853658536585
 10
271.07162987337625
 20
190.65853658536585
 10
271.3077576513317
 20
190.65853658536585
 10
271.38780487804877
 20
190.65853658536585
  0
LWPOLYLINE
  5
227
330
17
100
AcDbEntity
  8
HIDDEN
100
AcDbPolyline
 90
15
 70
0
 10
271.38780487804877
 20
190.65853658536585
 10
271.36772995792745
 20
190.65853658536585
 10
271.3077576513317
 20
190.65853658536585
 10
271.2086421448138
 20
190.65853658536585
 10
271.07162987337625
 20
190.65853658536585
 10
270.89844384582887
 20
190.65853658536585
 10
270.69126197695283
 20
190.65853658536585
 10
270.45268969895903
 20
190.65853658536585
 10
270.18572719666605
 20
190.65853658536585
 10
269.89373167843553
 20
190.65853658536585
 10
269.580375157329
 20
190.65853658536585
 10
269.24959827341297
 20
190.65853658536585
 10
268.90556073792396
 20
190.65853658536585
 10
268.5525890224859
 20
190.65853658536585
 10
268.19512195121956
 20
190.65853658536585
  0
LWPOLYLINE
  5
228
330
17
100
AcDbEntity
  8
HIDDEN
100
AcDbPolyline
 90
15
 70
0
 10
268.1951219512195
 20
174.88292682926829
 10
267.8376548799531
 20
174.88292682926829
 10
267.4846831645151
 20
174.88292682926829
 10
267.14064562902604
 20
174.88292682926829
 10
266.80986874511007
 20
174.88292682926829
 10
266.4965122240035
 20
174.88292682926829
 10
266.20451670577296
 20
174.88292682926829
 10
265.93755420348003
 20
174.88292682926829
 10
265.69898192548624
 20
174.88292682926829
 10
265.4918000566102
 20
174.88292682926829
 10
265.31861402906276
 20
174.88292682926829
 10
265.18160175762523
 20
174.88292682926829
 10
265.0824862511073
 20
174.88292682926829
 10
265.02251394451156
 20
174.88292682926829
 10
265.00243902439024
 20
174.88292682926829
  0
LWPOLYLINE
  5
229
330
17
100
AcDbEntity
  8
HIDDEN
100
AcDbPolyline
 90
15
 70
0
 10
265.00243902439024
 20
174.88292682926829
 10
265.0824862511073
 20
174.88292682926829
 10
265.31861402906276
 20
174.88292682926829
 10
265.69898192548624
 20
174.88292682926829
 10
266.20451670577296
 20
174.88292682926829
 10
266.80986874511007
 20
174.88292682926829
 10
267.4846831645151
 20
174.88292682926829
 10
268.1951219512195
 20
174.88292682926829
 10
268.90556073792396
 20
174.88292682926829
 10
269.580375157329
 20
174.88292682926829
 10
270.18572719666605
 20
174.88292682926829
 10
270.69126197695283
 20
174.88292682926829
 10
271.07162987337625
 20
174.88292682926829
 10
271.3077576513317
 20
174.88292682926829
 10
271.38780487804877
 20
174.88292682926829
  0
LWPOLYLINE
  5
22A
330
17
100
AcDbEntity
  8
HIDDEN
100
AcDbPolyline
 90
15
 70
0
 10
271.38780487804877
 20
174.88292682926829
 10
271.36772995792745
 20
174.88292682926829
 10
271.3077576513317
 20
174.88292682926829
 10
271.2086421448138
 20
174.88292682926829
 10
271.07162987337625
 20
174.88292682926829
 10
270.89844384582887
 20
174.88292682926829
 10
270.69126197695283
 20
174.88292682926829
 10
270.45268969895903
 20
174.88292682926829
 10
270.18572719666605
 20
174.88292682926829
 10
269.89373167843553
 20
174.88292682926829
 10
269.580375157329
 20
174.88292682926829
 10
269.24959827341297
 20
174.88292682926829
 10
268.90556073792396
 20
174.88292682926829
 10
268.5525890224859
 20
174.88292682926829
 10
268.19512195121956
 20
174.88292682926829
  0
LWPOLYLINE
  5
22B
330
17
100
AcDbEntity
  8
HIDDEN
100
AcDbPolyline
 90
2
 70
0
 10
268.1951219512195
 20
174.88292682926829
 10
262.7487804878049
 20
174.88292682926829
  0
LWPOLYLINE
  5
22C
330
17
100
AcDbEntity
  8
HIDDEN
100
AcDbPolyline
 90
2
 70
0
 10
273.64146341463413
 20
174.88292682926829
 10
268.1951219512195
 20
174.88292682926829
  0
LWPOLYLINE
  5
22D
330
17
100
AcDbEntity
  8
HIDDEN
100
AcDbPolyline
 90
2
 70
0
 10
262.7487804878049
 20
174.88292682926829
 10
268.1951219512195
 20
174.88292682926829
  0
LWPOLYLINE
  5
22E
330
17
100
AcDbEntity
  8
HIDDEN
100
AcDbPolyline
 90
2
 70
0
 10
268.1951219512195
 20
174.88292682926829
 10
273.64146341463413
 20
174.88292682926829
  0
LWPOLYLINE
  5
22F
330
17
100
AcDbEntity
  8
HIDDEN
100
AcDbPolyline
 90
2
 70
0
 10
273.64146341463413
 20
170.0
 10
268.1951219512195
 20
170.0
  0
LWPOLYLINE
  5
230
330
17
100
AcDbEntity
  8
HIDDEN
100
AcDbPolyline
 90
2
 70
0
 10
273.64146341463413
 20
170.0
 10
273.64146341463413
 20
174.88292682926829
  0
LWPOLYLINE
  5
231
330
17
100
AcDbEntity
  8
HIDDEN
100
AcDbPolyline
 90
2
 70
0
 10
268.1951219512195
 20
170.0
 10
268.1951219512195
 20
174.88292682926829
  0
LWPOLYLINE
  5
232
330
17
100
AcDbEntity
  8
HIDDEN
100
AcDbPolyline
 90
2
 70
0
 10
367.7317073170732
 20
170.0
 10
236.2682926829268
 20
170.0
  0
LWPOLYLINE
  5
233
330
17
100
AcDbEntity
  8
HIDDEN
100
AcDbPolyline
 90
15
 70
0
 10
362.0975609756098
 20
170.0
 10
361.6980389547826
 20
170.0
 10
361.30354115517537
 20
170.0
 10
360.9190286155112
 20
170.0
 10
360.54933680407566
 20
170.0
 10
360.1991148098977
 20
170.0
 10
359.8727668777577
 20
170.0
 10
359.57439702225383
 20
170.0
 10
359.30775741743724
 20
170.0
 10
359.0762012110464
 20
170.0
 10
358.8826403567287
 20
170.0
 10
358.7295089945338
 20
170.0
 10
358.6187328401902
 20
170.0
 10
358.55170496811263
 20
170.0
 10
358.5292682926829
 20
170.0
  0
LWPOLYLINE
  5
234
330
17
100
AcDbEntity
  8
HIDDEN
100
AcDbPolyline
 90
15
 70
0
 10
358.5292682926829
 20
170.0
 10
358.6187328401902
 20
170.0
 10
358.8826403567287
 20
170.0
 10
359.30775741743724
 20
170.0
 10
359.8727668777577
 20
170.0
 10
360.54933680407566
 20
170.0
 10
361.30354115517537
 20
170.0
 10
362.0975609756098
 20
170.0
 10
362.89158079604414
 20
170.0
 10
363.6457851471439
 20
170.0
 10
364.3223550734618
 20
170.0
 10
364.88736453378226
 20
170.0
 10
365.3124815944908
 20
170.0
 10
365.5763891110293
 20
170.0
 10
365.66585365853655
 20
170.0
  0
LWPOLYLINE
  5
235
330
17
100
AcDbEntity
  8
HIDDEN
100
AcDbPolyline
 90
15
 70
0
 10
365.66585365853655
 20
170.0
 10
365.6434169831069
 20
170.0
 10
365.5763891110293
 20
170.0
 10
365.46561295668573
 20
170.0
 10
365.3124815944908
 20
170.0
 10
365.1189207401731
 20
170.0
 10
364.88736453378226
 20
170.0
 10
364.62072492896567
 20
170.0
 10
364.3223550734618
 20
170.0
 10
363.9960071413218
 20
170.0
 10
363.6457851471439
 20
170.0
 10
363.2760933357083
 20
170.0
 10
362.89158079604414
 20
170.0
 10
362.4970829964369
 20
170.0
 10
362.0975609756098
 20
170.0
  0
LWPOLYLINE
  5
236
330
17
100
AcDbEntity
  8
HIDDEN
100
AcDbPolyline
 90
2
 70
0
 10
350.8292682926829
 20
170.0
 10
345.3829268292683
 20
170.0
  0
LWPOLYLINE
  5
237
330
17
100
AcDbEntity
  8
HIDDEN
100
AcDbPolyline
 90
2
 70
0
 10
345.3829268292683
 20
170.0
 10
350.8292682926829
 20
170.0
  0
LWPOLYLINE
  5
238
330
17
100
AcDbEntity
  8
HIDDEN
100
AcDbPolyline
 90
2
 70
0
 10
356.27560975609754
 20
170.0
 10
350.8292682926829
 20
170.0
  0
LWPOLYLINE
  5
239
330
17
100
AcDbEntity
  8
HIDDEN
100
AcDbPolyline
 90
2
 70
0
 10
350.8292682926829
 20
170.0
 10
356.27560975609754
 20
170.0
  0
LWPOLYLINE
  5
23A
330
17
100
AcDbEntity
  8
HIDDEN
100
AcDbPolyline
 90
2
 70
0
 10
350.8292682926829
 20
170.0
 10
345.3829268292683
 20
170.0
  0
LWPOLYLINE
  5
23B
330
17
100
AcDbEntity
  8
HIDDEN
100
AcDbPolyline
 90
2
 70
0
 10
345.3829268292683
 20
170.0
 10
350.8292682926829
 20
170.0
  0
LWPOLYLINE
  5
23C
330
17
100
AcDbEntity
  8
HIDDEN
100
AcDbPolyline
 90
2
 70
0
 10
356.27560975609754
 20
170.0
 10
350.8292682926829
 20
170.0
  0
LWPOLYLINE
  5
23D
330
17
100
AcDbEntity
  8
HIDDEN
100
AcDbPolyline
 90
2
 70
0
 10
350.8292682926829
 20
170.0
 10
356.27560975609754
 20
170.0
  0
LWPOLYLINE
  5
23E
330
17
100
AcDbEntity
  8
HIDDEN
100
AcDbPolyline
 90
2
 70
0
 10
335.8048780487805
 20
170.0
 10
330.35853658536587
 20
170.0
  0
LWPOLYLINE
  5
23F
330
17
100
AcDbEntity
  8
HIDDEN
100
AcDbPolyline
 90
2
 70
0
 10
330.35853658536587
 20
170.0
 10
335.8048780487805
 20
170.0
  0
LWPOLYLINE
  5
240
330
17
100
AcDbEntity
  8
HIDDEN
100
AcDbPolyline
 90
2
 70
0
 10
341.2512195121951
 20
170.0
 10
335.8048780487805
 20
170.0
  0
LWPOLYLINE
  5
241
330
17
100
AcDbEntity
  8
HIDDEN
100
AcDbPolyline
 90
2
 70
0
 10
335.8048780487805
 20
170.0
 10
341.2512195121951
 20
170.0
  0
LWPOLYLINE
  5
242
330
17
100
AcDbEntity
  8
HIDDEN
100
AcDbPolyline
 90
2
 70
0
 10
335.8048780487805
 20
170.0
 10
330.35853658536587
 20
170.0
  0
LWPOLYLINE
  5
243
330
17
100
AcDbEntity
  8
HIDDEN
100
AcDbPolyline
 90
2
 70
0
 10
330.35853658536587
 20
170.0
 10
335.8048780487805
 20
170.0
  0
LWPOLYLINE
  5
244
330
17
100
AcDbEntity
  8
HIDDEN
100
AcDbPolyline
 90
2
 70
0
 10
341.2512195121951
 20
170.0
 10
335.8048780487805
 20
170.0
  0
LWPOLYLINE
  5
245
330
17
100
AcDbEntity
  8
HIDDEN
100
AcDbPolyline
 90
2
 70
0
 10
335.8048780487805
 20
170.0
 10
341.2512195121951
 20
170.0
  0
LWPOLYLINE
  5
246
330
17
100
AcDbEntity
  8
HIDDEN
100
AcDbPolyline
 90
15
 70
0
 10
362.0975609756098
 20
170.0
 10
361.6980389547826
 20
170.0
 10
361.30354115517537
 20
170.0
 10
360.9190286155112
 20
170.0
 10
360.54933680407566
 20
170.0
 10
360.1991148098977
 20
170.0
 10
359.8727668777577
 20
170.0
 10
359.57439702225383
 20
170.0
 10
359.30775741743724
 20
170.0
 10
359.0762012110464
 20
170.0
 10
358.8826403567287
 20
170.0
 10
358.7295089945338
 20
170.0
 10
358.6187328401902
 20
170.0
 10
358.55170496811263
 20
170.0
 10
358.5292682926829
 20
170.0
  0
LWPOLYLINE
  5
247
330
17
100
AcDbEntity
  8
HIDDEN
100
AcDbPolyline
 90
15
 70
0
 10
358.5292682926829
 20
170.0
 10
358.6187328401902
 20
170.0
 10
358.8826403567287
 20
170.0
 10
359.30775741743724
 20
170.0
 10
359.8727668777577
 20
170.0
 10
360.54933680407566
 20
170.0
 10
361.30354115517537
 20
170.0
 10
362.0975609756098
 20
170.0
 10
362.89158079604414
 20
170.0
 10
363.6457851471439
 20
170.0
 10
364.3223550734618
 20
170.0
 10
364.88736453378226
 20
170.0
 10
365.3124815944908
 20
170.0
 10
365.5763891110293
 20
170.0
 10
365.66585365853655
 20
170.0
  0
LWPOLYLINE
  5
248
330
17
100
AcDbEntity
  8
HIDDEN
100
AcDbPolyline
 90
15
 70
0
 10
365.66585365853655
 20
170.0
 10
365.6434169831069
 20
170.0
 10
365.5763891110293
 20
170.0
 10
365.46561295668573
 20
170.0
 10
365.3124815944908
 20
170.0
 10
365.1189207401731
 20
170.0
 10
364.88736453378226
 20
170.0
 10
364.62072492896567
 20
170.0
 10
364.3223550734618
 20
170.0
 10
363.9960071413218
 20
170.0
 10
363.6457851471439
 20
170.0
 10
363.2760933357083
 20
170.0
 10
362.89158079604414
 20
170.0
 10
362.4970829964369
 20
170.0
 10
362.0975609756098
 20
170.0
  0
LWPOLYLINE
  5
249
330
17
100
AcDbEntity
  8
HIDDEN
100
AcDbPolyline
 90
2
 70
0
 10
253.17073170731706
 20
170.0
 10
247.72439024390243
 20
170.0
  0
LWPOLYLINE
  5
24A
330
17
100
AcDbEntity
  8
HIDDEN
100
AcDbPolyline
 90
2
 70
0
 10
247.72439024390243
 20
170.0
 10
253.17073170731706
 20
170.0
  0
LWPOLYLINE
  5
24B
330
17
100
AcDbEntity
  8
HIDDEN
100
AcDbPolyline
 90
2
 70
0
 10
258.6170731707317
 20
170.0
 10
253.1707317073171
 20
170.0
  0
LWPOLYLINE
  5
24C
330
17
100
AcDbEntity
  8
HIDDEN
100
AcDbPolyline
 90
2
 70
0
 10
253.1707317073171
 20
170.0
 10
258.6170731707317
 20
170.0
  0
LWPOLYLINE
  5
24D
330
17
100
AcDbEntity
  8
HIDDEN
100
AcDbPolyline
 90
2
 70
0
 10
253.17073170731706
 20
170.0
 10
247.72439024390243
 20
170.0
  0
LWPOLYLINE
  5
24E
330
17
100
AcDbEntity
  8
HIDDEN
100
AcDbPolyline
 90
2
 70
0
 10
247.72439024390243
 20
170.0
 10
253.17073170731706
 20
170.0
  0
LWPOLYLINE
  5
24F
330
17
100
AcDbEntity
  8
HIDDEN
100
AcDbPolyline
 90
2
 70
0
 10
258.6170731707317
 20
170.0
 10
253.1707317073171
 20
170.0
  0
LWPOLYLINE
  5
250
330
17
100
AcDbEntity
  8
HIDDEN
100
AcDbPolyline
 90
2
 70
0
 10
253.17073170731706
 20
170.0
 10
258.6170731707317
 20
170.0
  0
LWPOLYLINE
  5
251
330
17
100
AcDbEntity
  8
HIDDEN
100
AcDbPolyline
 90
15
 70
0
 10
241.90243902439025
 20
170.0
 10
241.50291700356308
 20
170.0
 10
241.1084192039559
 20
170.0
 10
240.7239066642917
 20
170.0
 10
240.35421485285613
 20
170.0
 10
240.0039928586782
 20
170.0
 10
239.67764492653822
 20
170.0
 10
239.37927507103433
 20
170.0
 10
239.11263546621774
 20
170.0
 10
238.8810792598269
 20
170.0
 10
238.68751840550917
 20
170.0
 10
238.5343870433143
 20
170.0
 10
238.4236108889707
 20
170.0
 10
238.35658301689313
 20
170.0
 10
238.33414634146342
 20
170.0
  0
LWPOLYLINE
  5
252
330
17
100
AcDbEntity
  8
HIDDEN
100
AcDbPolyline
 90
15
 70
0
 10
238.33414634146342
 20
170.0
 10
238.4236108889707
 20
170.0
 10
238.68751840550917
 20
170.0
 10
239.11263546621774
 20
170.0
 10
239.67764492653822
 20
170.0
 10
240.35421485285613
 20
170.0
 10
241.1084192039559
 20
170.0
 10
241.90243902439025
 20
170.0
 10
242.6964588448246
 20
170.0
 10
243.45066319592436
 20
170.0
 10
244.12723312224227
 20
170.0
 10
244.69224258256276
 20
170.0
 10
245.11735964327133
 20
170.0
 10
245.3812671598098
 20
170.0
 10
245.47073170731707
 20
170.0
  0
LWPOLYLINE
  5
253
330
17
100
AcDbEntity
  8
HIDDEN
100
AcDbPolyline
 90
15
 70
0
 10
245.47073170731707
 20
170.0
 10
245.44829503188737
 20
170.0
 10
245.3812671598098
 20
170.0
 10
245.2704910054662
 20
170.0
 10
245.11735964327133
 20
170.0
 10
244.9237987889536
 20
170.0
 10
244.69224258256276
 20
170.0
 10
244.42560297774617
 20
170.0
 10
244.12723312224227
 20
170.0
 10
243.8008851901023
 20
170.0
 10
243.45066319592436
 20
170.0
 10
243.0809713844888
 20
170.0
 10
242.6964588448246
 20
170.0
 10
242.3019610452174
 20
170.0
 10
241.90243902439028
 20
170.0
  0
LWPOLYLINE
  5
254
330
17
100
AcDbEntity
  8
HIDDEN
100
AcDbPolyline
 90
2
 70
0
 10
268.1951219512195
 20
170.0
 10
262.7487804878049
 20
170.0
  0
LWPOLYLINE
  5
255
330
17
100
AcDbEntity
  8
HIDDEN
100
AcDbPolyline
 90
2
 70
0
 10
262.7487804878049
 20
170.0
 10
268.1951219512195
 20
170.0
  0
LWPOLYLINE
  5
256
330
17
100
AcDbEntity
  8
HIDDEN
100
AcDbPolyline
 90
2
 70
0
 10
273.64146341463413
 20
170.0
 10
268.1951219512195
 20
170.0
  0
LWPOLYLINE
  5
257
330
17
100
AcDbEntity
  8
HIDDEN
100
AcDbPolyline
 90
2
 70
0
 10
268.1951219512195
 20
170.0
 10
273.64146341463413
 20
170.0
  0
LWPOLYLINE
  5
258
330
17
100
AcDbEntity
  8
HIDDEN
100
AcDbPolyline
 90
2
 70
0
 10
268.1951219512195
 20
170.0
 10
262.7487804878049
 20
170.0
  0
LWPOLYLINE
  5
259
330
17
100
AcDbEntity
  8
HIDDEN
100
AcDbPolyline
 90
2
 70
0
 10
262.7487804878049
 20
170.0
 10
268.1951219512195
 20
170.0
  0
LWPOLYLINE
  5
25A
330
17
100
AcDbEntity
  8
HIDDEN
100
AcDbPolyline
 90
2
 70
0
 10
268.1951219512195
 20
170.0
 10
273.64146341463413
 20
170.0
  0
LWPOLYLINE
  5
25B
330
17
100
AcDbEntity
  8
HIDDEN
100
AcDbPolyline
 90
15
 70
0
 10
241.90243902439025
 20
170.0
 10
241.50291700356308
 20
170.0
 10
241.1084192039559
 20
170.0
 10
240.7239066642917
 20
170.0
 10
240.35421485285613
 20
170.0
 10
240.0039928586782
 20
170.0
 10
239.67764492653822
 20
170.0
 10
239.37927507103433
 20
170.0
 10
239.11263546621774
 20
170.0
 10
238.8810792598269
 20
170.0
 10
238.68751840550917
 20
170.0
 10
238.5343870433143
 20
170.0
 10
238.4236108889707
 20
170.0
 10
238.35658301689313
 20
170.0
 10
238.33414634146342
 20
170.0
  0
LWPOLYLINE
  5
25C
330
17
100
AcDbEntity
  8
HIDDEN
100
AcDbPolyline
 90
15
 70
0
 10
238.33414634146342
 20
170.0
 10
238.4236108889707
 20
170.0
 10
238.68751840550917
 20
170.0
 10
239.11263546621774
 20
170.0
 10
239.67764492653822
 20
170.0
 10
240.35421485285613
 20
170.0
 10
241.1084192039559
 20
170.0
 10
241.90243902439025
 20
170.0
 10
242.6964588448246
 20
170.0
 10
243.45066319592436
 20
170.0
 10
244.12723312224227
 20
170.0
 10
244.69224258256276
 20
170.0
 10
245.11735964327133
 20
170.0
 10
245.3812671598098
 20
170.0
 10
245.47073170731707
 20
170.0
  0
LWPOLYLINE
  5
25D
330
17
100
AcDbEntity
  8
HIDDEN
100
AcDbPolyline
 90
15
 70
0
 10
245.47073170731707
 20
170.0
 10
245.44829503188737
 20
170.0
 10
245.3812671598098
 20
170.0
 10
245.2704910054662
 20
170.0
 10
245.11735964327133
 20
170.0
 10
244.9237987889536
 20
170.0
 10
244.69224258256276
 20
170.0
 10
244.42560297774617
 20
170.0
 10
244.12723312224227
 20
170.0
 10
243.8008851901023
 20
170.0
 10
243.45066319592436
 20
170.0
 10
243.0809713844888
 20
170.0
 10
242.6964588448246
 20
170.0
 10
242.3019610452174
 20
170.0
 10
241.90243902439028
 20
170.0
  0
LWPOLYLINE
  5
25E
330
17
100
AcDbEntity
  8
HIDDEN
100
AcDbPolyline
 90
15
 70
0
 10
241.90243902439025
 20
176.7609756097561
 10
241.50291700356308
 20
176.7609756097561
 10
241.1084192039559
 20
176.7609756097561
 10
240.7239066642917
 20
176.7609756097561
 10
240.35421485285613
 20
176.7609756097561
 10
240.0039928586782
 20
176.7609756097561
 10
239.67764492653822
 20
176.7609756097561
 10
239.37927507103433
 20
176.7609756097561
 10
239.11263546621774
 20
176.7609756097561
 10
238.8810792598269
 20
176.7609756097561
 10
238.68751840550917
 20
176.7609756097561
 10
238.5343870433143
 20
176.7609756097561
 10
238.4236108889707
 20
176.7609756097561
 10
238.35658301689313
 20
176.7609756097561
 10
238.33414634146342
 20
176.7609756097561
  0
LWPOLYLINE
  5
25F
330
17
100
AcDbEntity
  8
HIDDEN
100
AcDbPolyline
 90
15
 70
0
 10
238.33414634146342
 20
176.7609756097561
 10
238.4236108889707
 20
176.7609756097561
 10
238.68751840550917
 20
176.7609756097561
 10
239.11263546621774
 20
176.7609756097561
 10
239.67764492653822
 20
176.7609756097561
 10
240.35421485285613
 20
176.7609756097561
 10
241.1084192039559
 20
176.7609756097561
 10
241.90243902439025
 20
176.7609756097561
 10
242.6964588448246
 20
176.7609756097561
 10
243.45066319592436
 20
176.7609756097561
 10
244.12723312224227
 20
176.7609756097561
 10
244.69224258256276
 20
176.7609756097561
 10
245.11735964327133
 20
176.7609756097561
 10
245.3812671598098
 20
176.7609756097561
 10
245.47073170731707
 20
176.7609756097561
  0
LWPOLYLINE
  5
260
330
17
100
AcDbEntity
  8
HIDDEN
100
AcDbPolyline
 90
15
 70
0
 10
245.47073170731707
 20
176.7609756097561
 10
245.44829503188737
 20
176.7609756097561
 10
245.3812671598098
 20
176.7609756097561
 10
245.2704910054662
 20
176.7609756097561
 10
245.11735964327133
 20
176.7609756097561
 10
244.9237987889536
 20
176.7609756097561
 10
244.69224258256276
 20
176.7609756097561
 10
244.42560297774617
 20
176.7609756097561
 10
244.12723312224227
 20
176.7609756097561
 10
243.8008851901023
 20
176.7609756097561
 10
243.45066319592436
 20
176.7609756097561
 10
243.0809713844888
 20
176.7609756097561
 10
242.6964588448246
 20
176.7609756097561
 10
242.3019610452174
 20
176.7609756097561
 10
241.90243902439028
 20
176.7609756097561
  0
LWPOLYLINE
  5
261
330
17
100
AcDbEntity
  8
HIDDEN
100
AcDbPolyline
 90
2
 70
0
 10
273.64146341463413
 20
170.0
 10
273.64146341463413
 20
174.88292682926829
  0
LWPOLYLINE
  5
262
330
17
100
AcDbEntity
  8
HIDDEN
100
AcDbPolyline
 90
2
 70
0
 10
273.64146341463413
 20
170.0
 10
273.64146341463413
 20
174.88292682926829
  0
LWPOLYLINE
  5
263
330
17
100
AcDbEntity
  8
HIDDEN
100
AcDbPolyline
 90
2
 70
0
 10
268.1951219512195
 20
174.88292682926829
 10
262.7487804878049
 20
174.88292682926829
  0
LWPOLYLINE
  5
264
330
17
100
AcDbEntity
  8
HIDDEN
100
AcDbPolyline
 90
2
 70
0
 10
273.64146341463413
 20
174.88292682926829
 10
268.1951219512195
 20
174.88292682926829
  0
LWPOLYLINE
  5
265
330
17
100
AcDbEntity
  8
HIDDEN
100
AcDbPolyline
 90
2
 70
0
 10
262.7487804878049
 20
174.88292682926829
 10
268.1951219512195
 20
174.88292682926829
  0
LWPOLYLINE
  5
266
330
17
100
AcDbEntity
  8
HIDDEN
100
AcDbPolyline
 90
2
 70
0
 10
268.1951219512195
 20
174.88292682926829
 10
273.64146341463413
 20
174.88292682926829
  0
LWPOLYLINE
  5
267
330
17
100
AcDbEntity
  8
HIDDEN
100
AcDbPolyline
 90
15
 70
0
 10
268.1951219512195
 20
174.88292682926829
 10
267.8376548799531
 20
174.88292682926829
 10
267.4846831645151
 20
174.88292682926829
 10
267.14064562902604
 20
174.88292682926829
 10
266.80986874511007
 20
174.88292682926829
 10
266.4965122240035
 20
174.88292682926829
 10
266.20451670577296
 20
174.88292682926829
 10
265.93755420348003
 20
174.88292682926829
 10
265.69898192548624
 20
174.88292682926829
 10
265.4918000566102
 20
174.88292682926829
 10
265.31861402906276
 20
174.88292682926829
 10
265.18160175762523
 20
174.88292682926829
 10
265.0824862511073
 20
174.88292682926829
 10
265.02251394451156
 20
174.88292682926829
 10
265.00243902439024
 20
174.88292682926829
  0
LWPOLYLINE
  5
268
330
17
100
AcDbEntity
  8
HIDDEN
100
AcDbPolyline
 90
15
 70
0
 10
265.00243902439024
 20
174.88292682926829
 10
265.0824862511073
 20
174.88292682926829
 10
265.31861402906276
 20
174.88292682926829
 10
265.69898192548624
 20
174.88292682926829
 10
266.20451670577296
 20
174.88292682926829
 10
266.80986874511007
 20
174.88292682926829
 10
267.4846831645151
 20
174.88292682926829
 10
268.1951219512195
 20
174.88292682926829
 10
268.90556073792396
 20
174.88292682926829
 10
269.580375157329
 20
174.88292682926829
 10
270.18572719666605
 20
174.88292682926829
 10
270.69126197695283
 20
174.88292682926829
 10
271.07162987337625
 20
174.88292682926829
 10
271.3077576513317
 20
174.88292682926829
 10
271.38780487804877
 20
174.88292682926829
  0
LWPOLYLINE
  5
269
330
17
100
AcDbEntity
  8
HIDDEN
100
AcDbPolyline
 90
15
 70
0
 10
271.38780487804877
 20
174.88292682926829
 10
271.36772995792745
 20
174.88292682926829
 10
271.3077576513317
 20
174.88292682926829
 10
271.2086421448138
 20
174.88292682926829
 10
271.07162987337625
 20
174.88292682926829
 10
270.89844384582887
 20
174.88292682926829
 10
270.69126197695283
 20
174.88292682926829
 10
270.45268969895903
 20
174.88292682926829
 10
270.18572719666605
 20
174.88292682926829
 10
269.89373167843553
 20
174.88292682926829
 10
269.580375157329
 20
174.88292682926829
 10
269.24959827341297
 20
174.88292682926829
 10
268.90556073792396
 20
174.88292682926829
 10
268.5525890224859
 20
174.88292682926829
 10
268.19512195121956
 20
174.88292682926829
  0
LWPOLYLINE
  5
26A
330
17
100
AcDbEntity
  8
HIDDEN
100
AcDbPolyline
 90
2
 70
0
 10
268.1951219512195
 20
170.0
 10
268.1951219512195
 20
174.88292682926829
  0
LWPOLYLINE
  5
26B
330
17
100
AcDbEntity
  8
HIDDEN
100
AcDbPolyline
 90
2
 70
0
 10
268.1951219512195
 20
170.0
 10
268.1951219512195
 20
174.88292682926829
  0
LWPOLYLINE
  5
26C
330
17
100
AcDbEntity
  8
HIDDEN
100
AcDbPolyline
 90
2
 70
0
 10
262.7487804878049
 20
170.0
 10
262.7487804878049
 20
174.88292682926829
  0
LWPOLYLINE
  5
26D
330
17
100
AcDbEntity
  8
HIDDEN
100
AcDbPolyline
 90
2
 70
0
 10
262.7487804878049
 20
170.0
 10
262.7487804878049
 20
174.88292682926829
  0
LWPOLYLINE
  5
26E
330
17
100
AcDbEntity
  8
HIDDEN
100
AcDbPolyline
 90
15
 70
0
 10
241.90243902439025
 20
176.7609756097561
 10
241.50291700356308
 20
176.7609756097561
 10
241.1084192039559
 20
176.7609756097561
 10
240.7239066642917
 20
176.7609756097561
 10
240.35421485285613
 20
176.7609756097561
 10
240.0039928586782
 20
176.7609756097561
 10
239.67764492653822
 20
176.7609756097561
 10
239.37927507103433
 20
176.7609756097561
 10
239.11263546621774
 20
176.7609756097561
 10
238.8810792598269
 20
176.7609756097561
 10
238.68751840550917
 20
176.7609756097561
 10
238.5343870433143
 20
176.7609756097561
 10
238.4236108889707
 20
176.7609756097561
 10
238.35658301689313
 20
176.7609756097561
 10
238.33414634146342
 20
176.7609756097561
  0
LWPOLYLINE
  5
26F
330
17
100
AcDbEntity
  8
HIDDEN
100
AcDbPolyline
 90
15
 70
0
 10
238.33414634146342
 20
176.7609756097561
 10
238.4236108889707
 20
176.7609756097561
 10
238.68751840550917
 20
176.7609756097561
 10
239.11263546621774
 20
176.7609756097561
 10
239.67764492653822
 20
176.7609756097561
 10
240.35421485285613
 20
176.7609756097561
 10
241.1084192039559
 20
176.7609756097561
 10
241.90243902439025
 20
176.7609756097561
 10
242.6964588448246
 20
176.7609756097561
 10
243.45066319592436
 20
176.7609756097561
 10
244.12723312224227
 20
176.7609756097561
 10
244.69224258256276
 20
176.7609756097561
 10
245.11735964327133
 20
176.7609756097561
 10
245.3812671598098
 20
176.7609756097561
 10
245.47073170731707
 20
176.7609756097561
  0
LWPOLYLINE
  5
270
330
17
100
AcDbEntity
  8
HIDDEN
100
AcDbPolyline
 90
15
 70
0
 10
245.47073170731707
 20
176.7609756097561
 10
245.44829503188737
 20
176.7609756097561
 10
245.3812671598098
 20
176.7609756097561
 10
245.2704910054662
 20
176.7609756097561
 10
245.11735964327133
 20
176.7609756097561
 10
244.9237987889536
 20
176.7609756097561
 10
244.69224258256276
 20
176.7609756097561
 10
244.42560297774617
 20
176.7609756097561
 10
244.12723312224227
 20
176.7609756097561
 10
243.8008851901023
 20
176.7609756097561
 10
243.45066319592436
 20
176.7609756097561
 10
243.0809713844888
 20
176.7609756097561
 10
242.6964588448246
 20
176.7609756097561
 10
242.3019610452174
 20
176.7609756097561
 10
241.90243902439028
 20
176.7609756097561
  0
LWPOLYLINE
  5
271
330
17
100
AcDbEntity
  8
HIDDEN
100
AcDbPolyline
 90
2
 70
0
 10
258.6170731707317
 20
170.0
 10
258.6170731707317
 20
174.88292682926829
  0
LWPOLYLINE
  5
272
330
17
100
AcDbEntity
  8
HIDDEN
100
AcDbPolyline
 90
2
 70
0
 10
258.6170731707317
 20
170.0
 10
258.6170731707317
 20
174.88292682926829
  0
LWPOLYLINE
  5
273
330
17
100
AcDbEntity
  8
HIDDEN
100
AcDbPolyline
 90
2
 70
0
 10
253.1707317073171
 20
174.88292682926829
 10
247.72439024390246
 20
174.88292682926829
  0
LWPOLYLINE
  5
274
330
17
100
AcDbEntity
  8
HIDDEN
100
AcDbPolyline
 90
2
 70
0
 10
258.6170731707317
 20
174.88292682926829
 10
253.1707317073171
 20
174.88292682926829
  0
LWPOLYLINE
  5
275
330
17
100
AcDbEntity
  8
HIDDEN
100
AcDbPolyline
 90
2
 70
0
 10
247.72439024390246
 20
174.88292682926829
 10
253.1707317073171
 20
174.88292682926829
  0
LWPOLYLINE
  5
276
330
17
100
AcDbEntity
  8
HIDDEN
100
AcDbPolyline
 90
2
 70
0
 10
253.1707317073171
 20
174.88292682926829
 10
258.6170731707317
 20
174.88292682926829
  0
LWPOLYLINE
  5
277
330
17
100
AcDbEntity
  8
HIDDEN
100
AcDbPolyline
 90
15
 70
0
 10
253.1707317073171
 20
174.88292682926829
 10
252.81326463605066
 20
174.88292682926829
 10
252.46029292061263
 20
174.88292682926829
 10
252.11625538512362
 20
174.88292682926829
 10
251.7854785012076
 20
174.88292682926829
 10
251.47212198010104
 20
174.88292682926829
 10
251.18012646187054
 20
174.88292682926829
 10
250.9131639595776
 20
174.88292682926829
 10
250.67459168158376
 20
174.88292682926829
 10
250.46740981270776
 20
174.88292682926829
 10
250.29422378516034
 20
174.88292682926829
 10
250.1572115137228
 20
174.88292682926829
 10
250.05809600720488
 20
174.88292682926829
 10
249.99812370060914
 20
174.88292682926829
 10
249.97804878048782
 20
174.88292682926829
  0
LWPOLYLINE
  5
278
330
17
100
AcDbEntity
  8
HIDDEN
100
AcDbPolyline
 90
15
 70
0
 10
249.97804878048782
 20
174.88292682926829
 10
250.05809600720488
 20
174.88292682926829
 10
250.29422378516034
 20
174.88292682926829
 10
250.67459168158376
 20
174.88292682926829
 10
251.18012646187054
 20
174.88292682926829
 10
251.7854785012076
 20
174.88292682926829
 10
252.46029292061263
 20
174.88292682926829
 10
253.1707317073171
 20
174.88292682926829
 10
253.8811704940215
 20
174.88292682926829
 10
254.55598491342656
 20
174.88292682926829
 10
255.1613369527636
 20
174.88292682926829
 10
255.66687173305036
 20
174.88292682926829
 10
256.04723962947384
 20
174.88292682926829
 10
256.2833674074293
 20
174.88292682926829
 10
256.36341463414635
 20
174.88292682926829
  0
LWPOLYLINE
  5
279
330
17
100
AcDbEntity
  8
HIDDEN
100
AcDbPolyline
 90
15
 70
0
 10
256.36341463414635
 20
174.88292682926829
 10
256.34333971402503
 20
174.88292682926829
 10
256.2833674074293
 20
174.88292682926829
 10
256.18425190091136
 20
174.88292682926829
 10
256.04723962947384
 20
174.88292682926829
 10
255.8740536019264
 20
174.88292682926829
 10
255.66687173305036
 20
174.88292682926829
 10
255.42829945505656
 20
174.88292682926829
 10
255.16133695276363
 20
174.88292682926829
 10
254.8693414345331
 20
174.88292682926829
 10
254.55598491342656
 20
174.88292682926829
 10
254.22520802951053
 20
174.88292682926829
 10
253.8811704940215
 20
174.88292682926829
 10
253.5281987785835
 20
174.88292682926829
 10
253.1707317073171
 20
174.88292682926829
  0
LWPOLYLINE
  5
27A
330
17
100
AcDbEntity
  8
HIDDEN
100
AcDbPolyline
 90
2
 70
0
 10
253.1707317073171
 20
170.0
 10
253.1707317073171
 20
174.88292682926829
  0
LWPOLYLINE
  5
27B
330
17
100
AcDbEntity
  8
HIDDEN
100
AcDbPolyline
 90
2
 70
0
 10
253.1707317073171
 20
170.0
 10
253.1707317073171
 20
174.88292682926829
  0
LWPOLYLINE
  5
27C
330
17
100
AcDbEntity
  8
HIDDEN
100
AcDbPolyline
 90
2
 70
0
 10
247.72439024390246
 20
170.0
 10
247.72439024390246
 20
174.88292682926829
  0
LWPOLYLINE
  5
27D
330
17
100
AcDbEntity
  8
HIDDEN
100
AcDbPolyline
 90
2
 70
0
 10
247.72439024390246
 20
170.0
 10
247.72439024390246
 20
174.88292682926829
  0
LWPOLYLINE
  5
27E
330
17
100
AcDbEntity
  8
HIDDEN
100
AcDbPolyline
 90
2
 70
0
 10
258.6170731707317
 20
170.0
 10
258.6170731707317
 20
174.88292682926829
  0
LWPOLYLINE
  5
27F
330
17
100
AcDbEntity
  8
HIDDEN
100
AcDbPolyline
 90
2
 70
0
 10
258.6170731707317
 20
170.0
 10
258.6170731707317
 20
174.88292682926829
  0
LWPOLYLINE
  5
280
330
17
100
AcDbEntity
  8
HIDDEN
100
AcDbPolyline
 90
2
 70
0
 10
253.1707317073171
 20
174.88292682926829
 10
247.72439024390246
 20
174.88292682926829
  0
LWPOLYLINE
  5
281
330
17
100
AcDbEntity
  8
HIDDEN
100
AcDbPolyline
 90
2
 70
0
 10
258.6170731707317
 20
174.88292682926829
 10
253.1707317073171
 20
174.88292682926829
  0
LWPOLYLINE
  5
282
330
17
100
AcDbEntity
  8
HIDDEN
100
AcDbPolyline
 90
2
 70
0
 10
247.72439024390246
 20
174.88292682926829
 10
253.1707317073171
 20
174.88292682926829
  0
LWPOLYLINE
  5
283
330
17
100
AcDbEntity
  8
HIDDEN
100
AcDbPolyline
 90
2
 70
0
 10
253.1707317073171
 20
174.88292682926829
 10
258.6170731707317
 20
174.88292682926829
  0
LWPOLYLINE
  5
284
330
17
100
AcDbEntity
  8
HIDDEN
100
AcDbPolyline
 90
15
 70
0
 10
253.1707317073171
 20
174.88292682926829
 10
252.81326463605066
 20
174.88292682926829
 10
252.46029292061263
 20
174.88292682926829
 10
252.11625538512362
 20
174.88292682926829
 10
251.7854785012076
 20
174.88292682926829
 10
251.47212198010104
 20
174.88292682926829
 10
251.18012646187054
 20
174.88292682926829
 10
250.9131639595776
 20
174.88292682926829
 10
250.67459168158376
 20
174.88292682926829
 10
250.46740981270776
 20
174.88292682926829
 10
250.29422378516034
 20
174.88292682926829
 10
250.1572115137228
 20
174.88292682926829
 10
250.05809600720488
 20
174.88292682926829
 10
249.99812370060914
 20
174.88292682926829
 10
249.97804878048782
 20
174.88292682926829
  0
LWPOLYLINE
  5
285
330
17
100
AcDbEntity
  8
HIDDEN
100
AcDbPolyline
 90
15
 70
0
 10
249.97804878048782
 20
174.88292682926829
 10
250.05809600720488
 20
174.88292682926829
 10
250.29422378516034
 20
174.88292682926829
 10
250.67459168158376
 20
174.88292682926829
 10
251.18012646187054
 20
174.88292682926829
 10
251.7854785012076
 20
174.88292682926829
 10
252.46029292061263
 20
174.88292682926829
 10
253.1707317073171
 20
174.88292682926829
 10
253.8811704940215
 20
174.88292682926829
 10
254.55598491342656
 20
174.88292682926829
 10
255.1613369527636
 20
174.88292682926829
 10
255.66687173305036
 20
174.88292682926829
 10
256.04723962947384
 20
174.88292682926829
 10
256.2833674074293
 20
174.88292682926829
 10
256.36341463414635
 20
174.88292682926829
  0
LWPOLYLINE
  5
286
330
17
100
AcDbEntity
  8
HIDDEN
100
AcDbPolyline
 90
15
 70
0
 10
256.36341463414635
 20
174.88292682926829
 10
256.34333971402503
 20
174.88292682926829
 10
256.2833674074293
 20
174.88292682926829
 10
256.18425190091136
 20
174.88292682926829
 10
256.04723962947384
 20
174.88292682926829
 10
255.8740536019264
 20
174.88292682926829
 10
255.66687173305036
 20
174.88292682926829
 10
255.42829945505656
 20
174.88292682926829
 10
255.16133695276363
 20
174.88292682926829
 10
254.8693414345331
 20
174.88292682926829
 10
254.55598491342656
 20
174.88292682926829
 10
254.22520802951053
 20
174.88292682926829
 10
253.8811704940215
 20
174.88292682926829
 10
253.5281987785835
 20
174.88292682926829
 10
253.1707317073171
 20
174.88292682926829
  0
LWPOLYLINE
  5
287
330
17
100
AcDbEntity
  8
HIDDEN
100
AcDbPolyline
 90
2
 70
0
 10
253.1707317073171
 20
170.0
 10
253.1707317073171
 20
174.88292682926829
  0
LWPOLYLINE
  5
288
330
17
100
AcDbEntity
  8
HIDDEN
100
AcDbPolyline
 90
2
 70
0
 10
253.1707317073171
 20
170.0
 10
253.1707317073171
 20
174.88292682926829
  0
LWPOLYLINE
  5
289
330
17
100
AcDbEntity
  8
HIDDEN
100
AcDbPolyline
 90
2
 70
0
 10
247.72439024390246
 20
170.0
 10
247.72439024390246
 20
174.88292682926829
  0
LWPOLYLINE
  5
28A
330
17
100
AcDbEntity
  8
HIDDEN
100
AcDbPolyline
 90
2
 70
0
 10
247.72439024390246
 20
170.0
 10
247.72439024390246
 20
174.88292682926829
  0
LWPOLYLINE
  5
28B
330
17
100
AcDbEntity
  8
HIDDEN
100
AcDbPolyline
 90
15
 70
0
 10
362.0975609756098
 20
176.7609756097561
 10
361.6980389547826
 20
176.7609756097561
 10
361.30354115517537
 20
176.7609756097561
 10
360.9190286155112
 20
176.7609756097561
 10
360.54933680407566
 20
176.7609756097561
 10
360.1991148098977
 20
176.7609756097561
 10
359.8727668777577
 20
176.7609756097561
 10
359.57439702225383
 20
176.7609756097561
 10
359.30775741743724
 20
176.7609756097561
 10
359.0762012110464
 20
176.7609756097561
 10
358.8826403567287
 20
176.7609756097561
 10
358.7295089945338
 20
176.7609756097561
 10
358.6187328401902
 20
176.7609756097561
 10
358.55170496811263
 20
176.7609756097561
 10
358.5292682926829
 20
176.7609756097561
  0
LWPOLYLINE
  5
28C
330
17
100
AcDbEntity
  8
HIDDEN
100
AcDbPolyline
 90
15
 70
0
 10
358.5292682926829
 20
176.7609756097561
 10
358.6187328401902
 20
176.7609756097561
 10
358.8826403567287
 20
176.7609756097561
 10
359.30775741743724
 20
176.7609756097561
 10
359.8727668777577
 20
176.7609756097561
 10
360.54933680407566
 20
176.7609756097561
 10
361.30354115517537
 20
176.7609756097561
 10
362.0975609756098
 20
176.7609756097561
 10
362.89158079604414
 20
176.7609756097561
 10
363.6457851471439
 20
176.7609756097561
 10
364.3223550734618
 20
176.7609756097561
 10
364.88736453378226
 20
176.7609756097561
 10
365.3124815944908
 20
176.7609756097561
 10
365.5763891110293
 20
176.7609756097561
 10
365.66585365853655
 20
176.7609756097561
  0
LWPOLYLINE
  5
28D
330
17
100
AcDbEntity
  8
HIDDEN
100
AcDbPolyline
 90
15
 70
0
 10
365.66585365853655
 20
176.7609756097561
 10
365.6434169831069
 20
176.7609756097561
 10
365.5763891110293
 20
176.7609756097561
 10
365.46561295668573
 20
176.7609756097561
 10
365.3124815944908
 20
176.7609756097561
 10
365.1189207401731
 20
176.7609756097561
 10
364.88736453378226
 20
176.7609756097561
 10
364.62072492896567
 20
176.7609756097561
 10
364.3223550734618
 20
176.7609756097561
 10
363.9960071413218
 20
176.7609756097561
 10
363.6457851471439
 20
176.7609756097561
 10
363.2760933357083
 20
176.7609756097561
 10
362.89158079604414
 20
176.7609756097561
 10
362.4970829964369
 20
176.7609756097561
 10
362.0975609756098
 20
176.7609756097561
  0
LWPOLYLINE
  5
28E
330
17
100
AcDbEntity
  8
HIDDEN
100
AcDbPolyline
 90
2
 70
0
 10
341.2512195121951
 20
170.0
 10
341.2512195121951
 20
174.88292682926829
  0
LWPOLYLINE
  5
28F
330
17
100
AcDbEntity
  8
HIDDEN
100
AcDbPolyline
 90
2
 70
0
 10
341.2512195121951
 20
170.0
 10
341.2512195121951
 20
174.88292682926829
  0
LWPOLYLINE
  5
290
330
17
100
AcDbEntity
  8
HIDDEN
100
AcDbPolyline
 90
2
 70
0
 10
335.8048780487805
 20
174.88292682926829
 10
330.35853658536587
 20
174.88292682926829
  0
LWPOLYLINE
  5
291
330
17
100
AcDbEntity
  8
HIDDEN
100
AcDbPolyline
 90
2
 70
0
 10
341.2512195121951
 20
174.88292682926829
 10
335.8048780487805
 20
174.88292682926829
  0
LWPOLYLINE
  5
292
330
17
100
AcDbEntity
  8
HIDDEN
100
AcDbPolyline
 90
2
 70
0
 10
330.35853658536587
 20
174.88292682926829
 10
335.8048780487805
 20
174.88292682926829
  0
LWPOLYLINE
  5
293
330
17
100
AcDbEntity
  8
HIDDEN
100
AcDbPolyline
 90
2
 70
0
 10
335.8048780487805
 20
174.88292682926829
 10
341.2512195121951
 20
174.88292682926829
  0
LWPOLYLINE
  5
294
330
17
100
AcDbEntity
  8
HIDDEN
100
AcDbPolyline
 90
15
 70
0
 10
335.8048780487805
 20
174.88292682926829
 10
335.4474109775141
 20
174.88292682926829
 10
335.09443926207604
 20
174.88292682926829
 10
334.75040172658703
 20
174.88292682926829
 10
334.419624842671
 20
174.88292682926829
 10
334.10626832156447
 20
174.88292682926829
 10
333.81427280333395
 20
174.88292682926829
 10
333.54731030104097
 20
174.88292682926829
 10
333.30873802304717
 20
174.88292682926829
 10
333.10155615417113
 20
174.88292682926829
 10
332.92837012662375
 20
174.88292682926829
 10
332.7913578551862
 20
174.88292682926829
 10
332.6922423486683
 20
174.88292682926829
 10
332.63227004207255
 20
174.88292682926829
 10
332.61219512195123
 20
174.88292682926829
  0
LWPOLYLINE
  5
295
330
17
100
AcDbEntity
  8
HIDDEN
100
AcDbPolyline
 90
15
 70
0
 10
332.61219512195123
 20
174.88292682926829
 10
332.6922423486683
 20
174.88292682926829
 10
332.92837012662375
 20
174.88292682926829
 10
333.30873802304717
 20
174.88292682926829
 10
333.81427280333395
 20
174.88292682926829
 10
334.419624842671
 20
174.88292682926829
 10
335.09443926207604
 20
174.88292682926829
 10
335.8048780487805
 20
174.88292682926829
 10
336.5153168354849
 20
174.88292682926829
 10
337.19013125488993
 20
174.88292682926829
 10
337.79548329422704
 20
174.88292682926829
 10
338.30101807451376
 20
174.88292682926829
 10
338.68138597093724
 20
174.88292682926829
 10
338.9175137488927
 20
174.88292682926829
 10
338.99756097560976
 20
174.88292682926829
  0
LWPOLYLINE
  5
296
330
17
100
AcDbEntity
  8
HIDDEN
100
AcDbPolyline
 90
15
 70
0
 10
338.99756097560976
 20
174.88292682926829
 10
338.97748605548844
 20
174.88292682926829
 10
338.9175137488927
 20
174.88292682926829
 10
338.81839824237477
 20
174.88292682926829
 10
338.68138597093724
 20
174.88292682926829
 10
338.5081999433898
 20
174.88292682926829
 10
338.30101807451376
 20
174.88292682926829
 10
338.06244579651997
 20
174.88292682926829
 10
337.79548329422704
 20
174.88292682926829
 10
337.5034877759965
 20
174.88292682926829
 10
337.19013125488993
 20
174.88292682926829
 10
336.85935437097396
 20
174.88292682926829
 10
336.5153168354849
 20
174.88292682926829
 10
336.1623451200469
 20
174.88292682926829
 10
335.8048780487805
 20
174.88292682926829
  0
LWPOLYLINE
  5
297
330
17
100
AcDbEntity
  8
HIDDEN
100
AcDbPolyline
 90
15
 70
0
 10
335.8048780487805
 20
190.65853658536585
 10
335.4474109775141
 20
190.65853658536585
 10
335.09443926207604
 20
190.65853658536585
 10
334.75040172658703
 20
190.65853658536585
 10
334.419624842671
 20
190.65853658536585
 10
334.10626832156447
 20
190.65853658536585
 10
333.81427280333395
 20
190.65853658536585
 10
333.54731030104097
 20
190.65853658536585
 10
333.30873802304717
 20
190.65853658536585
 10
333.10155615417113
 20
190.65853658536585
 10
332.92837012662375
 20
190.65853658536585
 10
332.7913578551862
 20
190.65853658536585
 10
332.6922423486683
 20
190.65853658536585
 10
332.63227004207255
 20
190.65853658536585
 10
332.61219512195123
 20
190.65853658536585
  0
LWPOLYLINE
  5
298
330
17
100
AcDbEntity
  8
HIDDEN
100
AcDbPolyline
 90
15
 70
0
 10
332.61219512195123
 20
190.65853658536585
 10
332.6922423486683
 20
190.65853658536585
 10
332.92837012662375
 20
190.65853658536585
 10
333.30873802304717
 20
190.65853658536585
 10
333.81427280333395
 20
190.65853658536585
 10
334.419624842671
 20
190.65853658536585
 10
335.09443926207604
 20
190.65853658536585
 10
335.8048780487805
 20
190.65853658536585
 10
336.5153168354849
 20
190.65853658536585
 10
337.19013125488993
 20
190.65853658536585
 10
337.79548329422704
 20
190.65853658536585
 10
338.30101807451376
 20
190.65853658536585
 10
338.68138597093724
 20
190.65853658536585
 10
338.9175137488927
 20
190.65853658536585
 10
338.99756097560976
 20
190.65853658536585
  0
LWPOLYLINE
  5
299
330
17
100
AcDbEntity
  8
HIDDEN
100
AcDbPolyline
 90
15
 70
0
 10
338.99756097560976
 20
190.65853658536585
 10
338.97748605548844
 20
190.65853658536585
 10
338.9175137488927
 20
190.65853658536585
 10
338.81839824237477
 20
190.65853658536585
 10
338.68138597093724
 20
190.65853658536585
 10
338.5081999433898
 20
190.65853658536585
 10
338.30101807451376
 20
190.65853658536585
 10
338.06244579651997
 20
190.65853658536585
 10
337.79548329422704
 20
190.65853658536585
 10
337.5034877759965
 20
190.65853658536585
 10
337.19013125488993
 20
190.65853658536585
 10
336.85935437097396
 20
190.65853658536585
 10
336.5153168354849
 20
190.65853658536585
 10
336.1623451200469
 20
190.65853658536585
 10
335.8048780487805
 20
190.65853658536585
  0
LWPOLYLINE
  5
29A
330
17
100
AcDbEntity
  8
HIDDEN
100
AcDbPolyline
 90
2
 70
0
 10
340.12439024390244
 20
190.65853658536585
 10
330.73414634146343
 20
190.65853658536585
  0
LWPOLYLINE
  5
29B
330
17
100
AcDbEntity
  8
HIDDEN
100
AcDbPolyline
 90
15
 70
0
 10
335.8048780487805
 20
190.65853658536585
 10
335.4474109775141
 20
190.65853658536585
 10
335.09443926207604
 20
190.65853658536585
 10
334.75040172658703
 20
190.65853658536585
 10
334.419624842671
 20
190.65853658536585
 10
334.10626832156447
 20
190.65853658536585
 10
333.81427280333395
 20
190.65853658536585
 10
333.54731030104097
 20
190.65853658536585
 10
333.30873802304717
 20
190.65853658536585
 10
333.10155615417113
 20
190.65853658536585
 10
332.92837012662375
 20
190.65853658536585
 10
332.7913578551862
 20
190.65853658536585
 10
332.6922423486683
 20
190.65853658536585
 10
332.63227004207255
 20
190.65853658536585
 10
332.61219512195123
 20
190.65853658536585
  0
LWPOLYLINE
  5
29C
330
17
100
AcDbEntity
  8
HIDDEN
100
AcDbPolyline
 90
15
 70
0
 10
332.61219512195123
 20
190.65853658536585
 10
332.6922423486683
 20
190.65853658536585
 10
332.92837012662375
 20
190.65853658536585
 10
333.30873802304717
 20
190.65853658536585
 10
333.81427280333395
 20
190.65853658536585
 10
334.419624842671
 20
190.65853658536585
 10
335.09443926207604
 20
190.65853658536585
 10
335.8048780487805
 20
190.65853658536585
 10
336.5153168354849
 20
190.65853658536585
 10
337.19013125488993
 20
190.65853658536585
 10
337.79548329422704
 20
190.65853658536585
 10
338.30101807451376
 20
190.65853658536585
 10
338.68138597093724
 20
190.65853658536585
 10
338.9175137488927
 20
190.65853658536585
 10
338.99756097560976
 20
190.65853658536585
  0
LWPOLYLINE
  5
29D
330
17
100
AcDbEntity
  8
HIDDEN
100
AcDbPolyline
 90
15
 70
0
 10
338.99756097560976
 20
190.65853658536585
 10
338.97748605548844
 20
190.65853658536585
 10
338.9175137488927
 20
190.65853658536585
 10
338.81839824237477
 20
190.65853658536585
 10
338.68138597093724
 20
190.65853658536585
 10
338.5081999433898
 20
190.65853658536585
 10
338.30101807451376
 20
190.65853658536585
 10
338.06244579651997
 20
190.65853658536585
 10
337.79548329422704
 20
190.65853658536585
 10
337.5034877759965
 20
190.65853658536585
 10
337.19013125488993
 20
190.65853658536585
 10
336.85935437097396
 20
190.65853658536585
 10
336.5153168354849
 20
190.65853658536585
 10
336.1623451200469
 20
190.65853658536585
 10
335.8048780487805
 20
190.65853658536585
  0
LWPOLYLINE
  5
29E
330
17
100
AcDbEntity
  8
HIDDEN
100
AcDbPolyline
 90
15
 70
0
 10
335.8048780487805
 20
174.88292682926829
 10
335.4474109775141
 20
174.88292682926829
 10
335.09443926207604
 20
174.88292682926829
 10
334.75040172658703
 20
174.88292682926829
 10
334.419624842671
 20
174.88292682926829
 10
334.10626832156447
 20
174.88292682926829
 10
333.81427280333395
 20
174.88292682926829
 10
333.54731030104097
 20
174.88292682926829
 10
333.30873802304717
 20
174.88292682926829
 10
333.10155615417113
 20
174.88292682926829
 10
332.92837012662375
 20
174.88292682926829
 10
332.7913578551862
 20
174.88292682926829
 10
332.6922423486683
 20
174.88292682926829
 10
332.63227004207255
 20
174.88292682926829
 10
332.61219512195123
 20
174.88292682926829
  0
LWPOLYLINE
  5
29F
330
17
100
AcDbEntity
  8
HIDDEN
100
AcDbPolyline
 90
15
 70
0
 10
332.61219512195123
 20
174.88292682926829
 10
332.6922423486683
 20
174.88292682926829
 10
332.92837012662375
 20
174.88292682926829
 10
333.30873802304717
 20
174.88292682926829
 10
333.81427280333395
 20
174.88292682926829
 10
334.419624842671
 20
174.88292682926829
 10
335.09443926207604
 20
174.88292682926829
 10
335.8048780487805
 20
174.88292682926829
 10
336.5153168354849
 20
174.88292682926829
 10
337.19013125488993
 20
174.88292682926829
 10
337.79548329422704
 20
174.88292682926829
 10
338.30101807451376
 20
174.88292682926829
 10
338.68138597093724
 20
174.88292682926829
 10
338.9175137488927
 20
174.88292682926829
 10
338.99756097560976
 20
174.88292682926829
  0
LWPOLYLINE
  5
2A0
330
17
100
AcDbEntity
  8
HIDDEN
100
AcDbPolyline
 90
15
 70
0
 10
338.99756097560976
 20
174.88292682926829
 10
338.97748605548844
 20
174.88292682926829
 10
338.9175137488927
 20
174.88292682926829
 10
338.81839824237477
 20
174.88292682926829
 10
338.68138597093724
 20
174.88292682926829
 10
338.5081999433898
 20
174.88292682926829
 10
338.30101807451376
 20
174.88292682926829
 10
338.06244579651997
 20
174.88292682926829
 10
337.79548329422704
 20
174.88292682926829
 10
337.5034877759965
 20
174.88292682926829
 10
337.19013125488993
 20
174.88292682926829
 10
336.85935437097396
 20
174.88292682926829
 10
336.5153168354849
 20
174.88292682926829
 10
336.1623451200469
 20
174.88292682926829
 10
335.8048780487805
 20
174.88292682926829
  0
LWPOLYLINE
  5
2A1
330
17
100
AcDbEntity
  8
HIDDEN
100
AcDbPolyline
 90
2
 70
0
 10
335.8048780487805
 20
174.88292682926829
 10
330.35853658536587
 20
174.88292682926829
  0
LWPOLYLINE
  5
2A2
330
17
100
AcDbEntity
  8
HIDDEN
100
AcDbPolyline
 90
2
 70
0
 10
341.2512195121951
 20
174.88292682926829
 10
335.8048780487805
 20
174.88292682926829
  0
LWPOLYLINE
  5
2A3
330
17
100
AcDbEntity
  8
HIDDEN
100
AcDbPolyline
 90
2
 70
0
 10
330.35853658536587
 20
174.88292682926829
 10
335.8048780487805
 20
174.88292682926829
  0
LWPOLYLINE
  5
2A4
330
17
100
AcDbEntity
  8
HIDDEN
100
AcDbPolyline
 90
2
 70
0
 10
335.8048780487805
 20
174.88292682926829
 10
341.2512195121951
 20
174.88292682926829
  0
LWPOLYLINE
  5
2A5
330
17
100
AcDbEntity
  8
HIDDEN
100
AcDbPolyline
 90
2
 70
0
 10
335.8048780487805
 20
170.0
 10
335.8048780487805
 20
174.88292682926829
  0
LWPOLYLINE
  5
2A6
330
17
100
AcDbEntity
  8
HIDDEN
100
AcDbPolyline
 90
2
 70
0
 10
335.8048780487805
 20
170.0
 10
335.8048780487805
 20
174.88292682926829
  0
LWPOLYLINE
  5
2A7
330
17
100
AcDbEntity
  8
HIDDEN
100
AcDbPolyline
 90
2
 70
0
 10
330.35853658536587
 20
170.0
 10
330.35853658536587
 20
174.88292682926829
  0
LWPOLYLINE
  5
2A8
330
17
100
AcDbEntity
  8
HIDDEN
100
AcDbPolyline
 90
2
 70
0
 10
330.35853658536587
 20
170.0
 10
330.35853658536587
 20
174.88292682926829
  0
LWPOLYLINE
  5
2A9
330
17
100
AcDbEntity
  8
HIDDEN
100
AcDbPolyline
 90
2
 70
0
 10
341.2512195121951
 20
170.0
 10
341.2512195121951
 20
174.88292682926829
  0
LWPOLYLINE
  5
2AA
330
17
100
AcDbEntity
  8
HIDDEN
100
AcDbPolyline
 90
2
 70
0
 10
341.2512195121951
 20
170.0
 10
341.2512195121951
 20
174.88292682926829
  0
LWPOLYLINE
  5
2AB
330
17
100
AcDbEntity
  8
HIDDEN
100
AcDbPolyline
 90
2
 70
0
 10
335.8048780487805
 20
170.0
 10
335.8048780487805
 20
174.88292682926829
  0
LWPOLYLINE
  5
2AC
330
17
100
AcDbEntity
  8
HIDDEN
100
AcDbPolyline
 90
2
 70
0
 10
335.8048780487805
 20
170.0
 10
335.8048780487805
 20
174.88292682926829
  0
LWPOLYLINE
  5
2AD
330
17
100
AcDbEntity
  8
HIDDEN
100
AcDbPolyline
 90
2
 70
0
 10
330.35853658536587
 20
170.0
 10
330.35853658536587
 20
174.88292682926829
  0
LWPOLYLINE
  5
2AE
330
17
100
AcDbEntity
  8
HIDDEN
100
AcDbPolyline
 90
2
 70
0
 10
330.35853658536587
 20
170.0
 10
330.35853658536587
 20
174.88292682926829
  0
LWPOLYLINE
  5
2AF
330
17
100
AcDbEntity
  8
HIDDEN
100
AcDbPolyline
 90
2
 70
0
 10
356.27560975609754
 20
170.0
 10
356.27560975609754
 20
174.88292682926829
  0
LWPOLYLINE
  5
2B0
330
17
100
AcDbEntity
  8
HIDDEN
100
AcDbPolyline
 90
2
 70
0
 10
356.27560975609754
 20
170.0
 10
356.27560975609754
 20
174.88292682926829
  0
LWPOLYLINE
  5
2B1
330
17
100
AcDbEntity
  8
HIDDEN
100
AcDbPolyline
 90
2
 70
0
 10
350.8292682926829
 20
174.88292682926829
 10
345.3829268292683
 20
174.88292682926829
  0
LWPOLYLINE
  5
2B2
330
17
100
AcDbEntity
  8
HIDDEN
100
AcDbPolyline
 90
2
 70
0
 10
356.27560975609754
 20
174.88292682926829
 10
350.8292682926829
 20
174.88292682926829
  0
LWPOLYLINE
  5
2B3
330
17
100
AcDbEntity
  8
HIDDEN
100
AcDbPolyline
 90
2
 70
0
 10
345.3829268292683
 20
174.88292682926829
 10
350.8292682926829
 20
174.88292682926829
  0
LWPOLYLINE
  5
2B4
330
17
100
AcDbEntity
  8
HIDDEN
100
AcDbPolyline
 90
2
 70
0
 10
350.8292682926829
 20
174.88292682926829
 10
356.27560975609754
 20
174.88292682926829
  0
LWPOLYLINE
  5
2B5
330
17
100
AcDbEntity
  8
HIDDEN
100
AcDbPolyline
 90
15
 70
0
 10
350.8292682926829
 20
174.88292682926829
 10
350.4718012214165
 20
174.88292682926829
 10
350.1188295059785
 20
174.88292682926829
 10
349.77479197048945
 20
174.88292682926829
 10
349.4440150865735
 20
174.88292682926829
 10
349.1306585654669
 20
174.88292682926829
 10
348.83866304723637
 20
174.88292682926829
 10
348.57170054494344
 20
174.88292682926829
 10
348.33312826694964
 20
174.88292682926829
 10
348.1259463980736
 20
174.88292682926829
 10
347.95276037052616
 20
174.88292682926829
 10
347.81574809908864
 20
174.88292682926829
 10
347.7166325925707
 20
174.88292682926829
 10
347.65666028597497
 20
174.88292682926829
 10
347.63658536585365
 20
174.88292682926829
  0
LWPOLYLINE
  5
2B6
330
17
100
AcDbEntity
  8
HIDDEN
100
AcDbPolyline
 90
15
 70
0
 10
347.63658536585365
 20
174.88292682926829
 10
347.7166325925707
 20
174.88292682926829
 10
347.95276037052616
 20
174.88292682926829
 10
348.33312826694964
 20
174.88292682926829
 10
348.83866304723637
 20
174.88292682926829
 10
349.4440150865735
 20
174.88292682926829
 10
350.1188295059785
 20
174.88292682926829
 10
350.8292682926829
 20
174.88292682926829
 10
351.53970707938737
 20
174.88292682926829
 10
352.2145214987924
 20
174.88292682926829
 10
352.81987353812946
 20
174.88292682926829
 10
353.32540831841624
 20
174.88292682926829
 10
353.70577621483966
 20
174.88292682926829
 10
353.9419039927951
 20
174.88292682926829
 10
354.0219512195122
 20
174.88292682926829
  0
LWPOLYLINE
  5
2B7
330
17
100
AcDbEntity
  8
HIDDEN
100
AcDbPolyline
 90
15
 70
0
 10
354.0219512195122
 20
174.88292682926829
 10
354.00187629939086
 20
174.88292682926829
 10
353.9419039927951
 20
174.88292682926829
 10
353.8427884862772
 20
174.88292682926829
 10
353.70577621483966
 20
174.88292682926829
 10
353.53259018729227
 20
174.88292682926829
 10
353.32540831841624
 20
174.88292682926829
 10
353.08683604042244
 20
174.88292682926829
 10
352.81987353812946
 20
174.88292682926829
 10
352.52787801989894
 20
174.88292682926829
 10
352.2145214987924
 20
174.88292682926829
 10
351.8837446148764
 20
174.88292682926829
 10
351.53970707938737
 20
174.88292682926829
 10
351.1867353639493
 20
174.88292682926829
 10
350.82926829268297
 20
174.88292682926829
  0
LWPOLYLINE
  5
2B8
330
17
100
AcDbEntity
  8
HIDDEN
100
AcDbPolyline
 90
2
 70
0
 10
350.8292682926829
 20
170.0
 10
350.8292682926829
 20
174.88292682926829
  0
LWPOLYLINE
  5
2B9
330
17
100
AcDbEntity
  8
HIDDEN
100
AcDbPolyline
 90
2
 70
0
 10
350.8292682926829
 20
170.0
 10
350.8292682926829
 20
174.88292682926829
  0
LWPOLYLINE
  5
2BA
330
17
100
AcDbEntity
  8
HIDDEN
100
AcDbPolyline
 90
2
 70
0
 10
345.3829268292683
 20
170.0
 10
345.3829268292683
 20
174.88292682926829
  0
LWPOLYLINE
  5
2BB
330
17
100
AcDbEntity
  8
HIDDEN
100
AcDbPolyline
 90
2
 70
0
 10
345.3829268292683
 20
170.0
 10
345.3829268292683
 20
174.88292682926829
  0
LWPOLYLINE
  5
2BC
330
17
100
AcDbEntity
  8
HIDDEN
100
AcDbPolyline
 90
2
 70
0
 10
356.27560975609754
 20
170.0
 10
356.27560975609754
 20
174.88292682926829
  0
LWPOLYLINE
  5
2BD
330
17
100
AcDbEntity
  8
HIDDEN
100
AcDbPolyline
 90
2
 70
0
 10
356.27560975609754
 20
170.0
 10
356.27560975609754
 20
174.88292682926829
  0
LWPOLYLINE
  5
2BE
330
17
100
AcDbEntity
  8
HIDDEN
100
AcDbPolyline
 90
2
 70
0
 10
350.8292682926829
 20
174.88292682926829
 10
345.3829268292683
 20
174.88292682926829
  0
LWPOLYLINE
  5
2BF
330
17
100
AcDbEntity
  8
HIDDEN
100
AcDbPolyline
 90
2
 70
0
 10
356.27560975609754
 20
174.88292682926829
 10
350.8292682926829
 20
174.88292682926829
  0
LWPOLYLINE
  5
2C0
330
17
100
AcDbEntity
  8
HIDDEN
100
AcDbPolyline
 90
2
 70
0
 10
345.3829268292683
 20
174.88292682926829
 10
350.8292682926829
 20
174.88292682926829
  0
LWPOLYLINE
  5
2C1
330
17
100
AcDbEntity
  8
HIDDEN
100
AcDbPolyline
 90
2
 70
0
 10
350.8292682926829
 20
174.88292682926829
 10
356.27560975609754
 20
174.88292682926829
  0
LWPOLYLINE
  5
2C2
330
17
100
AcDbEntity
  8
HIDDEN
100
AcDbPolyline
 90
15
 70
0
 10
350.8292682926829
 20
174.88292682926829
 10
350.4718012214165
 20
174.88292682926829
 10
350.1188295059785
 20
174.88292682926829
 10
349.77479197048945
 20
174.88292682926829
 10
349.4440150865735
 20
174.88292682926829
 10
349.1306585654669
 20
174.88292682926829
 10
348.83866304723637
 20
174.88292682926829
 10
348.57170054494344
 20
174.88292682926829
 10
348.33312826694964
 20
174.88292682926829
 10
348.1259463980736
 20
174.88292682926829
 10
347.95276037052616
 20
174.88292682926829
 10
347.81574809908864
 20
174.88292682926829
 10
347.7166325925707
 20
174.88292682926829
 10
347.65666028597497
 20
174.88292682926829
 10
347.63658536585365
 20
174.88292682926829
  0
LWPOLYLINE
  5
2C3
330
17
100
AcDbEntity
  8
HIDDEN
100
AcDbPolyline
 90
15
 70
0
 10
347.63658536585365
 20
174.88292682926829
 10
347.7166325925707
 20
174.88292682926829
 10
347.95276037052616
 20
174.88292682926829
 10
348.33312826694964
 20
174.88292682926829
 10
348.83866304723637
 20
174.88292682926829
 10
349.4440150865735
 20
174.88292682926829
 10
350.1188295059785
 20
174.88292682926829
 10
350.8292682926829
 20
174.88292682926829
 10
351.53970707938737
 20
174.88292682926829
 10
352.2145214987924
 20
174.88292682926829
 10
352.81987353812946
 20
174.88292682926829
 10
353.32540831841624
 20
174.88292682926829
 10
353.70577621483966
 20
174.88292682926829
 10
353.9419039927951
 20
174.88292682926829
 10
354.0219512195122
 20
174.88292682926829
  0
LWPOLYLINE
  5
2C4
330
17
100
AcDbEntity
  8
HIDDEN
100
AcDbPolyline
 90
15
 70
0
 10
354.0219512195122
 20
174.88292682926829
 10
354.00187629939086
 20
174.88292682926829
 10
353.9419039927951
 20
174.88292682926829
 10
353.8427884862772
 20
174.88292682926829
 10
353.70577621483966
 20
174.88292682926829
 10
353.53259018729227
 20
174.88292682926829
 10
353.32540831841624
 20
174.88292682926829
 10
353.08683604042244
 20
174.88292682926829
 10
352.81987353812946
 20
174.88292682926829
 10
352.52787801989894
 20
174.88292682926829
 10
352.2145214987924
 20
174.88292682926829
 10
351.8837446148764
 20
174.88292682926829
 10
351.53970707938737
 20
174.88292682926829
 10
351.1867353639493
 20
174.88292682926829
 10
350.82926829268297
 20
174.88292682926829
  0
LWPOLYLINE
  5
2C5
330
17
100
AcDbEntity
  8
HIDDEN
100
AcDbPolyline
 90
2
 70
0
 10
350.8292682926829
 20
170.0
 10
350.8292682926829
 20
174.88292682926829
  0
LWPOLYLINE
  5
2C6
330
17
100
AcDbEntity
  8
HIDDEN
100
AcDbPolyline
 90
2
 70
0
 10
350.8292682926829
 20
170.0
 10
350.8292682926829
 20
174.88292682926829
  0
LWPOLYLINE
  5
2C7
330
17
100
AcDbEntity
  8
HIDDEN
100
AcDbPolyline
 90
2
 70
0
 10
345.3829268292683
 20
170.0
 10
345.3829268292683
 20
174.88292682926829
  0
LWPOLYLINE
  5
2C8
330
17
100
AcDbEntity
  8
HIDDEN
100
AcDbPolyline
 90
2
 70
0
 10
345.3829268292683
 20
170.0
 10
345.3829268292683
 20
174.88292682926829
  0
LWPOLYLINE
  5
2C9
330
17
100
AcDbEntity
  8
HIDDEN
100
AcDbPolyline
 90
15
 70
0
 10
362.0975609756098
 20
176.7609756097561
 10
361.6980389547826
 20
176.7609756097561
 10
361.30354115517537
 20
176.7609756097561
 10
360.9190286155112
 20
176.7609756097561
 10
360.54933680407566
 20
176.7609756097561
 10
360.1991148098977
 20
176.7609756097561
 10
359.8727668777577
 20
176.7609756097561
 10
359.57439702225383
 20
176.7609756097561
 10
359.30775741743724
 20
176.7609756097561
 10
359.0762012110464
 20
176.7609756097561
 10
358.8826403567287
 20
176.7609756097561
 10
358.7295089945338
 20
176.7609756097561
 10
358.6187328401902
 20
176.7609756097561
 10
358.55170496811263
 20
176.7609756097561
 10
358.5292682926829
 20
176.7609756097561
  0
LWPOLYLINE
  5
2CA
330
17
100
AcDbEntity
  8
HIDDEN
100
AcDbPolyline
 90
15
 70
0
 10
358.5292682926829
 20
176.7609756097561
 10
358.6187328401902
 20
176.7609756097561
 10
358.8826403567287
 20
176.7609756097561
 10
359.30775741743724
 20
176.7609756097561
 10
359.8727668777577
 20
176.7609756097561
 10
360.54933680407566
 20
176.7609756097561
 10
361.30354115517537
 20
176.7609756097561
 10
362.0975609756098
 20
176.7609756097561
 10
362.89158079604414
 20
176.7609756097561
 10
363.6457851471439
 20
176.7609756097561
 10
364.3223550734618
 20
176.7609756097561
 10
364.88736453378226
 20
176.7609756097561
 10
365.3124815944908
 20
176.7609756097561
 10
365.5763891110293
 20
176.7609756097561
 10
365.66585365853655
 20
176.7609756097561
  0
LWPOLYLINE
  5
2CB
330
17
100
AcDbEntity
  8
HIDDEN
100
AcDbPolyline
 90
15
 70
0
 10
365.66585365853655
 20
176.7609756097561
 10
365.6434169831069
 20
176.7609756097561
 10
365.5763891110293
 20
176.7609756097561
 10
365.46561295668573
 20
176.7609756097561
 10
365.3124815944908
 20
176.7609756097561
 10
365.1189207401731
 20
176.7609756097561
 10
364.88736453378226
 20
176.7609756097561
 10
364.62072492896567
 20
176.7609756097561
 10
364.3223550734618
 20
176.7609756097561
 10
363.9960071413218
 20
176.7609756097561
 10
363.6457851471439
 20
176.7609756097561
 10
363.2760933357083
 20
176.7609756097561
 10
362.89158079604414
 20
176.7609756097561
 10
362.4970829964369
 20
176.7609756097561
 10
362.0975609756098
 20
176.7609756097561
  0
LWPOLYLINE
  5
2CC
330
17
100
AcDbEntity
  8
HIDDEN
100
AcDbPolyline
 90
2
 70
0
 10
262.7487804878049
 20
170.0
 10
262.7487804878049
 20
174.88292682926829
  0
LWPOLYLINE
  5
2CD
330
17
100
AcDbEntity
  8
HIDDEN
100
AcDbPolyline
 90
2
 70
0
 10
273.64146341463413
 20
170.0
 10
273.64146341463413
 20
174.88292682926829
  0
LWPOLYLINE
  5
2CE
330
17
100
AcDbEntity
  8
HIDDEN
100
AcDbPolyline
 90
2
 70
0
 10
262.7487804878049
 20
170.0
 10
262.7487804878049
 20
174.88292682926829
  0
LWPOLYLINE
  5
2CF
330
17
100
AcDbEntity
  8
HIDDEN
100
AcDbPolyline
 90
2
 70
0
 10
268.1951219512195
 20
170.0
 10
268.1951219512195
 20
174.88292682926829
  0
LWPOLYLINE
  5
2D0
330
17
100
AcDbEntity
  8
HIDDEN
100
AcDbPolyline
 90
2
 70
0
 10
263.87560975609756
 20
181.26829268292684
 10
263.87560975609756
 20
190.65853658536585
  0
LWPOLYLINE
  5
2D1
330
17
100
AcDbEntity
  8
HIDDEN
100
AcDbPolyline
 90
2
 70
0
 10
333.9268292682927
 20
181.26829268292684
 10
333.9268292682927
 20
190.65853658536585
  0
LWPOLYLINE
  5
2D2
330
17
100
AcDbEntity
  8
HIDDEN
100
AcDbPolyline
 90
2
 70
0
 10
333.9268292682927
 20
216.9512195121951
 10
333.9268292682927
 20
247.0
  0
LWPOLYLINE
  5
2D3
330
17
100
AcDbEntity
  8
HIDDEN
100
AcDbPolyline
 90
2
 70
0
 10
333.9268292682927
 20
181.26829268292684
 10
333.9268292682927
 20
216.9512195121951
  0
LWPOLYLINE
  5
2D4
330
17
100
AcDbEntity
  8
HIDDEN
100
AcDbPolyline
 90
2
 70
0
 10
333.9268292682927
 20
247.0
 10
270.0731707317073
 20
247.0
  0
LWPOLYLINE
  5
2D5
330
17
100
AcDbEntity
  8
HIDDEN
100
AcDbPolyline
 90
2
 70
0
 10
326.4146341463415
 20
216.9512195121951
 10
333.9268292682927
 20
216.9512195121951
  0
LWPOLYLINE
  5
2D6
330
17
100
AcDbEntity
  8
HIDDEN
100
AcDbPolyline
 90
2
 70
0
 10
326.4146341463415
 20
181.26829268292684
 10
326.4146341463415
 20
216.9512195121951
  0
LWPOLYLINE
  5
2D7
330
17
100
AcDbEntity
  8
HIDDEN
100
AcDbPolyline
 90
2
 70
0
 10
326.4146341463415
 20
216.9512195121951
 10
326.4146341463415
 20
181.26829268292684
  0
LWPOLYLINE
  5
2D8
330
17
100
AcDbEntity
  8
HIDDEN
100
AcDbPolyline
 90
2
 70
0
 10
270.0731707317073
 20
216.9512195121951
 10
270.0731707317073
 20
247.0
  0
LWPOLYLINE
  5
2D9
330
17
100
AcDbEntity
  8
HIDDEN
100
AcDbPolyline
 90
2
 70
0
 10
270.0731707317073
 20
216.9512195121951
 10
277.5853658536585
 20
216.9512195121951
  0
LWPOLYLINE
  5
2DA
330
17
100
AcDbEntity
  8
HIDDEN
100
AcDbPolyline
 90
2
 70
0
 10
277.5853658536585
 20
216.9512195121951
 10
277.5853658536585
 20
181.26829268292684
  0
LWPOLYLINE
  5
2DB
330
17
100
AcDbEntity
  8
HIDDEN
100
AcDbPolyline
 90
36
 70
0
 10
302.0
 20
235.45
 10
303.6263920088427
 20
235.30362206980874
 10
305.2005104403214
 20
234.86919298635144
 10
306.67176183285943
 20
234.16067565781992
 10
307.9928589561509
 20
233.20084241412314
 10
309.1213406616509
 20
232.02054308546693
 10
310.0209366188268
 20
230.65771346342783
 10
310.662733073425
 20
229.15615601339815
 10
311.0261021593228
 20
227.56413202730738
 10
311.0993648951184
 20
225.93281046599026
 10
310.8801665562025
 20
224.31462334668328
 10
310.37555235754485
 20
222.7615805348498
 10
309.6017410146883
 20
221.32359810431007
 10
308.5836034608863
 20
220.04689399355743
 10
307.3538634748445
 20
218.97250252318722
 10
305.9520459115476
 20
218.1349555190693
 10
304.4232063408994
 20
217.56117243105203
 10
302.8164829246338
 20
217.26959511969457
 10
301.1835170753662
 20
217.26959511969457
 10
299.57679365910064
 20
217.56117243105203
 10
298.0479540884524
 20
218.1349555190693
 10
296.6461365251555
 20
218.97250252318722
 10
295.4163965391137
 20
220.04689399355743
 10
294.3982589853117
 20
221.32359810431007
 10
293.62444764245515
 20
222.7615805348498
 10
293.1198334437975
 20
224.31462334668328
 10
292.9006351048816
 20
225.93281046599026
 10
292.9738978406772
 20
227.56413202730738
 10
293.337266926575
 20
229.15615601339815
 10
293.9790633811732
 20
230.65771346342783
 10
294.8786593383491
 20
232.02054308546693
 10
296.0071410438491
 20
233.20084241412314
 10
297.32823816714057
 20
234.16067565781992
 10
298.7994895596786
 20
234.86919298635144
 10
300.3736079911573
 20
235.30362206980874
 10
302.0
 20
235.45
  0
LWPOLYLINE
  5
2DC
330
17
100
AcDbEntity
  8
HIDDEN
100
AcDbPolyline
 90
2
 70
0
 10
277.5853658536585
 20
181.26829268292684
 10
277.5853658536585
 20
216.9512195121951
  0
LWPOLYLINE
  5
2DD
330
17
100
AcDbEntity
  8
HIDDEN
100
AcDbPolyline
 90
2
 70
0
 10
270.0731707317073
 20
181.26829268292684
 10
270.0731707317073
 20
216.9512195121951
  0
LWPOLYLINE
  5
2DE
330
17
100
AcDbEntity
  8
HIDDEN
100
AcDbPolyline
 90
2
 70
0
 10
270.0731707317073
 20
181.26829268292684
 10
270.0731707317073
 20
190.65853658536585
  0
LWPOLYLINE
  5
2DF
330
17
100
AcDbEntity
  8
HIDDEN
100
AcDbPolyline
 90
2
 70
0
 10
340.12439024390244
 20
181.26829268292684
 10
340.12439024390244
 20
190.65853658536585
  0
LWPOLYLINE
  5
2E0
330
17
100
AcDbEntity
  8
HIDDEN
100
AcDbPolyline
 90
2
 70
0
 10
330.73414634146343
 20
181.26829268292684
 10
330.73414634146343
 20
190.65853658536585
  0
LWPOLYLINE
  5
2E1
330
17
100
AcDbEntity
  8
HIDDEN
100
AcDbPolyline
 90
2
 70
0
 10
236.2682926829268
 20
170.0
 10
236.2682926829268
 20
181.26829268292684
  0
LWPOLYLINE
  5
2E2
330
17
100
AcDbEntity
  8
HIDDEN
100
AcDbPolyline
 90
2
 70
0
 10
367.7317073170732
 20
170.0
 10
367.7317073170732
 20
181.26829268292684
  0
LWPOLYLINE
  5
2E3
330
17
100
AcDbEntity
  8
HIDDEN
100
AcDbPolyline
 90
2
 70
0
 10
290.7317073170732
 20
192.53658536585365
 10
290.7317073170732
 20
194.41463414634146
  0
LWPOLYLINE
  5
2E4
330
17
100
AcDbEntity
  8
HIDDEN
100
AcDbPolyline
 90
2
 70
0
 10
279.4634146341463
 20
192.53658536585365
 10
279.4634146341463
 20
194.41463414634146
  0
LWPOLYLINE
  5
2E5
330
17
100
AcDbEntity
  8
HIDDEN
100
AcDbPolyline
 90
2
 70
0
 10
288.8536585365854
 20
181.26829268292684
 10
288.8536585365854
 20
192.53658536585365
  0
LWPOLYLINE
  5
2E6
330
17
100
AcDbEntity
  8
HIDDEN
100
AcDbPolyline
 90
2
 70
0
 10
281.3414634146342
 20
181.26829268292684
 10
281.3414634146342
 20
192.53658536585365
  0
LWPOLYLINE
  5
2E7
330
17
100
AcDbEntity
  8
HIDDEN
100
AcDbPolyline
 90
2
 70
0
 10
271.38780487804877
 20
174.88292682926829
 10
271.38780487804877
 20
190.65853658536585
  0
LWPOLYLINE
  5
2E8
330
17
100
AcDbEntity
  8
HIDDEN
100
AcDbPolyline
 90
2
 70
0
 10
265.00243902439024
 20
174.88292682926829
 10
265.00243902439024
 20
190.65853658536585
  0
LWPOLYLINE
  5
2E9
330
17
100
AcDbEntity
  8
HIDDEN
100
AcDbPolyline
 90
2
 70
0
 10
245.47073170731707
 20
170.0
 10
245.47073170731707
 20
176.7609756097561
  0
LWPOLYLINE
  5
2EA
330
17
100
AcDbEntity
  8
HIDDEN
100
AcDbPolyline
 90
2
 70
0
 10
238.33414634146342
 20
170.0
 10
238.33414634146342
 20
176.7609756097561
  0
LWPOLYLINE
  5
2EB
330
17
100
AcDbEntity
  8
HIDDEN
100
AcDbPolyline
 90
2
 70
0
 10
245.47073170731707
 20
170.0
 10
245.47073170731707
 20
176.7609756097561
  0
LWPOLYLINE
  5
2EC
330
17
100
AcDbEntity
  8
HIDDEN
100
AcDbPolyline
 90
2
 70
0
 10
238.33414634146342
 20
170.0
 10
238.33414634146342
 20
176.7609756097561
  0
LWPOLYLINE
  5
2ED
330
17
100
AcDbEntity
  8
HIDDEN
100
AcDbPolyline
 90
2
 70
0
 10
365.66585365853655
 20
170.0
 10
365.66585365853655
 20
176.7609756097561
  0
LWPOLYLINE
  5
2EE
330
17
100
AcDbEntity
  8
HIDDEN
100
AcDbPolyline
 90
2
 70
0
 10
358.5292682926829
 20
170.0
 10
358.5292682926829
 20
176.7609756097561
  0
LWPOLYLINE
  5
2EF
330
17
100
AcDbEntity
  8
HIDDEN
100
AcDbPolyline
 90
2
 70
0
 10
338.99756097560976
 20
174.88292682926829
 10
338.99756097560976
 20
190.65853658536585
  0
LWPOLYLINE
  5
2F0
330
17
100
AcDbEntity
  8
HIDDEN
100
AcDbPolyline
 90
2
 70
0
 10
332.61219512195123
 20
174.88292682926829
 10
332.61219512195123
 20
190.65853658536585
  0
LWPOLYLINE
  5
2F1
330
17
100
AcDbEntity
  8
HIDDEN
100
AcDbPolyline
 90
2
 70
0
 10
338.99756097560976
 20
174.88292682926829
 10
338.99756097560976
 20
190.65853658536585
  0
LWPOLYLINE
  5
2F2
330
17
100
AcDbEntity
  8
HIDDEN
100
AcDbPolyline
 90
2
 70
0
 10
332.61219512195123
 20
174.88292682926829
 10
332.61219512195123
 20
190.65853658536585
  0
LWPOLYLINE
  5
2F3
330
17
100
AcDbEntity
  8
HIDDEN
100
AcDbPolyline
 90
2
 70
0
 10
365.66585365853655
 20
170.0
 10
365.66585365853655
 20
176.7609756097561
  0
LWPOLYLINE
  5
2F4
330
17
100
AcDbEntity
  8
HIDDEN
100
AcDbPolyline
 90
2
 70
0
 10
358.5292682926829
 20
170.0
 10
358.5292682926829
 20
176.7609756097561
  0
LWPOLYLINE
  5
2F5
330
17
100
AcDbEntity
  8
HIDDEN
100
AcDbPolyline
 90
2
 70
0
 10
271.38780487804877
 20
174.88292682926829
 10
271.38780487804877
 20
190.65853658536585
  0
LWPOLYLINE
  5
2F6
330
17
100
AcDbEntity
  8
HIDDEN
100
AcDbPolyline
 90
2
 70
0
 10
265.00243902439024
 20
174.88292682926829
 10
265.00243902439024
 20
190.65853658536585
  0
LWPOLYLINE
  5
2F7
330
17
100
AcDbEntity
  8
HIDDEN
100
AcDbPolyline
 90
2
 70
0
 10
256.36341463414635
 20
174.88292682926829
 10
256.36341463414635
 20
181.26829268292684
  0
LWPOLYLINE
  5
2F8
330
17
100
AcDbEntity
  8
HIDDEN
100
AcDbPolyline
 90
2
 70
0
 10
249.97804878048782
 20
174.88292682926829
 10
249.97804878048782
 20
181.26829268292684
  0
LWPOLYLINE
  5
2F9
330
17
100
AcDbEntity
  8
HIDDEN
100
AcDbPolyline
 90
2
 70
0
 10
256.36341463414635
 20
174.88292682926829
 10
256.36341463414635
 20
181.26829268292684
  0
LWPOLYLINE
  5
2FA
330
17
100
AcDbEntity
  8
HIDDEN
100
AcDbPolyline
 90
2
 70
0
 10
249.97804878048782
 20
174.88292682926829
 10
249.97804878048782
 20
181.26829268292684
  0
LWPOLYLINE
  5
2FB
330
17
100
AcDbEntity
  8
HIDDEN
100
AcDbPolyline
 90
2
 70
0
 10
354.0219512195122
 20
174.88292682926829
 10
354.0219512195122
 20
181.26829268292684
  0
LWPOLYLINE
  5
2FC
330
17
100
AcDbEntity
  8
HIDDEN
100
AcDbPolyline
 90
2
 70
0
 10
347.63658536585365
 20
174.88292682926829
 10
347.63658536585365
 20
181.26829268292684
  0
LWPOLYLINE
  5
2FD
330
17
100
AcDbEntity
  8
HIDDEN
100
AcDbPolyline
 90
2
 70
0
 10
354.0219512195122
 20
174.88292682926829
 10
354.0219512195122
 20
181.26829268292684
  0
LWPOLYLINE
  5
2FE
330
17
100
AcDbEntity
  8
HIDDEN
100
AcDbPolyline
 90
2
 70
0
 10
347.63658536585365
 20
174.88292682926829
 10
347.63658536585365
 20
181.26829268292684
  0
LWPOLYLINE
  5
2FF
330
17
100
AcDbEntity
  8
OUTLINE
100
AcDbPolyline
 90
2
 70
0
 10
367.7317073170732
 20
181.26829268292684
 10
236.2682926829268
 20
181.26829268292684
  0
LWPOLYLINE
  5
300
330
17
100
AcDbEntity
  8
OUTLINE
100
AcDbPolyline
 90
2
 70
0
 10
273.26585365853657
 20
181.26829268292684
 10
273.26585365853657
 20
190.65853658536585
  0
LWPOLYLINE
  5
301
330
17
100
AcDbEntity
  8
OUTLINE
100
AcDbPolyline
 90
2
 70
0
 10
273.26585365853657
 20
190.65853658536585
 10
263.87560975609756
 20
190.65853658536585
  0
LWPOLYLINE
  5
302
330
17
100
AcDbEntity
  8
OUTLINE
100
AcDbPolyline
 90
2
 70
0
 10
367.7317073170732
 20
170.0
 10
236.2682926829268
 20
170.0
  0
LWPOLYLINE
  5
303
330
17
100
AcDbEntity
  8
OUTLINE
100
AcDbPolyline
 90
2
 70
0
 10
340.12439024390244
 20
190.65853658536585
 10
330.73414634146343
 20
190.65853658536585
  0
LWPOLYLINE
  5
304
330
17
100
AcDbEntity
  8
OUTLINE
100
AcDbPolyline
 90
2
 70
0
 10
263.87560975609756
 20
181.26829268292684
 10
263.87560975609756
 20
190.65853658536585
  0
LWPOLYLINE
  5
305
330
17
100
AcDbEntity
  8
OUTLINE
100
AcDbPolyline
 90
2
 70
0
 10
333.9268292682927
 20
190.65853658536585
 10
333.9268292682927
 20
247.0
  0
LWPOLYLINE
  5
306
330
17
100
AcDbEntity
  8
OUTLINE
100
AcDbPolyline
 90
2
 70
0
 10
333.9268292682927
 20
247.0
 10
270.0731707317073
 20
247.0
  0
LWPOLYLINE
  5
307
330
17
100
AcDbEntity
  8
OUTLINE
100
AcDbPolyline
 90
36
 70
0
 10
302.0
 20
235.45
 10
303.6263920088427
 20
235.30362206980874
 10
305.2005104403214
 20
234.86919298635144
 10
306.67176183285943
 20
234.16067565781992
 10
307.9928589561509
 20
233.20084241412314
 10
309.1213406616509
 20
232.02054308546693
 10
310.0209366188268
 20
230.65771346342783
 10
310.662733073425
 20
229.15615601339815
 10
311.0261021593228
 20
227.56413202730738
 10
311.0993648951184
 20
225.93281046599026
 10
310.8801665562025
 20
224.31462334668328
 10
310.37555235754485
 20
222.7615805348498
 10
309.6017410146883
 20
221.32359810431007
 10
308.5836034608863
 20
220.04689399355743
 10
307.3538634748445
 20
218.97250252318722
 10
305.9520459115476
 20
218.1349555190693
 10
304.4232063408994
 20
217.56117243105203
 10
302.8164829246338
 20
217.26959511969457
 10
301.1835170753662
 20
217.26959511969457
 10
299.57679365910064
 20
217.56117243105203
 10
298.0479540884524
 20
218.1349555190693
 10
296.6461365251555
 20
218.97250252318722
 10
295.4163965391137
 20
220.04689399355743
 10
294.3982589853117
 20
221.32359810431007
 10
293.62444764245515
 20
222.7615805348498
 10
293.1198334437975
 20
224.31462334668328
 10
292.9006351048816
 20
225.93281046599026
 10
292.9738978406772
 20
227.56413202730738
 10
293.337266926575
 20
229.15615601339815
 10
293.9790633811732
 20
230.65771346342783
 10
294.8786593383491
 20
232.02054308546693
 10
296.0071410438491
 20
233.20084241412314
 10
297.32823816714057
 20
234.16067565781992
 10
298.7994895596786
 20
234.86919298635144
 10
300.3736079911573
 20
235.30362206980874
 10
302.0
 20
235.45
  0
LWPOLYLINE
  5
308
330
17
100
AcDbEntity
  8
OUTLINE
100
AcDbPolyline
 90
2
 70
0
 10
270.0731707317073
 20
190.65853658536585
 10
270.0731707317073
 20
247.0
  0
LWPOLYLINE
  5
309
330
17
100
AcDbEntity
  8
OUTLINE
100
AcDbPolyline
 90
2
 70
0
 10
340.12439024390244
 20
181.26829268292684
 10
340.12439024390244
 20
190.65853658536585
  0
LWPOLYLINE
  5
30A
330
17
100
AcDbEntity
  8
OUTLINE
100
AcDbPolyline
 90
2
 70
0
 10
330.73414634146343
 20
181.26829268292684
 10
330.73414634146343
 20
190.65853658536585
  0
LWPOLYLINE
  5
30B
330
17
100
AcDbEntity
  8
OUTLINE
100
AcDbPolyline
 90
2
 70
0
 10
236.2682926829268
 20
170.0
 10
236.2682926829268
 20
181.26829268292684
  0
LWPOLYLINE
  5
30C
330
17
100
AcDbEntity
  8
OUTLINE
100
AcDbPolyline
 90
2
 70
0
 10
367.7317073170732
 20
170.0
 10
367.7317073170732
 20
181.26829268292684
  0
TEXT
  5
30D
330
17
100
AcDbEntity
  8
TEXT
100
AcDbText
 10
217.0
 20
163.0
 30
0.0
 40
2.6
  1
END  (view scale 1.88:1)
100
AcDbText
  0
LWPOLYLINE
  5
30E
330
17
100
AcDbEntity
  8
DIM
100
AcDbPolyline
 90
2
 70
0
 10
22.0
 20
161.0
 10
192.0
 20
161.0
  0
LWPOLYLINE
  5
30F
330
17
100
AcDbEntity
  8
DIM
100
AcDbPolyline
 90
2
 70
0
 10
21.0
 20
160.0
 10
23.0
 20
162.0
  0
LWPOLYLINE
  5
310
330
17
100
AcDbEntity
  8
DIM
100
AcDbPolyline
 90
2
 70
0
 10
191.0
 20
160.0
 10
193.0
 20
162.0
  0
TEXT
  5
311
330
17
100
AcDbEntity
  8
DIM
100
AcDbText
 10
100.0
 20
163.0
 30
0.0
 40
2.8
  1
190.0000 X
100
AcDbText
  0
LWPOLYLINE
  5
312
330
17
100
AcDbEntity
  8
DIM
100
AcDbPolyline
 90
2
 70
0
 10
202.0
 20
178.68421052631578
 10
202.0
 20
241.31578947368422
  0
LWPOLYLINE
  5
313
330
17
100
AcDbEntity
  8
DIM
100
AcDbPolyline
 90
2
 70
0
 10
201.0
 20
177.68421052631578
 10
203.0
 20
179.68421052631578
  0
LWPOLYLINE
  5
314
330
17
100
AcDbEntity
  8
DIM
100
AcDbPolyline
 90
2
 70
0
 10
201.0
 20
240.31578947368422
 10
203.0
 20
242.31578947368422
  0
TEXT
  5
315
330
17
100
AcDbEntity
  8
DIM
100
AcDbText
 10
204.0
 20
210.0
 30
0.0
 40
2.8
  1
70.00 Y
100
AcDbText
  0
LWPOLYLINE
  5
316
330
17
100
AcDbEntity
  8
DIM
100
AcDbPolyline
 90
2
 70
0
 10
202.0
 20
81.65789473684211
 10
202.0
 20
118.34210526315789
  0
LWPOLYLINE
  5
317
330
17
100
AcDbEntity
  8
DIM
100
AcDbPolyline
 90
2
 70
0
 10
201.0
 20
80.65789473684211
 10
203.0
 20
82.65789473684211
  0
LWPOLYLINE
  5
318
330
17
100
AcDbEntity
  8
DIM
100
AcDbPolyline
 90
2
 70
0
 10
201.0
 20
117.34210526315789
 10
203.0
 20
119.34210526315789
  0
TEXT
  5
319
330
17
100
AcDbEntity
  8
DIM
100
AcDbText
 10
204.0
 20
100.0
 30
0.0
 40
2.8
  1
41.00 Z
100
AcDbText
  0
TEXT
  5
31A
330
17
100
AcDbEntity
  8
TEXT
100
AcDbText
 10
218.0
 20
128.0
 30
0.0
 40
2.8
  1
BASE 190 x 70 x 6; print Z up, base flat.
100
AcDbText
  0
TEXT
  5
31B
330
17
100
AcDbEntity
  8
TEXT
100
AcDbText
 10
218.0
 20
117.0
 30
0.0
 40
2.8
  1
Channel: 30.60 inside; rails 5 high, X40 to144.
100
AcDbText
  0
TEXT
  5
31C
330
17
100
AcDbEntity
  8
TEXT
100
AcDbText
 10
218.0
 20
106.0
 30
0.0
 40
2.8
  1
Micrometer bore DIA9.70 at Y0 Z30; panel X145-149.
100
AcDbText
  0
TEXT
  5
31D
330
17
100
AcDbEntity
  8
TEXT
100
AcDbText
 10
218.0
 20
95.0
 30
0.0
 40
2.8
  1
8x DIA3.40 through; underside nut recess AF5.80 x2.60.
100
AcDbText
  0
TEXT
  5
31E
330
17
100
AcDbEntity
  8
TEXT
100
AcDbText
 10
218.0
 20
84.0
 30
0.0
 40
2.8
  1
Sensor X22 or10,Y+/-26; keepers X55,130,Y+/-18.
100
AcDbText
  0
TEXT
  5
31F
330
17
100
AcDbEntity
  8
TEXT
100
AcDbText
 10
218.0
 20
73.0
 30
0.0
 40
2.8
  1
Feet: DIA3.80 blind3.60 at X8,180; Y+/-32.
100
AcDbText
  0
TEXT
  5
320
330
17
100
AcDbEntity
  8
TEXT
100
AcDbText
 10
218.0
 20
51.0
 30
0.0
 40
2.55
  1
General prototype target: +/-0.20mm unless called out.
100
AcDbText
  0
TEXT
  5
321
330
17
100
AcDbEntity
  8
TEXT
100
AcDbText
 10
218.0
 20
41.0
 30
0.0
 40
2.55
  1
CAD is nominal. Fit, measure and qualify before calibration.
100
AcDbText
  0
ENDSEC
  0
SECTION
  2
OBJECTS
  0
DICTIONARY
  5
A
330
0
100
AcDbDictionary
281
1
  3
ACAD_COLOR
350
B
  3
ACAD_GROUP
350
C
  3
ACAD_LAYOUT
350
D
  3
ACAD_MATERIAL
350
E
  3
ACAD_MLEADERSTYLE
350
F
  3
ACAD_MLINESTYLE
350
10
  3
ACAD_PLOTSETTINGS
350
11
  3
ACAD_PLOTSTYLENAME
350
12
  3
ACAD_SCALELIST
350
14
  3
ACAD_TABLESTYLE
350
15
  3
ACAD_VISUALSTYLE
350
16
  3
EZDXF_META
350
2D
  0
DICTIONARY
  5
B
330
A
100
AcDbDictionary
281
1
  0
DICTIONARY
  5
C
330
A
100
AcDbDictionary
281
1
  0
DICTIONARY
  5
D
330
A
100
AcDbDictionary
281
1
  3
Model
350
1A
  3
Layout1
350
1E
  0
DICTIONARY
  5
E
330
A
100
AcDbDictionary
281
1
  3
ByBlock
350
1F
  3
ByLayer
350
20
  3
Global
350
21
  0
DICTIONARY
  5
F
330
A
100
AcDbDictionary
281
1
  3
Standard
350
2C
  0
DICTIONARY
  5
10
330
A
100
AcDbDictionary
281
1
  3
Standard
350
22
  0
DICTIONARY
  5
11
330
A
100
AcDbDictionary
281
1
  0
ACDBDICTIONARYWDFLT
  5
12
330
A
100
AcDbDictionary
281
1
  3
Normal
350
13
100
AcDbDictionaryWithDefault
340
13
  0
ACDBPLACEHOLDER
  5
13
330
12
  0
DICTIONARY
  5
14
330
A
100
AcDbDictionary
281
1
  0
DICTIONARY
  5
15
330
A
100
AcDbDictionary
281
1
  0
DICTIONARY
  5
16
330
A
100
AcDbDictionary
281
1
  0
LAYOUT
  5
1A
330
D
100
AcDbPlotSettings
  1

  4
A3
  6

 40
7.5
 41
20.0
 42
7.5
 43
20.0
 44
420.0
 45
297.0
 46
0.0
 47
0.0
 48
0.0
 49
0.0
140
0.0
141
0.0
142
1.0
143
1.0
 70
1024
 72
1
 73
0
 74
5
  7

 75
16
 76
0
 77
2
 78
300
147
1.0
148
0.0
149
0.0
100
AcDbLayout
  1
Model
 70
1
 71
0
 10
0.0
 20
0.0
 11
420.0
 21
297.0
 12
0.0
 22
0.0
 32
0.0
 14
1e+20
 24
1e+20
 34
1e+20
 15
-1e+20
 25
-1e+20
 35
-1e+20
146
0.0
 13
0.0
 23
0.0
 33
0.0
 16
1.0
 26
0.0
 36
0.0
 17
0.0
 27
1.0
 37
0.0
 76
1
330
17
  0
LAYOUT
  5
1E
330
D
100
AcDbPlotSettings
  1

  4
A3
  6

 40
7.5
 41
20.0
 42
7.5
 43
20.0
 44
420.0
 45
297.0
 46
0.0
 47
0.0
 48
0.0
 49
0.0
140
0.0
141
0.0
142
1.0
143
1.0
 70
0
 72
1
 73
0
 74
5
  7

 75
16
 76
0
 77
2
 78
300
147
1.0
148
0.0
149
0.0
100
AcDbLayout
  1
Layout1
 70
1
 71
1
 10
0.0
 20
0.0
 11
420.0
 21
297.0
 12
0.0
 22
0.0
 32
0.0
 14
1e+20
 24
1e+20
 34
1e+20
 15
-1e+20
 25
-1e+20
 35
-1e+20
146
0.0
 13
0.0
 23
0.0
 33
0.0
 16
1.0
 26
0.0
 36
0.0
 17
0.0
 27
1.0
 37
0.0
 76
1
330
1B
  0
MATERIAL
  5
1F
102
{ACAD_REACTORS
330
E
102
}
330
E
100
AcDbMaterial
  1
ByBlock
  2

 70
0
 40
1.0
 71
1
 41
1.0
 91
-1023410177
 42
1.0
 72
1
  3

 73
1
 74
1
 75
1
 44
0.5
 73
0
 45
1.0
 46
1.0
 77
1
  4

 78
1
 79
1
170
1
 48
1.0
171
1
  6

172
1
173
1
174
1
140
1.0
141
1.0
175
1
  7

176
1
177
1
178
1
143
1.0
179
1
  8

270
1
271
1
272
1
145
1.0
146
1.0
273
1
  9

274
1
275
1
276
1
 42
1.0
 72
1
  3

 73
1
 74
1
 75
1
 94
63
  0
MATERIAL
  5
20
102
{ACAD_REACTORS
330
E
102
}
330
E
100
AcDbMaterial
  1
ByLayer
  2

 70
0
 40
1.0
 71
1
 41
1.0
 91
-1023410177
 42
1.0
 72
1
  3

 73
1
 74
1
 75
1
 44
0.5
 73
0
 45
1.0
 46
1.0
 77
1
  4

 78
1
 79
1
170
1
 48
1.0
171
1
  6

172
1
173
1
174
1
140
1.0
141
1.0
175
1
  7

176
1
177
1
178
1
143
1.0
179
1
  8

270
1
271
1
272
1
145
1.0
146
1.0
273
1
  9

274
1
275
1
276
1
 42
1.0
 72
1
  3

 73
1
 74
1
 75
1
 94
63
  0
MATERIAL
  5
21
102
{ACAD_REACTORS
330
E
102
}
330
E
100
AcDbMaterial
  1
Global
  2

 70
0
 40
1.0
 71
1
 41
1.0
 91
-1023410177
 42
1.0
 72
1
  3

 73
1
 74
1
 75
1
 44
0.5
 73
0
 45
1.0
 46
1.0
 77
1
  4

 78
1
 79
1
170
1
 48
1.0
171
1
  6

172
1
173
1
174
1
140
1.0
141
1.0
175
1
  7

176
1
177
1
178
1
143
1.0
179
1
  8

270
1
271
1
272
1
145
1.0
146
1.0
273
1
  9

274
1
275
1
276
1
 42
1.0
 72
1
  3

 73
1
 74
1
 75
1
 94
63
  0
MLINESTYLE
  5
22
102
{ACAD_REACTORS
330
10
102
}
330
10
100
AcDbMlineStyle
  2
Standard
 70
0
  3

 62
256
 51
90.0
 52
90.0
 71
2
 49
0.5
 62
256
  6
BYLAYER
 49
-0.5
 62
256
  6
BYLAYER
  0
MLEADERSTYLE
  5
2C
102
{ACAD_REACTORS
330
F
102
}
330
F
100
AcDbMLeaderStyle
179
2
170
2
171
1
172
0
 90
2
 40
0.0
 41
0.0
173
1
 91
-1056964608
 92
-2
290
1
 42
2.0
291
1
 43
8.0
  3
Standard
 44
4.0
300

342
29
174
1
175
1
176
0
178
1
 93
-1056964608
 45
4.0
292
0
297
0
 46
4.0
 94
-1056964608
 47
1.0
 49
1.0
140
1.0
294
1
141
0.0
177
0
142
1.0
295
0
296
0
143
3.75
271
0
272
9
273
9
  0
DICTIONARY
  5
2D
330
A
100
AcDbDictionary
280
1
281
1
  3
CREATED_BY_EZDXF
350
2E
  3
WRITTEN_BY_EZDXF
350
324
  0
DICTIONARYVAR
  5
2E
330
2D
100
DictionaryVariables
280
0
  1
1.4.4 @ 2026-09-10T02:54:36.305159+00:00
  0
DICTIONARYVAR
  5
324
330
2D
100
DictionaryVariables
280
0
  1
1.4.4 @ 2026-09-10T02:54:36.470196+00:00
  0
ENDSEC
  0
EOF
